{
  "type": "FeatureCollection",
  "metadata": {
    "record_count": 435,
    "geometry_proxy_count": 215,
    "note": "Точки размещены как представители геометрии соответствующего ОДХ, а не как координаты контейнера."
  },
  "features": [
    {
      "type": "Feature",
      "geometry": {
        "type": "Point",
        "coordinates": [
          37.52197874125083,
          55.83907547120827
        ]
      },
      "properties": {
        "number": "1",
        "ao": "САО",
        "institution": "ГБУ \"Автомобильные дороги САО\"",
        "odh_name": "Михалковский путепровод",
        "odh_id": "10002348",
        "address_hint": "Михалковский путепровод  (Спуски, подъемы)",
        "container_count": "3",
        "placement_type": "особо опасные участки",
        "geometry_status": "odh_geometry_proxy",
        "name": "ПГМ: Михалковский путепровод",
        "warning": "Точка — представитель геометрии ОДХ; точное место контейнера уточняется адресным ориентиром."
      }
    },
    {
      "type": "Feature",
      "geometry": {
        "type": "Point",
        "coordinates": [
          37.48847741777014,
          55.85896108567387
        ]
      },
      "properties": {
        "number": "2",
        "ao": "САО",
        "institution": "ГБУ \"Автомобильные дороги САО\"",
        "odh_name": "Фестивальная улица",
        "odh_id": "10002614",
        "address_hint": "Ул. Фестивальная д.2 (Уклон,подъем)",
        "container_count": "1",
        "placement_type": "особо опасные участки",
        "geometry_status": "odh_geometry_proxy",
        "name": "ПГМ: Фестивальная улица",
        "warning": "Точка — представитель геометрии ОДХ; точное место контейнера уточняется адресным ориентиром."
      }
    },
    {
      "type": "Feature",
      "geometry": {
        "type": "Point",
        "coordinates": [
          37.568101307783444,
          55.80761155029517
        ]
      },
      "properties": {
        "number": "3",
        "ao": "САО",
        "institution": "ГБУ \"Автомобильные дороги САО\"",
        "odh_name": "1 -я Магистральная ул.",
        "odh_id": "10002243",
        "address_hint": "Крутой подъем на границе с Звенигородским путепроводом",
        "container_count": "1",
        "placement_type": "особо опасные участки",
        "geometry_status": "odh_geometry_proxy",
        "name": "ПГМ: 1 -я Магистральная ул.",
        "warning": "Точка — представитель геометрии ОДХ; точное место контейнера уточняется адресным ориентиром."
      }
    },
    {
      "type": "Feature",
      "geometry": {
        "type": "Point",
        "coordinates": [
          37.50874444389774,
          55.83200215697575
        ]
      },
      "properties": {
        "number": "4",
        "ao": "САО",
        "institution": "ГБУ \"Автомобильные дороги САО\"",
        "odh_name": "Коптевский путепровод",
        "odh_id": "668171191",
        "address_hint": "Ул.К.Цеткин, Нарвская ул.2 (Крутые спуски,подъемы)",
        "container_count": "2",
        "placement_type": "особо опасные участки",
        "geometry_status": "odh_geometry_proxy",
        "name": "ПГМ: Коптевский путепровод",
        "warning": "Точка — представитель геометрии ОДХ; точное место контейнера уточняется адресным ориентиром."
      }
    },
    {
      "type": "Feature",
      "geometry": {
        "type": "Point",
        "coordinates": [
          37.53607816469035,
          55.86953689247815
        ]
      },
      "properties": {
        "number": "6",
        "ao": "САО",
        "institution": "ГБУ \"Автомобильные дороги САО\"",
        "odh_name": "Коровинское шоссе",
        "odh_id": "10002290",
        "address_hint": "Коровинское шоссе от ул.Базовская до плодоовощной базы (Спуски, подъемы, движение пассаж .транс порта, образование наледи (изморось отТЭЦ-21))",
        "container_count": "1",
        "placement_type": "особо опасные участки",
        "geometry_status": "odh_geometry_proxy",
        "name": "ПГМ: Коровинское шоссе",
        "warning": "Точка — представитель геометрии ОДХ; точное место контейнера уточняется адресным ориентиром."
      }
    },
    {
      "type": "Feature",
      "geometry": {
        "type": "Point",
        "coordinates": [
          37.57926480361449,
          55.80937717475702
        ]
      },
      "properties": {
        "number": "7",
        "ao": "САО",
        "institution": "ГБУ \"Автомобильные дороги САО\"",
        "odh_name": "Путепровод через Дмитровское шоссе",
        "odh_id": "10002650",
        "address_hint": "Путепровод через Дмитровское шоссе (Крутые спуски,подъемы)",
        "container_count": "2",
        "placement_type": "особо опасные участки",
        "geometry_status": "odh_geometry_proxy",
        "name": "ПГМ: Путепровод через Дмитровское шоссе",
        "warning": "Точка — представитель геометрии ОДХ; точное место контейнера уточняется адресным ориентиром."
      }
    },
    {
      "type": "Feature",
      "geometry": {
        "type": "Point",
        "coordinates": [
          37.48847741777014,
          55.85896108567387
        ]
      },
      "properties": {
        "number": "8",
        "ao": "САО",
        "institution": "ГБУ \"Автомобильные дороги САО\"",
        "odh_name": "Фестивальная улица",
        "odh_id": "10002614",
        "address_hint": "Фестивальная улица, д.48. д 52 (крутые спуски, подъемы перед эстакадой)",
        "container_count": "2",
        "placement_type": "особо опасные участки",
        "geometry_status": "odh_geometry_proxy",
        "name": "ПГМ: Фестивальная улица",
        "warning": "Точка — представитель геометрии ОДХ; точное место контейнера уточняется адресным ориентиром."
      }
    },
    {
      "type": "Feature",
      "geometry": {
        "type": "Point",
        "coordinates": [
          37.525100587404104,
          55.77786854710881
        ]
      },
      "properties": {
        "number": "9",
        "ao": "САО",
        "institution": "ГБУ \"Автомобильные дороги САО\"",
        "odh_name": "Хорошевское шоссе",
        "odh_id": "10002622",
        "address_hint": "Хорошевское шоссе, д.43  МЦК \"Хорошево\"",
        "container_count": "2",
        "placement_type": "особо опасные участки",
        "geometry_status": "odh_geometry_proxy",
        "name": "ПГМ: Хорошевское шоссе",
        "warning": "Точка — представитель геометрии ОДХ; точное место контейнера уточняется адресным ориентиром."
      }
    },
    {
      "type": "Feature",
      "geometry": {
        "type": "Point",
        "coordinates": [
          37.52826221481836,
          55.899522848051795
        ]
      },
      "properties": {
        "number": "10",
        "ao": "САО",
        "institution": "ГБУ \"Автомобильные дороги САО\"",
        "odh_name": "Вагоноремонтная улица",
        "odh_id": "10002211",
        "address_hint": "Вагоноремонтная ул. д 4-10 (спуски,подъемы)",
        "container_count": "2",
        "placement_type": "особо опасные участки",
        "geometry_status": "odh_geometry_proxy",
        "name": "ПГМ: Вагоноремонтная улица",
        "warning": "Точка — представитель геометрии ОДХ; точное место контейнера уточняется адресным ориентиром."
      }
    },
    {
      "type": "Feature",
      "geometry": {
        "type": "Point",
        "coordinates": [
          37.53179976944214,
          55.88933785939224
        ]
      },
      "properties": {
        "number": "11",
        "ao": "САО",
        "institution": "ГБУ \"Автомобильные дороги САО\"",
        "odh_name": "Лобненская улица",
        "odh_id": "10002320",
        "address_hint": "Лобненская ул. д.4-10 с.6 (спуски, подъемы)",
        "container_count": "1",
        "placement_type": "особо опасные участки",
        "geometry_status": "odh_geometry_proxy",
        "name": "ПГМ: Лобненская улица",
        "warning": "Точка — представитель геометрии ОДХ; точное место контейнера уточняется адресным ориентиром."
      }
    },
    {
      "type": "Feature",
      "geometry": {
        "type": "Point",
        "coordinates": [
          37.52483228520912,
          55.879195970351944
        ]
      },
      "properties": {
        "number": "12",
        "ao": "САО",
        "institution": "ГБУ \"Автомобильные дороги САО\"",
        "odh_name": "Ангарская улица",
        "odh_id": "10002178",
        "address_hint": "Ангарская ул. 2",
        "container_count": "1",
        "placement_type": "особо опасные участки",
        "geometry_status": "odh_geometry_proxy",
        "name": "ПГМ: Ангарская улица",
        "warning": "Точка — представитель геометрии ОДХ; точное место контейнера уточняется адресным ориентиром."
      }
    },
    {
      "type": "Feature",
      "geometry": {
        "type": "Point",
        "coordinates": [
          37.5572482989793,
          55.86895260159475
        ]
      },
      "properties": {
        "number": "13",
        "ao": "САО",
        "institution": "ГБУ \"Автомобильные дороги САО\"",
        "odh_name": "Бескудниковский бульвар",
        "odh_id": "10002198",
        "address_hint": "Бескудникоский бульвар перед \nДмитровским шоссе д.66",
        "container_count": "1",
        "placement_type": "особо опасные участки",
        "geometry_status": "odh_geometry_proxy",
        "name": "ПГМ: Бескудниковский бульвар",
        "warning": "Точка — представитель геометрии ОДХ; точное место контейнера уточняется адресным ориентиром."
      }
    },
    {
      "type": "Feature",
      "geometry": {
        "type": "Point",
        "coordinates": [
          37.56057356793424,
          55.792929030318206
        ]
      },
      "properties": {
        "number": "15",
        "ao": "САО",
        "institution": "ГБУ \"Автомобильные дороги САО\"",
        "odh_name": "Театральная аллея",
        "odh_id": "10002602",
        "address_hint": "Театральная аллея (Спуски, подъемы)",
        "container_count": "1",
        "placement_type": "особо опасные участки",
        "geometry_status": "odh_geometry_proxy",
        "name": "ПГМ: Театральная аллея",
        "warning": "Точка — представитель геометрии ОДХ; точное место контейнера уточняется адресным ориентиром."
      }
    },
    {
      "type": "Feature",
      "geometry": {
        "type": "Point",
        "coordinates": [
          37.567379732853226,
          55.856467541938464
        ]
      },
      "properties": {
        "number": "24",
        "ao": "САО",
        "institution": "ГБУ \"Автомобильные дороги САО\"",
        "odh_name": "Дубнинская улица",
        "odh_id": "10002256",
        "address_hint": "Дубнинская улица, д.85 напротив платформы\n \"Лианозово\"",
        "container_count": "1",
        "placement_type": "особо опасные участки",
        "geometry_status": "odh_geometry_proxy",
        "name": "ПГМ: Дубнинская улица",
        "warning": "Точка — представитель геометрии ОДХ; точное место контейнера уточняется адресным ориентиром."
      }
    },
    {
      "type": "Feature",
      "geometry": {
        "type": "Point",
        "coordinates": [
          37.52622712058705,
          55.8108166294865
        ]
      },
      "properties": {
        "number": "31",
        "ao": "САО",
        "institution": "ГБУ \"Автомобильные дороги САО\"",
        "odh_name": "Бусиновская горка д. 1",
        "odh_id": "10002175",
        "address_hint": "Бусиновская горка д. 1 -ж/д переезд (Спуски, подъемы, движение пассаж .транс порта, образование наледи (изморось отТЭЦ-21))",
        "container_count": "1",
        "placement_type": "особо опасные участки",
        "geometry_status": "odh_geometry_proxy",
        "name": "ПГМ: Бусиновская горка д. 1",
        "warning": "Точка — представитель геометрии ОДХ; точное место контейнера уточняется адресным ориентиром."
      }
    },
    {
      "type": "Feature",
      "geometry": {
        "type": "Point",
        "coordinates": [
          37.53091858877019,
          55.856209563872035
        ]
      },
      "properties": {
        "number": "36",
        "ao": "САО",
        "institution": "ГБУ \"Автомобильные дороги САО\"",
        "odh_name": "Автобусный круг у платформы Ховрино",
        "odh_id": "753913983",
        "address_hint": "Ст. Ховрино (выс.)",
        "container_count": "1",
        "placement_type": "особо опасные участки",
        "geometry_status": "odh_geometry_proxy",
        "name": "ПГМ: Автобусный круг у платформы Ховрино",
        "warning": "Точка — представитель геометрии ОДХ; точное место контейнера уточняется адресным ориентиром."
      }
    },
    {
      "type": "Feature",
      "geometry": {
        "type": "Point",
        "coordinates": [
          37.54245580550091,
          55.84464820258
        ]
      },
      "properties": {
        "number": "38",
        "ao": "САО",
        "institution": "ГБУ \"Автомобильные дороги САО\"",
        "odh_name": "Новомихалковский 4-й проезд",
        "odh_id": "10002357",
        "address_hint": "Пересечение 4 -й новомихалковского проезда и проезда Черепановых(спуск)",
        "container_count": "1",
        "placement_type": "особо опасные участки",
        "geometry_status": "odh_geometry_proxy",
        "name": "ПГМ: Новомихалковский 4-й проезд",
        "warning": "Точка — представитель геометрии ОДХ; точное место контейнера уточняется адресным ориентиром."
      }
    },
    {
      "type": "Feature",
      "geometry": {
        "type": "Point",
        "coordinates": [
          37.45623582309048,
          55.88320239135352
        ]
      },
      "properties": {
        "number": "39",
        "ao": "САО",
        "institution": "ГБУ \"Автомобильные дороги САО\"",
        "odh_name": "Проезд от улицы Правобережная до МКАД",
        "odh_id": "656513337",
        "address_hint": "ул.Правобережная 4-6 (Уклон,подъем)",
        "container_count": "1",
        "placement_type": "особо опасные участки",
        "geometry_status": "odh_geometry_proxy",
        "name": "ПГМ: Проезд от улицы Правобережная до МКАД",
        "warning": "Точка — представитель геометрии ОДХ; точное место контейнера уточняется адресным ориентиром."
      }
    },
    {
      "type": "Feature",
      "geometry": {
        "type": "Point",
        "coordinates": [
          37.47536437506661,
          55.853961585130236
        ]
      },
      "properties": {
        "number": "40",
        "ao": "САО",
        "institution": "ГБУ \"Автомобильные дороги САО\"",
        "odh_name": "ТПУ Речной вокзал Жилищник Левобережный",
        "odh_id": "757159046",
        "address_hint": "Фестивальная ул. 2Б",
        "container_count": "1",
        "placement_type": "особо опасные участки",
        "geometry_status": "odh_geometry_proxy",
        "name": "ПГМ: ТПУ Речной вокзал Жилищник Левобережный",
        "warning": "Точка — представитель геометрии ОДХ; точное место контейнера уточняется адресным ориентиром."
      }
    },
    {
      "type": "Feature",
      "geometry": {
        "type": "Point",
        "coordinates": [
          37.551776131290346,
          55.796071610316396
        ]
      },
      "properties": {
        "number": "46",
        "ao": "САО",
        "institution": "ГБУ \"Автомобильные дороги САО\"",
        "odh_name": "Красноармейская улица",
        "odh_id": "10002294",
        "address_hint": "у л. Красноармейская  д. 13",
        "container_count": "1",
        "placement_type": "особо значимые участки",
        "geometry_status": "odh_geometry_proxy",
        "name": "ПГМ: Красноармейская улица",
        "warning": "Точка — представитель геометрии ОДХ; точное место контейнера уточняется адресным ориентиром."
      }
    },
    {
      "type": "Feature",
      "geometry": {
        "type": "Point",
        "coordinates": [
          37.53857182721385,
          55.80659687928663
        ]
      },
      "properties": {
        "number": "47",
        "ao": "САО",
        "institution": "ГБУ \"Автомобильные дороги САО\"",
        "odh_name": "Планетная улица",
        "odh_id": "10002411",
        "address_hint": "Планетная улица, 3",
        "container_count": "1",
        "placement_type": "особо значимые участки",
        "geometry_status": "odh_geometry_proxy",
        "name": "ПГМ: Планетная улица",
        "warning": "Точка — представитель геометрии ОДХ; точное место контейнера уточняется адресным ориентиром."
      }
    },
    {
      "type": "Feature",
      "geometry": {
        "type": "Point",
        "coordinates": [
          37.53857182721385,
          55.80659687928663
        ]
      },
      "properties": {
        "number": "48",
        "ao": "САО",
        "institution": "ГБУ \"Автомобильные дороги САО\"",
        "odh_name": "Планетная улица",
        "odh_id": "10002411",
        "address_hint": "Планетная улица, 36",
        "container_count": "1",
        "placement_type": "особо значимые участки",
        "geometry_status": "odh_geometry_proxy",
        "name": "ПГМ: Планетная улица",
        "warning": "Точка — представитель геометрии ОДХ; точное место контейнера уточняется адресным ориентиром."
      }
    },
    {
      "type": "Feature",
      "geometry": {
        "type": "Point",
        "coordinates": [
          37.5572482989793,
          55.86895260159475
        ]
      },
      "properties": {
        "number": "50",
        "ao": "САО",
        "institution": "ГБУ \"Автомобильные дороги САО\"",
        "odh_name": "Бескудниковский бульвар",
        "odh_id": "10002198",
        "address_hint": "Бескудниковский б-р, д.59",
        "container_count": "1",
        "placement_type": "особо значимые участки",
        "geometry_status": "odh_geometry_proxy",
        "name": "ПГМ: Бескудниковский бульвар",
        "warning": "Точка — представитель геометрии ОДХ; точное место контейнера уточняется адресным ориентиром."
      }
    },
    {
      "type": "Feature",
      "geometry": {
        "type": "Point",
        "coordinates": [
          37.52720787273807,
          55.87521912759496
        ]
      },
      "properties": {
        "number": "51",
        "ao": "САО",
        "institution": "ГБУ \"Автомобильные дороги САО\"",
        "odh_name": "улица 800-летия Москвы",
        "odh_id": "10002353",
        "address_hint": "Ул. 800-летия Москвы, 8",
        "container_count": "1",
        "placement_type": "особо значимые участки",
        "geometry_status": "odh_geometry_proxy",
        "name": "ПГМ: улица 800-летия Москвы",
        "warning": "Точка — представитель геометрии ОДХ; точное место контейнера уточняется адресным ориентиром."
      }
    },
    {
      "type": "Feature",
      "geometry": {
        "type": "Point",
        "coordinates": [
          37.52483228520912,
          55.879195970351944
        ]
      },
      "properties": {
        "number": "54",
        "ao": "САО",
        "institution": "ГБУ \"Автомобильные дороги САО\"",
        "odh_name": "Ангарская улица",
        "odh_id": "10002178",
        "address_hint": "ул. Ангарская, д. 18",
        "container_count": "1",
        "placement_type": "особо значимые участки",
        "geometry_status": "odh_geometry_proxy",
        "name": "ПГМ: Ангарская улица",
        "warning": "Точка — представитель геометрии ОДХ; точное место контейнера уточняется адресным ориентиром."
      }
    },
    {
      "type": "Feature",
      "geometry": {
        "type": "Point",
        "coordinates": [
          37.57036482729945,
          55.79049321103287
        ]
      },
      "properties": {
        "number": "55",
        "ao": "САО",
        "institution": "ГБУ \"Автомобильные дороги САО\"",
        "odh_name": "Фестивальная улица",
        "odh_id": "10002533",
        "address_hint": "ул. Фестивальная",
        "container_count": "1",
        "placement_type": "особо значимые участки",
        "geometry_status": "odh_geometry_proxy",
        "name": "ПГМ: Фестивальная улица",
        "warning": "Точка — представитель геометрии ОДХ; точное место контейнера уточняется адресным ориентиром."
      }
    },
    {
      "type": "Feature",
      "geometry": {
        "type": "Point",
        "coordinates": [
          37.51910395608955,
          55.835557497621075
        ]
      },
      "properties": {
        "number": "56",
        "ao": "САО",
        "institution": "ГБУ \"Автомобильные дороги САО\"",
        "odh_name": "Флотская улица",
        "odh_id": "10002594",
        "address_hint": "ул. Флотская, д.27",
        "container_count": "1",
        "placement_type": "особо значимые участки",
        "geometry_status": "odh_geometry_proxy",
        "name": "ПГМ: Флотская улица",
        "warning": "Точка — представитель геометрии ОДХ; точное место контейнера уточняется адресным ориентиром."
      }
    },
    {
      "type": "Feature",
      "geometry": {
        "type": "Point",
        "coordinates": [
          37.475126802267624,
          55.86782018719042
        ]
      },
      "properties": {
        "number": "57",
        "ao": "САО",
        "institution": "ГБУ \"Автомобильные дороги САО\"",
        "odh_name": "Смольная улица",
        "odh_id": "10002587",
        "address_hint": "Смольная ул.75",
        "container_count": "1",
        "placement_type": "особо значимые участки",
        "geometry_status": "odh_geometry_proxy",
        "name": "ПГМ: Смольная улица",
        "warning": "Точка — представитель геометрии ОДХ; точное место контейнера уточняется адресным ориентиром."
      }
    },
    {
      "type": "Feature",
      "geometry": {
        "type": "Point",
        "coordinates": [
          37.50341955709387,
          55.854821428211196
        ]
      },
      "properties": {
        "number": "58",
        "ao": "САО",
        "institution": "ГБУ \"Автомобильные дороги САО\"",
        "odh_name": "Флотская улица",
        "odh_id": "10002615",
        "address_hint": "Флотская ул., 36",
        "container_count": "1",
        "placement_type": "особо значимые участки",
        "geometry_status": "odh_geometry_proxy",
        "name": "ПГМ: Флотская улица",
        "warning": "Точка — представитель геометрии ОДХ; точное место контейнера уточняется адресным ориентиром."
      }
    },
    {
      "type": "Feature",
      "geometry": {
        "type": "Point",
        "coordinates": [
          37.53607816469035,
          55.86953689247815
        ]
      },
      "properties": {
        "number": "59",
        "ao": "САО",
        "institution": "ГБУ \"Автомобильные дороги САО\"",
        "odh_name": "Коровинское шоссе",
        "odh_id": "10002290",
        "address_hint": "Коровинское ш., д. 14",
        "container_count": "1",
        "placement_type": "особо значимые участки",
        "geometry_status": "odh_geometry_proxy",
        "name": "ПГМ: Коровинское шоссе",
        "warning": "Точка — представитель геометрии ОДХ; точное место контейнера уточняется адресным ориентиром."
      }
    },
    {
      "type": "Feature",
      "geometry": {
        "type": "Point",
        "coordinates": [
          37.53607816469035,
          55.86953689247815
        ]
      },
      "properties": {
        "number": "60",
        "ao": "САО",
        "institution": "ГБУ \"Автомобильные дороги САО\"",
        "odh_name": "Коровинское шоссе",
        "odh_id": "10002290",
        "address_hint": "Коровинское ш., д. 20",
        "container_count": "1",
        "placement_type": "особо значимые участки",
        "geometry_status": "odh_geometry_proxy",
        "name": "ПГМ: Коровинское шоссе",
        "warning": "Точка — представитель геометрии ОДХ; точное место контейнера уточняется адресным ориентиром."
      }
    },
    {
      "type": "Feature",
      "geometry": {
        "type": "Point",
        "coordinates": [
          37.53607816469035,
          55.86953689247815
        ]
      },
      "properties": {
        "number": "61",
        "ao": "САО",
        "institution": "ГБУ \"Автомобильные дороги САО\"",
        "odh_name": "Коровинское шоссе",
        "odh_id": "10002290",
        "address_hint": "Коровинское ш., д. 22",
        "container_count": "1",
        "placement_type": "особо значимые участки",
        "geometry_status": "odh_geometry_proxy",
        "name": "ПГМ: Коровинское шоссе",
        "warning": "Точка — представитель геометрии ОДХ; точное место контейнера уточняется адресным ориентиром."
      }
    },
    {
      "type": "Feature",
      "geometry": {
        "type": "Point",
        "coordinates": [
          37.52483228520912,
          55.879195970351944
        ]
      },
      "properties": {
        "number": "62",
        "ao": "САО",
        "institution": "ГБУ \"Автомобильные дороги САО\"",
        "odh_name": "Ангарская улица",
        "odh_id": "10002178",
        "address_hint": "ул. Ангарская, д.24",
        "container_count": "1",
        "placement_type": "особо значимые участки",
        "geometry_status": "odh_geometry_proxy",
        "name": "ПГМ: Ангарская улица",
        "warning": "Точка — представитель геометрии ОДХ; точное место контейнера уточняется адресным ориентиром."
      }
    },
    {
      "type": "Feature",
      "geometry": {
        "type": "Point",
        "coordinates": [
          37.5331325556815,
          55.87969329773147
        ]
      },
      "properties": {
        "number": "63",
        "ao": "САО",
        "institution": "ГБУ \"Автомобильные дороги САО\"",
        "odh_name": "Улица Софьи Ковалевской",
        "odh_id": "10002280",
        "address_hint": "ул. С.Ковалевской, д.18",
        "container_count": "1",
        "placement_type": "особо значимые участки",
        "geometry_status": "odh_geometry_proxy",
        "name": "ПГМ: Улица Софьи Ковалевской",
        "warning": "Точка — представитель геометрии ОДХ; точное место контейнера уточняется адресным ориентиром."
      }
    },
    {
      "type": "Feature",
      "geometry": {
        "type": "Point",
        "coordinates": [
          37.52365994256075,
          55.893932538194456
        ]
      },
      "properties": {
        "number": "64",
        "ao": "САО",
        "institution": "ГБУ \"Автомобильные дороги САО\"",
        "odh_name": "Ижорская улица",
        "odh_id": "308818896",
        "address_hint": "Ижорская ул., 6",
        "container_count": "1",
        "placement_type": "особо значимые участки",
        "geometry_status": "odh_geometry_proxy",
        "name": "ПГМ: Ижорская улица",
        "warning": "Точка — представитель геометрии ОДХ; точное место контейнера уточняется адресным ориентиром."
      }
    },
    {
      "type": "Feature",
      "geometry": {
        "type": "Point",
        "coordinates": [
          37.52483228520912,
          55.879195970351944
        ]
      },
      "properties": {
        "number": "65",
        "ao": "САО",
        "institution": "ГБУ \"Автомобильные дороги САО\"",
        "odh_name": "Ангарская улица",
        "odh_id": "10002178",
        "address_hint": "ул. Ангарская, д. 20А",
        "container_count": "1",
        "placement_type": "особо значимые участки",
        "geometry_status": "odh_geometry_proxy",
        "name": "ПГМ: Ангарская улица",
        "warning": "Точка — представитель геометрии ОДХ; точное место контейнера уточняется адресным ориентиром."
      }
    },
    {
      "type": "Feature",
      "geometry": {
        "type": "Point",
        "coordinates": [
          37.5242890489051,
          55.82474240759559
        ]
      },
      "properties": {
        "number": "66",
        "ao": "САО",
        "institution": "ГБУ \"Автомобильные дороги САО\"",
        "odh_name": "Улица Зои и Александра Космодемьянских",
        "odh_id": "123454100",
        "address_hint": "Ул. Зои и Александра Космодемьянских, 35",
        "container_count": "1",
        "placement_type": "особо значимые участки",
        "geometry_status": "odh_geometry_proxy",
        "name": "ПГМ: Улица Зои и Александра Космодемьянских",
        "warning": "Точка — представитель геометрии ОДХ; точное место контейнера уточняется адресным ориентиром."
      }
    },
    {
      "type": "Feature",
      "geometry": {
        "type": "Point",
        "coordinates": [
          37.475126802267624,
          55.86782018719042
        ]
      },
      "properties": {
        "number": "67",
        "ao": "САО",
        "institution": "ГБУ \"Автомобильные дороги САО\"",
        "odh_name": "Смольная улица",
        "odh_id": "10002587",
        "address_hint": "Смольная ул., 61",
        "container_count": "1",
        "placement_type": "особо значимые участки",
        "geometry_status": "odh_geometry_proxy",
        "name": "ПГМ: Смольная улица",
        "warning": "Точка — представитель геометрии ОДХ; точное место контейнера уточняется адресным ориентиром."
      }
    },
    {
      "type": "Feature",
      "geometry": {
        "type": "Point",
        "coordinates": [
          37.475126802267624,
          55.86782018719042
        ]
      },
      "properties": {
        "number": "68",
        "ao": "САО",
        "institution": "ГБУ \"Автомобильные дороги САО\"",
        "odh_name": "Смольная улица",
        "odh_id": "10002587",
        "address_hint": "Смольная ул.25",
        "container_count": "1",
        "placement_type": "особо значимые участки",
        "geometry_status": "odh_geometry_proxy",
        "name": "ПГМ: Смольная улица",
        "warning": "Точка — представитель геометрии ОДХ; точное место контейнера уточняется адресным ориентиром."
      }
    },
    {
      "type": "Feature",
      "geometry": {
        "type": "Point",
        "coordinates": [
          37.48847741777014,
          55.85896108567387
        ]
      },
      "properties": {
        "number": "69",
        "ao": "САО",
        "institution": "ГБУ \"Автомобильные дороги САО\"",
        "odh_name": "Фестивальная улица",
        "odh_id": "10002614",
        "address_hint": "Фестивальная ул. 7",
        "container_count": "1",
        "placement_type": "особо значимые участки",
        "geometry_status": "odh_geometry_proxy",
        "name": "ПГМ: Фестивальная улица",
        "warning": "Точка — представитель геометрии ОДХ; точное место контейнера уточняется адресным ориентиром."
      }
    },
    {
      "type": "Feature",
      "geometry": {
        "type": "Point",
        "coordinates": [
          37.48847741777014,
          55.85896108567387
        ]
      },
      "properties": {
        "number": "70",
        "ao": "САО",
        "institution": "ГБУ \"Автомобильные дороги САО\"",
        "odh_name": "Фестивальная улица",
        "odh_id": "10002614",
        "address_hint": "Фестивальная улица, дом 17, корпус 1А",
        "container_count": "1",
        "placement_type": "особо значимые участки",
        "geometry_status": "odh_geometry_proxy",
        "name": "ПГМ: Фестивальная улица",
        "warning": "Точка — представитель геометрии ОДХ; точное место контейнера уточняется адресным ориентиром."
      }
    },
    {
      "type": "Feature",
      "geometry": {
        "type": "Point",
        "coordinates": [
          37.566704257511795,
          55.81301363636303
        ]
      },
      "properties": {
        "number": "72",
        "ao": "САО",
        "institution": "ГБУ \"Автомобильные дороги САО\"",
        "odh_name": "Тимирязевская улица",
        "odh_id": "10002605",
        "address_hint": "Тимирязевская ул., 30",
        "container_count": "1",
        "placement_type": "особо значимые участки",
        "geometry_status": "odh_geometry_proxy",
        "name": "ПГМ: Тимирязевская улица",
        "warning": "Точка — представитель геометрии ОДХ; точное место контейнера уточняется адресным ориентиром."
      }
    },
    {
      "type": "Feature",
      "geometry": {
        "type": "Point",
        "coordinates": [
          37.566704257511795,
          55.81301363636303
        ]
      },
      "properties": {
        "number": "73",
        "ao": "САО",
        "institution": "ГБУ \"Автомобильные дороги САО\"",
        "odh_name": "Тимирязевская улица",
        "odh_id": "10002605",
        "address_hint": "Тимирязевская улица, 58",
        "container_count": "1",
        "placement_type": "особо значимые участки",
        "geometry_status": "odh_geometry_proxy",
        "name": "ПГМ: Тимирязевская улица",
        "warning": "Точка — представитель геометрии ОДХ; точное место контейнера уточняется адресным ориентиром."
      }
    },
    {
      "type": "Feature",
      "geometry": {
        "type": "Point",
        "coordinates": [
          37.566704257511795,
          55.81301363636303
        ]
      },
      "properties": {
        "number": "74",
        "ao": "САО",
        "institution": "ГБУ \"Автомобильные дороги САО\"",
        "odh_name": "Тимирязевская улица",
        "odh_id": "10002605",
        "address_hint": "Тимирязевская, 2",
        "container_count": "1",
        "placement_type": "особо значимые участки",
        "geometry_status": "odh_geometry_proxy",
        "name": "ПГМ: Тимирязевская улица",
        "warning": "Точка — представитель геометрии ОДХ; точное место контейнера уточняется адресным ориентиром."
      }
    },
    {
      "type": "Feature",
      "geometry": {
        "type": "Point",
        "coordinates": [
          37.566704257511795,
          55.81301363636303
        ]
      },
      "properties": {
        "number": "75",
        "ao": "САО",
        "institution": "ГБУ \"Автомобильные дороги САО\"",
        "odh_name": "Тимирязевская улица",
        "odh_id": "10002605",
        "address_hint": "ул.Тимирязевская, д.8, к.1",
        "container_count": "1",
        "placement_type": "особо значимые участки",
        "geometry_status": "odh_geometry_proxy",
        "name": "ПГМ: Тимирязевская улица",
        "warning": "Точка — представитель геометрии ОДХ; точное место контейнера уточняется адресным ориентиром."
      }
    },
    {
      "type": "Feature",
      "geometry": {
        "type": "Point",
        "coordinates": [
          37.50341955709387,
          55.854821428211196
        ]
      },
      "properties": {
        "number": "76",
        "ao": "САО",
        "institution": "ГБУ \"Автомобильные дороги САО\"",
        "odh_name": "Флотская улица",
        "odh_id": "10002615",
        "address_hint": "ул. Флотская, д.9",
        "container_count": "1",
        "placement_type": "особо значимые участки",
        "geometry_status": "odh_geometry_proxy",
        "name": "ПГМ: Флотская улица",
        "warning": "Точка — представитель геометрии ОДХ; точное место контейнера уточняется адресным ориентиром."
      }
    },
    {
      "type": "Feature",
      "geometry": {
        "type": "Point",
        "coordinates": [
          37.48847741777014,
          55.85896108567387
        ]
      },
      "properties": {
        "number": "77",
        "ao": "САО",
        "institution": "ГБУ \"Автомобильные дороги САО\"",
        "odh_name": "Фестивальная улица",
        "odh_id": "10002614",
        "address_hint": "Фестивальная ул., 14",
        "container_count": "1",
        "placement_type": "особо значимые участки",
        "geometry_status": "odh_geometry_proxy",
        "name": "ПГМ: Фестивальная улица",
        "warning": "Точка — представитель геометрии ОДХ; точное место контейнера уточняется адресным ориентиром."
      }
    },
    {
      "type": "Feature",
      "geometry": {
        "type": "Point",
        "coordinates": [
          37.48847741777014,
          55.85896108567387
        ]
      },
      "properties": {
        "number": "78",
        "ao": "САО",
        "institution": "ГБУ \"Автомобильные дороги САО\"",
        "odh_name": "Фестивальная улица",
        "odh_id": "10002614",
        "address_hint": "Фестивальная ул., 65",
        "container_count": "1",
        "placement_type": "особо значимые участки",
        "geometry_status": "odh_geometry_proxy",
        "name": "ПГМ: Фестивальная улица",
        "warning": "Точка — представитель геометрии ОДХ; точное место контейнера уточняется адресным ориентиром."
      }
    },
    {
      "type": "Feature",
      "geometry": {
        "type": "Point",
        "coordinates": [
          37.525100587404104,
          55.77786854710881
        ]
      },
      "properties": {
        "number": "79",
        "ao": "САО",
        "institution": "ГБУ \"Автомобильные дороги САО\"",
        "odh_name": "Хорошевское шоссе",
        "odh_id": "10002622",
        "address_hint": "ТПУ Полежаевская",
        "container_count": "2",
        "placement_type": "особо значимые участки",
        "geometry_status": "odh_geometry_proxy",
        "name": "ПГМ: Хорошевское шоссе",
        "warning": "Точка — представитель геометрии ОДХ; точное место контейнера уточняется адресным ориентиром."
      }
    },
    {
      "type": "Feature",
      "geometry": {
        "type": "Point",
        "coordinates": [
          37.511278598742635,
          55.78903389498757
        ]
      },
      "properties": {
        "number": "80",
        "ao": "САО",
        "institution": "ГБУ \"Автомобильные дороги САО\"",
        "odh_name": "Улица Куусинена",
        "odh_id": "10002301",
        "address_hint": "ул. Куусинеа, д.6",
        "container_count": "1",
        "placement_type": "особо значимые участки",
        "geometry_status": "odh_geometry_proxy",
        "name": "ПГМ: Улица Куусинена",
        "warning": "Точка — представитель геометрии ОДХ; точное место контейнера уточняется адресным ориентиром."
      }
    },
    {
      "type": "Feature",
      "geometry": {
        "type": "Point",
        "coordinates": [
          37.511278598742635,
          55.78903389498757
        ]
      },
      "properties": {
        "number": "81",
        "ao": "САО",
        "institution": "ГБУ \"Автомобильные дороги САО\"",
        "odh_name": "Улица Куусинена",
        "odh_id": "10002301",
        "address_hint": "Ул. Куусинена, 13",
        "container_count": "1",
        "placement_type": "особо значимые участки",
        "geometry_status": "odh_geometry_proxy",
        "name": "ПГМ: Улица Куусинена",
        "warning": "Точка — представитель геометрии ОДХ; точное место контейнера уточняется адресным ориентиром."
      }
    },
    {
      "type": "Feature",
      "geometry": {
        "type": "Point",
        "coordinates": [
          37.511278598742635,
          55.78903389498757
        ]
      },
      "properties": {
        "number": "82",
        "ao": "САО",
        "institution": "ГБУ \"Автомобильные дороги САО\"",
        "odh_name": "Улица Куусинена",
        "odh_id": "10002301",
        "address_hint": "Ул. Куусинена, 9",
        "container_count": "1",
        "placement_type": "особо значимые участки",
        "geometry_status": "odh_geometry_proxy",
        "name": "ПГМ: Улица Куусинена",
        "warning": "Точка — представитель геометрии ОДХ; точное место контейнера уточняется адресным ориентиром."
      }
    },
    {
      "type": "Feature",
      "geometry": {
        "type": "Point",
        "coordinates": [
          37.511278598742635,
          55.78903389498757
        ]
      },
      "properties": {
        "number": "83",
        "ao": "САО",
        "institution": "ГБУ \"Автомобильные дороги САО\"",
        "odh_name": "Улица Куусинена",
        "odh_id": "10002301",
        "address_hint": "ул. Куусинена, д. 19, к.2",
        "container_count": "1",
        "placement_type": "особо значимые участки",
        "geometry_status": "odh_geometry_proxy",
        "name": "ПГМ: Улица Куусинена",
        "warning": "Точка — представитель геометрии ОДХ; точное место контейнера уточняется адресным ориентиром."
      }
    },
    {
      "type": "Feature",
      "geometry": {
        "type": "Point",
        "coordinates": [
          37.511278598742635,
          55.78903389498757
        ]
      },
      "properties": {
        "number": "84",
        "ao": "САО",
        "institution": "ГБУ \"Автомобильные дороги САО\"",
        "odh_name": "Улица Куусинена",
        "odh_id": "10002301",
        "address_hint": "Ул. Куусинена, д.2",
        "container_count": "1",
        "placement_type": "особо значимые участки",
        "geometry_status": "odh_geometry_proxy",
        "name": "ПГМ: Улица Куусинена",
        "warning": "Точка — представитель геометрии ОДХ; точное место контейнера уточняется адресным ориентиром."
      }
    },
    {
      "type": "Feature",
      "geometry": {
        "type": "Point",
        "coordinates": [
          37.51926017565771,
          55.80776534126016
        ]
      },
      "properties": {
        "number": "86",
        "ao": "САО",
        "institution": "ГБУ \"Автомобильные дороги САО\"",
        "odh_name": "Улица Усиевича",
        "odh_id": "10002609",
        "address_hint": "ул. Усиевича, д.16",
        "container_count": "1",
        "placement_type": "особо значимые участки",
        "geometry_status": "odh_geometry_proxy",
        "name": "ПГМ: Улица Усиевича",
        "warning": "Точка — представитель геометрии ОДХ; точное место контейнера уточняется адресным ориентиром."
      }
    },
    {
      "type": "Feature",
      "geometry": {
        "type": "Point",
        "coordinates": [
          37.5629215649495,
          55.81781546109299
        ]
      },
      "properties": {
        "number": "87",
        "ao": "САО",
        "institution": "ГБУ \"Автомобильные дороги САО\"",
        "odh_name": "Улица Вучетича",
        "odh_id": "308821441",
        "address_hint": "Улица Вучетича д.19",
        "container_count": "1",
        "placement_type": "особо значимые участки",
        "geometry_status": "odh_geometry_proxy",
        "name": "ПГМ: Улица Вучетича",
        "warning": "Точка — представитель геометрии ОДХ; точное место контейнера уточняется адресным ориентиром."
      }
    },
    {
      "type": "Feature",
      "geometry": {
        "type": "Point",
        "coordinates": [
          37.55912148985541,
          55.823863984772586
        ]
      },
      "properties": {
        "number": "88",
        "ao": "САО",
        "institution": "ГБУ \"Автомобильные дороги САО\"",
        "odh_name": "Красностуденческий проезд",
        "odh_id": "10002297",
        "address_hint": "Красностуденческий проезд д.7",
        "container_count": "1",
        "placement_type": "особо значимые участки",
        "geometry_status": "odh_geometry_proxy",
        "name": "ПГМ: Красностуденческий проезд",
        "warning": "Точка — представитель геометрии ОДХ; точное место контейнера уточняется адресным ориентиром."
      }
    },
    {
      "type": "Feature",
      "geometry": {
        "type": "Point",
        "coordinates": [
          37.465487072788335,
          55.8743217167164
        ]
      },
      "properties": {
        "number": "91",
        "ao": "САО",
        "institution": "ГБУ \"Автомобильные дороги САО\"",
        "odh_name": "Прибрежный проезд",
        "odh_id": "10002548",
        "address_hint": "Прибрежный проезд, д.7 (остановка Интернат)_",
        "container_count": "1",
        "placement_type": "особо значимые участки",
        "geometry_status": "odh_geometry_proxy",
        "name": "ПГМ: Прибрежный проезд",
        "warning": "Точка — представитель геометрии ОДХ; точное место контейнера уточняется адресным ориентиром."
      }
    },
    {
      "type": "Feature",
      "geometry": {
        "type": "Point",
        "coordinates": [
          37.56488579073635,
          55.79213953713434
        ]
      },
      "properties": {
        "number": "92",
        "ao": "САО",
        "institution": "ГБУ \"Автомобильные дороги САО\"",
        "odh_name": "Петровско-Разумовская аллея",
        "odh_id": "10002385",
        "address_hint": "Петровско-Разумовская аллея",
        "container_count": "1",
        "placement_type": "особо значимые участки",
        "geometry_status": "odh_geometry_proxy",
        "name": "ПГМ: Петровско-Разумовская аллея",
        "warning": "Точка — представитель геометрии ОДХ; точное место контейнера уточняется адресным ориентиром."
      }
    },
    {
      "type": "Feature",
      "geometry": {
        "type": "Point",
        "coordinates": [
          37.56488579073635,
          55.79213953713434
        ]
      },
      "properties": {
        "number": "93",
        "ao": "САО",
        "institution": "ГБУ \"Автомобильные дороги САО\"",
        "odh_name": "Петровско-Разумовская аллея",
        "odh_id": "10002385",
        "address_hint": "Петровско-Разумовская аллея,8",
        "container_count": "1",
        "placement_type": "особо значимые участки",
        "geometry_status": "odh_geometry_proxy",
        "name": "ПГМ: Петровско-Разумовская аллея",
        "warning": "Точка — представитель геометрии ОДХ; точное место контейнера уточняется адресным ориентиром."
      }
    },
    {
      "type": "Feature",
      "geometry": {
        "type": "Point",
        "coordinates": [
          37.56057356793424,
          55.792929030318206
        ]
      },
      "properties": {
        "number": "94",
        "ao": "САО",
        "institution": "ГБУ \"Автомобильные дороги САО\"",
        "odh_name": "Театральная аллея",
        "odh_id": "10002602",
        "address_hint": "Театральная аллея",
        "container_count": "1",
        "placement_type": "особо значимые участки",
        "geometry_status": "odh_geometry_proxy",
        "name": "ПГМ: Театральная аллея",
        "warning": "Точка — представитель геометрии ОДХ; точное место контейнера уточняется адресным ориентиром."
      }
    },
    {
      "type": "Feature",
      "geometry": {
        "type": "Point",
        "coordinates": [
          37.48847741777014,
          55.85896108567387
        ]
      },
      "properties": {
        "number": "95",
        "ao": "САО",
        "institution": "ГБУ \"Автомобильные дороги САО\"",
        "odh_name": "Фестивальная улица",
        "odh_id": "10002614",
        "address_hint": "ул. Фестивальная",
        "container_count": "1",
        "placement_type": "особо значимые участки",
        "geometry_status": "odh_geometry_proxy",
        "name": "ПГМ: Фестивальная улица",
        "warning": "Точка — представитель геометрии ОДХ; точное место контейнера уточняется адресным ориентиром."
      }
    },
    {
      "type": "Feature",
      "geometry": {
        "type": "Point",
        "coordinates": [
          37.574001889528276,
          55.8379332864973
        ]
      },
      "properties": {
        "number": "99",
        "ao": "САО",
        "institution": "ГБУ \"Автомобильные дороги САО\"",
        "odh_name": "Локомотивный проезд",
        "odh_id": "10002321",
        "address_hint": "ТПУ платформа Окружная",
        "container_count": "1",
        "placement_type": "особо значимые участки",
        "geometry_status": "odh_geometry_proxy",
        "name": "ПГМ: Локомотивный проезд",
        "warning": "Точка — представитель геометрии ОДХ; точное место контейнера уточняется адресным ориентиром."
      }
    },
    {
      "type": "Feature",
      "geometry": {
        "type": "Point",
        "coordinates": [
          37.56488579073635,
          55.79213953713434
        ]
      },
      "properties": {
        "number": "108",
        "ao": "САО",
        "institution": "ГБУ \"Автомобильные дороги САО\"",
        "odh_name": "Петровско-Разумовская аллея",
        "odh_id": "10002385",
        "address_hint": "Петровско-Разумовская аллея,8",
        "container_count": "1",
        "placement_type": "особо значимые участки",
        "geometry_status": "odh_geometry_proxy",
        "name": "ПГМ: Петровско-Разумовская аллея",
        "warning": "Точка — представитель геометрии ОДХ; точное место контейнера уточняется адресным ориентиром."
      }
    },
    {
      "type": "Feature",
      "geometry": {
        "type": "Point",
        "coordinates": [
          37.56488579073635,
          55.79213953713434
        ]
      },
      "properties": {
        "number": "109",
        "ao": "САО",
        "institution": "ГБУ \"Автомобильные дороги САО\"",
        "odh_name": "Петровско-Разумовская аллея",
        "odh_id": "10002385",
        "address_hint": "Планетная ул.",
        "container_count": "1",
        "placement_type": "особо значимые участки",
        "geometry_status": "odh_geometry_proxy",
        "name": "ПГМ: Петровско-Разумовская аллея",
        "warning": "Точка — представитель геометрии ОДХ; точное место контейнера уточняется адресным ориентиром."
      }
    },
    {
      "type": "Feature",
      "geometry": {
        "type": "Point",
        "coordinates": [
          37.56488579073635,
          55.79213953713434
        ]
      },
      "properties": {
        "number": "110",
        "ao": "САО",
        "institution": "ГБУ \"Автомобильные дороги САО\"",
        "odh_name": "Петровско-Разумовская аллея",
        "odh_id": "10002385",
        "address_hint": "П-Разумовская аллея",
        "container_count": "1",
        "placement_type": "особо значимые участки",
        "geometry_status": "odh_geometry_proxy",
        "name": "ПГМ: Петровско-Разумовская аллея",
        "warning": "Точка — представитель геометрии ОДХ; точное место контейнера уточняется адресным ориентиром."
      }
    },
    {
      "type": "Feature",
      "geometry": {
        "type": "Point",
        "coordinates": [
          37.53762404007135,
          55.79889924599331
        ]
      },
      "properties": {
        "number": "111",
        "ao": "САО",
        "institution": "ГБУ \"Автомобильные дороги САО\"",
        "odh_name": "Авиационный переулок",
        "odh_id": "10002170",
        "address_hint": "Авиационный переулок, 4",
        "container_count": "1",
        "placement_type": "особо значимые участки",
        "geometry_status": "odh_geometry_proxy",
        "name": "ПГМ: Авиационный переулок",
        "warning": "Точка — представитель геометрии ОДХ; точное место контейнера уточняется адресным ориентиром."
      }
    },
    {
      "type": "Feature",
      "geometry": {
        "type": "Point",
        "coordinates": [
          37.54681692275269,
          55.807168789334796
        ]
      },
      "properties": {
        "number": "112",
        "ao": "САО",
        "institution": "ГБУ \"Автомобильные дороги САО\"",
        "odh_name": "Кочновский проезд",
        "odh_id": "10002292",
        "address_hint": "Планетная улица, 36",
        "container_count": "1",
        "placement_type": "особо значимые участки",
        "geometry_status": "odh_geometry_proxy",
        "name": "ПГМ: Кочновский проезд",
        "warning": "Точка — представитель геометрии ОДХ; точное место контейнера уточняется адресным ориентиром."
      }
    },
    {
      "type": "Feature",
      "geometry": {
        "type": "Point",
        "coordinates": [
          37.53857182721385,
          55.80659687928663
        ]
      },
      "properties": {
        "number": "114",
        "ao": "САО",
        "institution": "ГБУ \"Автомобильные дороги САО\"",
        "odh_name": "Планетная улица",
        "odh_id": "10002411",
        "address_hint": "Планетная улица, 3",
        "container_count": "1",
        "placement_type": "особо значимые участки",
        "geometry_status": "odh_geometry_proxy",
        "name": "ПГМ: Планетная улица",
        "warning": "Точка — представитель геометрии ОДХ; точное место контейнера уточняется адресным ориентиром."
      }
    },
    {
      "type": "Feature",
      "geometry": {
        "type": "Point",
        "coordinates": [
          37.542877986594846,
          55.80281651525802
        ]
      },
      "properties": {
        "number": "115",
        "ao": "САО",
        "institution": "ГБУ \"Автомобильные дороги САО\"",
        "odh_name": "Старый Зыковский проезд",
        "odh_id": "10002266",
        "address_hint": "Красноармейская, д.18",
        "container_count": "1",
        "placement_type": "особо значимые участки",
        "geometry_status": "odh_geometry_proxy",
        "name": "ПГМ: Старый Зыковский проезд",
        "warning": "Точка — представитель геометрии ОДХ; точное место контейнера уточняется адресным ориентиром."
      }
    },
    {
      "type": "Feature",
      "geometry": {
        "type": "Point",
        "coordinates": [
          37.539300827954435,
          55.80306419785159
        ]
      },
      "properties": {
        "number": "117",
        "ao": "САО",
        "institution": "ГБУ \"Автомобильные дороги САО\"",
        "odh_name": "улица Академика Ильюшина",
        "odh_id": "10002272",
        "address_hint": "Ул.Ак. Ильюшина,",
        "container_count": "1",
        "placement_type": "особо значимые участки",
        "geometry_status": "odh_geometry_proxy",
        "name": "ПГМ: улица Академика Ильюшина",
        "warning": "Точка — представитель геометрии ОДХ; точное место контейнера уточняется адресным ориентиром."
      }
    },
    {
      "type": "Feature",
      "geometry": {
        "type": "Point",
        "coordinates": [
          37.51926017565771,
          55.80776534126016
        ]
      },
      "properties": {
        "number": "118",
        "ao": "САО",
        "institution": "ГБУ \"Автомобильные дороги САО\"",
        "odh_name": "улица Усиевича",
        "odh_id": "10002609",
        "address_hint": "Балтийский 2-й переулок, 3-А, строение 1",
        "container_count": "1",
        "placement_type": "особо значимые участки",
        "geometry_status": "odh_geometry_proxy",
        "name": "ПГМ: улица Усиевича",
        "warning": "Точка — представитель геометрии ОДХ; точное место контейнера уточняется адресным ориентиром."
      }
    },
    {
      "type": "Feature",
      "geometry": {
        "type": "Point",
        "coordinates": [
          37.51926017565771,
          55.80776534126016
        ]
      },
      "properties": {
        "number": "119",
        "ao": "САО",
        "institution": "ГБУ \"Автомобильные дороги САО\"",
        "odh_name": "улица Усиевича",
        "odh_id": "10002609",
        "address_hint": "Ленинградский рынок - К/т Баку",
        "container_count": "1",
        "placement_type": "особо значимые участки",
        "geometry_status": "odh_geometry_proxy",
        "name": "ПГМ: улица Усиевича",
        "warning": "Точка — представитель геометрии ОДХ; точное место контейнера уточняется адресным ориентиром."
      }
    },
    {
      "type": "Feature",
      "geometry": {
        "type": "Point",
        "coordinates": [
          37.51926017565771,
          55.80776534126016
        ]
      },
      "properties": {
        "number": "120",
        "ao": "САО",
        "institution": "ГБУ \"Автомобильные дороги САО\"",
        "odh_name": "улица Усиевича",
        "odh_id": "10002609",
        "address_hint": "Ул. Усиевича",
        "container_count": "1",
        "placement_type": "особо значимые участки",
        "geometry_status": "odh_geometry_proxy",
        "name": "ПГМ: улица Усиевича",
        "warning": "Точка — представитель геометрии ОДХ; точное место контейнера уточняется адресным ориентиром."
      }
    },
    {
      "type": "Feature",
      "geometry": {
        "type": "Point",
        "coordinates": [
          37.51926017565771,
          55.80776534126016
        ]
      },
      "properties": {
        "number": "121",
        "ao": "САО",
        "institution": "ГБУ \"Автомобильные дороги САО\"",
        "odh_name": "улица Усиевича",
        "odh_id": "10002609",
        "address_hint": "Усиевича, 22 к1",
        "container_count": "1",
        "placement_type": "особо значимые участки",
        "geometry_status": "odh_geometry_proxy",
        "name": "ПГМ: улица Усиевича",
        "warning": "Точка — представитель геометрии ОДХ; точное место контейнера уточняется адресным ориентиром."
      }
    },
    {
      "type": "Feature",
      "geometry": {
        "type": "Point",
        "coordinates": [
          37.517134024783836,
          55.811898490790234
        ]
      },
      "properties": {
        "number": "122",
        "ao": "САО",
        "institution": "ГБУ \"Автомобильные дороги САО\"",
        "odh_name": "Часовая улица",
        "odh_id": "10002634",
        "address_hint": "Университет Путей сообщения",
        "container_count": "1",
        "placement_type": "особо значимые участки",
        "geometry_status": "odh_geometry_proxy",
        "name": "ПГМ: Часовая улица",
        "warning": "Точка — представитель геометрии ОДХ; точное место контейнера уточняется адресным ориентиром."
      }
    },
    {
      "type": "Feature",
      "geometry": {
        "type": "Point",
        "coordinates": [
          37.517134024783836,
          55.811898490790234
        ]
      },
      "properties": {
        "number": "123",
        "ao": "САО",
        "institution": "ГБУ \"Автомобильные дороги САО\"",
        "odh_name": "Часовая улица",
        "odh_id": "10002634",
        "address_hint": "Часовая улица, 22/2",
        "container_count": "1",
        "placement_type": "особо значимые участки",
        "geometry_status": "odh_geometry_proxy",
        "name": "ПГМ: Часовая улица",
        "warning": "Точка — представитель геометрии ОДХ; точное место контейнера уточняется адресным ориентиром."
      }
    },
    {
      "type": "Feature",
      "geometry": {
        "type": "Point",
        "coordinates": [
          37.5569427014586,
          55.78438167537637
        ]
      },
      "properties": {
        "number": "124",
        "ao": "САО",
        "institution": "ГБУ \"Автомобильные дороги САО\"",
        "odh_name": "1-й Боткинский проезд",
        "odh_id": "10002203",
        "address_hint": "1-й Боткинский пр.",
        "container_count": "1",
        "placement_type": "особо значимые участки",
        "geometry_status": "odh_geometry_proxy",
        "name": "ПГМ: 1-й Боткинский проезд",
        "warning": "Точка — представитель геометрии ОДХ; точное место контейнера уточняется адресным ориентиром."
      }
    },
    {
      "type": "Feature",
      "geometry": {
        "type": "Point",
        "coordinates": [
          37.58410052987409,
          55.78177630665187
        ]
      },
      "properties": {
        "number": "125",
        "ao": "САО",
        "institution": "ГБУ \"Автомобильные дороги САО\"",
        "odh_name": "1-я улица Ямского поля",
        "odh_id": "10002644",
        "address_hint": "1-я ул. Ямского Поля",
        "container_count": "1",
        "placement_type": "особо значимые участки",
        "geometry_status": "odh_geometry_proxy",
        "name": "ПГМ: 1-я улица Ямского поля",
        "warning": "Точка — представитель геометрии ОДХ; точное место контейнера уточняется адресным ориентиром."
      }
    },
    {
      "type": "Feature",
      "geometry": {
        "type": "Point",
        "coordinates": [
          37.5015972577703,
          55.84450875135675
        ]
      },
      "properties": {
        "number": "127",
        "ao": "САО",
        "institution": "ГБУ \"Автомобильные дороги САО\"",
        "odh_name": "2-й Боткинский проезд",
        "odh_id": "753911979",
        "address_hint": "2-й Боткинский пр-д, д. 7 к 2",
        "container_count": "1",
        "placement_type": "особо значимые участки",
        "geometry_status": "odh_geometry_proxy",
        "name": "ПГМ: 2-й Боткинский проезд",
        "warning": "Точка — представитель геометрии ОДХ; точное место контейнера уточняется адресным ориентиром."
      }
    },
    {
      "type": "Feature",
      "geometry": {
        "type": "Point",
        "coordinates": [
          37.5629215649495,
          55.81781546109299
        ]
      },
      "properties": {
        "number": "129",
        "ao": "САО",
        "institution": "ГБУ \"Автомобильные дороги САО\"",
        "odh_name": "1-я ул. Ямского Поля",
        "odh_id": "308821441",
        "address_hint": "1-я ул. Ямского Поля/3-я ул. Ямского Поля",
        "container_count": "1",
        "placement_type": "особо значимые участки",
        "geometry_status": "odh_geometry_proxy",
        "name": "ПГМ: 1-я ул. Ямского Поля",
        "warning": "Точка — представитель геометрии ОДХ; точное место контейнера уточняется адресным ориентиром."
      }
    },
    {
      "type": "Feature",
      "geometry": {
        "type": "Point",
        "coordinates": [
          37.53091858877019,
          55.856209563872035
        ]
      },
      "properties": {
        "number": "130",
        "ao": "САО",
        "institution": "ГБУ \"Автомобильные дороги САО\"",
        "odh_name": "5-я ул. Ямского Поля",
        "odh_id": "753913983",
        "address_hint": "5-я ул. Ямского Поля 26/29",
        "container_count": "1",
        "placement_type": "особо значимые участки",
        "geometry_status": "odh_geometry_proxy",
        "name": "ПГМ: 5-я ул. Ямского Поля",
        "warning": "Точка — представитель геометрии ОДХ; точное место контейнера уточняется адресным ориентиром."
      }
    },
    {
      "type": "Feature",
      "geometry": {
        "type": "Point",
        "coordinates": [
          37.53091858877019,
          55.856209563872035
        ]
      },
      "properties": {
        "number": "131",
        "ao": "САО",
        "institution": "ГБУ \"Автомобильные дороги САО\"",
        "odh_name": "5-я ул. Ямского Поля/ул. Нижняя Масловка  Правды",
        "odh_id": "753913983",
        "address_hint": "Издательство Пресса",
        "container_count": "1",
        "placement_type": "особо значимые участки",
        "geometry_status": "odh_geometry_proxy",
        "name": "ПГМ: 5-я ул. Ямского Поля/ул. Нижняя Масловка  Правды",
        "warning": "Точка — представитель геометрии ОДХ; точное место контейнера уточняется адресным ориентиром."
      }
    },
    {
      "type": "Feature",
      "geometry": {
        "type": "Point",
        "coordinates": [
          37.5569427014586,
          55.78438167537637
        ]
      },
      "properties": {
        "number": "132",
        "ao": "САО",
        "institution": "ГБУ \"Автомобильные дороги САО\"",
        "odh_name": "1-й Боткинский проезд",
        "odh_id": "10002203",
        "address_hint": "1-й Боткинский проезд д.31а",
        "container_count": "1",
        "placement_type": "особо значимые участки",
        "geometry_status": "odh_geometry_proxy",
        "name": "ПГМ: 1-й Боткинский проезд",
        "warning": "Точка — представитель геометрии ОДХ; точное место контейнера уточняется адресным ориентиром."
      }
    },
    {
      "type": "Feature",
      "geometry": {
        "type": "Point",
        "coordinates": [
          37.55902741926051,
          55.77959658733712
        ]
      },
      "properties": {
        "number": "133",
        "ao": "САО",
        "institution": "ГБУ \"Жилищник района Беговой\"",
        "odh_name": "Площадь перед ипподромом",
        "odh_id": "10002444",
        "address_hint": "Беговая 22 сквер у ЦМИ",
        "container_count": "1",
        "placement_type": "особо значимые участки",
        "geometry_status": "odh_geometry_proxy",
        "name": "ПГМ: Площадь перед ипподромом",
        "warning": "Точка — представитель геометрии ОДХ; точное место контейнера уточняется адресным ориентиром."
      }
    },
    {
      "type": "Feature",
      "geometry": {
        "type": "Point",
        "coordinates": [
          37.576455402580365,
          55.79039783288456
        ]
      },
      "properties": {
        "number": "135",
        "ao": "САО",
        "institution": "ГБУ \"Автомобильные дороги САО\"",
        "odh_name": "Расковой улица",
        "odh_id": "10002568",
        "address_hint": "М-н Свет",
        "container_count": "1",
        "placement_type": "особо значимые участки",
        "geometry_status": "odh_geometry_proxy",
        "name": "ПГМ: Расковой улица",
        "warning": "Точка — представитель геометрии ОДХ; точное место контейнера уточняется адресным ориентиром."
      }
    },
    {
      "type": "Feature",
      "geometry": {
        "type": "Point",
        "coordinates": [
          37.576455402580365,
          55.79039783288456
        ]
      },
      "properties": {
        "number": "137",
        "ao": "САО",
        "institution": "ГБУ \"Автомобильные дороги САО\"",
        "odh_name": "Расковой улица",
        "odh_id": "10002568",
        "address_hint": "Расковой улица, д. 24 А",
        "container_count": "1",
        "placement_type": "особо значимые участки",
        "geometry_status": "odh_geometry_proxy",
        "name": "ПГМ: Расковой улица",
        "warning": "Точка — представитель геометрии ОДХ; точное место контейнера уточняется адресным ориентиром."
      }
    },
    {
      "type": "Feature",
      "geometry": {
        "type": "Point",
        "coordinates": [
          37.56547671202728,
          55.86348056604852
        ]
      },
      "properties": {
        "number": "138",
        "ao": "САО",
        "institution": "ГБУ \"Автомобильные дороги САО\"",
        "odh_name": "2-й Боткинский проезд",
        "odh_id": "10002486",
        "address_hint": "2-й Боткинский проезд, д. 1/8",
        "container_count": "1",
        "placement_type": "особо значимые участки",
        "geometry_status": "odh_geometry_proxy",
        "name": "ПГМ: 2-й Боткинский проезд",
        "warning": "Точка — представитель геометрии ОДХ; точное место контейнера уточняется адресным ориентиром."
      }
    },
    {
      "type": "Feature",
      "geometry": {
        "type": "Point",
        "coordinates": [
          37.52622712058705,
          55.8108166294865
        ]
      },
      "properties": {
        "number": "141",
        "ao": "САО",
        "institution": "ГБУ \"Автомобильные дороги САО\"",
        "odh_name": "Бескудниковский пер.",
        "odh_id": "10002175",
        "address_hint": "Бескудниковский пер. (к/ст, выс.)",
        "container_count": "1",
        "placement_type": "особо значимые участки",
        "geometry_status": "odh_geometry_proxy",
        "name": "ПГМ: Бескудниковский пер.",
        "warning": "Точка — представитель геометрии ОДХ; точное место контейнера уточняется адресным ориентиром."
      }
    },
    {
      "type": "Feature",
      "geometry": {
        "type": "Point",
        "coordinates": [
          37.52622712058705,
          55.8108166294865
        ]
      },
      "properties": {
        "number": "142",
        "ao": "САО",
        "institution": "ГБУ \"Автомобильные дороги САО\"",
        "odh_name": "Бескудниковский пер.",
        "odh_id": "10002175",
        "address_hint": "Бескудниковский пер., 5А",
        "container_count": "1",
        "placement_type": "особо значимые участки",
        "geometry_status": "odh_geometry_proxy",
        "name": "ПГМ: Бескудниковский пер.",
        "warning": "Точка — представитель геометрии ОДХ; точное место контейнера уточняется адресным ориентиром."
      }
    },
    {
      "type": "Feature",
      "geometry": {
        "type": "Point",
        "coordinates": [
          37.538032952728095,
          55.87325435758085
        ]
      },
      "properties": {
        "number": "143",
        "ao": "САО",
        "institution": "ГБУ \"Автомобильные дороги САО\"",
        "odh_name": "Коровинский проезд",
        "odh_id": "10002289",
        "address_hint": "Бескудниковский б-р, д.59",
        "container_count": "1",
        "placement_type": "особо значимые участки",
        "geometry_status": "odh_geometry_proxy",
        "name": "ПГМ: Коровинский проезд",
        "warning": "Точка — представитель геометрии ОДХ; точное место контейнера уточняется адресным ориентиром."
      }
    },
    {
      "type": "Feature",
      "geometry": {
        "type": "Point",
        "coordinates": [
          37.553836676411365,
          55.87310849518904
        ]
      },
      "properties": {
        "number": "146",
        "ao": "САО",
        "institution": "ГБУ \"Автомобильные дороги САО\"",
        "odh_name": "Проезд от Бескудниковского бульвара до Дубнинской улицы у школы №183",
        "odh_id": "10002485",
        "address_hint": "Проезд от Бескудниковского бульвара до Дубнинской улицы у школы №183",
        "container_count": "1",
        "placement_type": "особо значимые участки",
        "geometry_status": "odh_geometry_proxy",
        "name": "ПГМ: Проезд от Бескудниковского бульвара до Дубнинской улицы у школы №183",
        "warning": "Точка — представитель геометрии ОДХ; точное место контейнера уточняется адресным ориентиром."
      }
    },
    {
      "type": "Feature",
      "geometry": {
        "type": "Point",
        "coordinates": [
          37.567167687491605,
          55.85376287752019
        ]
      },
      "properties": {
        "number": "148",
        "ao": "САО",
        "institution": "ГБУ \"Автомобильные дороги САО\"",
        "odh_name": "Проезд от Дубнинской улицы до института ВИСТИ",
        "odh_id": "10002454",
        "address_hint": "Проезд от Дубнинской улицы до института ВИСТИ",
        "container_count": "1",
        "placement_type": "особо значимые участки",
        "geometry_status": "odh_geometry_proxy",
        "name": "ПГМ: Проезд от Дубнинской улицы до института ВИСТИ",
        "warning": "Точка — представитель геометрии ОДХ; точное место контейнера уточняется адресным ориентиром."
      }
    },
    {
      "type": "Feature",
      "geometry": {
        "type": "Point",
        "coordinates": [
          37.499492868675965,
          55.81525292790375
        ]
      },
      "properties": {
        "number": "150",
        "ao": "САО",
        "institution": "ГБУ \"Автомобильные дороги САО\"",
        "odh_name": "1-й Войковский проезд",
        "odh_id": "10002221",
        "address_hint": "«Платф. Ленинградская»",
        "container_count": "1",
        "placement_type": "особо значимые участки",
        "geometry_status": "odh_geometry_proxy",
        "name": "ПГМ: 1-й Войковский проезд",
        "warning": "Точка — представитель геометрии ОДХ; точное место контейнера уточняется адресным ориентиром."
      }
    },
    {
      "type": "Feature",
      "geometry": {
        "type": "Point",
        "coordinates": [
          37.52514477938086,
          55.79685554062306
        ]
      },
      "properties": {
        "number": "152",
        "ao": "САО",
        "institution": "ГБУ \"Автомобильные дороги САО\"",
        "odh_name": "1-я Радиаторская ул.",
        "odh_id": "10002218",
        "address_hint": "1-я Радиаторская, д.5",
        "container_count": "1",
        "placement_type": "особо значимые участки",
        "geometry_status": "odh_geometry_proxy",
        "name": "ПГМ: 1-я Радиаторская ул.",
        "warning": "Точка — представитель геометрии ОДХ; точное место контейнера уточняется адресным ориентиром."
      }
    },
    {
      "type": "Feature",
      "geometry": {
        "type": "Point",
        "coordinates": [
          37.568101307783444,
          55.80761155029517
        ]
      },
      "properties": {
        "number": "153",
        "ao": "САО",
        "institution": "ГБУ \"Автомобильные дороги САО\"",
        "odh_name": "2-й Новоподмосковный пер.",
        "odh_id": "10002243",
        "address_hint": "2-й Новоподмосковный пер.",
        "container_count": "1",
        "placement_type": "особо значимые участки",
        "geometry_status": "odh_geometry_proxy",
        "name": "ПГМ: 2-й Новоподмосковный пер.",
        "warning": "Точка — представитель геометрии ОДХ; точное место контейнера уточняется адресным ориентиром."
      }
    },
    {
      "type": "Feature",
      "geometry": {
        "type": "Point",
        "coordinates": [
          37.565608848347715,
          55.86165352934896
        ]
      },
      "properties": {
        "number": "154",
        "ao": "САО",
        "institution": "ГБУ \"Автомобильные дороги САО\"",
        "odh_name": "2-й Новоподмосковный, д.5",
        "odh_id": "10002496",
        "address_hint": "2-й Новоподмосковный, д.5",
        "container_count": "1",
        "placement_type": "особо значимые участки",
        "geometry_status": "odh_geometry_proxy",
        "name": "ПГМ: 2-й Новоподмосковный, д.5",
        "warning": "Точка — представитель геометрии ОДХ; точное место контейнера уточняется адресным ориентиром."
      }
    },
    {
      "type": "Feature",
      "geometry": {
        "type": "Point",
        "coordinates": [
          37.52720787273807,
          55.87521912759496
        ]
      },
      "properties": {
        "number": "155",
        "ao": "САО",
        "institution": "ГБУ \"Автомобильные дороги САО\"",
        "odh_name": "3-й Новоподмосковный пер.",
        "odh_id": "10002353",
        "address_hint": "3-й Новоподмосковный пер.",
        "container_count": "1",
        "placement_type": "особо значимые участки",
        "geometry_status": "odh_geometry_proxy",
        "name": "ПГМ: 3-й Новоподмосковный пер.",
        "warning": "Точка — представитель геометрии ОДХ; точное место контейнера уточняется адресным ориентиром."
      }
    },
    {
      "type": "Feature",
      "geometry": {
        "type": "Point",
        "coordinates": [
          37.53091858877019,
          55.856209563872035
        ]
      },
      "properties": {
        "number": "156",
        "ao": "САО",
        "institution": "ГБУ \"Автомобильные дороги САО\"",
        "odh_name": "5-й Войковский пр-д",
        "odh_id": "753913983",
        "address_hint": "5-й Войковский пр-д",
        "container_count": "1",
        "placement_type": "особо значимые участки",
        "geometry_status": "odh_geometry_proxy",
        "name": "ПГМ: 5-й Войковский пр-д",
        "warning": "Точка — представитель геометрии ОДХ; точное место контейнера уточняется адресным ориентиром."
      }
    },
    {
      "type": "Feature",
      "geometry": {
        "type": "Point",
        "coordinates": [
          37.487613517544055,
          55.81649811349131
        ]
      },
      "properties": {
        "number": "157",
        "ao": "САО",
        "institution": "ГБУ \"Автомобильные дороги САО\"",
        "odh_name": "5-й Войковский проезд",
        "odh_id": "10002225",
        "address_hint": "«5-й Войковский пр.»",
        "container_count": "1",
        "placement_type": "особо значимые участки",
        "geometry_status": "odh_geometry_proxy",
        "name": "ПГМ: 5-й Войковский проезд",
        "warning": "Точка — представитель геометрии ОДХ; точное место контейнера уточняется адресным ориентиром."
      }
    },
    {
      "type": "Feature",
      "geometry": {
        "type": "Point",
        "coordinates": [
          37.567379732853226,
          55.856467541938464
        ]
      },
      "properties": {
        "number": "167",
        "ao": "САО",
        "institution": "ГБУ \"Автомобильные дороги САО\"",
        "odh_name": "Дубнинская улица",
        "odh_id": "10002256",
        "address_hint": "ул.Дубнинская дом 30",
        "container_count": "1",
        "placement_type": "особо значимые участки",
        "geometry_status": "odh_geometry_proxy",
        "name": "ПГМ: Дубнинская улица",
        "warning": "Точка — представитель геометрии ОДХ; точное место контейнера уточняется адресным ориентиром."
      }
    },
    {
      "type": "Feature",
      "geometry": {
        "type": "Point",
        "coordinates": [
          37.57041573338096,
          55.87065012804504
        ]
      },
      "properties": {
        "number": "168",
        "ao": "САО",
        "institution": "ГБУ \"Автомобильные дороги САО\"",
        "odh_name": "Керамический проезд",
        "odh_id": "753906080",
        "address_hint": "Отдел соц. обеспечения",
        "container_count": "1",
        "placement_type": "особо значимые участки",
        "geometry_status": "odh_geometry_proxy",
        "name": "ПГМ: Керамический проезд",
        "warning": "Точка — представитель геометрии ОДХ; точное место контейнера уточняется адресным ориентиром."
      }
    },
    {
      "type": "Feature",
      "geometry": {
        "type": "Point",
        "coordinates": [
          37.57041573338096,
          55.87065012804504
        ]
      },
      "properties": {
        "number": "169",
        "ao": "САО",
        "institution": "ГБУ \"Автомобильные дороги САО\"",
        "odh_name": "Керамический проезд",
        "odh_id": "753906080",
        "address_hint": "Ст. Бескудниково (пос.)",
        "container_count": "1",
        "placement_type": "особо значимые участки",
        "geometry_status": "odh_geometry_proxy",
        "name": "ПГМ: Керамический проезд",
        "warning": "Точка — представитель геометрии ОДХ; точное место контейнера уточняется адресным ориентиром."
      }
    },
    {
      "type": "Feature",
      "geometry": {
        "type": "Point",
        "coordinates": [
          37.57041573338096,
          55.87065012804504
        ]
      },
      "properties": {
        "number": "170",
        "ao": "САО",
        "institution": "ГБУ \"Автомобильные дороги САО\"",
        "odh_name": "Керамический проезд",
        "odh_id": "753906080",
        "address_hint": "ТПУ платформа Бескудниково",
        "container_count": "1",
        "placement_type": "особо значимые участки",
        "geometry_status": "odh_geometry_proxy",
        "name": "ПГМ: Керамический проезд",
        "warning": "Точка — представитель геометрии ОДХ; точное место контейнера уточняется адресным ориентиром."
      }
    },
    {
      "type": "Feature",
      "geometry": {
        "type": "Point",
        "coordinates": [
          37.57041573338096,
          55.87065012804504
        ]
      },
      "properties": {
        "number": "171",
        "ao": "САО",
        "institution": "ГБУ \"Автомобильные дороги САО\"",
        "odh_name": "Керамический проезд",
        "odh_id": "753906080",
        "address_hint": "Керамический проезд дом 59",
        "container_count": "1",
        "placement_type": "особо значимые участки",
        "geometry_status": "odh_geometry_proxy",
        "name": "ПГМ: Керамический проезд",
        "warning": "Точка — представитель геометрии ОДХ; точное место контейнера уточняется адресным ориентиром."
      }
    },
    {
      "type": "Feature",
      "geometry": {
        "type": "Point",
        "coordinates": [
          37.57041573338096,
          55.87065012804504
        ]
      },
      "properties": {
        "number": "172",
        "ao": "САО",
        "institution": "ГБУ \"Автомобильные дороги САО\"",
        "odh_name": "Керамический проезд",
        "odh_id": "753906080",
        "address_hint": "Керамический проезд дом 71 кор.1",
        "container_count": "1",
        "placement_type": "особо значимые участки",
        "geometry_status": "odh_geometry_proxy",
        "name": "ПГМ: Керамический проезд",
        "warning": "Точка — представитель геометрии ОДХ; точное место контейнера уточняется адресным ориентиром."
      }
    },
    {
      "type": "Feature",
      "geometry": {
        "type": "Point",
        "coordinates": [
          37.57041573338096,
          55.87065012804504
        ]
      },
      "properties": {
        "number": "173",
        "ao": "САО",
        "institution": "ГБУ \"Автомобильные дороги САО\"",
        "odh_name": "Керамический проезд",
        "odh_id": "753906080",
        "address_hint": "Керамический проезд дом  53кор 1",
        "container_count": "1",
        "placement_type": "особо значимые участки",
        "geometry_status": "odh_geometry_proxy",
        "name": "ПГМ: Керамический проезд",
        "warning": "Точка — представитель геометрии ОДХ; точное место контейнера уточняется адресным ориентиром."
      }
    },
    {
      "type": "Feature",
      "geometry": {
        "type": "Point",
        "coordinates": [
          37.57041573338096,
          55.87065012804504
        ]
      },
      "properties": {
        "number": "174",
        "ao": "САО",
        "institution": "ГБУ \"Автомобильные дороги САО\"",
        "odh_name": "Керамический проезд",
        "odh_id": "753906080",
        "address_hint": "пересечение Керамического проезда с ул.800 лет Москвы",
        "container_count": "1",
        "placement_type": "особо значимые участки",
        "geometry_status": "odh_geometry_proxy",
        "name": "ПГМ: Керамический проезд",
        "warning": "Точка — представитель геометрии ОДХ; точное место контейнера уточняется адресным ориентиром."
      }
    },
    {
      "type": "Feature",
      "geometry": {
        "type": "Point",
        "coordinates": [
          37.567379732853226,
          55.856467541938464
        ]
      },
      "properties": {
        "number": "178",
        "ao": "САО",
        "institution": "ГБУ \"Автомобильные дороги САО\"",
        "odh_name": "Дубнинская улица",
        "odh_id": "10002256",
        "address_hint": "ул. Дубнинская, д. 12",
        "container_count": "1",
        "placement_type": "особо значимые участки",
        "geometry_status": "odh_geometry_proxy",
        "name": "ПГМ: Дубнинская улица",
        "warning": "Точка — представитель геометрии ОДХ; точное место контейнера уточняется адресным ориентиром."
      }
    },
    {
      "type": "Feature",
      "geometry": {
        "type": "Point",
        "coordinates": [
          37.567379732853226,
          55.856467541938464
        ]
      },
      "properties": {
        "number": "179",
        "ao": "САО",
        "institution": "ГБУ \"Автомобильные дороги САО\"",
        "odh_name": "Дубнинская улица",
        "odh_id": "10002256",
        "address_hint": "ул. Дубнинская, д.52, к.1-5",
        "container_count": "1",
        "placement_type": "особо значимые участки",
        "geometry_status": "odh_geometry_proxy",
        "name": "ПГМ: Дубнинская улица",
        "warning": "Точка — представитель геометрии ОДХ; точное место контейнера уточняется адресным ориентиром."
      }
    },
    {
      "type": "Feature",
      "geometry": {
        "type": "Point",
        "coordinates": [
          37.567379732853226,
          55.856467541938464
        ]
      },
      "properties": {
        "number": "180",
        "ao": "САО",
        "institution": "ГБУ \"Автомобильные дороги САО\"",
        "odh_name": "Дубнинская улица",
        "odh_id": "10002256",
        "address_hint": "ул. Дубнинская, д. 12",
        "container_count": "1",
        "placement_type": "особо значимые участки",
        "geometry_status": "odh_geometry_proxy",
        "name": "ПГМ: Дубнинская улица",
        "warning": "Точка — представитель геометрии ОДХ; точное место контейнера уточняется адресным ориентиром."
      }
    },
    {
      "type": "Feature",
      "geometry": {
        "type": "Point",
        "coordinates": [
          37.567379732853226,
          55.856467541938464
        ]
      },
      "properties": {
        "number": "181",
        "ao": "САО",
        "institution": "ГБУ \"Автомобильные дороги САО\"",
        "odh_name": "Дубнинская улица",
        "odh_id": "10002256",
        "address_hint": "ул. Дубнинская, д. 30",
        "container_count": "1",
        "placement_type": "особо значимые участки",
        "geometry_status": "odh_geometry_proxy",
        "name": "ПГМ: Дубнинская улица",
        "warning": "Точка — представитель геометрии ОДХ; точное место контейнера уточняется адресным ориентиром."
      }
    },
    {
      "type": "Feature",
      "geometry": {
        "type": "Point",
        "coordinates": [
          37.534924431462755,
          55.850286645531035
        ]
      },
      "properties": {
        "number": "183",
        "ao": "САО",
        "institution": "ГБУ \"Автомобильные дороги САО\"",
        "odh_name": "3-й Лихачевский переулок",
        "odh_id": "10002312",
        "address_hint": "3-й Лихачевский пер.",
        "container_count": "1",
        "placement_type": "особо значимые участки",
        "geometry_status": "odh_geometry_proxy",
        "name": "ПГМ: 3-й Лихачевский переулок",
        "warning": "Точка — представитель геометрии ОДХ; точное место контейнера уточняется адресным ориентиром."
      }
    },
    {
      "type": "Feature",
      "geometry": {
        "type": "Point",
        "coordinates": [
          37.489749900044394,
          55.8499629443569
        ]
      },
      "properties": {
        "number": "184",
        "ao": "САО",
        "institution": "ГБУ \"Автомобильные дороги САО\"",
        "odh_name": "Авангардная улица",
        "odh_id": "10002168",
        "address_hint": "Авангардная ул., 15",
        "container_count": "1",
        "placement_type": "особо значимые участки",
        "geometry_status": "odh_geometry_proxy",
        "name": "ПГМ: Авангардная улица",
        "warning": "Точка — представитель геометрии ОДХ; точное место контейнера уточняется адресным ориентиром."
      }
    },
    {
      "type": "Feature",
      "geometry": {
        "type": "Point",
        "coordinates": [
          37.49842353362709,
          55.83843622928486
        ]
      },
      "properties": {
        "number": "188",
        "ao": "САО",
        "institution": "ГБУ \"Автомобильные дороги САО\"",
        "odh_name": "Головинское шоссе",
        "odh_id": "10002236",
        "address_hint": "Головинское ш., вл. 1-3",
        "container_count": "1",
        "placement_type": "особо значимые участки",
        "geometry_status": "odh_geometry_proxy",
        "name": "ПГМ: Головинское шоссе",
        "warning": "Точка — представитель геометрии ОДХ; точное место контейнера уточняется адресным ориентиром."
      }
    },
    {
      "type": "Feature",
      "geometry": {
        "type": "Point",
        "coordinates": [
          37.48910709905301,
          55.845887497378506
        ]
      },
      "properties": {
        "number": "194",
        "ao": "САО",
        "institution": "ГБУ \"Автомобильные дороги САО\"",
        "odh_name": "Пулковская улица",
        "odh_id": "10002558",
        "address_hint": "Пулковская ул.",
        "container_count": "1",
        "placement_type": "особо значимые участки",
        "geometry_status": "odh_geometry_proxy",
        "name": "ПГМ: Пулковская улица",
        "warning": "Точка — представитель геометрии ОДХ; точное место контейнера уточняется адресным ориентиром."
      }
    },
    {
      "type": "Feature",
      "geometry": {
        "type": "Point",
        "coordinates": [
          37.48910709905301,
          55.845887497378506
        ]
      },
      "properties": {
        "number": "195",
        "ao": "САО",
        "institution": "ГБУ \"Автомобильные дороги САО\"",
        "odh_name": "Пулковская улица",
        "odh_id": "10002558",
        "address_hint": "ул. Пулковская, д. 8",
        "container_count": "1",
        "placement_type": "особо значимые участки",
        "geometry_status": "odh_geometry_proxy",
        "name": "ПГМ: Пулковская улица",
        "warning": "Точка — представитель геометрии ОДХ; точное место контейнера уточняется адресным ориентиром."
      }
    },
    {
      "type": "Feature",
      "geometry": {
        "type": "Point",
        "coordinates": [
          37.517421344073995,
          55.85932641976194
        ]
      },
      "properties": {
        "number": "196",
        "ao": "САО",
        "institution": "ГБУ \"Автомобильные дороги САО\"",
        "odh_name": "Сенежская улица",
        "odh_id": "10002576",
        "address_hint": "Сенежская ул.,1 - Торговое училище",
        "container_count": "1",
        "placement_type": "особо значимые участки",
        "geometry_status": "odh_geometry_proxy",
        "name": "ПГМ: Сенежская улица",
        "warning": "Точка — представитель геометрии ОДХ; точное место контейнера уточняется адресным ориентиром."
      }
    },
    {
      "type": "Feature",
      "geometry": {
        "type": "Point",
        "coordinates": [
          37.475126802267624,
          55.86782018719042
        ]
      },
      "properties": {
        "number": "197",
        "ao": "САО",
        "institution": "ГБУ \"Автомобильные дороги САО\"",
        "odh_name": "Смольная улица",
        "odh_id": "10002587",
        "address_hint": "ул.Смольная, д.25",
        "container_count": "1",
        "placement_type": "особо значимые участки",
        "geometry_status": "odh_geometry_proxy",
        "name": "ПГМ: Смольная улица",
        "warning": "Точка — представитель геометрии ОДХ; точное место контейнера уточняется адресным ориентиром."
      }
    },
    {
      "type": "Feature",
      "geometry": {
        "type": "Point",
        "coordinates": [
          37.51881123546702,
          55.86012992493891
        ]
      },
      "properties": {
        "number": "198",
        "ao": "САО",
        "institution": "ГБУ \"Автомобильные дороги САО\"",
        "odh_name": "Солнечногорская улица",
        "odh_id": "10002589",
        "address_hint": "Солнечногорская ул.,15 - Торговое училище",
        "container_count": "1",
        "placement_type": "особо значимые участки",
        "geometry_status": "odh_geometry_proxy",
        "name": "ПГМ: Солнечногорская улица",
        "warning": "Точка — представитель геометрии ОДХ; точное место контейнера уточняется адресным ориентиром."
      }
    },
    {
      "type": "Feature",
      "geometry": {
        "type": "Point",
        "coordinates": [
          37.51881123546702,
          55.86012992493891
        ]
      },
      "properties": {
        "number": "199",
        "ao": "САО",
        "institution": "ГБУ \"Автомобильные дороги САО\"",
        "odh_name": "Солнечногорская улица",
        "odh_id": "10002589",
        "address_hint": "ул. Солнечногорская, д.7",
        "container_count": "1",
        "placement_type": "особо значимые участки",
        "geometry_status": "odh_geometry_proxy",
        "name": "ПГМ: Солнечногорская улица",
        "warning": "Точка — представитель геометрии ОДХ; точное место контейнера уточняется адресным ориентиром."
      }
    },
    {
      "type": "Feature",
      "geometry": {
        "type": "Point",
        "coordinates": [
          37.52577682434877,
          55.86025441102176
        ]
      },
      "properties": {
        "number": "200",
        "ao": "САО",
        "institution": "ГБУ \"Автомобильные дороги САО\"",
        "odh_name": "Солнечногорский проезд",
        "odh_id": "10002590",
        "address_hint": "Солнечногорский пр-д, д.60",
        "container_count": "1",
        "placement_type": "особо значимые участки",
        "geometry_status": "odh_geometry_proxy",
        "name": "ПГМ: Солнечногорский проезд",
        "warning": "Точка — представитель геометрии ОДХ; точное место контейнера уточняется адресным ориентиром."
      }
    },
    {
      "type": "Feature",
      "geometry": {
        "type": "Point",
        "coordinates": [
          37.494497535461,
          55.86728641486973
        ]
      },
      "properties": {
        "number": "202",
        "ao": "САО",
        "institution": "ГБУ \"Автомобильные дороги САО\"",
        "odh_name": "2-й лихачёвский переулок",
        "odh_id": "903820014",
        "address_hint": "НАМИ",
        "container_count": "1",
        "placement_type": "особо значимые участки",
        "geometry_status": "odh_geometry_proxy",
        "name": "ПГМ: 2-й лихачёвский переулок",
        "warning": "Точка — представитель геометрии ОДХ; точное место контейнера уточняется адресным ориентиром."
      }
    },
    {
      "type": "Feature",
      "geometry": {
        "type": "Point",
        "coordinates": [
          37.51643856779999,
          55.89472259365221
        ]
      },
      "properties": {
        "number": "206",
        "ao": "САО",
        "institution": "ГБУ \"Автомобильные дороги САО\"",
        "odh_name": "Проезд от Коровинского шоссе и разворотный круг у ТЭЦ-21",
        "odh_id": "10002501",
        "address_hint": "Ижорская ул.",
        "container_count": "1",
        "placement_type": "особо значимые участки",
        "geometry_status": "odh_geometry_proxy",
        "name": "ПГМ: Проезд от Коровинского шоссе и разворотный круг у ТЭЦ-21",
        "warning": "Точка — представитель геометрии ОДХ; точное место контейнера уточняется адресным ориентиром."
      }
    },
    {
      "type": "Feature",
      "geometry": {
        "type": "Point",
        "coordinates": [
          37.51643856779999,
          55.89472259365221
        ]
      },
      "properties": {
        "number": "207",
        "ao": "САО",
        "institution": "ГБУ \"Автомобильные дороги САО\"",
        "odh_name": "Проезд от Коровинского шоссе и разворотный круг у ТЭЦ-21",
        "odh_id": "10002501",
        "address_hint": "Коровинского шоссе (ТЭЦ-21)",
        "container_count": "1",
        "placement_type": "особо значимые участки",
        "geometry_status": "odh_geometry_proxy",
        "name": "ПГМ: Проезд от Коровинского шоссе и разворотный круг у ТЭЦ-21",
        "warning": "Точка — представитель геометрии ОДХ; точное место контейнера уточняется адресным ориентиром."
      }
    },
    {
      "type": "Feature",
      "geometry": {
        "type": "Point",
        "coordinates": [
          37.51643856779999,
          55.89472259365221
        ]
      },
      "properties": {
        "number": "208",
        "ao": "САО",
        "institution": "ГБУ \"Автомобильные дороги САО\"",
        "odh_name": "Проезд от Коровинского шоссе и разворотный круг у ТЭЦ-21",
        "odh_id": "10002501",
        "address_hint": "Ижорская ул.",
        "container_count": "1",
        "placement_type": "особо значимые участки",
        "geometry_status": "odh_geometry_proxy",
        "name": "ПГМ: Проезд от Коровинского шоссе и разворотный круг у ТЭЦ-21",
        "warning": "Точка — представитель геометрии ОДХ; точное место контейнера уточняется адресным ориентиром."
      }
    },
    {
      "type": "Feature",
      "geometry": {
        "type": "Point",
        "coordinates": [
          37.53091858877019,
          55.856209563872035
        ]
      },
      "properties": {
        "number": "211",
        "ao": "САО",
        "institution": "ГБУ \"Автомобильные дороги САО\"",
        "odh_name": "Автобусный круг у платформы Ховрино",
        "odh_id": "753913983",
        "address_hint": "Ст. Ховрино (выс.)",
        "container_count": "1",
        "placement_type": "особо значимые участки",
        "geometry_status": "odh_geometry_proxy",
        "name": "ПГМ: Автобусный круг у платформы Ховрино",
        "warning": "Точка — представитель геометрии ОДХ; точное место контейнера уточняется адресным ориентиром."
      }
    },
    {
      "type": "Feature",
      "geometry": {
        "type": "Point",
        "coordinates": [
          37.52622712058705,
          55.8108166294865
        ]
      },
      "properties": {
        "number": "212",
        "ao": "САО",
        "institution": "ГБУ \"Автомобильные дороги САО\"",
        "odh_name": "Базовская ул.",
        "odh_id": "10002175",
        "address_hint": "«Школа» Базовская 22",
        "container_count": "1",
        "placement_type": "особо значимые участки",
        "geometry_status": "odh_geometry_proxy",
        "name": "ПГМ: Базовская ул.",
        "warning": "Точка — представитель геометрии ОДХ; точное место контейнера уточняется адресным ориентиром."
      }
    },
    {
      "type": "Feature",
      "geometry": {
        "type": "Point",
        "coordinates": [
          37.52622712058705,
          55.8108166294865
        ]
      },
      "properties": {
        "number": "213",
        "ao": "САО",
        "institution": "ГБУ \"Автомобильные дороги САО\"",
        "odh_name": "Базовская ул.",
        "odh_id": "10002175",
        "address_hint": "«Школа» Базовская 20",
        "container_count": "1",
        "placement_type": "особо значимые участки",
        "geometry_status": "odh_geometry_proxy",
        "name": "ПГМ: Базовская ул.",
        "warning": "Точка — представитель геометрии ОДХ; точное место контейнера уточняется адресным ориентиром."
      }
    },
    {
      "type": "Feature",
      "geometry": {
        "type": "Point",
        "coordinates": [
          37.52622712058705,
          55.8108166294865
        ]
      },
      "properties": {
        "number": "214",
        "ao": "САО",
        "institution": "ГБУ \"Автомобильные дороги САО\"",
        "odh_name": "Базовская ул.",
        "odh_id": "10002175",
        "address_hint": "«Базовская 4» Базовская 4 к 1",
        "container_count": "1",
        "placement_type": "особо значимые участки",
        "geometry_status": "odh_geometry_proxy",
        "name": "ПГМ: Базовская ул.",
        "warning": "Точка — представитель геометрии ОДХ; точное место контейнера уточняется адресным ориентиром."
      }
    },
    {
      "type": "Feature",
      "geometry": {
        "type": "Point",
        "coordinates": [
          37.52622712058705,
          55.8108166294865
        ]
      },
      "properties": {
        "number": "215",
        "ao": "САО",
        "institution": "ГБУ \"Автомобильные дороги САО\"",
        "odh_name": "Базовская ул.",
        "odh_id": "10002175",
        "address_hint": "«Базовская 4» Базовская 6/27",
        "container_count": "1",
        "placement_type": "особо значимые участки",
        "geometry_status": "odh_geometry_proxy",
        "name": "ПГМ: Базовская ул.",
        "warning": "Точка — представитель геометрии ОДХ; точное место контейнера уточняется адресным ориентиром."
      }
    },
    {
      "type": "Feature",
      "geometry": {
        "type": "Point",
        "coordinates": [
          37.52622712058705,
          55.8108166294865
        ]
      },
      "properties": {
        "number": "216",
        "ao": "САО",
        "institution": "ГБУ \"Автомобильные дороги САО\"",
        "odh_name": "Верхнелихоборская ул.",
        "odh_id": "10002175",
        "address_hint": "М. Верхние Лихоборы",
        "container_count": "1",
        "placement_type": "особо значимые участки",
        "geometry_status": "odh_geometry_proxy",
        "name": "ПГМ: Верхнелихоборская ул.",
        "warning": "Точка — представитель геометрии ОДХ; точное место контейнера уточняется адресным ориентиром."
      }
    },
    {
      "type": "Feature",
      "geometry": {
        "type": "Point",
        "coordinates": [
          37.48530989556775,
          55.88357017605628
        ]
      },
      "properties": {
        "number": "217",
        "ao": "САО",
        "institution": "ГБУ \"Автомобильные дороги САО\"",
        "odh_name": "Краснополянская улица",
        "odh_id": "754379531",
        "address_hint": "Краснополянская улица, 16/2 к.1",
        "container_count": "1",
        "placement_type": "особо значимые участки",
        "geometry_status": "odh_geometry_proxy",
        "name": "ПГМ: Краснополянская улица",
        "warning": "Точка — представитель геометрии ОДХ; точное место контейнера уточняется адресным ориентиром."
      }
    },
    {
      "type": "Feature",
      "geometry": {
        "type": "Point",
        "coordinates": [
          37.51514472891151,
          55.868986019514786
        ]
      },
      "properties": {
        "number": "218",
        "ao": "САО",
        "institution": "ГБУ \"Автомобильные дороги САО\"",
        "odh_name": "Талдомская улица",
        "odh_id": "10002601",
        "address_hint": "Талдомская улица, 17 к.1",
        "container_count": "1",
        "placement_type": "особо значимые участки",
        "geometry_status": "odh_geometry_proxy",
        "name": "ПГМ: Талдомская улица",
        "warning": "Точка — представитель геометрии ОДХ; точное место контейнера уточняется адресным ориентиром."
      }
    },
    {
      "type": "Feature",
      "geometry": {
        "type": "Point",
        "coordinates": [
          37.52622712058705,
          55.8108166294865
        ]
      },
      "properties": {
        "number": "222",
        "ao": "САО",
        "institution": "ГБУ \"Автомобильные дороги САО\"",
        "odh_name": "Весенняя ул.",
        "odh_id": "10002175",
        "address_hint": "Весенняя 20",
        "container_count": "1",
        "placement_type": "особо значимые участки",
        "geometry_status": "odh_geometry_proxy",
        "name": "ПГМ: Весенняя ул.",
        "warning": "Точка — представитель геометрии ОДХ; точное место контейнера уточняется адресным ориентиром."
      }
    },
    {
      "type": "Feature",
      "geometry": {
        "type": "Point",
        "coordinates": [
          37.52622712058705,
          55.8108166294865
        ]
      },
      "properties": {
        "number": "223",
        "ao": "САО",
        "institution": "ГБУ \"Автомобильные дороги САО\"",
        "odh_name": "Весенняя ул.",
        "odh_id": "10002175",
        "address_hint": "Весенняя 21",
        "container_count": "1",
        "placement_type": "особо значимые участки",
        "geometry_status": "odh_geometry_proxy",
        "name": "ПГМ: Весенняя ул.",
        "warning": "Точка — представитель геометрии ОДХ; точное место контейнера уточняется адресным ориентиром."
      }
    },
    {
      "type": "Feature",
      "geometry": {
        "type": "Point",
        "coordinates": [
          37.50883545653629,
          55.88049023818391
        ]
      },
      "properties": {
        "number": "224",
        "ao": "САО",
        "institution": "ГБУ \"Автомобильные дороги САО\"",
        "odh_name": "Проезд от ул. Базовская 3с.1 до ул. Базовская 15к.11 (пр. пр. 4370)",
        "odh_id": "753970186",
        "address_hint": "«Базовская 17» Базовская 17",
        "container_count": "1",
        "placement_type": "особо значимые участки",
        "geometry_status": "odh_geometry_proxy",
        "name": "ПГМ: Проезд от ул. Базовская 3с.1 до ул. Базовская 15к.11 (пр. пр. 4370)",
        "warning": "Точка — представитель геометрии ОДХ; точное место контейнера уточняется адресным ориентиром."
      }
    },
    {
      "type": "Feature",
      "geometry": {
        "type": "Point",
        "coordinates": [
          37.50883545653629,
          55.88049023818391
        ]
      },
      "properties": {
        "number": "225",
        "ao": "САО",
        "institution": "ГБУ \"Автомобильные дороги САО\"",
        "odh_name": "Проезд от ул. Базовская 3с.1 до ул. Базовская 15к.11 (пр. пр. 4370)",
        "odh_id": "753970186",
        "address_hint": "«Базовская 17» Базовская 15 к 11",
        "container_count": "1",
        "placement_type": "особо значимые участки",
        "geometry_status": "odh_geometry_proxy",
        "name": "ПГМ: Проезд от ул. Базовская 3с.1 до ул. Базовская 15к.11 (пр. пр. 4370)",
        "warning": "Точка — представитель геометрии ОДХ; точное место контейнера уточняется адресным ориентиром."
      }
    },
    {
      "type": "Feature",
      "geometry": {
        "type": "Point",
        "coordinates": [
          37.50883545653629,
          55.88049023818391
        ]
      },
      "properties": {
        "number": "229",
        "ao": "САО",
        "institution": "ГБУ \"Автомобильные дороги САО\"",
        "odh_name": "Проезд от ул. Базовская 3с.1 до ул. Базовская 15к.11 (пр. пр. 4370)",
        "odh_id": "753970186",
        "address_hint": "«Базовский парк» Базовская 15 к 15",
        "container_count": "1",
        "placement_type": "особо значимые участки",
        "geometry_status": "odh_geometry_proxy",
        "name": "ПГМ: Проезд от ул. Базовская 3с.1 до ул. Базовская 15к.11 (пр. пр. 4370)",
        "warning": "Точка — представитель геометрии ОДХ; точное место контейнера уточняется адресным ориентиром."
      }
    },
    {
      "type": "Feature",
      "geometry": {
        "type": "Point",
        "coordinates": [
          37.523652199345925,
          55.866952297899054
        ]
      },
      "properties": {
        "number": "233",
        "ao": "САО",
        "institution": "ГБУ \"Автомобильные дороги САО\"",
        "odh_name": "улица Ивана Сусанина",
        "odh_id": "754384317",
        "address_hint": "«Областная детская больница» Ивана Сусанина 4 к 1",
        "container_count": "1",
        "placement_type": "особо значимые участки",
        "geometry_status": "odh_geometry_proxy",
        "name": "ПГМ: улица Ивана Сусанина",
        "warning": "Точка — представитель геометрии ОДХ; точное место контейнера уточняется адресным ориентиром."
      }
    },
    {
      "type": "Feature",
      "geometry": {
        "type": "Point",
        "coordinates": [
          37.523652199345925,
          55.866952297899054
        ]
      },
      "properties": {
        "number": "234",
        "ao": "САО",
        "institution": "ГБУ \"Автомобильные дороги САО\"",
        "odh_name": "улица Ивана Сусанина",
        "odh_id": "754384317",
        "address_hint": "«Областная детская больница» Ивана Сусанина 2 стр 4",
        "container_count": "1",
        "placement_type": "особо значимые участки",
        "geometry_status": "odh_geometry_proxy",
        "name": "ПГМ: улица Ивана Сусанина",
        "warning": "Точка — представитель геометрии ОДХ; точное место контейнера уточняется адресным ориентиром."
      }
    },
    {
      "type": "Feature",
      "geometry": {
        "type": "Point",
        "coordinates": [
          37.53091858877019,
          55.856209563872035
        ]
      },
      "properties": {
        "number": "235",
        "ao": "САО",
        "institution": "ГБУ \"Автомобильные дороги САО\"",
        "odh_name": "Автобусный круг «Ховрино»",
        "odh_id": "753913983",
        "address_hint": "ТПУ «Грачевская»",
        "container_count": "1",
        "placement_type": "особо значимые участки",
        "geometry_status": "odh_geometry_proxy",
        "name": "ПГМ: Автобусный круг «Ховрино»",
        "warning": "Точка — представитель геометрии ОДХ; точное место контейнера уточняется адресным ориентиром."
      }
    },
    {
      "type": "Feature",
      "geometry": {
        "type": "Point",
        "coordinates": [
          37.53091858877019,
          55.856209563872035
        ]
      },
      "properties": {
        "number": "236",
        "ao": "САО",
        "institution": "ГБУ \"Автомобильные дороги САО\"",
        "odh_name": "Автобусный круг «Ховрино»",
        "odh_id": "753913983",
        "address_hint": "ТПУ «Грачевская»",
        "container_count": "1",
        "placement_type": "особо значимые участки",
        "geometry_status": "odh_geometry_proxy",
        "name": "ПГМ: Автобусный круг «Ховрино»",
        "warning": "Точка — представитель геометрии ОДХ; точное место контейнера уточняется адресным ориентиром."
      }
    },
    {
      "type": "Feature",
      "geometry": {
        "type": "Point",
        "coordinates": [
          37.49571494063373,
          55.88185683916271
        ]
      },
      "properties": {
        "number": "243",
        "ao": "САО",
        "institution": "ГБУ \"Автомобильные дороги САО\"",
        "odh_name": "улица Бусиновская Горка",
        "odh_id": "754383400",
        "address_hint": "улица Бусиновская Горка, 13",
        "container_count": "1",
        "placement_type": "особо значимые участки",
        "geometry_status": "odh_geometry_proxy",
        "name": "ПГМ: улица Бусиновская Горка",
        "warning": "Точка — представитель геометрии ОДХ; точное место контейнера уточняется адресным ориентиром."
      }
    },
    {
      "type": "Feature",
      "geometry": {
        "type": "Point",
        "coordinates": [
          37.523652199345925,
          55.866952297899054
        ]
      },
      "properties": {
        "number": "244",
        "ao": "САО",
        "institution": "ГБУ \"Автомобильные дороги САО\"",
        "odh_name": "улица Ивана Сусанина",
        "odh_id": "754384317",
        "address_hint": "улица Ивана Сусанина, 10 (напротив)",
        "container_count": "1",
        "placement_type": "особо значимые участки",
        "geometry_status": "odh_geometry_proxy",
        "name": "ПГМ: улица Ивана Сусанина",
        "warning": "Точка — представитель геометрии ОДХ; точное место контейнера уточняется адресным ориентиром."
      }
    },
    {
      "type": "Feature",
      "geometry": {
        "type": "Point",
        "coordinates": [
          37.491745600538756,
          55.87988963857707
        ]
      },
      "properties": {
        "number": "245",
        "ao": "САО",
        "institution": "ГБУ \"Автомобильные дороги САО\"",
        "odh_name": "улица Маршала Федоренко",
        "odh_id": "10002613",
        "address_hint": "улица Маршала Федоренко, 15 с.1",
        "container_count": "1",
        "placement_type": "особо значимые участки",
        "geometry_status": "odh_geometry_proxy",
        "name": "ПГМ: улица Маршала Федоренко",
        "warning": "Точка — представитель геометрии ОДХ; точное место контейнера уточняется адресным ориентиром."
      }
    },
    {
      "type": "Feature",
      "geometry": {
        "type": "Point",
        "coordinates": [
          37.53013993307391,
          55.83605281489527
        ]
      },
      "properties": {
        "number": "247",
        "ao": "САО",
        "institution": "ГБУ \"Жилищник района Коптево\"",
        "odh_name": "бульвар Матроса Железняка",
        "odh_id": "10002342",
        "address_hint": "бульвар Матроса Железняка д.18",
        "container_count": "1",
        "placement_type": "особо значимые участки",
        "geometry_status": "odh_geometry_proxy",
        "name": "ПГМ: бульвар Матроса Железняка",
        "warning": "Точка — представитель геометрии ОДХ; точное место контейнера уточняется адресным ориентиром."
      }
    },
    {
      "type": "Feature",
      "geometry": {
        "type": "Point",
        "coordinates": [
          37.51932600574933,
          55.83157757832336
        ]
      },
      "properties": {
        "number": "248",
        "ao": "САО",
        "institution": "ГБУ \"Автомобильные дороги САО\"",
        "odh_name": "Коптевская улица",
        "odh_id": "10002285",
        "address_hint": "ул. Коптевская 65, 20",
        "container_count": "1",
        "placement_type": "особо значимые участки",
        "geometry_status": "odh_geometry_proxy",
        "name": "ПГМ: Коптевская улица",
        "warning": "Точка — представитель геометрии ОДХ; точное место контейнера уточняется адресным ориентиром."
      }
    },
    {
      "type": "Feature",
      "geometry": {
        "type": "Point",
        "coordinates": [
          37.51932600574933,
          55.83157757832336
        ]
      },
      "properties": {
        "number": "249",
        "ao": "САО",
        "institution": "ГБУ \"Автомобильные дороги САО\"",
        "odh_name": "Коптевская улица",
        "odh_id": "10002285",
        "address_hint": "Коптевская, 24",
        "container_count": "1",
        "placement_type": "особо значимые участки",
        "geometry_status": "odh_geometry_proxy",
        "name": "ПГМ: Коптевская улица",
        "warning": "Точка — представитель геометрии ОДХ; точное место контейнера уточняется адресным ориентиром."
      }
    },
    {
      "type": "Feature",
      "geometry": {
        "type": "Point",
        "coordinates": [
          37.52949864808482,
          55.829967484687025
        ]
      },
      "properties": {
        "number": "250",
        "ao": "САО",
        "institution": "ГБУ \"Автомобильные дороги САО\"",
        "odh_name": "Коптевский бульвар",
        "odh_id": "10002288",
        "address_hint": "Коптевский бульвар, 5, с. 3, 21, 24, стр. 11",
        "container_count": "1",
        "placement_type": "особо значимые участки",
        "geometry_status": "odh_geometry_proxy",
        "name": "ПГМ: Коптевский бульвар",
        "warning": "Точка — представитель геометрии ОДХ; точное место контейнера уточняется адресным ориентиром."
      }
    },
    {
      "type": "Feature",
      "geometry": {
        "type": "Point",
        "coordinates": [
          37.54245580550091,
          55.84464820258
        ]
      },
      "properties": {
        "number": "251",
        "ao": "САО",
        "institution": "ГБУ \"Автомобильные дороги САО\"",
        "odh_name": "Новомихалковский 4-й проезд",
        "odh_id": "10002357",
        "address_hint": "4-й Новомихалковский пр., 3, 6, с. 1, 23/11, 12",
        "container_count": "1",
        "placement_type": "особо значимые участки",
        "geometry_status": "odh_geometry_proxy",
        "name": "ПГМ: Новомихалковский 4-й проезд",
        "warning": "Точка — представитель геометрии ОДХ; точное место контейнера уточняется адресным ориентиром."
      }
    },
    {
      "type": "Feature",
      "geometry": {
        "type": "Point",
        "coordinates": [
          37.54245580550091,
          55.84464820258
        ]
      },
      "properties": {
        "number": "252",
        "ao": "САО",
        "institution": "ГБУ \"Автомобильные дороги САО\"",
        "odh_name": "Новомихалковский 4-й проезд",
        "odh_id": "10002357",
        "address_hint": "Пересечение 4 -й новомихалковского проезда и проезда Черепановых",
        "container_count": "1",
        "placement_type": "особо значимые участки",
        "geometry_status": "odh_geometry_proxy",
        "name": "ПГМ: Новомихалковский 4-й проезд",
        "warning": "Точка — представитель геометрии ОДХ; точное место контейнера уточняется адресным ориентиром."
      }
    },
    {
      "type": "Feature",
      "geometry": {
        "type": "Point",
        "coordinates": [
          37.5299169527946,
          55.81810902935036
        ]
      },
      "properties": {
        "number": "253",
        "ao": "САО",
        "institution": "ГБУ \"Автомобильные дороги САО\"",
        "odh_name": "Приорова ул.",
        "odh_id": "10002550",
        "address_hint": "ул. Приорова, д. 2, 10",
        "container_count": "1",
        "placement_type": "особо значимые участки",
        "geometry_status": "odh_geometry_proxy",
        "name": "ПГМ: Приорова ул.",
        "warning": "Точка — представитель геометрии ОДХ; точное место контейнера уточняется адресным ориентиром."
      }
    },
    {
      "type": "Feature",
      "geometry": {
        "type": "Point",
        "coordinates": [
          37.55346310868685,
          55.84716618804997
        ]
      },
      "properties": {
        "number": "255",
        "ao": "САО",
        "institution": "ГБУ \"Автомобильные дороги САО\"",
        "odh_name": "проезд Черепановых",
        "odh_id": "10002635",
        "address_hint": "проезд Черепановых д.24",
        "container_count": "1",
        "placement_type": "особо значимые участки",
        "geometry_status": "odh_geometry_proxy",
        "name": "ПГМ: проезд Черепановых",
        "warning": "Точка — представитель геометрии ОДХ; точное место контейнера уточняется адресным ориентиром."
      }
    },
    {
      "type": "Feature",
      "geometry": {
        "type": "Point",
        "coordinates": [
          37.51762697035298,
          55.82721951965766
        ]
      },
      "properties": {
        "number": "256",
        "ao": "САО",
        "institution": "ГБУ \"Автомобильные дороги САО\"",
        "odh_name": "Соболевский проезд",
        "odh_id": "10002588",
        "address_hint": "Коптевская, 18, влд. 24, 3-й Михалковский пер. 22, 15,ул. Михалковская, д. 13, корп. 1",
        "container_count": "1",
        "placement_type": "особо значимые участки",
        "geometry_status": "odh_geometry_proxy",
        "name": "ПГМ: Соболевский проезд",
        "warning": "Точка — представитель геометрии ОДХ; точное место контейнера уточняется адресным ориентиром."
      }
    },
    {
      "type": "Feature",
      "geometry": {
        "type": "Point",
        "coordinates": [
          37.51762697035298,
          55.82721951965766
        ]
      },
      "properties": {
        "number": "257",
        "ao": "САО",
        "institution": "ГБУ \"Автомобильные дороги САО\"",
        "odh_name": "Соболевский проезд",
        "odh_id": "10002588",
        "address_hint": "Соболевский пр-д, д.20",
        "container_count": "1",
        "placement_type": "особо значимые участки",
        "geometry_status": "odh_geometry_proxy",
        "name": "ПГМ: Соболевский проезд",
        "warning": "Точка — представитель геометрии ОДХ; точное место контейнера уточняется адресным ориентиром."
      }
    },
    {
      "type": "Feature",
      "geometry": {
        "type": "Point",
        "coordinates": [
          37.532538145249475,
          55.820750002725866
        ]
      },
      "properties": {
        "number": "260",
        "ao": "САО",
        "institution": "ГБУ \"Автомобильные дороги САО\"",
        "odh_name": "улица Новая Ипатовка",
        "odh_id": "10002369",
        "address_hint": "улица Новая Ипатовка д.5с2",
        "container_count": "1",
        "placement_type": "особо значимые участки",
        "geometry_status": "odh_geometry_proxy",
        "name": "ПГМ: улица Новая Ипатовка",
        "warning": "Точка — представитель геометрии ОДХ; точное место контейнера уточняется адресным ориентиром."
      }
    },
    {
      "type": "Feature",
      "geometry": {
        "type": "Point",
        "coordinates": [
          37.47536437506661,
          55.853961585130236
        ]
      },
      "properties": {
        "number": "261",
        "ao": "САО",
        "institution": "ГБУ \"Автомобильные дороги САО\"",
        "odh_name": "ТПУ Речной вокзал Жилищник Левобережный",
        "odh_id": "757159046",
        "address_hint": "Фестивальная улица, 11",
        "container_count": "1",
        "placement_type": "особо значимые участки",
        "geometry_status": "odh_geometry_proxy",
        "name": "ПГМ: ТПУ Речной вокзал Жилищник Левобережный",
        "warning": "Точка — представитель геометрии ОДХ; точное место контейнера уточняется адресным ориентиром."
      }
    },
    {
      "type": "Feature",
      "geometry": {
        "type": "Point",
        "coordinates": [
          37.47536437506661,
          55.853961585130236
        ]
      },
      "properties": {
        "number": "262",
        "ao": "САО",
        "institution": "ГБУ \"Автомобильные дороги САО\"",
        "odh_name": "ТПУ Речной вокзал Жилищник Левобережный",
        "odh_id": "757159046",
        "address_hint": "Посадочная площадка 1",
        "container_count": "1",
        "placement_type": "особо значимые участки",
        "geometry_status": "odh_geometry_proxy",
        "name": "ПГМ: ТПУ Речной вокзал Жилищник Левобережный",
        "warning": "Точка — представитель геометрии ОДХ; точное место контейнера уточняется адресным ориентиром."
      }
    },
    {
      "type": "Feature",
      "geometry": {
        "type": "Point",
        "coordinates": [
          37.47536437506661,
          55.853961585130236
        ]
      },
      "properties": {
        "number": "263",
        "ao": "САО",
        "institution": "ГБУ \"Автомобильные дороги САО\"",
        "odh_name": "ТПУ Речной вокзал Жилищник Левобережный",
        "odh_id": "757159046",
        "address_hint": "Посадочная площадка 2",
        "container_count": "1",
        "placement_type": "особо значимые участки",
        "geometry_status": "odh_geometry_proxy",
        "name": "ПГМ: ТПУ Речной вокзал Жилищник Левобережный",
        "warning": "Точка — представитель геометрии ОДХ; точное место контейнера уточняется адресным ориентиром."
      }
    },
    {
      "type": "Feature",
      "geometry": {
        "type": "Point",
        "coordinates": [
          37.4677946872999,
          55.87854484830991
        ]
      },
      "properties": {
        "number": "264",
        "ao": "САО",
        "institution": "ГБУ \"Автомобильные дороги САО\"",
        "odh_name": "Проезд от Левобережной улицы до МКАД",
        "odh_id": "10002457",
        "address_hint": "Левобережная ул. 12",
        "container_count": "1",
        "placement_type": "особо значимые участки",
        "geometry_status": "odh_geometry_proxy",
        "name": "ПГМ: Проезд от Левобережной улицы до МКАД",
        "warning": "Точка — представитель геометрии ОДХ; точное место контейнера уточняется адресным ориентиром."
      }
    },
    {
      "type": "Feature",
      "geometry": {
        "type": "Point",
        "coordinates": [
          37.47536437506661,
          55.853961585130236
        ]
      },
      "properties": {
        "number": "266",
        "ao": "САО",
        "institution": "ГБУ \"Автомобильные дороги САО\"",
        "odh_name": "ТПУ Речной вокзал Жилищник Левобережный",
        "odh_id": "757159046",
        "address_hint": "Посадочная площадка 3",
        "container_count": "1",
        "placement_type": "особо значимые участки",
        "geometry_status": "odh_geometry_proxy",
        "name": "ПГМ: ТПУ Речной вокзал Жилищник Левобережный",
        "warning": "Точка — представитель геометрии ОДХ; точное место контейнера уточняется адресным ориентиром."
      }
    },
    {
      "type": "Feature",
      "geometry": {
        "type": "Point",
        "coordinates": [
          37.482545427736945,
          55.85604570166726
        ]
      },
      "properties": {
        "number": "267",
        "ao": "САО",
        "institution": "ГБУ \"Автомобильные дороги САО\"",
        "odh_name": "Территория проезда вокруг Академии хорового искусства имени В.С. Попова",
        "odh_id": "757152892",
        "address_hint": "Фестивальная ул. 2",
        "container_count": "1",
        "placement_type": "особо значимые участки",
        "geometry_status": "odh_geometry_proxy",
        "name": "ПГМ: Территория проезда вокруг Академии хорового искусства имени В.С. Попова",
        "warning": "Точка — представитель геометрии ОДХ; точное место контейнера уточняется адресным ориентиром."
      }
    },
    {
      "type": "Feature",
      "geometry": {
        "type": "Point",
        "coordinates": [
          37.48170403217909,
          55.87963219829548
        ]
      },
      "properties": {
        "number": "269",
        "ao": "САО",
        "institution": "ГБУ \"Автомобильные дороги САО\"",
        "odh_name": "Проезд от Левобережной улицы до улицы Дыбенко",
        "odh_id": "10002507",
        "address_hint": "Левобережная ул. 8 с1",
        "container_count": "1",
        "placement_type": "особо значимые участки",
        "geometry_status": "odh_geometry_proxy",
        "name": "ПГМ: Проезд от Левобережной улицы до улицы Дыбенко",
        "warning": "Точка — представитель геометрии ОДХ; точное место контейнера уточняется адресным ориентиром."
      }
    },
    {
      "type": "Feature",
      "geometry": {
        "type": "Point",
        "coordinates": [
          37.58090872469302,
          55.79402370305649
        ]
      },
      "properties": {
        "number": "271",
        "ao": "САО",
        "institution": "ГБУ \"Автомобильные дороги САО\"",
        "odh_name": "1-я Квесисская улица",
        "odh_id": "10002274",
        "address_hint": "1-я Квесисская, д.8",
        "container_count": "1",
        "placement_type": "особо значимые участки",
        "geometry_status": "odh_geometry_proxy",
        "name": "ПГМ: 1-я Квесисская улица",
        "warning": "Точка — представитель геометрии ОДХ; точное место контейнера уточняется адресным ориентиром."
      }
    },
    {
      "type": "Feature",
      "geometry": {
        "type": "Point",
        "coordinates": [
          37.573498807416264,
          55.804282712915864
        ]
      },
      "properties": {
        "number": "272",
        "ao": "САО",
        "institution": "ГБУ \"Автомобильные дороги САО\"",
        "odh_name": "1-я Хуторская улица",
        "odh_id": "10002623",
        "address_hint": "1-я Хуторская ул.",
        "container_count": "1",
        "placement_type": "особо значимые участки",
        "geometry_status": "odh_geometry_proxy",
        "name": "ПГМ: 1-я Хуторская улица",
        "warning": "Точка — представитель геометрии ОДХ; точное место контейнера уточняется адресным ориентиром."
      }
    },
    {
      "type": "Feature",
      "geometry": {
        "type": "Point",
        "coordinates": [
          37.57669403977991,
          55.79494902509649
        ]
      },
      "properties": {
        "number": "274",
        "ao": "САО",
        "institution": "ГБУ \"Автомобильные дороги САО\"",
        "odh_name": "2-я Квесисская улица",
        "odh_id": "10002275",
        "address_hint": "Бутырский рынок",
        "container_count": "1",
        "placement_type": "особо значимые участки",
        "geometry_status": "odh_geometry_proxy",
        "name": "ПГМ: 2-я Квесисская улица",
        "warning": "Точка — представитель геометрии ОДХ; точное место контейнера уточняется адресным ориентиром."
      }
    },
    {
      "type": "Feature",
      "geometry": {
        "type": "Point",
        "coordinates": [
          37.572510949648105,
          55.80575697396761
        ]
      },
      "properties": {
        "number": "275",
        "ao": "САО",
        "institution": "ГБУ \"Автомобильные дороги САО\"",
        "odh_name": "2-я Хуторская улица",
        "odh_id": "10002624",
        "address_hint": "Всероссийское Общество Слепых (нечетная сторона)",
        "container_count": "1",
        "placement_type": "особо значимые участки",
        "geometry_status": "odh_geometry_proxy",
        "name": "ПГМ: 2-я Хуторская улица",
        "warning": "Точка — представитель геометрии ОДХ; точное место контейнера уточняется адресным ориентиром."
      }
    },
    {
      "type": "Feature",
      "geometry": {
        "type": "Point",
        "coordinates": [
          37.572510949648105,
          55.80575697396761
        ]
      },
      "properties": {
        "number": "276",
        "ao": "САО",
        "institution": "ГБУ \"Автомобильные дороги САО\"",
        "odh_name": "2-я Хуторская улица",
        "odh_id": "10002624",
        "address_hint": "Всероссийское Общество Слепых (четная сторона)",
        "container_count": "1",
        "placement_type": "особо значимые участки",
        "geometry_status": "odh_geometry_proxy",
        "name": "ПГМ: 2-я Хуторская улица",
        "warning": "Точка — представитель геометрии ОДХ; точное место контейнера уточняется адресным ориентиром."
      }
    },
    {
      "type": "Feature",
      "geometry": {
        "type": "Point",
        "coordinates": [
          37.56991811982841,
          55.80046738698616
        ]
      },
      "properties": {
        "number": "277",
        "ao": "САО",
        "institution": "ГБУ \"Автомобильные дороги САО\"",
        "odh_name": "4-й Вятский переулок",
        "odh_id": "10002233",
        "address_hint": "4-й Вятский, д.39",
        "container_count": "1",
        "placement_type": "особо значимые участки",
        "geometry_status": "odh_geometry_proxy",
        "name": "ПГМ: 4-й Вятский переулок",
        "warning": "Точка — представитель геометрии ОДХ; точное место контейнера уточняется адресным ориентиром."
      }
    },
    {
      "type": "Feature",
      "geometry": {
        "type": "Point",
        "coordinates": [
          37.56991811982841,
          55.80046738698616
        ]
      },
      "properties": {
        "number": "278",
        "ao": "САО",
        "institution": "ГБУ \"Автомобильные дороги САО\"",
        "odh_name": "4-й Вятский переулок",
        "odh_id": "10002233",
        "address_hint": "8-я гор. б-ца",
        "container_count": "1",
        "placement_type": "особо значимые участки",
        "geometry_status": "odh_geometry_proxy",
        "name": "ПГМ: 4-й Вятский переулок",
        "warning": "Точка — представитель геометрии ОДХ; точное место контейнера уточняется адресным ориентиром."
      }
    },
    {
      "type": "Feature",
      "geometry": {
        "type": "Point",
        "coordinates": [
          37.58123026777824,
          55.80366493047438
        ]
      },
      "properties": {
        "number": "279",
        "ao": "САО",
        "institution": "ГБУ \"Автомобильные дороги САО\"",
        "odh_name": "Вятская улица",
        "odh_id": "10002232",
        "address_hint": "Д/к им. Горького",
        "container_count": "1",
        "placement_type": "особо значимые участки",
        "geometry_status": "odh_geometry_proxy",
        "name": "ПГМ: Вятская улица",
        "warning": "Точка — представитель геометрии ОДХ; точное место контейнера уточняется адресным ориентиром."
      }
    },
    {
      "type": "Feature",
      "geometry": {
        "type": "Point",
        "coordinates": [
          37.58123026777824,
          55.80366493047438
        ]
      },
      "properties": {
        "number": "280",
        "ao": "САО",
        "institution": "ГБУ \"Автомобильные дороги САО\"",
        "odh_name": "Вятская улица",
        "odh_id": "10002232",
        "address_hint": "Метро Дмитровская",
        "container_count": "1",
        "placement_type": "особо значимые участки",
        "geometry_status": "odh_geometry_proxy",
        "name": "ПГМ: Вятская улица",
        "warning": "Точка — представитель геометрии ОДХ; точное место контейнера уточняется адресным ориентиром."
      }
    },
    {
      "type": "Feature",
      "geometry": {
        "type": "Point",
        "coordinates": [
          37.58123026777824,
          55.80366493047438
        ]
      },
      "properties": {
        "number": "281",
        "ao": "САО",
        "institution": "ГБУ \"Автомобильные дороги САО\"",
        "odh_name": "Вятская улица",
        "odh_id": "10002232",
        "address_hint": "ул. Бутырская, д.17А",
        "container_count": "1",
        "placement_type": "особо значимые участки",
        "geometry_status": "odh_geometry_proxy",
        "name": "ПГМ: Вятская улица",
        "warning": "Точка — представитель геометрии ОДХ; точное место контейнера уточняется адресным ориентиром."
      }
    },
    {
      "type": "Feature",
      "geometry": {
        "type": "Point",
        "coordinates": [
          37.58123026777824,
          55.80366493047438
        ]
      },
      "properties": {
        "number": "282",
        "ao": "САО",
        "institution": "ГБУ \"Автомобильные дороги САО\"",
        "odh_name": "Вятская улица",
        "odh_id": "10002232",
        "address_hint": "ул. Вятская, д.29",
        "container_count": "1",
        "placement_type": "особо значимые участки",
        "geometry_status": "odh_geometry_proxy",
        "name": "ПГМ: Вятская улица",
        "warning": "Точка — представитель геометрии ОДХ; точное место контейнера уточняется адресным ориентиром."
      }
    },
    {
      "type": "Feature",
      "geometry": {
        "type": "Point",
        "coordinates": [
          37.560746685791685,
          55.7959035713509
        ]
      },
      "properties": {
        "number": "283",
        "ao": "САО",
        "institution": "ГБУ \"Автомобильные дороги САО\"",
        "odh_name": "Мирской переулок",
        "odh_id": "10002346",
        "address_hint": "Ул. Юннатов",
        "container_count": "1",
        "placement_type": "особо значимые участки",
        "geometry_status": "odh_geometry_proxy",
        "name": "ПГМ: Мирской переулок",
        "warning": "Точка — представитель геометрии ОДХ; точное место контейнера уточняется адресным ориентиром."
      }
    },
    {
      "type": "Feature",
      "geometry": {
        "type": "Point",
        "coordinates": [
          37.57247098893276,
          55.79777805374983
        ]
      },
      "properties": {
        "number": "285",
        "ao": "САО",
        "institution": "ГБУ \"Автомобильные дороги САО\"",
        "odh_name": "Писцовая улица",
        "odh_id": "10002404",
        "address_hint": "Башиловская ул. - Гор. б-ца № 24",
        "container_count": "1",
        "placement_type": "особо значимые участки",
        "geometry_status": "odh_geometry_proxy",
        "name": "ПГМ: Писцовая улица",
        "warning": "Точка — представитель геометрии ОДХ; точное место контейнера уточняется адресным ориентиром."
      }
    },
    {
      "type": "Feature",
      "geometry": {
        "type": "Point",
        "coordinates": [
          37.57247098893276,
          55.79777805374983
        ]
      },
      "properties": {
        "number": "286",
        "ao": "САО",
        "institution": "ГБУ \"Автомобильные дороги САО\"",
        "odh_name": "Писцовая улица",
        "odh_id": "10002404",
        "address_hint": "ул. Писцовая, д.10",
        "container_count": "1",
        "placement_type": "особо значимые участки",
        "geometry_status": "odh_geometry_proxy",
        "name": "ПГМ: Писцовая улица",
        "warning": "Точка — представитель геометрии ОДХ; точное место контейнера уточняется адресным ориентиром."
      }
    },
    {
      "type": "Feature",
      "geometry": {
        "type": "Point",
        "coordinates": [
          37.57247098893276,
          55.79777805374983
        ]
      },
      "properties": {
        "number": "287",
        "ao": "САО",
        "institution": "ГБУ \"Автомобильные дороги САО\"",
        "odh_name": "Писцовая улица",
        "odh_id": "10002404",
        "address_hint": "ул.Писцовая, д.14А",
        "container_count": "1",
        "placement_type": "особо значимые участки",
        "geometry_status": "odh_geometry_proxy",
        "name": "ПГМ: Писцовая улица",
        "warning": "Точка — представитель геометрии ОДХ; точное место контейнера уточняется адресным ориентиром."
      }
    },
    {
      "type": "Feature",
      "geometry": {
        "type": "Point",
        "coordinates": [
          37.57247098893276,
          55.79777805374983
        ]
      },
      "properties": {
        "number": "288",
        "ao": "САО",
        "institution": "ГБУ \"Автомобильные дороги САО\"",
        "odh_name": "Писцовая улица",
        "odh_id": "10002404",
        "address_hint": "ул.Писцовая, д.7А",
        "container_count": "1",
        "placement_type": "особо значимые участки",
        "geometry_status": "odh_geometry_proxy",
        "name": "ПГМ: Писцовая улица",
        "warning": "Точка — представитель геометрии ОДХ; точное место контейнера уточняется адресным ориентиром."
      }
    },
    {
      "type": "Feature",
      "geometry": {
        "type": "Point",
        "coordinates": [
          37.57428776190428,
          55.79221827269707
        ]
      },
      "properties": {
        "number": "290",
        "ao": "САО",
        "institution": "ГБУ \"Автомобильные дороги САО\"",
        "odh_name": "Полтавская улица",
        "odh_id": "10002439",
        "address_hint": "ул.Н.Масловка, д.16",
        "container_count": "1",
        "placement_type": "особо значимые участки",
        "geometry_status": "odh_geometry_proxy",
        "name": "ПГМ: Полтавская улица",
        "warning": "Точка — представитель геометрии ОДХ; точное место контейнера уточняется адресным ориентиром."
      }
    },
    {
      "type": "Feature",
      "geometry": {
        "type": "Point",
        "coordinates": [
          37.55643066484092,
          55.79911165838725
        ]
      },
      "properties": {
        "number": "291",
        "ao": "САО",
        "institution": "ГБУ \"Автомобильные дороги САО\"",
        "odh_name": "Старый Петровско-Разумовский проезд",
        "odh_id": "10002386",
        "address_hint": "ООТ \"Поликлиника\"",
        "container_count": "1",
        "placement_type": "особо значимые участки",
        "geometry_status": "odh_geometry_proxy",
        "name": "ПГМ: Старый Петровско-Разумовский проезд",
        "warning": "Точка — представитель геометрии ОДХ; точное место контейнера уточняется адресным ориентиром."
      }
    },
    {
      "type": "Feature",
      "geometry": {
        "type": "Point",
        "coordinates": [
          37.5744338427417,
          55.77692501686535
        ]
      },
      "properties": {
        "number": "293",
        "ao": "САО",
        "institution": "ГБУ \"Автомобильные дороги САО\"",
        "odh_name": "",
        "odh_id": "314949734",
        "address_hint": "ТПУ Дмитровская",
        "container_count": "1",
        "placement_type": "особо значимые участки",
        "geometry_status": "odh_geometry_proxy",
        "name": "ПГМ: ",
        "warning": "Точка — представитель геометрии ОДХ; точное место контейнера уточняется адресным ориентиром."
      }
    },
    {
      "type": "Feature",
      "geometry": {
        "type": "Point",
        "coordinates": [
          37.557454582090244,
          55.77446428855267
        ]
      },
      "properties": {
        "number": "294",
        "ao": "САО",
        "institution": "ГБУ \"Автомобильные дороги САО\"",
        "odh_name": "2-я Песчаная ул.",
        "odh_id": "10002482",
        "address_hint": "2-я Песчаная ул.",
        "container_count": "1",
        "placement_type": "особо значимые участки",
        "geometry_status": "odh_geometry_proxy",
        "name": "ПГМ: 2-я Песчаная ул.",
        "warning": "Точка — представитель геометрии ОДХ; точное место контейнера уточняется адресным ориентиром."
      }
    },
    {
      "type": "Feature",
      "geometry": {
        "type": "Point",
        "coordinates": [
          37.568101307783444,
          55.80761155029517
        ]
      },
      "properties": {
        "number": "310",
        "ao": "САО",
        "institution": "ГБУ \"Автомобильные дороги САО\"",
        "odh_name": "Дмитровский проезд",
        "odh_id": "10002243",
        "address_hint": "Дмитровский пр.",
        "container_count": "1",
        "placement_type": "особо значимые участки",
        "geometry_status": "odh_geometry_proxy",
        "name": "ПГМ: Дмитровский проезд",
        "warning": "Точка — представитель геометрии ОДХ; точное место контейнера уточняется адресным ориентиром."
      }
    },
    {
      "type": "Feature",
      "geometry": {
        "type": "Point",
        "coordinates": [
          37.551540751973434,
          55.83326727195089
        ]
      },
      "properties": {
        "number": "312",
        "ao": "САО",
        "institution": "ГБУ \"Автомобильные дороги САО\"",
        "odh_name": "Лиственничная аллея",
        "odh_id": "10002309",
        "address_hint": "Лиственничная аллея, 3",
        "container_count": "1",
        "placement_type": "особо значимые участки",
        "geometry_status": "odh_geometry_proxy",
        "name": "ПГМ: Лиственничная аллея",
        "warning": "Точка — представитель геометрии ОДХ; точное место контейнера уточняется адресным ориентиром."
      }
    },
    {
      "type": "Feature",
      "geometry": {
        "type": "Point",
        "coordinates": [
          37.548061362765736,
          55.828084900301285
        ]
      },
      "properties": {
        "number": "313",
        "ao": "САО",
        "institution": "ГБУ \"Автомобильные дороги САО\"",
        "odh_name": "Пасечная улица",
        "odh_id": "10002393",
        "address_hint": "Пасечная ул.",
        "container_count": "1",
        "placement_type": "особо значимые участки",
        "geometry_status": "odh_geometry_proxy",
        "name": "ПГМ: Пасечная улица",
        "warning": "Точка — представитель геометрии ОДХ; точное место контейнера уточняется адресным ориентиром."
      }
    },
    {
      "type": "Feature",
      "geometry": {
        "type": "Point",
        "coordinates": [
          37.56286099714065,
          55.808126286431325
        ]
      },
      "properties": {
        "number": "314",
        "ao": "САО",
        "institution": "ГБУ \"Автомобильные дороги САО\"",
        "odh_name": "проезд Соломенной Сторожки",
        "odh_id": "10002591",
        "address_hint": "Пр. Соломенной Сторожки",
        "container_count": "1",
        "placement_type": "особо значимые участки",
        "geometry_status": "odh_geometry_proxy",
        "name": "ПГМ: проезд Соломенной Сторожки",
        "warning": "Точка — представитель геометрии ОДХ; точное место контейнера уточняется адресным ориентиром."
      }
    },
    {
      "type": "Feature",
      "geometry": {
        "type": "Point",
        "coordinates": [
          37.576088201322904,
          55.80789412053584
        ]
      },
      "properties": {
        "number": "318",
        "ao": "САО",
        "institution": "ГБУ \"Автомобильные дороги САО\"",
        "odh_name": "ТПУ Дмитровская",
        "odh_id": "789338230",
        "address_hint": "ТПУ Дмитровская",
        "container_count": "1",
        "placement_type": "особо значимые участки",
        "geometry_status": "odh_geometry_proxy",
        "name": "ПГМ: ТПУ Дмитровская",
        "warning": "Точка — представитель геометрии ОДХ; точное место контейнера уточняется адресным ориентиром."
      }
    },
    {
      "type": "Feature",
      "geometry": {
        "type": "Point",
        "coordinates": [
          37.55796543229952,
          55.80664274920623
        ]
      },
      "properties": {
        "number": "324",
        "ao": "САО",
        "institution": "ГБУ \"Автомобильные дороги САО\"",
        "odh_name": "Чуксин тупик",
        "odh_id": "10002637",
        "address_hint": "ТПУ Гражданская",
        "container_count": "1",
        "placement_type": "особо значимые участки",
        "geometry_status": "odh_geometry_proxy",
        "name": "ПГМ: Чуксин тупик",
        "warning": "Точка — представитель геометрии ОДХ; точное место контейнера уточняется адресным ориентиром."
      }
    },
    {
      "type": "Feature",
      "geometry": {
        "type": "Point",
        "coordinates": [
          37.52768615613383,
          55.766764495182336
        ]
      },
      "properties": {
        "number": "344",
        "ao": "САО",
        "institution": "ГБУ \"Автомобильные дороги САО\"",
        "odh_name": "1-й Магистральный тупик",
        "odh_id": "10002332",
        "address_hint": "1-й Магистральный тупик д.5",
        "container_count": "1",
        "placement_type": "особо значимые участки",
        "geometry_status": "odh_geometry_proxy",
        "name": "ПГМ: 1-й Магистральный тупик",
        "warning": "Точка — представитель геометрии ОДХ; точное место контейнера уточняется адресным ориентиром."
      }
    },
    {
      "type": "Feature",
      "geometry": {
        "type": "Point",
        "coordinates": [
          37.51119426648865,
          55.79668307671488
        ]
      },
      "properties": {
        "number": "345",
        "ao": "САО",
        "institution": "ГБУ \"Автомобильные дороги САО\"",
        "odh_name": "2й Магистральный туп.",
        "odh_id": "10002401",
        "address_hint": "2й Магистральный туп. Д.5 А с.4",
        "container_count": "1",
        "placement_type": "особо значимые участки",
        "geometry_status": "odh_geometry_proxy",
        "name": "ПГМ: 2й Магистральный туп.",
        "warning": "Точка — представитель геометрии ОДХ; точное место контейнера уточняется адресным ориентиром."
      }
    },
    {
      "type": "Feature",
      "geometry": {
        "type": "Point",
        "coordinates": [
          37.56286099714065,
          55.808126286431325
        ]
      },
      "properties": {
        "number": "346",
        "ao": "САО",
        "institution": "ГБУ \"Автомобильные дороги САО\"",
        "odh_name": "2-й Хорошевский пр.",
        "odh_id": "10002591",
        "address_hint": "2-й Хорошевский пр. д. 3 А",
        "container_count": "1",
        "placement_type": "особо значимые участки",
        "geometry_status": "odh_geometry_proxy",
        "name": "ПГМ: 2-й Хорошевский пр.",
        "warning": "Точка — представитель геометрии ОДХ; точное место контейнера уточняется адресным ориентиром."
      }
    },
    {
      "type": "Feature",
      "geometry": {
        "type": "Point",
        "coordinates": [
          37.5420470315001,
          55.78708107885279
        ]
      },
      "properties": {
        "number": "348",
        "ao": "САО",
        "institution": "ГБУ \"Автомобильные дороги САО\"",
        "odh_name": "местный проезд к Ледовому дворцу",
        "odh_id": "10002649",
        "address_hint": "Ходынский бульвар д.3",
        "container_count": "1",
        "placement_type": "особо значимые участки",
        "geometry_status": "odh_geometry_proxy",
        "name": "ПГМ: местный проезд к Ледовому дворцу",
        "warning": "Точка — представитель геометрии ОДХ; точное место контейнера уточняется адресным ориентиром."
      }
    },
    {
      "type": "Feature",
      "geometry": {
        "type": "Point",
        "coordinates": [
          37.53033372043439,
          55.780004334645774
        ]
      },
      "properties": {
        "number": "351",
        "ao": "САО",
        "institution": "ГБУ \"Автомобильные дороги САО\"",
        "odh_name": "улица Полины Осипенко (пр.пр № 5489)",
        "odh_id": "10002656",
        "address_hint": "улица Полины Осипенко (пр.пр № 5489) д.58",
        "container_count": "1",
        "placement_type": "особо значимые участки",
        "geometry_status": "odh_geometry_proxy",
        "name": "ПГМ: улица Полины Осипенко (пр.пр № 5489)",
        "warning": "Точка — представитель геометрии ОДХ; точное место контейнера уточняется адресным ориентиром."
      }
    },
    {
      "type": "Feature",
      "geometry": {
        "type": "Point",
        "coordinates": [
          37.52622712058705,
          55.8108166294865
        ]
      },
      "properties": {
        "number": "365",
        "ao": "САО",
        "institution": "ГБУ \"Автомобильные дороги САО\"",
        "odh_name": "Бескудниковский бульвар д.20 к.5",
        "odh_id": "10002175",
        "address_hint": "Бескудниковский бульвар д.20 к.5",
        "container_count": "1",
        "placement_type": "у социально значимых объектах",
        "geometry_status": "odh_geometry_proxy",
        "name": "ПГМ: Бескудниковский бульвар д.20 к.5",
        "warning": "Точка — представитель геометрии ОДХ; точное место контейнера уточняется адресным ориентиром."
      }
    },
    {
      "type": "Feature",
      "geometry": {
        "type": "Point",
        "coordinates": [
          37.550594109845186,
          55.83545880463485
        ]
      },
      "properties": {
        "number": "367",
        "ao": "САО",
        "institution": "ГБУ \"Автомобильные дороги САО\"",
        "odh_name": "1-й Балтийский пер., д. 3/25",
        "odh_id": "10002606",
        "address_hint": "1-й Балтийский пер., д. 3/25",
        "container_count": "1",
        "placement_type": "у социально значимых объектах",
        "geometry_status": "odh_geometry_proxy",
        "name": "ПГМ: 1-й Балтийский пер., д. 3/25",
        "warning": "Точка — представитель геометрии ОДХ; точное место контейнера уточняется адресным ориентиром."
      }
    },
    {
      "type": "Feature",
      "geometry": {
        "type": "Point",
        "coordinates": [
          37.46343196554658,
          55.87047391164461
        ]
      },
      "properties": {
        "number": "372",
        "ao": "САО",
        "institution": "ГБУ \"Жилищник района Беговой\"",
        "odh_name": "1-й Боткинский проезд, 9",
        "odh_id": "10006106",
        "address_hint": "1-й Боткинский проезд, 9",
        "container_count": "1",
        "placement_type": "у социально значимых объектах",
        "geometry_status": "odh_geometry_proxy",
        "name": "ПГМ: 1-й Боткинский проезд, 9",
        "warning": "Точка — представитель геометрии ОДХ; точное место контейнера уточняется адресным ориентиром."
      }
    },
    {
      "type": "Feature",
      "geometry": {
        "type": "Point",
        "coordinates": [
          37.52622712058705,
          55.8108166294865
        ]
      },
      "properties": {
        "number": "374",
        "ao": "САО",
        "institution": "ГБУ \"Автомобильные дороги САО\"",
        "odh_name": "Беговой проезд, 11",
        "odh_id": "10002175",
        "address_hint": "Беговой проезд, 11",
        "container_count": "1",
        "placement_type": "у социально значимых объектах",
        "geometry_status": "odh_geometry_proxy",
        "name": "ПГМ: Беговой проезд, 11",
        "warning": "Точка — представитель геометрии ОДХ; точное место контейнера уточняется адресным ориентиром."
      }
    },
    {
      "type": "Feature",
      "geometry": {
        "type": "Point",
        "coordinates": [
          37.52622712058705,
          55.8108166294865
        ]
      },
      "properties": {
        "number": "381",
        "ao": "САО",
        "institution": "ГБУ \"Автомобильные дороги САО\"",
        "odh_name": "Бескудниковский пр-д.,4Б",
        "odh_id": "10002175",
        "address_hint": "Бескудниковский пр-д.,4Б",
        "container_count": "1",
        "placement_type": "у социально значимых объектах",
        "geometry_status": "odh_geometry_proxy",
        "name": "ПГМ: Бескудниковский пр-д.,4Б",
        "warning": "Точка — представитель геометрии ОДХ; точное место контейнера уточняется адресным ориентиром."
      }
    },
    {
      "type": "Feature",
      "geometry": {
        "type": "Point",
        "coordinates": [
          37.53091858877019,
          55.856209563872035
        ]
      },
      "properties": {
        "number": "384",
        "ao": "САО",
        "institution": "ГБУ \"Жилищник района Войковский\"",
        "odh_name": "5-й Войковский проезд, 12",
        "odh_id": "753913983",
        "address_hint": "5-й Войковский проезд, 12",
        "container_count": "1",
        "placement_type": "у социально значимых объектах",
        "geometry_status": "odh_geometry_proxy",
        "name": "ПГМ: 5-й Войковский проезд, 12",
        "warning": "Точка — представитель геометрии ОДХ; точное место контейнера уточняется адресным ориентиром."
      }
    },
    {
      "type": "Feature",
      "geometry": {
        "type": "Point",
        "coordinates": [
          37.57926480361449,
          55.80937717475702
        ]
      },
      "properties": {
        "number": "390",
        "ao": "САО",
        "institution": "ГБУ \"Автомобильные дороги САО\"",
        "odh_name": "2-й Лихачевский д8",
        "odh_id": "10002650",
        "address_hint": "2-й Лихачевский д8",
        "container_count": "1",
        "placement_type": "у социально значимых объектах",
        "geometry_status": "odh_geometry_proxy",
        "name": "ПГМ: 2-й Лихачевский д8",
        "warning": "Точка — представитель геометрии ОДХ; точное место контейнера уточняется адресным ориентиром."
      }
    },
    {
      "type": "Feature",
      "geometry": {
        "type": "Point",
        "coordinates": [
          37.536644040699194,
          55.89173823954447
        ]
      },
      "properties": {
        "number": "394",
        "ao": "САО",
        "institution": "ГБУ \"Автомобильные дороги САО\"",
        "odh_name": "Проезд от ул. Софьи Ковалевской к дет саду № 1268",
        "odh_id": "10005160",
        "address_hint": "Проезд от ул. Софьи Ковалевской к дет саду № 1268",
        "container_count": "1",
        "placement_type": "у социально значимых объектах",
        "geometry_status": "odh_geometry_proxy",
        "name": "ПГМ: Проезд от ул. Софьи Ковалевской к дет саду № 1268",
        "warning": "Точка — представитель геометрии ОДХ; точное место контейнера уточняется адресным ориентиром."
      }
    },
    {
      "type": "Feature",
      "geometry": {
        "type": "Point",
        "coordinates": [
          37.53821277683424,
          55.887785918035
        ]
      },
      "properties": {
        "number": "395",
        "ao": "САО",
        "institution": "ГБУ \"Автомобильные дороги САО\"",
        "odh_name": "Проезд от ул. С. Ковалевской до ул. Лобненская, 9Ас1 (к зданию мировых судей)",
        "odh_id": "708071607",
        "address_hint": "Проезд от ул. С. Ковалевской до ул. Лобненская, 9Ас1 (к зданию мировых судей)",
        "container_count": "1",
        "placement_type": "у социально значимых объектах",
        "geometry_status": "odh_geometry_proxy",
        "name": "ПГМ: Проезд от ул. С. Ковалевской до ул. Лобненская, 9Ас1 (к зданию мировых судей)",
        "warning": "Точка — представитель геометрии ОДХ; точное место контейнера уточняется адресным ориентиром."
      }
    },
    {
      "type": "Feature",
      "geometry": {
        "type": "Point",
        "coordinates": [
          37.53109227528884,
          55.88538480931761
        ]
      },
      "properties": {
        "number": "396",
        "ao": "САО",
        "institution": "ГБУ \"Автомобильные дороги САО\"",
        "odh_name": "Проезд от Ангарской улицы до улицы С.Ковалевской",
        "odh_id": "10002453",
        "address_hint": "Проезд от Ангарской улицы до улицы С.Ковалевской",
        "container_count": "1",
        "placement_type": "у социально значимых объектах",
        "geometry_status": "odh_geometry_proxy",
        "name": "ПГМ: Проезд от Ангарской улицы до улицы С.Ковалевской",
        "warning": "Точка — представитель геометрии ОДХ; точное место контейнера уточняется адресным ориентиром."
      }
    },
    {
      "type": "Feature",
      "geometry": {
        "type": "Point",
        "coordinates": [
          37.542303276088504,
          55.88946270633983
        ]
      },
      "properties": {
        "number": "397",
        "ao": "САО",
        "institution": "ГБУ \"Автомобильные дороги САО\"",
        "odh_name": "Площадка на пересечении ул. Лобненская и Дмитровского ш.",
        "odh_id": "708061019",
        "address_hint": "Площадка на пересечении ул. Лобненская и Дмитровского ш.",
        "container_count": "1",
        "placement_type": "у социально значимых объектах",
        "geometry_status": "odh_geometry_proxy",
        "name": "ПГМ: Площадка на пересечении ул. Лобненская и Дмитровского ш.",
        "warning": "Точка — представитель геометрии ОДХ; точное место контейнера уточняется адресным ориентиром."
      }
    },
    {
      "type": "Feature",
      "geometry": {
        "type": "Point",
        "coordinates": [
          37.52622712058705,
          55.8108166294865
        ]
      },
      "properties": {
        "number": "405",
        "ao": "САО",
        "institution": "ГБУ \"Жилищник района Коптево\"",
        "odh_name": "Бульвар матроса Железняка д.10",
        "odh_id": "10002175",
        "address_hint": "Бульвар матроса Железняка д.10",
        "container_count": "1",
        "placement_type": "у социально значимых объектах",
        "geometry_status": "odh_geometry_proxy",
        "name": "ПГМ: Бульвар матроса Железняка д.10",
        "warning": "Точка — представитель геометрии ОДХ; точное место контейнера уточняется адресным ориентиром."
      }
    },
    {
      "type": "Feature",
      "geometry": {
        "type": "Point",
        "coordinates": [
          37.52622712058705,
          55.8108166294865
        ]
      },
      "properties": {
        "number": "406",
        "ao": "САО",
        "institution": "ГБУ \"Автомобильные дороги САО\"",
        "odh_name": "Валдайский проезд",
        "odh_id": "10002175",
        "address_hint": "Валдайский проезд",
        "container_count": "1",
        "placement_type": "у социально значимых объектах",
        "geometry_status": "odh_geometry_proxy",
        "name": "ПГМ: Валдайский проезд",
        "warning": "Точка — представитель геометрии ОДХ; точное место контейнера уточняется адресным ориентиром."
      }
    },
    {
      "type": "Feature",
      "geometry": {
        "type": "Point",
        "coordinates": [
          37.46343196554658,
          55.87047391164461
        ]
      },
      "properties": {
        "number": "407",
        "ao": "САО",
        "institution": "ГБУ \"Автомобильные дороги САО\"",
        "odh_name": "Проезд от Валдайского проезда до Прибрежного проезда",
        "odh_id": "10006106",
        "address_hint": "Проезд от Валдайского проезда до Прибрежного проезда",
        "container_count": "1",
        "placement_type": "у социально значимых объектах",
        "geometry_status": "odh_geometry_proxy",
        "name": "ПГМ: Проезд от Валдайского проезда до Прибрежного проезда",
        "warning": "Точка — представитель геометрии ОДХ; точное место контейнера уточняется адресным ориентиром."
      }
    },
    {
      "type": "Feature",
      "geometry": {
        "type": "Point",
        "coordinates": [
          37.47336398786374,
          55.867440488078394
        ]
      },
      "properties": {
        "number": "408",
        "ao": "САО",
        "institution": "ГБУ \"Автомобильные дороги САО\"",
        "odh_name": "Проезд от Валдайского проезда до Смольной улицы",
        "odh_id": "12344839",
        "address_hint": "Проезд от Валдайского проезда до Смольной улицы",
        "container_count": "1",
        "placement_type": "у социально значимых объектах",
        "geometry_status": "odh_geometry_proxy",
        "name": "ПГМ: Проезд от Валдайского проезда до Смольной улицы",
        "warning": "Точка — представитель геометрии ОДХ; точное место контейнера уточняется адресным ориентиром."
      }
    },
    {
      "type": "Feature",
      "geometry": {
        "type": "Point",
        "coordinates": [
          37.52622712058705,
          55.8108166294865
        ]
      },
      "properties": {
        "number": "409",
        "ao": "САО",
        "institution": "ГБУ \"Автомобильные дороги САО\"",
        "odh_name": "Валдайский проезд",
        "odh_id": "10002175",
        "address_hint": "Валдайский проезд",
        "container_count": "1",
        "placement_type": "у социально значимых объектах",
        "geometry_status": "odh_geometry_proxy",
        "name": "ПГМ: Валдайский проезд",
        "warning": "Точка — представитель геометрии ОДХ; точное место контейнера уточняется адресным ориентиром."
      }
    },
    {
      "type": "Feature",
      "geometry": {
        "type": "Point",
        "coordinates": [
          37.46590083435491,
          55.8708238212837
        ]
      },
      "properties": {
        "number": "410",
        "ao": "САО",
        "institution": "ГБУ \"Автомобильные дороги САО\"",
        "odh_name": "Проезд от Валдайского проезда до Левобережной улицы",
        "odh_id": "10002489",
        "address_hint": "Проезд от Валдайского проезда до Левобережной улицы",
        "container_count": "1",
        "placement_type": "у социально значимых объектах",
        "geometry_status": "odh_geometry_proxy",
        "name": "ПГМ: Проезд от Валдайского проезда до Левобережной улицы",
        "warning": "Точка — представитель геометрии ОДХ; точное место контейнера уточняется адресным ориентиром."
      }
    },
    {
      "type": "Feature",
      "geometry": {
        "type": "Point",
        "coordinates": [
          37.53091858877019,
          55.856209563872035
        ]
      },
      "properties": {
        "number": "414",
        "ao": "САО",
        "institution": "ГБУ \"Жилищник района Савеловский\"",
        "odh_name": "8 Марта ул., д.6А, стр.2",
        "odh_id": "753913983",
        "address_hint": "8 Марта ул., д.6А, стр.2",
        "container_count": "1",
        "placement_type": "у социально значимых объектах",
        "geometry_status": "odh_geometry_proxy",
        "name": "ПГМ: 8 Марта ул., д.6А, стр.2",
        "warning": "Точка — представитель геометрии ОДХ; точное место контейнера уточняется адресным ориентиром."
      }
    },
    {
      "type": "Feature",
      "geometry": {
        "type": "Point",
        "coordinates": [
          37.521717652074095,
          55.78494280218328
        ]
      },
      "properties": {
        "number": "429",
        "ao": "САО",
        "institution": "ГБУ \"Жилищник района Хорошевский\"",
        "odh_name": "3-й Ходынский проезд",
        "odh_id": "10002443",
        "address_hint": "3-й Ходынский проезд",
        "container_count": "1",
        "placement_type": "у социально значимых объектах",
        "geometry_status": "odh_geometry_proxy",
        "name": "ПГМ: 3-й Ходынский проезд",
        "warning": "Точка — представитель геометрии ОДХ; точное место контейнера уточняется адресным ориентиром."
      }
    },
    {
      "type": "Feature",
      "geometry": {
        "type": "Point",
        "coordinates": [
          37.53091858877019,
          55.856209563872035
        ]
      },
      "properties": {
        "number": "432",
        "ao": "САО",
        "institution": "ГБУ \"Автомобильные дороги САО\"",
        "odh_name": "4-й Ходынский",
        "odh_id": "753913983",
        "address_hint": "4-й Ходынский",
        "container_count": "1",
        "placement_type": "у социально значимых объектах",
        "geometry_status": "odh_geometry_proxy",
        "name": "ПГМ: 4-й Ходынский",
        "warning": "Точка — представитель геометрии ОДХ; точное место контейнера уточняется адресным ориентиром."
      }
    }
  ]
}