{"type":"FeatureCollection","features":[{"type":"Feature","id":"mno-849437590-4","properties":{"category":"МНО","layer":"mno","district":"Аэропорт","section":"Участок 1","name":"улица Черняховского,дом 17, корпус 4","address":"улица Черняховского,дом 17, корпус 4","source_address":"ДТ\\Черняховского ул. 17 к.1, 17 к.2, 17 к.3, 17 к.4","mno_type":"КП","container_count":"3","id":"709536","mno_id":"849437590"},"geometry":{"type":"Point","coordinates":[37.536367,55.808304]}},{"type":"Feature","id":"mno-703135-5","properties":{"category":"МНО","layer":"mno","district":"Аэропорт","section":"Участок 1","name":"1-й Амбулаторный проезд,дом 7, корпус 3","address":"1-й Амбулаторный проезд,дом 7, корпус 3","source_address":"ДТ\\Амбулаторный 1-й пр. 7 к.3","mno_type":"КП","container_count":"4","id":"703135"},"geometry":{"type":"Point","coordinates":[37.534507,55.811412]}},{"type":"Feature","id":"mno-1990825-6","properties":{"category":"МНО","layer":"mno","district":"Аэропорт","section":"Участок 5","name":"1-й Балтийский переулок,дом 4","address":"1-й Балтийский переулок,дом 4","source_address":"ДТ\\Балтийский 1-й пер. 4","mno_type":"КП","container_count":"2","id":"685462","mno_id":"1990825"},"geometry":{"type":"Point","coordinates":[37.519155,55.809017]}},{"type":"Feature","id":"mno-939352614-7","properties":{"category":"МНО","layer":"mno","district":"Аэропорт","section":"Участок 2","name":"1-я Аэропортовская улица,дом 6","address":"1-я Аэропортовская улица,дом 6","source_address":"ДТ\\Аэропортовская 1-я ул. 6","mno_type":"Выкатные","container_count":"1","id":"2769114","mno_id":"939352614"},"geometry":{"type":"Point","coordinates":[37.536378,55.801267]}},{"type":"Feature","id":"mno-89295615-8","properties":{"category":"МНО","layer":"mno","district":"Аэропорт","section":"Участок 1","name":"2-й Амбулаторный проезд,дом 13","address":"2-й Амбулаторный проезд,дом 13","source_address":"ДТ\\Амбулаторный 2-й пр. 11, 13, 15, 17, 19, 21/8","mno_type":"КП","container_count":"2","id":"717808","mno_id":"89295615"},"geometry":{"type":"Point","coordinates":[37.532066,55.810713]}},{"type":"Feature","id":"mno-892956150-9","properties":{"category":"МНО","layer":"mno","district":"Аэропорт","section":"Участок 1","name":"2-й Амбулаторный проезд,дом 17","address":"2-й Амбулаторный проезд,дом 17","source_address":"ДТ\\Амбулаторный 2-й пр. 11, 13, 15, 17, 19, 21/8","mno_type":"КП","container_count":"2","id":"717808","mno_id":"892956150"},"geometry":{"type":"Point","coordinates":[37.527903,55.812483]}},{"type":"Feature","id":"mno-879888987-10","properties":{"category":"МНО","layer":"mno","district":"Аэропорт","section":"Участок 5","name":"2-й Балтийский переулок,дом 1/18, корпус Б","address":"2-й Балтийский переулок,дом 1/18, корпус Б","source_address":"ДТ\\Балтийский 2-й пер. 1/18 к.А, 1/18 к.Б; Усиевича ул. 18","mno_type":"КП","container_count":"3","id":"578676","mno_id":"879888987"},"geometry":{"type":"Point","coordinates":[37.523334,55.80799]}},{"type":"Feature","id":"mno-921314941-11","properties":{"category":"МНО","layer":"mno","district":"Аэропорт","section":"Участок 5","name":"2-й Балтийский переулок,дом 6","address":"2-й Балтийский переулок,дом 6","source_address":"ДТ\\Балтийский 2-й пер. 2, 4, 4А, 6; Самеда Вургуна ул. 1; Усиевича ул. 16","mno_type":"КП","container_count":"3","id":"699973","mno_id":"921314941"},"geometry":{"type":"Point","coordinates":[37.524654,55.808065]}},{"type":"Feature","id":"mno-917831073-13","properties":{"category":"МНО","layer":"mno","district":"Аэропорт","section":"Участок 3","name":"4-я улица 8 Марта,дом 4, корпус 2","address":"4-я улица 8 Марта,дом 4, корпус 2","source_address":"ДТ\\8 Марта улица 4-я 4 к.1, 4 к.2","mno_type":"БП","container_count":"3","id":"705509","mno_id":"917831073"},"geometry":{"type":"Point","coordinates":[37.549073,55.802652]}},{"type":"Feature","id":"mno-91783107-14","properties":{"category":"МНО","layer":"mno","district":"Аэропорт","section":"Участок 3","name":"4-я улица 8 Марта,дом 4, корпус 2","address":"4-я улица 8 Марта,дом 4, корпус 2","source_address":"ДТ\\8 Марта улица 4-я 4 к.1, 4 к.2","mno_type":"КП","container_count":"3","id":"705509","mno_id":"91783107"},"geometry":{"type":"Point","coordinates":[37.549081,55.802629]}},{"type":"Feature","id":"mno-90496797-15","properties":{"category":"МНО","layer":"mno","district":"Аэропорт","section":"Участок 2","name":"Авиационный переулок,дом 4","address":"Авиационный переулок,дом 4","source_address":"ДТ\\Авиационный пер. 4","mno_type":"КП","container_count":"3","id":"2706764","mno_id":"90496797"},"geometry":{"type":"Point","coordinates":[37.538484,55.799433]}},{"type":"Feature","id":"mno-904967979-16","properties":{"category":"МНО","layer":"mno","district":"Аэропорт","section":"Участок 2","name":"Авиационный переулок,дом 4","address":"Авиационный переулок,дом 4","source_address":"ДТ\\Авиационный пер. 4","mno_type":"БП","container_count":"3","id":"2706764","mno_id":"904967979"},"geometry":{"type":"Point","coordinates":[37.538494,55.799442]}},{"type":"Feature","id":"mno-905081668-17","properties":{"category":"МНО","layer":"mno","district":"Аэропорт","section":"Участок 2","name":"Авиационный переулок,дом 8","address":"Авиационный переулок,дом 8","source_address":"ДТ\\Авиационный пер. 8","mno_type":"КП","container_count":"4","id":"2776282","mno_id":"905081668"},"geometry":{"type":"Point","coordinates":[37.540181,55.800215]}},{"type":"Feature","id":"mno-945179151-18","properties":{"category":"МНО","layer":"mno","district":"Аэропорт","section":"Участок 5","name":"Балтийская улица,дом 10, корпус 1","address":"Балтийская улица,дом 10, корпус 1","source_address":"ДТ\\Балтийская ул. 10 к.1","mno_type":"КП","container_count":"2","id":"590793","mno_id":"945179151"},"geometry":{"type":"Point","coordinates":[37.515802,55.810451]}},{"type":"Feature","id":"mno-943638849-20","properties":{"category":"МНО","layer":"mno","district":"Аэропорт","section":"Участок 1","name":"Большой Коптевский проезд,дом 10, корпус 1","address":"Большой Коптевский проезд,дом 10, корпус 1","source_address":"ДТ\\Коптевский Б. пр. 10 к.1","mno_type":"КП","container_count":"2","id":"691772","mno_id":"943638849"},"geometry":{"type":"Point","coordinates":[37.536941,55.80907]}},{"type":"Feature","id":"mno-894998764-21","properties":{"category":"МНО","layer":"mno","district":"Аэропорт","section":"Участок 1","name":"Большой Коптевский проезд,дом 10, корпус 2","address":"Большой Коптевский проезд,дом 10, корпус 2","source_address":"ДТ\\Коптевский Б. пр. 10 к.2, 8","mno_type":"КП","container_count":"2","id":"696974","mno_id":"894998764"},"geometry":{"type":"Point","coordinates":[37.535348,55.809502]}},{"type":"Feature","id":"mno-947998710-22","properties":{"category":"МНО","layer":"mno","district":"Аэропорт","section":"Участок 1","name":"Большой Коптевский проезд,дом 12, корпус 1","address":"Большой Коптевский проезд,дом 12, корпус 1","source_address":"ДТ\\Коптевский Б. пр. 12 к.1, 12 к.2","mno_type":"КП","container_count":"4","id":"722962","mno_id":"947998710"},"geometry":{"type":"Point","coordinates":[37.536601,55.810109]}},{"type":"Feature","id":"mno-936591145-23","properties":{"category":"МНО","layer":"mno","district":"Аэропорт","section":"Участок 1","name":"Большой Коптевский проезд,дом 4","address":"Большой Коптевский проезд,дом 4","source_address":"ДТ\\Коптевский Б. пр. 4; Часовая ул. 6 к.1, 6 к.2, 8","mno_type":"КП","container_count":"3","id":"700448","mno_id":"936591145"},"geometry":{"type":"Point","coordinates":[37.53405,55.807875]}},{"type":"Feature","id":"mno-2702260-24","properties":{"category":"МНО","layer":"mno","district":"Аэропорт","section":"Участок 2","name":"Ильюшина Академика ул.,4 к.2","address":"Ильюшина Академика ул.,4 к.2","source_address":"ДТ\\Ильюшина Академика ул. 4 к.1, 4 к.2, 6","mno_type":"КП","container_count":"2","id":"2702200","mno_id":"2702260"},"geometry":{"type":"Point","coordinates":[37.541175,55.802961]}},{"type":"Feature","id":"mno-1187128233-26","properties":{"category":"МНО","layer":"mno","district":"Аэропорт","section":"Участок 2","name":"Красноармейская улица,дом 23","address":"Красноармейская улица,дом 23","source_address":"ДТ\\Красноармейская ул. 23, 25, 27, 29","mno_type":"КП","container_count":"4","id":"2762400","mno_id":"1187128233"},"geometry":{"type":"Point","coordinates":[37.535502,55.802227]}},{"type":"Feature","id":"mno-1089203432-27","properties":{"category":"МНО","layer":"mno","district":"Аэропорт","section":"Участок 2","name":"Красноармейская улица,дом 26, корпус 2","address":"Красноармейская улица,дом 26, корпус 2","source_address":"ДТ\\Красноармейская ул. 26 к.2","mno_type":"КП","container_count":"5","id":"2730660","mno_id":"1089203432"},"geometry":{"type":"Point","coordinates":[37.542734,55.802453]}},{"type":"Feature","id":"mno-1323406444-28","properties":{"category":"МНО","layer":"mno","district":"Аэропорт","section":"Участок 3","name":"Красноармейская улица,дом 2, корпус 1","address":"Красноармейская улица,дом 2, корпус 1","source_address":"ДТ\\Красноармейская ул. 2 к.1","mno_type":"КП","container_count":"3","id":"706582","mno_id":"1323406444"},"geometry":{"type":"Point","coordinates":[37.550056,55.797304]}},{"type":"Feature","id":"mno-1992155-33","properties":{"category":"МНО","layer":"mno","district":"Аэропорт","section":"Участок 3","name":"Красноармейская улица,дом 6, корпус 1","address":"Красноармейская улица,дом 6, корпус 1","source_address":"ДТ\\Красноармейская ул. 6 к.1, 6 к.2","mno_type":"КП","container_count":"3","id":"633814","mno_id":"1992155"},"geometry":{"type":"Point","coordinates":[37.548374,55.797877]}},{"type":"Feature","id":"mno-90290290-34","properties":{"category":"МНО","layer":"mno","district":"Аэропорт","section":"Участок 5","name":"Ленинградский просп.,74 к.1","address":"Ленинградский просп.,74 к.1","source_address":"ДТ\\Ленинградский просп. 74 к.1, 74 к.2, 74 к.3","mno_type":"КП","container_count":"4","id":"566517","mno_id":"90290290"},"geometry":{"type":"Point","coordinates":[37.516838,55.805409]}},{"type":"Feature","id":"mno-943637453-36","properties":{"category":"МНО","layer":"mno","district":"Аэропорт","section":"Участок 5","name":"Ленинградский просп.,74 к.4","address":"Ленинградский просп.,74 к.4","source_address":"ДТ\\Ленинградский просп. 74 к.4, 74 к.5, 74 к.6","mno_type":"КП","container_count":"6","id":"618355","mno_id":"943637453"},"geometry":{"type":"Point","coordinates":[37.51831,55.806203]}},{"type":"Feature","id":"mno-939045558-38","properties":{"category":"МНО","layer":"mno","district":"Аэропорт","section":"Участок 5","name":"Ленинградский просп.,78 к.1","address":"Ленинградский просп.,78 к.1","source_address":"ДТ\\Ленинградский просп. 78 к.1, 78 к.2, 78 к.3","mno_type":"КП","container_count":"4","id":"689452","mno_id":"939045558"},"geometry":{"type":"Point","coordinates":[37.513683,55.806221]}},{"type":"Feature","id":"mno-798539127-39","properties":{"category":"МНО","layer":"mno","district":"Аэропорт","section":"Участок 5","name":"Ленинградский просп.,78 к.5","address":"Ленинградский просп.,78 к.5","source_address":"ДТ\\Балтийская ул. 4; Ленинградский просп. 78 к.4, 78 к.5","mno_type":"КП","container_count":"8","id":"600806","mno_id":"798539127"},"geometry":{"type":"Point","coordinates":[37.514604,55.807709]}},{"type":"Feature","id":"mno-826338479-40","properties":{"category":"МНО","layer":"mno","district":"Аэропорт","section":"Участок 2","name":"Ленинградский проспект,дом 44","address":"Ленинградский проспект,дом 44","source_address":"ДТ\\Ленинградский просп. 44; Серегина ул. 3","mno_type":"КП","container_count":"4","id":"690774","mno_id":"826338479"},"geometry":{"type":"Point","coordinates":[37.546648,55.795436]}},{"type":"Feature","id":"mno-990140924-41","properties":{"category":"МНО","layer":"mno","district":"Аэропорт","section":"Участок 2","name":"Ленинградский проспект,дом 50","address":"Ленинградский проспект,дом 50","source_address":"ДТ\\Константина Симонова ул. 4; Ленинградский просп. 50","mno_type":"КП","container_count":"3","id":"682985","mno_id":"990140924"},"geometry":{"type":"Point","coordinates":[37.543218,55.797196]}},{"type":"Feature","id":"mno-957719288-42","properties":{"category":"МНО","layer":"mno","district":"Аэропорт","section":"Участок 2","name":"Ленинградский проспект,дом 54/1","address":"Ленинградский проспект,дом 54/1","source_address":"ДТ\\Ленинградский просп. 54/1, 54А, 56","mno_type":"КП","container_count":"4","id":"2774571","mno_id":"957719288"},"geometry":{"type":"Point","coordinates":[37.538933,55.798265]}},{"type":"Feature","id":"mno-921595601-47","properties":{"category":"МНО","layer":"mno","district":"Аэропорт","section":"Участок 5","name":"Ленинградский проспект,дом 66","address":"Ленинградский проспект,дом 66","source_address":"ДТ\\Ленинградский просп. 66","mno_type":"КП","container_count":"1","id":"619692","mno_id":"921595601"},"geometry":{"type":"Point","coordinates":[37.526478,55.803129]}},{"type":"Feature","id":"mno-92159560-48","properties":{"category":"МНО","layer":"mno","district":"Аэропорт","section":"Участок 5","name":"Ленинградский проспект,дом 66","address":"Ленинградский проспект,дом 66","source_address":"ДТ\\Ленинградский просп. 66","mno_type":"БП","container_count":"1","id":"619692","mno_id":"92159560"},"geometry":{"type":"Point","coordinates":[37.526478,55.803129]}},{"type":"Feature","id":"mno-1196058178-49","properties":{"category":"МНО","layer":"mno","district":"Аэропорт","section":"Участок 5","name":"Ленинградский проспект,дом 66, корпус 2","address":"Ленинградский проспект,дом 66, корпус 2","source_address":"ДТ\\Ленинградский просп. 66 к.2","mno_type":"КП","container_count":"4","id":"268533668","mno_id":"1196058178"},"geometry":{"type":"Point","coordinates":[37.527567,55.803508]}},{"type":"Feature","id":"mno-944418144-51","properties":{"category":"МНО","layer":"mno","district":"Аэропорт","section":"Участок 3","name":"Петровско-Разумовская аллея,дом 18","address":"Петровско-Разумовская аллея,дом 18","source_address":"ДТ\\Масловка Верхн. ул. 21; Петровско-Разумовская аллея 16, 18","mno_type":"КП","container_count":"3","id":"2727324","mno_id":"944418144"},"geometry":{"type":"Point","coordinates":[37.558358,55.796444]}},{"type":"Feature","id":"mno-1149902283-52","properties":{"category":"МНО","layer":"mno","district":"Аэропорт","section":"Участок 3","name":"Петровско-Разумовская аллея,дом 20","address":"Петровско-Разумовская аллея,дом 20","source_address":"ДТ\\Петровско-Разумовская аллея 20","mno_type":"КП","container_count":"3","id":"580604","mno_id":"1149902283"},"geometry":{"type":"Point","coordinates":[37.557285,55.797254]}},{"type":"Feature","id":"mno-902487152-57","properties":{"category":"МНО","layer":"mno","district":"Аэропорт","section":"Участок 3","name":"Планетная улица,дом 12","address":"Планетная улица,дом 12","source_address":"ДТ\\Планетная ул. 12","mno_type":"КП","container_count":"2","id":"576625","mno_id":"902487152"},"geometry":{"type":"Point","coordinates":[37.551007,55.800736]}},{"type":"Feature","id":"mno-873371903-58","properties":{"category":"МНО","layer":"mno","district":"Аэропорт","section":"Участок 3","name":"Планетная улица,дом 16","address":"Планетная улица,дом 16","source_address":"ДТ\\Планетная ул. 16","mno_type":"КП","container_count":"4","id":"611776","mno_id":"873371903"},"geometry":{"type":"Point","coordinates":[37.549434,55.802049]}},{"type":"Feature","id":"mno-270235940-59","properties":{"category":"МНО","layer":"mno","district":"Аэропорт","section":"Участок 3","name":"Планетная улица,дом 2","address":"Планетная улица,дом 2","source_address":"ДТ\\Зыковский Нов. пр. 3; Планетная ул. 2","mno_type":"КП","container_count":"3","id":"704326","mno_id":"270235940"},"geometry":{"type":"Point","coordinates":[37.554135,55.798343]}},{"type":"Feature","id":"mno-908576977-60","properties":{"category":"МНО","layer":"mno","district":"Аэропорт","section":"Участок 3","name":"Планетная улица,дом 26","address":"Планетная улица,дом 26","source_address":"ДТ\\Планетная ул. 26","mno_type":"КП","container_count":"2","id":"2494303","mno_id":"908576977"},"geometry":{"type":"Point","coordinates":[37.546693,55.803417]}},{"type":"Feature","id":"mno-939000914-61","properties":{"category":"МНО","layer":"mno","district":"Аэропорт","section":"Участок 2","name":"Планетная улица,дом 29, корпус 1","address":"Планетная улица,дом 29, корпус 1","source_address":"ДТ\\Планетная ул. 29, 29 к.1, 29 к.2","mno_type":"КП","container_count":"4","id":"2740496","mno_id":"939000914"},"geometry":{"type":"Point","coordinates":[37.544231,55.803008]}},{"type":"Feature","id":"mno-906083812-62","properties":{"category":"МНО","layer":"mno","district":"Аэропорт","section":"Участок 1","name":"Планетная улица,дом 42","address":"Планетная улица,дом 42","source_address":"ДТ\\Планетная ул. 38, 40, 42; Черняховского ул. 14","mno_type":"КП","container_count":"3","id":"694311","mno_id":"906083812"},"geometry":{"type":"Point","coordinates":[37.539725,55.806533]}},{"type":"Feature","id":"mno-770191527-63","properties":{"category":"МНО","layer":"mno","district":"Аэропорт","section":"Участок 2","name":"Планетная улица,дом 43","address":"Планетная улица,дом 43","source_address":"ДТ\\Ильюшина Академика ул. 5; Планетная ул. 41, 43","mno_type":"КП","container_count":"6","id":"2772136","mno_id":"770191527"},"geometry":{"type":"Point","coordinates":[37.539549,55.80453]}},{"type":"Feature","id":"mno-894308355-65","properties":{"category":"МНО","layer":"mno","district":"Аэропорт","section":"Участок 2","name":"Старый Зыковский проезд,дом 3","address":"Старый Зыковский проезд,дом 3","source_address":"ДТ\\Зыковский Стар. пр. 3, 5; Красноармейская ул. 24, 26 к.1","mno_type":"КП","container_count":"5","id":"2709056","mno_id":"894308355"},"geometry":{"type":"Point","coordinates":[37.543272,55.801888]}},{"type":"Feature","id":"mno-873374373-66","properties":{"category":"МНО","layer":"mno","district":"Аэропорт","section":"Участок 3","name":"Старый Зыковский проезд,дом 4","address":"Старый Зыковский проезд,дом 4","source_address":"ДТ\\Зыковский Стар. пр. 4, 6 к.1","mno_type":"КП","container_count":"4","id":"635445","mno_id":"873374373"},"geometry":{"type":"Point","coordinates":[37.544266,55.800765]}},{"type":"Feature","id":"mno-949074207-67","properties":{"category":"МНО","layer":"mno","district":"Аэропорт","section":"Участок 3","name":"улица 8 Марта,дом 11","address":"улица 8 Марта,дом 11","source_address":"ДТ\\8 Марта улица Аэропорт 11, 7/5","mno_type":"БП","container_count":"3","id":"721111","mno_id":"949074207"},"geometry":{"type":"Point","coordinates":[37.550799,55.803313]}},{"type":"Feature","id":"mno-94907420-68","properties":{"category":"МНО","layer":"mno","district":"Аэропорт","section":"Участок 3","name":"улица 8 Марта,дом 11","address":"улица 8 Марта,дом 11","source_address":"ДТ\\8 Марта улица Аэропорт 11, 7/5","mno_type":"КП","container_count":"3","id":"721111","mno_id":"94907420"},"geometry":{"type":"Point","coordinates":[37.550799,55.803313]}},{"type":"Feature","id":"mno-90857174-69","properties":{"category":"МНО","layer":"mno","district":"Аэропорт","section":"Участок 1","name":"улица Академика Ильюшина,дом 12","address":"улица Академика Ильюшина,дом 12","source_address":"ДТ\\Ильюшина Академика ул. 12","mno_type":"КП","container_count":"2","id":"714288","mno_id":"90857174"},"geometry":{"type":"Point","coordinates":[37.54476,55.805059]}},{"type":"Feature","id":"mno-908571746-70","properties":{"category":"МНО","layer":"mno","district":"Аэропорт","section":"Участок 1","name":"улица Академика Ильюшина,дом 12","address":"улица Академика Ильюшина,дом 12","source_address":"ДТ\\Ильюшина Академика ул. 12","mno_type":"КП","container_count":"2","id":"714288","mno_id":"908571746"},"geometry":{"type":"Point","coordinates":[37.54411,55.805271]}},{"type":"Feature","id":"mno-1993512-71","properties":{"category":"МНО","layer":"mno","district":"Аэропорт","section":"Участок 1","name":"улица Академика Ильюшина,дом 16","address":"улица Академика Ильюшина,дом 16","source_address":"ДТ\\Ильюшина Академика ул. 16","mno_type":"КП","container_count":"2","id":"714267","mno_id":"1993512"},"geometry":{"type":"Point","coordinates":[37.548191,55.806341]}},{"type":"Feature","id":"mno-94441814-72","properties":{"category":"МНО","layer":"mno","district":"Аэропорт","section":"Участок 3","name":"улица Верхняя Масловка,дом 21","address":"улица Верхняя Масловка,дом 21","source_address":"ДТ\\Масловка Верхн. ул. 21; Петровско-Разумовская аллея 16, 18","mno_type":"КП","container_count":"3","id":"2727324","mno_id":"94441814"},"geometry":{"type":"Point","coordinates":[37.559745,55.796222]}},{"type":"Feature","id":"mno-951722989-73","properties":{"category":"МНО","layer":"mno","district":"Аэропорт","section":"Участок 3","name":"улица Верхняя Масловка,дом 25, корпус 1","address":"улица Верхняя Масловка,дом 25, корпус 1","source_address":"ДТ\\Масловка Верхн. ул. 25 к.1","mno_type":"КП","container_count":"5","id":"951722597","mno_id":"951722989"},"geometry":{"type":"Point","coordinates":[37.558501,55.797129]}},{"type":"Feature","id":"mno-922885240-74","properties":{"category":"МНО","layer":"mno","district":"Аэропорт","section":"Участок 3","name":"улица Верхняя Масловка,дом 29","address":"улица Верхняя Масловка,дом 29","source_address":"ДТ\\Масловка Верхн. ул. 27 к.1, 27 к.2, 29","mno_type":"КП","container_count":"3","id":"583968","mno_id":"922885240"},"geometry":{"type":"Point","coordinates":[37.556861,55.798506]}},{"type":"Feature","id":"mno-894982136-75","properties":{"category":"МНО","layer":"mno","district":"Аэропорт","section":"Участок 3","name":"улица Верхняя Масловка,дом 9","address":"улица Верхняя Масловка,дом 9","source_address":"ДТ\\Масловка Верхн. ул. 11, 9; Петровско-Разумовская аллея 8","mno_type":"КП","container_count":"3","id":"696606","mno_id":"894982136"},"geometry":{"type":"Point","coordinates":[37.564467,55.792929]}},{"type":"Feature","id":"mno-908578857-76","properties":{"category":"МНО","layer":"mno","district":"Аэропорт","section":"Участок 3","name":"улица Коккинаки,дом 2","address":"улица Коккинаки,дом 2","source_address":"ДТ\\Коккинаки ул. 2","mno_type":"КП","container_count":"2","id":"705056","mno_id":"908578857"},"geometry":{"type":"Point","coordinates":[37.545194,55.804144]}},{"type":"Feature","id":"mno-990314330-77","properties":{"category":"МНО","layer":"mno","district":"Аэропорт","section":"Участок 3","name":"улица Коккинаки,дом 8","address":"улица Коккинаки,дом 8","source_address":"ДТ\\8 Марта улица 4-я 5; Коккинаки ул. 8","mno_type":"БП","container_count":"1","id":"694648","mno_id":"990314330"},"geometry":{"type":"Point","coordinates":[37.548446,55.805436]}},{"type":"Feature","id":"mno-99031433-78","properties":{"category":"МНО","layer":"mno","district":"Аэропорт","section":"Участок 3","name":"улица Коккинаки,дом 8","address":"улица Коккинаки,дом 8","source_address":"ДТ\\8 Марта улица 4-я 5; Коккинаки ул. 8","mno_type":"КП","container_count":"1","id":"694648","mno_id":"99031433"},"geometry":{"type":"Point","coordinates":[37.548445,55.805436]}},{"type":"Feature","id":"mno-99014092-79","properties":{"category":"МНО","layer":"mno","district":"Аэропорт","section":"Участок 2","name":"улица Константина Симонова,дом 4","address":"улица Константина Симонова,дом 4","source_address":"ДТ\\Константина Симонова ул. 4; Ленинградский просп. 50","mno_type":"КП","container_count":"3","id":"682985","mno_id":"99014092"},"geometry":{"type":"Point","coordinates":[37.541116,55.798098]}},{"type":"Feature","id":"mno-908614932-82","properties":{"category":"МНО","layer":"mno","district":"Аэропорт","section":"Участок 2","name":"улица Константина Симонова,дом 8, корпус 1","address":"улица Константина Симонова,дом 8, корпус 1","source_address":"ДТ\\Константина Симонова ул. 6, 8 к.1, 8 к.2","mno_type":"КП","container_count":"3","id":"705276","mno_id":"908614932"},"geometry":{"type":"Point","coordinates":[37.541799,55.798556]}},{"type":"Feature","id":"mno-798633017-83","properties":{"category":"МНО","layer":"mno","district":"Аэропорт","section":"Участок 5","name":"улица Лизы Чайкиной,дом 4, корпус 1","address":"улица Лизы Чайкиной,дом 4, корпус 1","source_address":"ДТ\\Лизы Чайкиной ул. 4 к.1","mno_type":"КП","container_count":"7","id":"620033","mno_id":"798633017"},"geometry":{"type":"Point","coordinates":[37.525912,55.804479]}},{"type":"Feature","id":"mno-939473643-85","properties":{"category":"МНО","layer":"mno","district":"Аэропорт","section":"Участок 2","name":"улица Пилота Нестерова,дом 7","address":"улица Пилота Нестерова,дом 7","source_address":"ДТ\\Нестерова Пилота ул. 7, 9","mno_type":"КП","container_count":"3","id":"721911","mno_id":"939473643"},"geometry":{"type":"Point","coordinates":[37.545692,55.796841]}},{"type":"Feature","id":"mno-769751046-87","properties":{"category":"МНО","layer":"mno","district":"Аэропорт","section":"Участок 1","name":"улица Сперанского,дом 6","address":"улица Сперанского,дом 6","source_address":"ДТ\\Амбулаторный 1-й пр. 7 к.А; Коптевский М. пр. 7; Сперанского ул. 6","mno_type":"КП","container_count":"3","id":"691145","mno_id":"769751046"},"geometry":{"type":"Point","coordinates":[37.532066,55.810713]}},{"type":"Feature","id":"mno-132426294-89","properties":{"category":"МНО","layer":"mno","district":"Аэропорт","section":"Участок 2","name":"улица Степана Супруна,дом 4","address":"улица Степана Супруна,дом 4","source_address":"ДТ\\Степана Супруна ул. 4","mno_type":"КП","container_count":"2","id":"716455","mno_id":"132426294"},"geometry":{"type":"Point","coordinates":[37.544176,55.797535]}},{"type":"Feature","id":"mno-13242629-90","properties":{"category":"МНО","layer":"mno","district":"Аэропорт","section":"Участок 2","name":"улица Степана Супруна,дом 4","address":"улица Степана Супруна,дом 4","source_address":"ДТ\\Степана Супруна ул. 4","mno_type":"КП","container_count":"2","id":"716455","mno_id":"13242629"},"geometry":{"type":"Point","coordinates":[37.54442,55.796647]}},{"type":"Feature","id":"mno-1324262-91","properties":{"category":"МНО","layer":"mno","district":"Аэропорт","section":"Участок 2","name":"улица Степана Супруна,дом 4","address":"улица Степана Супруна,дом 4","source_address":"ДТ\\Степана Супруна ул. 4","mno_type":"БП","container_count":"2","id":"716455","mno_id":"1324262"},"geometry":{"type":"Point","coordinates":[37.54442,55.796647]}},{"type":"Feature","id":"mno-815504905-92","properties":{"category":"МНО","layer":"mno","district":"Аэропорт","section":"Участок 1","name":"улица Усиевича,дом 10А","address":"улица Усиевича,дом 10А","source_address":"ДТ\\Асеева ул. 2; Усиевича ул. 10А","mno_type":"КП","container_count":"2","id":"694472","mno_id":"815504905"},"geometry":{"type":"Point","coordinates":[37.529291,55.804965]}},{"type":"Feature","id":"mno-956374903-93","properties":{"category":"МНО","layer":"mno","district":"Аэропорт","section":"Участок 2","name":"улица Усиевича,дом 15","address":"улица Усиевича,дом 15","source_address":"ДТ\\Усиевича ул. 15, 19","mno_type":"КП","container_count":"2","id":"2768198","mno_id":"956374903"},"geometry":{"type":"Point","coordinates":[37.528253,55.803967]}},{"type":"Feature","id":"mno-914155609-95","properties":{"category":"МНО","layer":"mno","district":"Аэропорт","section":"Участок 2","name":"улица Усиевича,дом 17","address":"улица Усиевича,дом 17","source_address":"ДТ\\Усиевича ул. 17","mno_type":"КП","container_count":"2","id":"914155421","mno_id":"914155609"},"geometry":{"type":"Point","coordinates":[37.52865,55.80519]}},{"type":"Feature","id":"mno-798946566-96","properties":{"category":"МНО","layer":"mno","district":"Аэропорт","section":"Участок 5","name":"улица Усиевича,дом 23","address":"улица Усиевича,дом 23","source_address":"ДТ\\Усиевича ул. 23","mno_type":"КП","container_count":"4","id":"588715","mno_id":"798946566"},"geometry":{"type":"Point","coordinates":[37.524469,55.80571]}},{"type":"Feature","id":"mno-1138271585-97","properties":{"category":"МНО","layer":"mno","district":"Аэропорт","section":"Участок 5","name":"улица Усиевича,дом 25, корпус 1","address":"улица Усиевича,дом 25, корпус 1","source_address":"ДТ\\Усиевича ул. 25 к.1, 25 к.2","mno_type":"КП","container_count":"2","id":"635859","mno_id":"1138271585"},"geometry":{"type":"Point","coordinates":[37.523241,55.805412]}},{"type":"Feature","id":"mno-113827158-98","properties":{"category":"МНО","layer":"mno","district":"Аэропорт","section":"Участок 5","name":"улица Усиевича,дом 25, корпус 2","address":"улица Усиевича,дом 25, корпус 2","source_address":"ДТ\\Усиевича ул. 25 к.1, 25 к.2","mno_type":"КП","container_count":"2","id":"635859","mno_id":"113827158"},"geometry":{"type":"Point","coordinates":[37.523298,55.806506]}},{"type":"Feature","id":"mno-799088475-99","properties":{"category":"МНО","layer":"mno","district":"Аэропорт","section":"Участок 5","name":"улица Усиевича,дом 25, корпус 3","address":"улица Усиевича,дом 25, корпус 3","source_address":"ДТ\\Усиевича ул. 25 к.3","mno_type":"КП","container_count":"4","id":"590743","mno_id":"799088475"},"geometry":{"type":"Point","coordinates":[37.521504,55.805941]}},{"type":"Feature","id":"mno-923412588-100","properties":{"category":"МНО","layer":"mno","district":"Аэропорт","section":"Участок 2","name":"улица Усиевича,дом 3","address":"улица Усиевича,дом 3","source_address":"ДТ\\Усиевича ул. 3","mno_type":"КП","container_count":"3","id":"3997003","mno_id":"923412588"},"geometry":{"type":"Point","coordinates":[37.532328,55.804212]}},{"type":"Feature","id":"mno-798863141-101","properties":{"category":"МНО","layer":"mno","district":"Аэропорт","section":"Участок 1","name":"улица Усиевича,дом 4","address":"улица Усиевича,дом 4","source_address":"ДТ\\Усиевича ул. 2, 4; Черняховского ул. 7","mno_type":"КП","container_count":"3","id":"708187","mno_id":"798863141"},"geometry":{"type":"Point","coordinates":[37.533415,55.80492]}},{"type":"Feature","id":"mno-1293082389-102","properties":{"category":"МНО","layer":"mno","district":"Аэропорт","section":"Участок 2","name":"улица Усиевича,дом 7","address":"улица Усиевича,дом 7","source_address":"ДТ\\Усиевича ул. 5, 7, 9","mno_type":"КП","container_count":"4","id":"914156805","mno_id":"1293082389"},"geometry":{"type":"Point","coordinates":[37.530921,55.804598]}},{"type":"Feature","id":"mno-986297227-103","properties":{"category":"МНО","layer":"mno","district":"Аэропорт","section":"Участок 1","name":"улица Черняховского,дом 11, корпус 2","address":"улица Черняховского,дом 11, корпус 2","source_address":"ДТ\\Черняховского ул. 11 к.1, 11 к.2","mno_type":"КП","container_count":"2","id":"701068","mno_id":"986297227"},"geometry":{"type":"Point","coordinates":[37.536056,55.806295]}},{"type":"Feature","id":"mno-950633042-104","properties":{"category":"МНО","layer":"mno","district":"Аэропорт","section":"Участок 2","name":"улица Черняховского,дом 12","address":"улица Черняховского,дом 12","source_address":"ДТ\\Планетная ул. 47 к.1, 47 к.2, 49; Черняховского ул. 12","mno_type":"КП","container_count":"4","id":"2778355","mno_id":"950633042"},"geometry":{"type":"Point","coordinates":[37.53792,55.805493]}},{"type":"Feature","id":"mno-76391768-106","properties":{"category":"МНО","layer":"mno","district":"Аэропорт","section":"Участок 2","name":"улица Черняховского,дом 6","address":"улица Черняховского,дом 6","source_address":"ДТ\\Красноармейская ул. 38; Черняховского ул. 6","mno_type":"БП","container_count":"3","id":"2778906","mno_id":"76391768"},"geometry":{"type":"Point","coordinates":[37.536752,55.80449]}},{"type":"Feature","id":"mno-91434121-108","properties":{"category":"МНО","layer":"mno","district":"Аэропорт","section":"Участок 1","name":"улица Черняховского,дом 9, корпус 1","address":"улица Черняховского,дом 9, корпус 1","source_address":"ДТ\\Черняховского ул. 9 к.1, 9 к.2, 9 к.3","mno_type":"КП","container_count":"2","id":"716998","mno_id":"91434121"},"geometry":{"type":"Point","coordinates":[37.53382,55.804909]}},{"type":"Feature","id":"mno-914341217-109","properties":{"category":"МНО","layer":"mno","district":"Аэропорт","section":"Участок 1","name":"улица Черняховского,дом 9, корпус 3","address":"улица Черняховского,дом 9, корпус 3","source_address":"ДТ\\Черняховского ул. 9 к.1, 9 к.2, 9 к.3","mno_type":"КП","container_count":"2","id":"716998","mno_id":"914341217"},"geometry":{"type":"Point","coordinates":[37.533496,55.805054]}},{"type":"Feature","id":"mno-934600123-110","properties":{"category":"МНО","layer":"mno","district":"Аэропорт","section":"Участок 1","name":"улица Черняховского,дом 9, корпус 4","address":"улица Черняховского,дом 9, корпус 4","source_address":"ДТ\\Черняховского ул. 9 к.4, 9 к.5","mno_type":"КП","container_count":"2","id":"685563","mno_id":"934600123"},"geometry":{"type":"Point","coordinates":[37.534816,55.805817]}},{"type":"Feature","id":"mno-90290051-111","properties":{"category":"МНО","layer":"mno","district":"Аэропорт","section":"Участок 1","name":"Часовая улица,дом 14","address":"Часовая улица,дом 14","source_address":"ДТ\\Часовая ул. 10/1, 12, 14","mno_type":"БП","container_count":"3","id":"692290","mno_id":"90290051"},"geometry":{"type":"Point","coordinates":[37.532362,55.808893]}},{"type":"Feature","id":"mno-902900519-112","properties":{"category":"МНО","layer":"mno","district":"Аэропорт","section":"Участок 1","name":"Часовая улица,дом 14","address":"Часовая улица,дом 14","source_address":"ДТ\\Часовая ул. 10/1, 12, 14","mno_type":"КП","container_count":"3","id":"692290","mno_id":"902900519"},"geometry":{"type":"Point","coordinates":[37.529285,55.805295]}},{"type":"Feature","id":"mno-799128082-113","properties":{"category":"МНО","layer":"mno","district":"Аэропорт","section":"Участок 5","name":"Часовая улица,дом 17","address":"Часовая улица,дом 17","source_address":"ДТ\\Часовая ул. 17, 19","mno_type":"КП","container_count":"2","id":"4000143","mno_id":"799128082"},"geometry":{"type":"Point","coordinates":[37.526806,55.809217]}},{"type":"Feature","id":"mno-2344920-114","properties":{"category":"МНО","layer":"mno","district":"Аэропорт","section":"Участок 5","name":"Часовая улица,дом 18","address":"Часовая улица,дом 18","source_address":"ДТ\\Часовая ул. 18","mno_type":"КП","container_count":"4","id":"693173","mno_id":"2344920"},"geometry":{"type":"Point","coordinates":[37.52926,55.809983]}},{"type":"Feature","id":"mno-1033220858-115","properties":{"category":"МНО","layer":"mno","district":"Аэропорт","section":"Участок 5","name":"Часовая улица,дом 19, корпус 3","address":"Часовая улица,дом 19, корпус 3","source_address":"ДТ\\Часовая ул. 19 к.3","mno_type":"КП","container_count":"6","id":"1033220744","mno_id":"1033220858"},"geometry":{"type":"Point","coordinates":[37.520576,55.808814]}},{"type":"Feature","id":"mno-1291112302-116","properties":{"category":"МНО","layer":"mno","district":"Аэропорт","section":"Участок 5","name":"Часовая улица,дом 21А","address":"Часовая улица,дом 21А","source_address":"ДТ\\Часовая ул. 19А, 21А","mno_type":"КП","container_count":"2","id":"624240","mno_id":"1291112302"},"geometry":{"type":"Point","coordinates":[37.523126,55.809711]}},{"type":"Feature","id":"mno-950601807-117","properties":{"category":"МНО","layer":"mno","district":"Аэропорт","section":"Участок 5","name":"Часовая улица,дом 23/8, корпус 1","address":"Часовая улица,дом 23/8, корпус 1","source_address":"ДТ\\Часовая ул. 23/8 к.1","mno_type":"КП","container_count":"2","id":"268535665","mno_id":"950601807"},"geometry":{"type":"Point","coordinates":[37.518927,55.809909]}},{"type":"Feature","id":"mno-874204523-120","properties":{"category":"МНО","layer":"mno","district":"Аэропорт","section":"Участок 1","name":"Часовая улица,дом 4, корпус 2","address":"Часовая улица,дом 4, корпус 2","source_address":"ДТ\\Часовая ул. 4 к.2","mno_type":"КП","container_count":"3","id":"715374","mno_id":"874204523"},"geometry":{"type":"Point","coordinates":[37.535444,55.807791]}},{"type":"Feature","id":"mno-874212103-121","properties":{"category":"МНО","layer":"mno","district":"Аэропорт","section":"Участок 1","name":"Часовая улица,дом 5Б","address":"Часовая улица,дом 5Б","source_address":"ДТ\\Часовая ул. 5, 5А, 5Б","mno_type":"КП","container_count":"3","id":"713313","mno_id":"874212103"},"geometry":{"type":"Point","coordinates":[37.534031,55.806459]}},{"type":"Feature","id":"mno-1994506-122","properties":{"category":"МНО","layer":"mno","district":"Аэропорт","section":"Участок 1","name":"Шебашёвский проезд,дом 7","address":"Шебашёвский проезд,дом 7","source_address":"ДТ\\Асеева ул. 8; Часовая ул. 9; Шебашевский пр. 5, 7","mno_type":"КП","container_count":"4","id":"699165","mno_id":"1994506"},"geometry":{"type":"Point","coordinates":[37.531908,55.807586]}},{"type":"Feature","id":"mno-1995964-123","properties":{"category":"МНО","layer":"mno","district":"Аэропорт","section":"Участок 1","name":"Шебашёвский проезд,дом 8, корпус 2","address":"Шебашёвский проезд,дом 8, корпус 2","source_address":"ДТ\\Шебашевский пр. 6, 8 к.1, 8 к.2","mno_type":"КП","container_count":"3","id":"691293","mno_id":"1995964"},"geometry":{"type":"Point","coordinates":[37.532465,55.806594]}},{"type":"Feature","id":"mno-894846535-124","properties":{"category":"МНО","layer":"mno","district":"Аэропорт","section":"Участок 3","name":"Эльдорадовский переулок,дом 4","address":"Эльдорадовский переулок,дом 4","source_address":"ДТ\\Эльдорадовский пер. 4","mno_type":"КП","container_count":"4","id":"620637","mno_id":"894846535"},"geometry":{"type":"Point","coordinates":[37.547748,55.799013]}},{"type":"Feature","id":"mno-10001-125","properties":{"category":"МНО","layer":"mno","district":"Аэропорт","section":"Участок 5","name":"Часовая ул. 25 к.2","address":"Часовая ул. 25 к.2","source_address":"ДТ\\Часовая ул. 25 к.2","mno_type":"КП","container_count":"3","id":"268537094","mno_id":"10001"},"geometry":{"type":"Point","coordinates":[37.518565,55.811389]}},{"type":"Feature","id":"mno-796711800-126","properties":{"category":"МНО","layer":"mno","district":"Беговой","section":"Участок 4","name":"1-й Боткинский проезд,дом 2/6","address":"1-й Боткинский проезд,дом 2/6","source_address":"ДТ\\Боткинский 1-й пр. 2/6","mno_type":"КП","container_count":"2","id":"564943","mno_id":"796711800"},"geometry":{"type":"Point","coordinates":[37.557302,55.781256]}},{"type":"Feature","id":"mno-78390859-127","properties":{"category":"МНО","layer":"mno","district":"Беговой","section":"Участок 4","name":"1-й Боткинский проезд,дом 4","address":"1-й Боткинский проезд,дом 4","source_address":"ДТ\\Боткинский 1-й пр. 4, 6","mno_type":"КП","container_count":"2","id":"441004","mno_id":"78390859"},"geometry":{"type":"Point","coordinates":[37.556534,55.782362]}},{"type":"Feature","id":"mno-783908590-128","properties":{"category":"МНО","layer":"mno","district":"Беговой","section":"Участок 4","name":"1-й Боткинский проезд,дом 6","address":"1-й Боткинский проезд,дом 6","source_address":"ДТ\\Боткинский 1-й пр. 4, 6","mno_type":"КП","container_count":"2","id":"441004","mno_id":"783908590"},"geometry":{"type":"Point","coordinates":[37.557958,55.783436]}},{"type":"Feature","id":"mno-885497869-129","properties":{"category":"МНО","layer":"mno","district":"Беговой","section":"Участок 5","name":"1-я улица Ямского Поля,дом 24","address":"1-я улица Ямского Поля,дом 24","source_address":"ДТ\\Ямского Поля 1-я ул. 24","mno_type":"КП","container_count":"4","id":"574222","mno_id":"885497869"},"geometry":{"type":"Point","coordinates":[37.585414,55.782694]}},{"type":"Feature","id":"mno-916113006-130","properties":{"category":"МНО","layer":"mno","district":"Беговой","section":"Участок 2","name":"5-я улица Ямского Поля,дом 23, корпус 1","address":"5-я улица Ямского Поля,дом 23, корпус 1","source_address":"ДТ\\Ямского Поля 5-я ул. 23 к.1, 23 к.2","mno_type":"КП","container_count":"2","id":"588432","mno_id":"916113006"},"geometry":{"type":"Point","coordinates":[37.577907,55.78785]}},{"type":"Feature","id":"mno-826244091-131","properties":{"category":"МНО","layer":"mno","district":"Беговой","section":"Участок 2","name":"Башиловка Нов. ул.,10","address":"Башиловка Нов. ул.,10","source_address":"ДТ\\Башиловка Нов. ул. 10","mno_type":"КП","container_count":"4","id":"567147","mno_id":"826244091"},"geometry":{"type":"Point","coordinates":[37.571466,55.788474]}},{"type":"Feature","id":"mno-798776665-132","properties":{"category":"МНО","layer":"mno","district":"Беговой","section":"Участок 2","name":"Башиловка Нов. ул.,14","address":"Башиловка Нов. ул.,14","source_address":"ДТ\\Башиловка Нов. ул. 14","mno_type":"КП","container_count":"3","id":"613320","mno_id":"798776665"},"geometry":{"type":"Point","coordinates":[37.571275,55.788738]}},{"type":"Feature","id":"mno-82161017-133","properties":{"category":"МНО","layer":"mno","district":"Беговой","section":"Участок 1","name":"Беговая аллея,дом 3","address":"Беговая аллея,дом 3","source_address":"ДТ\\Беговая аллея 3","mno_type":"КП","container_count":"3","id":"624420","mno_id":"82161017"},"geometry":{"type":"Point","coordinates":[37.566257,55.783761]}},{"type":"Feature","id":"mno-821610176-134","properties":{"category":"МНО","layer":"mno","district":"Беговой","section":"Участок 1","name":"Беговая аллея,дом 3","address":"Беговая аллея,дом 3","source_address":"ДТ\\Беговая аллея 3","mno_type":"Выкатные","container_count":"3","id":"624420","mno_id":"821610176"},"geometry":{"type":"Point","coordinates":[37.56587,55.783065]}},{"type":"Feature","id":"mno-816212246-135","properties":{"category":"МНО","layer":"mno","district":"Беговой","section":"Участок 1","name":"Беговая аллея,дом 9","address":"Беговая аллея,дом 9","source_address":"ДТ\\Беговая аллея 9","mno_type":"КП","container_count":"3","id":"486626","mno_id":"816212246"},"geometry":{"type":"Point","coordinates":[37.56587,55.783065]}},{"type":"Feature","id":"mno-809655887-136","properties":{"category":"МНО","layer":"mno","district":"Беговой","section":"Участок 4","name":"Беговая ул.,2","address":"Беговая ул.,2","source_address":"ДТ\\Беговая ул. 2","mno_type":"КП","container_count":"3","id":"575161","mno_id":"809655887"},"geometry":{"type":"Point","coordinates":[37.555494,55.775194]}},{"type":"Feature","id":"mno-82554494-137","properties":{"category":"МНО","layer":"mno","district":"Беговой","section":"Участок 4","name":"Беговая ул.,20 к.2","address":"Беговая ул.,20 к.2","source_address":"ДТ\\Беговая ул. 20 к.2","mno_type":"БП","container_count":"1","id":"569729","mno_id":"82554494"},"geometry":{"type":"Point","coordinates":[37.558471,55.777836]}},{"type":"Feature","id":"mno-825544941-138","properties":{"category":"МНО","layer":"mno","district":"Беговой","section":"Участок 4","name":"Беговая ул.,20 к.2","address":"Беговая ул.,20 к.2","source_address":"ДТ\\Беговая ул. 20 к.2","mno_type":"КП","container_count":"1","id":"569729","mno_id":"825544941"},"geometry":{"type":"Point","coordinates":[37.558471,55.777836]}},{"type":"Feature","id":"mno-809992155-139","properties":{"category":"МНО","layer":"mno","district":"Беговой","section":"Участок 4","name":"Беговая ул.,6 к.2","address":"Беговая ул.,6 к.2","source_address":"ДТ\\Беговая ул. 6 к.2","mno_type":"КП","container_count":"2","id":"619190","mno_id":"809992155"},"geometry":{"type":"Point","coordinates":[37.557295,55.776091]}},{"type":"Feature","id":"mno-816213025-140","properties":{"category":"МНО","layer":"mno","district":"Беговой","section":"Участок 4","name":"Беговая улица,дом 11","address":"Беговая улица,дом 11","source_address":"ДТ\\Беговая ул. 11","mno_type":"КП","container_count":"2","id":"569803","mno_id":"816213025"},"geometry":{"type":"Point","coordinates":[37.555892,55.779035]}},{"type":"Feature","id":"mno-786756557-141","properties":{"category":"МНО","layer":"mno","district":"Беговой","section":"Участок 4","name":"Беговая улица,дом 13","address":"Беговая улица,дом 13","source_address":"ДТ\\Беговая ул. 13","mno_type":"КП","container_count":"4","id":"399281","mno_id":"786756557"},"geometry":{"type":"Point","coordinates":[37.558154,55.78149]}},{"type":"Feature","id":"mno-816214685-142","properties":{"category":"МНО","layer":"mno","district":"Беговой","section":"Участок 4","name":"Беговая улица,дом 15","address":"Беговая улица,дом 15","source_address":"ДТ\\Беговая ул. 15","mno_type":"КП","container_count":"2","id":"2315748","mno_id":"816214685"},"geometry":{"type":"Point","coordinates":[37.556468,55.78203]}},{"type":"Feature","id":"mno-816217674-143","properties":{"category":"МНО","layer":"mno","district":"Беговой","section":"Участок 4","name":"Беговая улица,дом 17, корпус 1","address":"Беговая улица,дом 17, корпус 1","source_address":"ДТ\\Беговая ул. 17 к.1","mno_type":"КП","container_count":"2","id":"346983","mno_id":"816217674"},"geometry":{"type":"Point","coordinates":[37.558867,55.781546]}},{"type":"Feature","id":"mno-816218107-144","properties":{"category":"МНО","layer":"mno","district":"Беговой","section":"Участок 4","name":"Беговая улица,дом 24","address":"Беговая улица,дом 24","source_address":"ДТ\\Беговая ул. 24","mno_type":"КП","container_count":"2","id":"611962","mno_id":"816218107"},"geometry":{"type":"Point","coordinates":[37.557295,55.776091]}},{"type":"Feature","id":"mno-895764150-145","properties":{"category":"МНО","layer":"mno","district":"Беговой","section":"Участок 4","name":"Беговая улица,дом 26","address":"Беговая улица,дом 26","source_address":"ДТ\\Беговая ул. 26","mno_type":"КП","container_count":"2","id":"391577","mno_id":"895764150"},"geometry":{"type":"Point","coordinates":[37.559868,55.78068]}},{"type":"Feature","id":"mno-78390304-146","properties":{"category":"МНО","layer":"mno","district":"Беговой","section":"Участок 4","name":"Беговая улица,дом 32","address":"Беговая улица,дом 32","source_address":"ДТ\\Беговая ул. 32","mno_type":"КП","container_count":"2","id":"606493","mno_id":"78390304"},"geometry":{"type":"Point","coordinates":[37.562513,55.782319]}},{"type":"Feature","id":"mno-783903044-147","properties":{"category":"МНО","layer":"mno","district":"Беговой","section":"Участок 4","name":"Беговая улица,дом 32","address":"Беговая улица,дом 32","source_address":"ДТ\\Беговая ул. 32","mno_type":"БП","container_count":"2","id":"606493","mno_id":"783903044"},"geometry":{"type":"Point","coordinates":[37.562513,55.782319]}},{"type":"Feature","id":"mno-798242116-148","properties":{"category":"МНО","layer":"mno","district":"Беговой","section":"Участок 4","name":"Беговая улица,дом 34","address":"Беговая улица,дом 34","source_address":"ДТ\\Беговая ул. 34","mno_type":"КП","container_count":"3","id":"592105","mno_id":"798242116"},"geometry":{"type":"Point","coordinates":[37.565208,55.78446]}},{"type":"Feature","id":"mno-825988506-149","properties":{"category":"МНО","layer":"mno","district":"Беговой","section":"Участок 4","name":"Беговая улица,дом 5","address":"Беговая улица,дом 5","source_address":"ДТ\\Беговая ул. 5","mno_type":"КП","container_count":"3","id":"623379","mno_id":"825988506"},"geometry":{"type":"Point","coordinates":[37.554768,55.777416]}},{"type":"Feature","id":"mno-896159963-150","properties":{"category":"МНО","layer":"mno","district":"Беговой","section":"Участок 4","name":"Беговая улица,дом 6","address":"Беговая улица,дом 6","source_address":"ДТ\\Беговая ул. 6","mno_type":"КП","container_count":"5","id":"605484","mno_id":"896159963"},"geometry":{"type":"Point","coordinates":[37.555734,55.775863]}},{"type":"Feature","id":"mno-1184935655-151","properties":{"category":"МНО","layer":"mno","district":"Беговой","section":"Участок 4","name":"Беговая улица,дом 7","address":"Беговая улица,дом 7","source_address":"ДТ\\Беговая ул. 7","mno_type":"КП","container_count":"5","id":"2326022","mno_id":"1184935655"},"geometry":{"type":"Point","coordinates":[37.556101,55.778836]}},{"type":"Feature","id":"mno-1139021331-152","properties":{"category":"МНО","layer":"mno","district":"Беговой","section":"Участок 4","name":"Беговой проезд,дом 7","address":"Беговой проезд,дом 7","source_address":"ДТ\\Беговой пр. 7, 9","mno_type":"БП","container_count":"1","id":"577199","mno_id":"1139021331"},"geometry":{"type":"Point","coordinates":[37.554616,55.778004]}},{"type":"Feature","id":"mno-113902133-153","properties":{"category":"МНО","layer":"mno","district":"Беговой","section":"Участок 4","name":"Беговой проезд,дом 9","address":"Беговой проезд,дом 9","source_address":"ДТ\\Беговой пр. 7, 9","mno_type":"КП","container_count":"1","id":"577199","mno_id":"113902133"},"geometry":{"type":"Point","coordinates":[37.553048,55.778389]}},{"type":"Feature","id":"mno-917438787-154","properties":{"category":"МНО","layer":"mno","district":"Беговой","section":"Участок 1","name":"Верхняя улица,дом 14","address":"Верхняя улица,дом 14","source_address":"ДТ\\Верхняя ул. 14, 18","mno_type":"КП","container_count":"2","id":"599539","mno_id":"917438787"},"geometry":{"type":"Point","coordinates":[37.57535,55.778828]}},{"type":"Feature","id":"mno-91743878-155","properties":{"category":"МНО","layer":"mno","district":"Беговой","section":"Участок 1","name":"Верхняя улица,дом 18","address":"Верхняя улица,дом 18","source_address":"ДТ\\Верхняя ул. 14, 18","mno_type":"КП","container_count":"2","id":"599539","mno_id":"91743878"},"geometry":{"type":"Point","coordinates":[37.574987,55.778265]}},{"type":"Feature","id":"mno-90755695-156","properties":{"category":"МНО","layer":"mno","district":"Беговой","section":"Участок 1","name":"Верхняя улица,дом 3, корпус 2","address":"Верхняя улица,дом 3, корпус 2","source_address":"ДТ\\Верхняя ул. 3 к.1, 3 к.2","mno_type":"КП","container_count":"2","id":"482524","mno_id":"90755695"},"geometry":{"type":"Point","coordinates":[37.575066,55.776913]}},{"type":"Feature","id":"mno-907556958-157","properties":{"category":"МНО","layer":"mno","district":"Беговой","section":"Участок 1","name":"Верхняя улица,дом 3, корпус 2","address":"Верхняя улица,дом 3, корпус 2","source_address":"ДТ\\Верхняя ул. 3 к.1, 3 к.2","mno_type":"КП","container_count":"2","id":"482524","mno_id":"907556958"},"geometry":{"type":"Point","coordinates":[37.575031,55.776888]}},{"type":"Feature","id":"mno-1138822924-158","properties":{"category":"МНО","layer":"mno","district":"Беговой","section":"Участок 1","name":"Верхняя улица,дом 6","address":"Верхняя улица,дом 6","source_address":"ДТ\\Верхняя ул. 6","mno_type":"Выкатные","container_count":"2","id":"2325981","mno_id":"1138822924"},"geometry":{"type":"Point","coordinates":[37.552129,55.790185]}},{"type":"Feature","id":"mno-778580899-159","properties":{"category":"МНО","layer":"mno","district":"Беговой","section":"Участок 1","name":"Ленинградский проспект,дом 1","address":"Ленинградский проспект,дом 1","source_address":"ДТ\\Ленинградский просп. 1","mno_type":"КП","container_count":"5","id":"613074","mno_id":"778580899"},"geometry":{"type":"Point","coordinates":[37.579426,55.777613]}},{"type":"Feature","id":"mno-765922215-160","properties":{"category":"МНО","layer":"mno","district":"Беговой","section":"Участок 5","name":"Ленинградский проспект,дом 10","address":"Ленинградский проспект,дом 10","source_address":"ДТ\\Ленинградский просп. 10","mno_type":"КП","container_count":"2","id":"459464","mno_id":"765922215"},"geometry":{"type":"Point","coordinates":[37.580117,55.779925]}},{"type":"Feature","id":"mno-813498425-161","properties":{"category":"МНО","layer":"mno","district":"Беговой","section":"Участок 5","name":"Ленинградский проспект,дом 12","address":"Ленинградский проспект,дом 12","source_address":"ДТ\\Ленинградский просп. 12","mno_type":"КП","container_count":"3","id":"389895","mno_id":"813498425"},"geometry":{"type":"Point","coordinates":[37.579363,55.780137]}},{"type":"Feature","id":"mno-797083324-162","properties":{"category":"МНО","layer":"mno","district":"Беговой","section":"Участок 1","name":"Ленинградский проспект,дом 13, строение 1","address":"Ленинградский проспект,дом 13, строение 1","source_address":"ДТ\\Ленинградский просп. 13 стр.1, 13 стр.1А","mno_type":"КП","container_count":"3","id":"598662","mno_id":"797083324"},"geometry":{"type":"Point","coordinates":[37.573693,55.78078]}},{"type":"Feature","id":"mno-81346210-163","properties":{"category":"МНО","layer":"mno","district":"Беговой","section":"Участок 5","name":"Ленинградский проспект,дом 14, корпус 1","address":"Ленинградский проспект,дом 14, корпус 1","source_address":"ДТ\\Ленинградский просп. 14 к.1","mno_type":"БП","container_count":"1","id":"629323","mno_id":"81346210"},"geometry":{"type":"Point","coordinates":[37.578382,55.7815]}},{"type":"Feature","id":"mno-813462102-164","properties":{"category":"МНО","layer":"mno","district":"Беговой","section":"Участок 5","name":"Ленинградский проспект,дом 14, корпус 1","address":"Ленинградский проспект,дом 14, корпус 1","source_address":"ДТ\\Ленинградский просп. 14 к.1","mno_type":"КП","container_count":"1","id":"629323","mno_id":"813462102"},"geometry":{"type":"Point","coordinates":[37.578433,55.781483]}},{"type":"Feature","id":"mno-766111044-165","properties":{"category":"МНО","layer":"mno","district":"Беговой","section":"Участок 5","name":"Ленинградский проспект,дом 18","address":"Ленинградский проспект,дом 18","source_address":"ДТ\\Ленинградский просп. 18","mno_type":"КП","container_count":"2","id":"756650","mno_id":"766111044"},"geometry":{"type":"Point","coordinates":[37.576238,55.781713]}},{"type":"Feature","id":"mno-905057045-166","properties":{"category":"МНО","layer":"mno","district":"Беговой","section":"Участок 5","name":"Ленинградский проспект,дом 24","address":"Ленинградский проспект,дом 24","source_address":"ДТ\\Ленинградский просп. 24","mno_type":"КП","container_count":"4","id":"586443","mno_id":"905057045"},"geometry":{"type":"Point","coordinates":[37.573614,55.782789]}},{"type":"Feature","id":"mno-806220743-167","properties":{"category":"МНО","layer":"mno","district":"Беговой","section":"Участок 5","name":"Ленинградский проспект,дом 26, корпус 2","address":"Ленинградский проспект,дом 26, корпус 2","source_address":"ДТ\\Ленинградский просп. 26 к.2","mno_type":"КП","container_count":"4","id":"601755","mno_id":"806220743"},"geometry":{"type":"Point","coordinates":[37.573666,55.784353]}},{"type":"Feature","id":"mno-79072839-168","properties":{"category":"МНО","layer":"mno","district":"Беговой","section":"Участок 1","name":"Ленинградский проспект,дом 27","address":"Ленинградский проспект,дом 27","source_address":"ДТ\\Ленинградский просп. 27","mno_type":"БП","container_count":"1","id":"634798","mno_id":"79072839"},"geometry":{"type":"Point","coordinates":[37.566257,55.783761]}},{"type":"Feature","id":"mno-790728393-169","properties":{"category":"МНО","layer":"mno","district":"Беговой","section":"Участок 1","name":"Ленинградский проспект,дом 27","address":"Ленинградский проспект,дом 27","source_address":"ДТ\\Ленинградский просп. 27","mno_type":"КП","container_count":"1","id":"634798","mno_id":"790728393"},"geometry":{"type":"Point","coordinates":[37.566257,55.783761]}},{"type":"Feature","id":"mno-78391860-170","properties":{"category":"МНО","layer":"mno","district":"Беговой","section":"Участок 4","name":"Ленинградский проспект,дом 33А","address":"Ленинградский проспект,дом 33А","source_address":"ДТ\\Ленинградский просп. 33А","mno_type":"КП","container_count":"3","id":"633447","mno_id":"78391860"},"geometry":{"type":"Point","coordinates":[37.558494,55.78779]}},{"type":"Feature","id":"mno-783918602-171","properties":{"category":"МНО","layer":"mno","district":"Беговой","section":"Участок 4","name":"Ленинградский проспект,дом 33А","address":"Ленинградский проспект,дом 33А","source_address":"ДТ\\Ленинградский просп. 33А","mno_type":"КП","container_count":"3","id":"633447","mno_id":"783918602"},"geometry":{"type":"Point","coordinates":[37.556676,55.788669]}},{"type":"Feature","id":"mno-79129519-172","properties":{"category":"МНО","layer":"mno","district":"Беговой","section":"Участок 4","name":"Ленинградский проспект,дом 33, корпус 4","address":"Ленинградский проспект,дом 33, корпус 4","source_address":"ДТ\\Ленинградский просп. 33 к.1, 33 к.10, 33 к.3, 33 к.4, 33 к.5, 33 к.6, 33 к.7, 33 к.8, 33 к.9","mno_type":"БП","container_count":"1","id":"624040","mno_id":"79129519"},"geometry":{"type":"Point","coordinates":[37.559325,55.787024]}},{"type":"Feature","id":"mno-791295199-173","properties":{"category":"МНО","layer":"mno","district":"Беговой","section":"Участок 4","name":"Ленинградский проспект,дом 33, корпус 8","address":"Ленинградский проспект,дом 33, корпус 8","source_address":"ДТ\\Ленинградский просп. 33 к.1, 33 к.10, 33 к.3, 33 к.4, 33 к.5, 33 к.6, 33 к.7, 33 к.8, 33 к.9","mno_type":"КП","container_count":"1","id":"624040","mno_id":"791295199"},"geometry":{"type":"Point","coordinates":[37.559325,55.787024]}},{"type":"Feature","id":"mno-783838722-174","properties":{"category":"МНО","layer":"mno","district":"Беговой","section":"Участок 4","name":"Ленинградский проспект,дом 35","address":"Ленинградский проспект,дом 35","source_address":"ДТ\\Ленинградский просп. 35","mno_type":"КП","container_count":"2","id":"420139","mno_id":"783838722"},"geometry":{"type":"Point","coordinates":[37.552129,55.790185]}},{"type":"Feature","id":"mno-908685119-175","properties":{"category":"МНО","layer":"mno","district":"Беговой","section":"Участок 5","name":"Ленинградский проспект,дом 4/2","address":"Ленинградский проспект,дом 4/2","source_address":"ДТ\\Ленинградский просп. 2, 4/2","mno_type":"КП","container_count":"3","id":"597840","mno_id":"908685119"},"geometry":{"type":"Point","coordinates":[37.58215,55.77912]}},{"type":"Feature","id":"mno-80614642-176","properties":{"category":"МНО","layer":"mno","district":"Беговой","section":"Участок 1","name":"Ленинградский проспект,дом 5, строение 2","address":"Ленинградский проспект,дом 5, строение 2","source_address":"ДТ\\Ленинградский просп. 5 стр.2, 5 стр.3","mno_type":"КП","container_count":"3","id":"588486","mno_id":"80614642"},"geometry":{"type":"Point","coordinates":[37.576651,55.779314]}},{"type":"Feature","id":"mno-806146426-177","properties":{"category":"МНО","layer":"mno","district":"Беговой","section":"Участок 1","name":"Ленинградский проспект,дом 5, строение 3","address":"Ленинградский проспект,дом 5, строение 3","source_address":"ДТ\\Ленинградский просп. 5 стр.2, 5 стр.3","mno_type":"БП","container_count":"3","id":"588486","mno_id":"806146426"},"geometry":{"type":"Point","coordinates":[37.577569,55.778754]}},{"type":"Feature","id":"mno-910936241-178","properties":{"category":"МНО","layer":"mno","district":"Беговой","section":"Участок 1","name":"Ленинградский проспект,дом 9","address":"Ленинградский проспект,дом 9","source_address":"ДТ\\Ленинградский просп. 9","mno_type":"КП","container_count":"2","id":"624851","mno_id":"910936241"},"geometry":{"type":"Point","coordinates":[37.574944,55.779889]}},{"type":"Feature","id":"mno-948238373-179","properties":{"category":"МНО","layer":"mno","district":"Беговой","section":"Участок 1","name":"Нижняя улица,дом 3","address":"Нижняя улица,дом 3","source_address":"ДТ\\Нижняя улица дом 3, дом 5, дом 7","mno_type":"КП","container_count":"2","id":"417603","mno_id":"948238373"},"geometry":{"type":"Point","coordinates":[37.579546,55.776861]}},{"type":"Feature","id":"mno-891030374-180","properties":{"category":"МНО","layer":"mno","district":"Беговой","section":"Участок 1","name":"Нижняя улица,дом 4","address":"Нижняя улица,дом 4","source_address":"ДТ\\Нижняя ул. 4","mno_type":"Выкатные","container_count":"2","id":"375546","mno_id":"891030374"},"geometry":{"type":"Point","coordinates":[37.577957,55.777479]}},{"type":"Feature","id":"mno-951409741-181","properties":{"category":"МНО","layer":"mno","district":"Беговой","section":"Участок 1","name":"Нижняя улица,дом 6","address":"Нижняя улица,дом 6","source_address":"ДТ\\Нижняя ул. 6","mno_type":"Выкатные","container_count":"2","id":"393074","mno_id":"951409741"},"geometry":{"type":"Point","coordinates":[37.577059,55.776922]}},{"type":"Feature","id":"mno-94823837-182","properties":{"category":"МНО","layer":"mno","district":"Беговой","section":"Участок 1","name":"Нижняя улица,дом 7","address":"Нижняя улица,дом 7","source_address":"ДТ\\Нижняя улица дом 3, дом 5, дом 7","mno_type":"БП","container_count":"2","id":"417603","mno_id":"94823837"},"geometry":{"type":"Point","coordinates":[37.577702,55.776137]}},{"type":"Feature","id":"mno-1989334-183","properties":{"category":"МНО","layer":"mno","district":"Беговой","section":"Участок 5","name":"переулок Расковой,дом 17","address":"переулок Расковой,дом 17","source_address":"ДТ\\переулок Расковой дом 17","mno_type":"КП","container_count":"2","id":"389864","mno_id":"1989334"},"geometry":{"type":"Point","coordinates":[37.574418,55.785646]}},{"type":"Feature","id":"mno-822533191-184","properties":{"category":"МНО","layer":"mno","district":"Беговой","section":"Участок 5","name":"переулок Расковой,дом 19","address":"переулок Расковой,дом 19","source_address":"ДТ\\Расковой пер. 19","mno_type":"КП","container_count":"3","id":"414578","mno_id":"822533191"},"geometry":{"type":"Point","coordinates":[37.572916,55.785784]}},{"type":"Feature","id":"mno-1989538-185","properties":{"category":"МНО","layer":"mno","district":"Беговой","section":"Участок 2","name":"переулок Расковой,дом 24","address":"переулок Расковой,дом 24","source_address":"ДТ\\Расковой пер. 24","mno_type":"КП","container_count":"4","id":"748919","mno_id":"1989538"},"geometry":{"type":"Point","coordinates":[37.573768,55.786621]}},{"type":"Feature","id":"mno-942758935-186","properties":{"category":"МНО","layer":"mno","district":"Беговой","section":"Участок 1","name":"Скаковая аллея,дом 9","address":"Скаковая аллея,дом 9","source_address":"ДТ\\Скаковая аллея 9","mno_type":"КП","container_count":"2","id":"384508","mno_id":"942758935"},"geometry":{"type":"Point","coordinates":[37.564702,55.781155]}},{"type":"Feature","id":"mno-81693120-187","properties":{"category":"МНО","layer":"mno","district":"Беговой","section":"Участок 1","name":"Скаковая улица,дом 13, корпус 1","address":"Скаковая улица,дом 13, корпус 1","source_address":"ДТ\\Скаковая ул. 13 к.1, 13 к.2, 15 к.1, 15 к.2","mno_type":"КП","container_count":"2","id":"461164","mno_id":"81693120"},"geometry":{"type":"Point","coordinates":[37.571182,55.77928]}},{"type":"Feature","id":"mno-816931207-188","properties":{"category":"МНО","layer":"mno","district":"Беговой","section":"Участок 1","name":"Скаковая улица,дом 15, корпус 1","address":"Скаковая улица,дом 15, корпус 1","source_address":"ДТ\\Скаковая ул. 13 к.1, 13 к.2, 15 к.1, 15 к.2","mno_type":"КП","container_count":"2","id":"461164","mno_id":"816931207"},"geometry":{"type":"Point","coordinates":[37.572223,55.778221]}},{"type":"Feature","id":"mno-786917169-189","properties":{"category":"МНО","layer":"mno","district":"Беговой","section":"Участок 1","name":"Скаковая улица,дом 18","address":"Скаковая улица,дом 18","source_address":"ДТ\\Скаковая ул. 18, 18А","mno_type":"КП","container_count":"2","id":"373793","mno_id":"786917169"},"geometry":{"type":"Point","coordinates":[37.568432,55.780999]}},{"type":"Feature","id":"mno-826242385-190","properties":{"category":"МНО","layer":"mno","district":"Беговой","section":"Участок 1","name":"Скаковая улица,дом 34, корпус 3","address":"Скаковая улица,дом 34, корпус 3","source_address":"ДТ\\Скаковая ул. 34 к.1, 34 к.2, 34 к.3, 34 к.4","mno_type":"БП","container_count":"1","id":"467486","mno_id":"826242385"},"geometry":{"type":"Point","coordinates":[37.5708,55.777303]}},{"type":"Feature","id":"mno-786913089-191","properties":{"category":"МНО","layer":"mno","district":"Беговой","section":"Участок 1","name":"Скаковая улица,дом 4, корпус 1","address":"Скаковая улица,дом 4, корпус 1","source_address":"ДТ\\Скаковая ул. 14, 4 к.1, 4 к.2","mno_type":"КП","container_count":"2","id":"391016","mno_id":"786913089"},"geometry":{"type":"Point","coordinates":[37.56677,55.782509]}},{"type":"Feature","id":"mno-812832341-192","properties":{"category":"МНО","layer":"mno","district":"Беговой","section":"Участок 1","name":"Скаковая улица,дом 5","address":"Скаковая улица,дом 5","source_address":"ДТ\\Скаковая ул. 5","mno_type":"КП","container_count":"2","id":"1278513","mno_id":"812832341"},"geometry":{"type":"Point","coordinates":[37.56844,55.781008]}},{"type":"Feature","id":"mno-915953799-193","properties":{"category":"МНО","layer":"mno","district":"Беговой","section":"Участок 1","name":"Скаковая улица,дом 7/21А","address":"Скаковая улица,дом 7/21А","source_address":"ДТ\\Скаковая ул. 7/21А","mno_type":"КП","container_count":"2","id":"352101","mno_id":"915953799"},"geometry":{"type":"Point","coordinates":[37.56844,55.781008]}},{"type":"Feature","id":"mno-81555091-194","properties":{"category":"МНО","layer":"mno","district":"Беговой","section":"Участок 2","name":"улица Нижняя Масловка,дом 5","address":"улица Нижняя Масловка,дом 5","source_address":"ДТ\\Масловка Нижн. ул. 5, 5 к.1, 5 к.2, 5 к.3, 5 к.5","mno_type":"КП","container_count":"5","id":"382814","mno_id":"81555091"},"geometry":{"type":"Point","coordinates":[37.583592,55.791057]}},{"type":"Feature","id":"mno-815550911-195","properties":{"category":"МНО","layer":"mno","district":"Беговой","section":"Участок 2","name":"улица Нижняя Масловка,дом 5","address":"улица Нижняя Масловка,дом 5","source_address":"ДТ\\Масловка Нижн. ул. 5, 5 к.1, 5 к.2, 5 к.3, 5 к.5","mno_type":"БП","container_count":"5","id":"382814","mno_id":"815550911"},"geometry":{"type":"Point","coordinates":[37.583592,55.791057]}},{"type":"Feature","id":"mno-907540856-196","properties":{"category":"МНО","layer":"mno","district":"Беговой","section":"Участок 4","name":"улица Поликарпова,дом 8","address":"улица Поликарпова,дом 8","source_address":"ДТ\\Поликарпова ул. 8","mno_type":"КП","container_count":"2","id":"413616","mno_id":"907540856"},"geometry":{"type":"Point","coordinates":[37.55236,55.777399]}},{"type":"Feature","id":"mno-804892415-197","properties":{"category":"МНО","layer":"mno","district":"Беговой","section":"Участок 5","name":"улица Правды,дом 1","address":"улица Правды,дом 1","source_address":"ДТ\\Правды ул. 1","mno_type":"КП","container_count":"2","id":"435843","mno_id":"804892415"},"geometry":{"type":"Point","coordinates":[37.574934,55.782807]}},{"type":"Feature","id":"mno-787148387-198","properties":{"category":"МНО","layer":"mno","district":"Беговой","section":"Участок 5","name":"улица Правды,дом 11","address":"улица Правды,дом 11","source_address":"ДТ\\Правды ул. 11","mno_type":"КП","container_count":"2","id":"740258","mno_id":"787148387"},"geometry":{"type":"Point","coordinates":[37.578033,55.786204]}},{"type":"Feature","id":"mno-786889417-199","properties":{"category":"МНО","layer":"mno","district":"Беговой","section":"Участок 5","name":"улица Правды,дом 17/19","address":"улица Правды,дом 17/19","source_address":"ДТ\\Правды ул. 17/19","mno_type":"КП","container_count":"2","id":"356891","mno_id":"786889417"},"geometry":{"type":"Point","coordinates":[37.578719,55.786789]}},{"type":"Feature","id":"mno-792727240-200","properties":{"category":"МНО","layer":"mno","district":"Беговой","section":"Участок 5","name":"улица Правды,дом 2А","address":"улица Правды,дом 2А","source_address":"ДТ\\Правды ул. 2А","mno_type":"КП","container_count":"2","id":"358151","mno_id":"792727240"},"geometry":{"type":"Point","coordinates":[37.576474,55.782588]}},{"type":"Feature","id":"mno-786898603-201","properties":{"category":"МНО","layer":"mno","district":"Беговой","section":"Участок 5","name":"улица Правды,дом 3/1","address":"улица Правды,дом 3/1","source_address":"ДТ\\Правды ул. 3/1","mno_type":"КП","container_count":"2","id":"354449","mno_id":"786898603"},"geometry":{"type":"Point","coordinates":[37.575932,55.783957]}},{"type":"Feature","id":"mno-1137852231-202","properties":{"category":"МНО","layer":"mno","district":"Беговой","section":"Участок 5","name":"улица Правды,дом 4","address":"улица Правды,дом 4","source_address":"ДТ\\Правды ул. 4","mno_type":"КП","container_count":"3","id":"424564","mno_id":"1137852231"},"geometry":{"type":"Point","coordinates":[37.576162,55.783155]}},{"type":"Feature","id":"mno-910935705-203","properties":{"category":"МНО","layer":"mno","district":"Беговой","section":"Участок 5","name":"улица Правды,дом 5","address":"улица Правды,дом 5","source_address":"ДТ\\Правды ул. 5","mno_type":"КП","container_count":"2","id":"392765","mno_id":"910935705"},"geometry":{"type":"Point","coordinates":[37.575849,55.78399]}},{"type":"Feature","id":"mno-784592249-204","properties":{"category":"МНО","layer":"mno","district":"Беговой","section":"Участок 5","name":"улица Правды,дом 6/34","address":"улица Правды,дом 6/34","source_address":"ДТ\\Правды ул. 6/34","mno_type":"КП","container_count":"4","id":"422428","mno_id":"784592249"},"geometry":{"type":"Point","coordinates":[37.578598,55.783151]}},{"type":"Feature","id":"mno-783994344-205","properties":{"category":"МНО","layer":"mno","district":"Беговой","section":"Участок 5","name":"улица Правды,дом 7/9","address":"улица Правды,дом 7/9","source_address":"ДТ\\Правды ул. 7/9, 7/9 к.1","mno_type":"КП","container_count":"6","id":"427387","mno_id":"783994344"},"geometry":{"type":"Point","coordinates":[37.577001,55.78542]}},{"type":"Feature","id":"mno-80625174-206","properties":{"category":"МНО","layer":"mno","district":"Беговой","section":"Участок 2","name":"улица Расковой,дом 1","address":"улица Расковой,дом 1","source_address":"ДТ\\Башиловка Нов. ул. 4, 6; Ленинградский просп. 34; Расковой ул. 1","mno_type":"БП","container_count":"1","id":"370425","mno_id":"80625174"},"geometry":{"type":"Point","coordinates":[37.569371,55.786119]}},{"type":"Feature","id":"mno-806251742-207","properties":{"category":"МНО","layer":"mno","district":"Беговой","section":"Участок 2","name":"улица Расковой,дом 1","address":"улица Расковой,дом 1","source_address":"ДТ\\Башиловка Нов. ул. 4, 6; Ленинградский просп. 34; Расковой ул. 1","mno_type":"КП","container_count":"1","id":"370425","mno_id":"806251742"},"geometry":{"type":"Point","coordinates":[37.569443,55.786115]}},{"type":"Feature","id":"mno-871654620-208","properties":{"category":"МНО","layer":"mno","district":"Беговой","section":"Участок 5","name":"улица Расковой,дом 12","address":"улица Расковой,дом 12","source_address":"ДТ\\Расковой ул. 10, 12, 8","mno_type":"КП","container_count":"4","id":"1348113","mno_id":"871654620"},"geometry":{"type":"Point","coordinates":[37.571568,55.786078]}},{"type":"Feature","id":"mno-950059202-209","properties":{"category":"МНО","layer":"mno","district":"Беговой","section":"Участок 2","name":"улица Расковой,дом 16/26, корпус 3","address":"улица Расковой,дом 16/26, корпус 3","source_address":"ДТ\\Расковой ул. 16/26 к.3","mno_type":"КП","container_count":"2","id":"345843","mno_id":"950059202"},"geometry":{"type":"Point","coordinates":[37.576664,55.78682]}},{"type":"Feature","id":"mno-774797665-210","properties":{"category":"МНО","layer":"mno","district":"Беговой","section":"Участок 2","name":"улица Расковой,дом 22, корпус 1","address":"улица Расковой,дом 22, корпус 1","source_address":"ДТ\\Расковой ул. 22 к.1, 22 к.2","mno_type":"КП","container_count":"2","id":"430746","mno_id":"774797665"},"geometry":{"type":"Point","coordinates":[37.57434,55.788097]}},{"type":"Feature","id":"mno-910931473-211","properties":{"category":"МНО","layer":"mno","district":"Беговой","section":"Участок 2","name":"улица Расковой,дом 23А","address":"улица Расковой,дом 23А","source_address":"ДТ\\Расковой ул. 23А","mno_type":"БП","container_count":"1","id":"444472","mno_id":"910931473"},"geometry":{"type":"Point","coordinates":[37.574095,55.790183]}},{"type":"Feature","id":"mno-791272067-212","properties":{"category":"МНО","layer":"mno","district":"Беговой","section":"Участок 2","name":"улица Расковой,дом 24А","address":"улица Расковой,дом 24А","source_address":"ДТ\\Расковой ул. 24А","mno_type":"КП","container_count":"2","id":"456424","mno_id":"791272067"},"geometry":{"type":"Point","coordinates":[37.574954,55.788624]}},{"type":"Feature","id":"mno-939587356-213","properties":{"category":"МНО","layer":"mno","district":"Беговой","section":"Участок 2","name":"улица Расковой,дом 25","address":"улица Расковой,дом 25","source_address":"ДТ\\Расковой ул. 25","mno_type":"КП","container_count":"3","id":"406841","mno_id":"939587356"},"geometry":{"type":"Point","coordinates":[37.574941,55.790532]}},{"type":"Feature","id":"mno-1088486388-214","properties":{"category":"МНО","layer":"mno","district":"Беговой","section":"Участок 2","name":"улица Расковой,дом 26/29","address":"улица Расковой,дом 26/29","source_address":"ДТ\\Расковой ул. 26/29","mno_type":"Выкатные","container_count":"1","id":"434347","mno_id":"1088486388"},"geometry":{"type":"Point","coordinates":[37.575066,55.789305]}},{"type":"Feature","id":"mno-1295313234-215","properties":{"category":"МНО","layer":"mno","district":"Беговой","section":"Участок 2","name":"улица Расковой,дом 3","address":"улица Расковой,дом 3","source_address":"ДТ\\Расковой ул. 3","mno_type":"КП","container_count":"3","id":"1295313234","mno_id":"1295313234"},"geometry":{"type":"Point","coordinates":[37.570465,55.787525]}},{"type":"Feature","id":"mno-786034324-216","properties":{"category":"МНО","layer":"mno","district":"Беговой","section":"Участок 2","name":"улица Расковой,дом 30","address":"улица Расковой,дом 30","source_address":"ДТ\\Расковой ул. 30","mno_type":"КП","container_count":"2","id":"478460","mno_id":"786034324"},"geometry":{"type":"Point","coordinates":[37.576687,55.790018]}},{"type":"Feature","id":"mno-113882292-217","properties":{"category":"МНО","layer":"mno","district":"Беговой","section":"Участок 1","name":"Верхняя ул. 6","address":"Верхняя ул. 6","source_address":"ДТ\\Верхняя ул. 6","mno_type":"КП","container_count":"2","id":"2325981","mno_id":"113882292"},"geometry":{"type":"Point","coordinates":[37.576997,55.777175]}},{"type":"Feature","id":"mno-1265676795-218","properties":{"category":"МНО","layer":"mno","district":"Бескудниковский","section":"Участок 4","name":"Дмитровское шоссе,дом 94, корпус 1","address":"Дмитровское шоссе,дом 94, корпус 1","source_address":"ДТ\\Дмитровское шоссе 94 к.1","mno_type":"КП","container_count":"3","id":"4123758","mno_id":"1265676795"},"geometry":{"type":"Point","coordinates":[37.548503,55.874638]}},{"type":"Feature","id":"mno-1270006361-219","properties":{"category":"МНО","layer":"mno","district":"Бескудниковский","section":"Участок 3","name":"Дубнинская улица,дом 5, корпус 1","address":"Дубнинская улица,дом 5, корпус 1","source_address":"ДТ\\Дубнинская ул. 5 к.1","mno_type":"КП","container_count":"3","id":"720125","mno_id":"1270006361"},"geometry":{"type":"Point","coordinates":[37.566522,55.856136]}},{"type":"Feature","id":"mno-820706234-220","properties":{"category":"МНО","layer":"mno","district":"Бескудниковский","section":"Участок 3","name":"Бескудниковский бульвар,дом 6, корпус 4","address":"Бескудниковский бульвар,дом 6, корпус 4","source_address":"ДТ\\Бескудниковский бульв. 6 к.3, 6 к.4","mno_type":"КП","container_count":"12","id":"716783","mno_id":"820706234"},"geometry":{"type":"Point","coordinates":[37.56357,55.858254]}},{"type":"Feature","id":"mno-1292508758-221","properties":{"category":"МНО","layer":"mno","district":"Бескудниковский","section":"Участок 5","name":"Бескудниковский бульв.,52","address":"Бескудниковский бульв.,52","source_address":"ДТ\\Бескудниковский бульв. 52","mno_type":"КП","container_count":"3","id":"1033554677","mno_id":"1292508758"},"geometry":{"type":"Point","coordinates":[37.538274,55.874375]}},{"type":"Feature","id":"mno-81887087-222","properties":{"category":"МНО","layer":"mno","district":"Бескудниковский","section":"Участок 3","name":"Бескудниковский бульвар,дом 10, корпус 1","address":"Бескудниковский бульвар,дом 10, корпус 1","source_address":"ДТ\\Бескудниковский бульв. 10 к.1, 10 к.2, 10 к.3, 10 к.4, 10 к.5","mno_type":"КП","container_count":"3","id":"700861","mno_id":"81887087"},"geometry":{"type":"Point","coordinates":[37.563541,55.859603]}},{"type":"Feature","id":"mno-8188708-223","properties":{"category":"МНО","layer":"mno","district":"Бескудниковский","section":"Участок 3","name":"Бескудниковский бульвар,дом 10, корпус 3","address":"Бескудниковский бульвар,дом 10, корпус 3","source_address":"ДТ\\Бескудниковский бульв. 10 к.1, 10 к.2, 10 к.3, 10 к.4, 10 к.5","mno_type":"КП","container_count":"3","id":"700861","mno_id":"8188708"},"geometry":{"type":"Point","coordinates":[37.563504,55.8607]}},{"type":"Feature","id":"mno-818870-224","properties":{"category":"МНО","layer":"mno","district":"Бескудниковский","section":"Участок 3","name":"Бескудниковский бульвар,дом 10, корпус 5","address":"Бескудниковский бульвар,дом 10, корпус 5","source_address":"ДТ\\Бескудниковский бульв. 10 к.1, 10 к.2, 10 к.3, 10 к.4, 10 к.5","mno_type":"КП","container_count":"3","id":"700861","mno_id":"818870"},"geometry":{"type":"Point","coordinates":[37.563272,55.861496]}},{"type":"Feature","id":"mno-818870873-225","properties":{"category":"МНО","layer":"mno","district":"Бескудниковский","section":"Участок 3","name":"Бескудниковский бульвар,дом 10, корпус 5","address":"Бескудниковский бульвар,дом 10, корпус 5","source_address":"ДТ\\Бескудниковский бульв. 10 к.1, 10 к.2, 10 к.3, 10 к.4, 10 к.5","mno_type":"БП","container_count":"3","id":"700861","mno_id":"818870873"},"geometry":{"type":"Point","coordinates":[37.563541,55.859603]}},{"type":"Feature","id":"mno-43504617-226","properties":{"category":"МНО","layer":"mno","district":"Бескудниковский","section":"Участок 8","name":"Бескудниковский бульвар,дом 11, корпус 1","address":"Бескудниковский бульвар,дом 11, корпус 1","source_address":"ДТ\\Бескудниковский бульв. 11 к.1","mno_type":"КП","container_count":"3","id":"435045929","mno_id":"43504617"},"geometry":{"type":"Point","coordinates":[37.560316,55.862932]}},{"type":"Feature","id":"mno-4350461-227","properties":{"category":"МНО","layer":"mno","district":"Бескудниковский","section":"Участок 8","name":"Бескудниковский бульвар,дом 11, корпус 1","address":"Бескудниковский бульвар,дом 11, корпус 1","source_address":"ДТ\\Бескудниковский бульв. 11 к.1","mno_type":"БП","container_count":"3","id":"435045929","mno_id":"4350461"},"geometry":{"type":"Point","coordinates":[37.560316,55.862932]}},{"type":"Feature","id":"mno-435046179-228","properties":{"category":"МНО","layer":"mno","district":"Бескудниковский","section":"Участок 8","name":"Бескудниковский бульвар,дом 11, корпус 1","address":"Бескудниковский бульвар,дом 11, корпус 1","source_address":"ДТ\\Бескудниковский бульв. 11 к.1","mno_type":"КП","container_count":"3","id":"435045929","mno_id":"435046179"},"geometry":{"type":"Point","coordinates":[37.559264,55.862682]}},{"type":"Feature","id":"mno-435044657-229","properties":{"category":"МНО","layer":"mno","district":"Бескудниковский","section":"Участок 8","name":"Бескудниковский бульвар,дом 11, корпус 2","address":"Бескудниковский бульвар,дом 11, корпус 2","source_address":"ДТ\\Бескудниковский бульв. 11 к.2","mno_type":"КП","container_count":"4","id":"435043723","mno_id":"435044657"},"geometry":{"type":"Point","coordinates":[37.558116,55.862796]}},{"type":"Feature","id":"mno-435033850-230","properties":{"category":"МНО","layer":"mno","district":"Бескудниковский","section":"Участок 8","name":"Бескудниковский бульвар,дом 13","address":"Бескудниковский бульвар,дом 13","source_address":"ДТ\\Бескудниковский бульв. 13","mno_type":"КП","container_count":"3","id":"435033504","mno_id":"435033850"},"geometry":{"type":"Point","coordinates":[37.55951,55.863954]}},{"type":"Feature","id":"mno-926144765-231","properties":{"category":"МНО","layer":"mno","district":"Бескудниковский","section":"Участок 8","name":"Бескудниковский бульвар,дом 15, корпус 1","address":"Бескудниковский бульвар,дом 15, корпус 1","source_address":"ДТ\\Бескудниковский бульв. 15 к.1","mno_type":"КП","container_count":"3","id":"687785","mno_id":"926144765"},"geometry":{"type":"Point","coordinates":[37.558386,55.864527]}},{"type":"Feature","id":"mno-819736461-232","properties":{"category":"МНО","layer":"mno","district":"Бескудниковский","section":"Участок 3","name":"Бескудниковский бульвар,дом 16, корпус 4","address":"Бескудниковский бульвар,дом 16, корпус 4","source_address":"ДТ\\Бескудниковский бульв. 16 к.1, 16 к.2, 16 к.3, 16 к.4","mno_type":"КП","container_count":"3","id":"720194","mno_id":"819736461"},"geometry":{"type":"Point","coordinates":[37.561356,55.864343]}},{"type":"Feature","id":"mno-1017769690-233","properties":{"category":"МНО","layer":"mno","district":"Бескудниковский","section":"Участок 8","name":"Бескудниковский бульвар,дом 19, корпус 2","address":"Бескудниковский бульвар,дом 19, корпус 2","source_address":"ДТ\\Бескудниковский бульв. 19 к.2","mno_type":"Выкатные","container_count":"3","id":"703726","mno_id":"1017769690"},"geometry":{"type":"Point","coordinates":[37.556966,55.865549]}},{"type":"Feature","id":"mno-101776969-234","properties":{"category":"МНО","layer":"mno","district":"Бескудниковский","section":"Участок 8","name":"Бескудниковский бульвар,дом 19, корпус 2","address":"Бескудниковский бульвар,дом 19, корпус 2","source_address":"ДТ\\Бескудниковский бульв. 19 к.2","mno_type":"КП","container_count":"3","id":"703726","mno_id":"101776969"},"geometry":{"type":"Point","coordinates":[37.556966,55.865549]}},{"type":"Feature","id":"mno-819721149-235","properties":{"category":"МНО","layer":"mno","district":"Бескудниковский","section":"Участок 3","name":"Бескудниковский бульвар,дом 20, корпус 5","address":"Бескудниковский бульвар,дом 20, корпус 5","source_address":"ДТ\\Бескудниковский бульв. 20 к.5","mno_type":"КП","container_count":"6","id":"4121295","mno_id":"819721149"},"geometry":{"type":"Point","coordinates":[37.560526,55.86529]}},{"type":"Feature","id":"mno-934452761-236","properties":{"category":"МНО","layer":"mno","district":"Бескудниковский","section":"Участок 8","name":"Бескудниковский бульвар,дом 21, корпус 2","address":"Бескудниковский бульвар,дом 21, корпус 2","source_address":"ДТ\\Бескудниковский бульв. 21 к.2","mno_type":"КП","container_count":"4","id":"714896","mno_id":"934452761"},"geometry":{"type":"Point","coordinates":[37.556278,55.866264]}},{"type":"Feature","id":"mno-926020295-237","properties":{"category":"МНО","layer":"mno","district":"Бескудниковский","section":"Участок 3","name":"Бескудниковский бульвар,дом 22","address":"Бескудниковский бульвар,дом 22","source_address":"ДТ\\Бескудниковский бульв. 22","mno_type":"КП","container_count":"3","id":"703154","mno_id":"926020295"},"geometry":{"type":"Point","coordinates":[37.560862,55.864803]}},{"type":"Feature","id":"mno-934450341-238","properties":{"category":"МНО","layer":"mno","district":"Бескудниковский","section":"Участок 8","name":"Бескудниковский бульвар,дом 23, корпус 1","address":"Бескудниковский бульвар,дом 23, корпус 1","source_address":"ДТ\\Бескудниковский бульвар дом 23, корпус 1","mno_type":"КП","container_count":"2","id":"697450","mno_id":"934450341"},"geometry":{"type":"Point","coordinates":[37.555947,55.868014]}},{"type":"Feature","id":"mno-80557158-239","properties":{"category":"МНО","layer":"mno","district":"Бескудниковский","section":"Участок 4","name":"Бескудниковский бульвар,дом 25, корпус 4","address":"Бескудниковский бульвар,дом 25, корпус 4","source_address":"ДТ\\Бескудниковский бульв. 25 к.4, 27 к.4","mno_type":"КП","container_count":"2","id":"186021599","mno_id":"80557158"},"geometry":{"type":"Point","coordinates":[37.554372,55.869452]}},{"type":"Feature","id":"mno-8055715-240","properties":{"category":"МНО","layer":"mno","district":"Бескудниковский","section":"Участок 4","name":"Бескудниковский бульвар,дом 27, корпус 4","address":"Бескудниковский бульвар,дом 27, корпус 4","source_address":"ДТ\\Бескудниковский бульв. 25 к.4, 27 к.4","mno_type":"КП","container_count":"2","id":"186021599","mno_id":"8055715"},"geometry":{"type":"Point","coordinates":[37.554914,55.869746]}},{"type":"Feature","id":"mno-805571583-241","properties":{"category":"МНО","layer":"mno","district":"Бескудниковский","section":"Участок 4","name":"Бескудниковский бульвар,дом 27, корпус 4","address":"Бескудниковский бульвар,дом 27, корпус 4","source_address":"ДТ\\Бескудниковский бульв. 25 к.4, 27 к.4","mno_type":"КП","container_count":"2","id":"186021599","mno_id":"805571583"},"geometry":{"type":"Point","coordinates":[37.554163,55.870733]}},{"type":"Feature","id":"mno-1268392333-242","properties":{"category":"МНО","layer":"mno","district":"Бескудниковский","section":"Участок 4","name":"Бескудниковский бульвар,дом 28, корпус 1","address":"Бескудниковский бульвар,дом 28, корпус 1","source_address":"ДТ\\Бескудниковский бульв. 28 к.1, 28 к.2, 28 к.3, 28 к.4","mno_type":"КП","container_count":"3","id":"699530","mno_id":"1268392333"},"geometry":{"type":"Point","coordinates":[37.557903,55.868773]}},{"type":"Feature","id":"mno-126839233-243","properties":{"category":"МНО","layer":"mno","district":"Бескудниковский","section":"Участок 4","name":"Бескудниковский бульвар,дом 28, корпус 1","address":"Бескудниковский бульвар,дом 28, корпус 1","source_address":"ДТ\\Бескудниковский бульв. 28 к.1, 28 к.2, 28 к.3, 28 к.4","mno_type":"КП","container_count":"3","id":"699530","mno_id":"126839233"},"geometry":{"type":"Point","coordinates":[37.557903,55.868773]}},{"type":"Feature","id":"mno-904106027-244","properties":{"category":"МНО","layer":"mno","district":"Бескудниковский","section":"Участок 4","name":"Бескудниковский бульвар,дом 29, корпус 1","address":"Бескудниковский бульвар,дом 29, корпус 1","source_address":"ДТ\\Бескудниковский бульв. 29 к.1","mno_type":"КП","container_count":"2","id":"688261","mno_id":"904106027"},"geometry":{"type":"Point","coordinates":[37.553162,55.87151]}},{"type":"Feature","id":"mno-89636612-245","properties":{"category":"МНО","layer":"mno","district":"Бескудниковский","section":"Участок 3","name":"Бескудниковский бульвар,дом 2, корпус 1","address":"Бескудниковский бульвар,дом 2, корпус 1","source_address":"ДТ\\Бескудниковский бульв. 2 к.1","mno_type":"КП","container_count":"3","id":"690795","mno_id":"89636612"},"geometry":{"type":"Point","coordinates":[37.562979,55.856907]}},{"type":"Feature","id":"mno-896366126-246","properties":{"category":"МНО","layer":"mno","district":"Бескудниковский","section":"Участок 3","name":"Бескудниковский бульвар,дом 2, корпус 1","address":"Бескудниковский бульвар,дом 2, корпус 1","source_address":"ДТ\\Бескудниковский бульв. 2 к.1","mno_type":"КП","container_count":"3","id":"690795","mno_id":"896366126"},"geometry":{"type":"Point","coordinates":[37.564305,55.857469]}},{"type":"Feature","id":"mno-435022105-247","properties":{"category":"МНО","layer":"mno","district":"Бескудниковский","section":"Участок 8","name":"Бескудниковский бульвар,дом 3","address":"Бескудниковский бульвар,дом 3","source_address":"ДТ\\Бескудниковский бульв. 3","mno_type":"КП","container_count":"2","id":"435020953","mno_id":"435022105"},"geometry":{"type":"Point","coordinates":[37.561588,55.859058]}},{"type":"Feature","id":"mno-931441436-248","properties":{"category":"МНО","layer":"mno","district":"Бескудниковский","section":"Участок 4","name":"Бескудниковский бульвар,дом 30, корпус 2","address":"Бескудниковский бульвар,дом 30, корпус 2","source_address":"ДТ\\Бескудниковский бульв. 30 к.2","mno_type":"КП","container_count":"3","id":"682460","mno_id":"931441436"},"geometry":{"type":"Point","coordinates":[37.556707,55.870333]}},{"type":"Feature","id":"mno-93144143-249","properties":{"category":"МНО","layer":"mno","district":"Бескудниковский","section":"Участок 4","name":"Бескудниковский бульвар,дом 30, корпус 2","address":"Бескудниковский бульвар,дом 30, корпус 2","source_address":"ДТ\\Бескудниковский бульв. 30 к.2","mno_type":"КП","container_count":"3","id":"682460","mno_id":"93144143"},"geometry":{"type":"Point","coordinates":[37.556119,55.871024]}},{"type":"Feature","id":"mno-927733443-250","properties":{"category":"МНО","layer":"mno","district":"Бескудниковский","section":"Участок 4","name":"Бескудниковский бульвар,дом 30, корпус 3","address":"Бескудниковский бульвар,дом 30, корпус 3","source_address":"ДТ\\Бескудниковский бульв. 30 к.3","mno_type":"КП","container_count":"2","id":"4127324","mno_id":"927733443"},"geometry":{"type":"Point","coordinates":[37.55838,55.870593]}},{"type":"Feature","id":"mno-927718770-251","properties":{"category":"МНО","layer":"mno","district":"Бескудниковский","section":"Участок 4","name":"Бескудниковский бульвар,дом 30, корпус 4","address":"Бескудниковский бульвар,дом 30, корпус 4","source_address":"ДТ\\Бескудниковский бульв. 30 к.4","mno_type":"КП","container_count":"3","id":"4127795","mno_id":"927718770"},"geometry":{"type":"Point","coordinates":[37.558871,55.870013]}},{"type":"Feature","id":"mno-78198548-252","properties":{"category":"МНО","layer":"mno","district":"Бескудниковский","section":"Участок 4","name":"Бескудниковский бульвар,дом 31","address":"Бескудниковский бульвар,дом 31","source_address":"ДТ\\Бескудниковский бульв. 31","mno_type":"КП","container_count":"2","id":"185652395","mno_id":"78198548"},"geometry":{"type":"Point","coordinates":[37.553411,55.871842]}},{"type":"Feature","id":"mno-781985485-253","properties":{"category":"МНО","layer":"mno","district":"Бескудниковский","section":"Участок 4","name":"Бескудниковский бульвар,дом 31","address":"Бескудниковский бульвар,дом 31","source_address":"ДТ\\Бескудниковский бульв. 31","mno_type":"КП","container_count":"2","id":"185652395","mno_id":"781985485"},"geometry":{"type":"Point","coordinates":[37.55171,55.872573]}},{"type":"Feature","id":"mno-81887097-254","properties":{"category":"МНО","layer":"mno","district":"Бескудниковский","section":"Участок 4","name":"Бескудниковский бульвар,дом 32, корпус 4","address":"Бескудниковский бульвар,дом 32, корпус 4","source_address":"ДТ\\Бескудниковский бульв. 32 к.1, 32 к.2, 32 к.3, 32 к.4","mno_type":"КП","container_count":"2","id":"721639","mno_id":"81887097"},"geometry":{"type":"Point","coordinates":[37.555335,55.872014]}},{"type":"Feature","id":"mno-818870975-255","properties":{"category":"МНО","layer":"mno","district":"Бескудниковский","section":"Участок 4","name":"Бескудниковский бульвар,дом 32, корпус 4","address":"Бескудниковский бульвар,дом 32, корпус 4","source_address":"ДТ\\Бескудниковский бульв. 32 к.1, 32 к.2, 32 к.3, 32 к.4","mno_type":"Выкатные","container_count":"2","id":"721639","mno_id":"818870975"},"geometry":{"type":"Point","coordinates":[37.555335,55.872014]}},{"type":"Feature","id":"mno-801392505-256","properties":{"category":"МНО","layer":"mno","district":"Бескудниковский","section":"Участок 4","name":"Бескудниковский бульвар,дом 32, корпус 5","address":"Бескудниковский бульвар,дом 32, корпус 5","source_address":"ДТ\\Бескудниковский бульв. 32 к.5","mno_type":"КП","container_count":"3","id":"708269","mno_id":"801392505"},"geometry":{"type":"Point","coordinates":[37.55653,55.872186]}},{"type":"Feature","id":"mno-90746126-257","properties":{"category":"МНО","layer":"mno","district":"Бескудниковский","section":"Участок 4","name":"Бескудниковский бульвар,дом 32, корпус 6","address":"Бескудниковский бульвар,дом 32, корпус 6","source_address":"ДТ\\Бескудниковский бульв. 32 к.6","mno_type":"БП","container_count":"1","id":"4125121","mno_id":"90746126"},"geometry":{"type":"Point","coordinates":[37.555814,55.872881]}},{"type":"Feature","id":"mno-907461262-258","properties":{"category":"МНО","layer":"mno","district":"Бескудниковский","section":"Участок 4","name":"Бескудниковский бульвар,дом 32, корпус 6","address":"Бескудниковский бульвар,дом 32, корпус 6","source_address":"ДТ\\Бескудниковский бульв. 32 к.6","mno_type":"КП","container_count":"1","id":"4125121","mno_id":"907461262"},"geometry":{"type":"Point","coordinates":[37.555814,55.872881]}},{"type":"Feature","id":"mno-82070347-259","properties":{"category":"МНО","layer":"mno","district":"Бескудниковский","section":"Участок 4","name":"Бескудниковский бульвар,дом 36, корпус 2","address":"Бескудниковский бульвар,дом 36, корпус 2","source_address":"ДТ\\Бескудниковский бульв. 36 к.1, 36 к.2, 36 к.4","mno_type":"КП","container_count":"2","id":"702355","mno_id":"82070347"},"geometry":{"type":"Point","coordinates":[37.553944,55.873157]}},{"type":"Feature","id":"mno-820703470-260","properties":{"category":"МНО","layer":"mno","district":"Бескудниковский","section":"Участок 4","name":"Бескудниковский бульвар,дом 36, корпус 4","address":"Бескудниковский бульвар,дом 36, корпус 4","source_address":"ДТ\\Бескудниковский бульв. 36 к.1, 36 к.2, 36 к.4","mno_type":"КП","container_count":"2","id":"702355","mno_id":"820703470"},"geometry":{"type":"Point","coordinates":[37.55508,55.873479]}},{"type":"Feature","id":"mno-471078422-261","properties":{"category":"МНО","layer":"mno","district":"Бескудниковский","section":"Участок 4","name":"Бескудниковский бульвар,дом 38, корпус 1","address":"Бескудниковский бульвар,дом 38, корпус 1","source_address":"ДТ\\Бескудниковский бульв. 38 к.1","mno_type":"КП","container_count":"2","id":"4124433","mno_id":"471078422"},"geometry":{"type":"Point","coordinates":[37.551973,55.873928]}},{"type":"Feature","id":"mno-82072097-262","properties":{"category":"МНО","layer":"mno","district":"Бескудниковский","section":"Участок 4","name":"Бескудниковский бульвар,дом 40, корпус 1","address":"Бескудниковский бульвар,дом 40, корпус 1","source_address":"ДТ\\Бескудниковский бульв. 40 к.1, 40 к.2, 40 к.3","mno_type":"КП","container_count":"3","id":"691091","mno_id":"82072097"},"geometry":{"type":"Point","coordinates":[37.549908,55.874208]}},{"type":"Feature","id":"mno-820720974-263","properties":{"category":"МНО","layer":"mno","district":"Бескудниковский","section":"Участок 4","name":"Бескудниковский бульвар,дом 40, корпус 2","address":"Бескудниковский бульвар,дом 40, корпус 2","source_address":"ДТ\\Бескудниковский бульв. 40 к.1, 40 к.2, 40 к.3","mno_type":"КП","container_count":"3","id":"691091","mno_id":"820720974"},"geometry":{"type":"Point","coordinates":[37.550828,55.874128]}},{"type":"Feature","id":"mno-823567529-264","properties":{"category":"МНО","layer":"mno","district":"Бескудниковский","section":"Участок 5","name":"Бескудниковский бульвар,дом 44","address":"Бескудниковский бульвар,дом 44","source_address":"ДТ\\Бескудниковский бульвар дом 44, дом 46, корпус 2, дом 46, корпус 3; Дмитровское шоссе дом 99, корпус 1","mno_type":"КП","container_count":"4","id":"710418","mno_id":"823567529"},"geometry":{"type":"Point","coordinates":[37.545253,55.874156]}},{"type":"Feature","id":"mno-819724947-265","properties":{"category":"МНО","layer":"mno","district":"Бескудниковский","section":"Участок 5","name":"Бескудниковский бульвар,дом 45","address":"Бескудниковский бульвар,дом 45","source_address":"ДТ\\Бескудниковский бульв. 45","mno_type":"КП","container_count":"2","id":"711879","mno_id":"819724947"},"geometry":{"type":"Point","coordinates":[37.545516,55.873143]}},{"type":"Feature","id":"mno-82071973-266","properties":{"category":"МНО","layer":"mno","district":"Бескудниковский","section":"Участок 5","name":"Бескудниковский бульвар,дом 49","address":"Бескудниковский бульвар,дом 49","source_address":"ДТ\\Бескудниковский бульв. 47, 49","mno_type":"КП","container_count":"2","id":"712926","mno_id":"82071973"},"geometry":{"type":"Point","coordinates":[37.544769,55.873112]}},{"type":"Feature","id":"mno-820719732-267","properties":{"category":"МНО","layer":"mno","district":"Бескудниковский","section":"Участок 5","name":"Бескудниковский бульвар,дом 49","address":"Бескудниковский бульвар,дом 49","source_address":"ДТ\\Бескудниковский бульв. 47, 49","mno_type":"КП","container_count":"2","id":"712926","mno_id":"820719732"},"geometry":{"type":"Point","coordinates":[37.544034,55.873053]}},{"type":"Feature","id":"mno-1291728461-268","properties":{"category":"МНО","layer":"mno","district":"Бескудниковский","section":"Участок 5","name":"Бескудниковский бульвар,дом 50/1","address":"Бескудниковский бульвар,дом 50/1","source_address":"ДТ\\Бескудниковский бульв. 50/1","mno_type":"КП","container_count":"2","id":"721616","mno_id":"1291728461"},"geometry":{"type":"Point","coordinates":[37.540173,55.874461]}},{"type":"Feature","id":"mno-823545786-269","properties":{"category":"МНО","layer":"mno","district":"Бескудниковский","section":"Участок 5","name":"Бескудниковский бульвар,дом 51","address":"Бескудниковский бульвар,дом 51","source_address":"ДТ\\Бескудниковский бульвар дом 51","mno_type":"КП","container_count":"2","id":"712065","mno_id":"823545786"},"geometry":{"type":"Point","coordinates":[37.545253,55.874156]}},{"type":"Feature","id":"mno-1292337984-270","properties":{"category":"МНО","layer":"mno","district":"Бескудниковский","section":"Участок 5","name":"Бескудниковский бульвар,дом 52, корпус 1","address":"Бескудниковский бульвар,дом 52, корпус 1","source_address":"ДТ\\Бескудниковский бульв. 52 к.1","mno_type":"КП","container_count":"2","id":"862519105","mno_id":"1292337984"},"geometry":{"type":"Point","coordinates":[37.538594,55.874351]}},{"type":"Feature","id":"mno-81887687-271","properties":{"category":"МНО","layer":"mno","district":"Бескудниковский","section":"Участок 5","name":"Бескудниковский бульвар,дом 55, корпус 2","address":"Бескудниковский бульвар,дом 55, корпус 2","source_address":"ДТ\\Бескудниковский бульвар дом 55, корпус 1, дом 55, корпус 2, дом 55, корпус 3","mno_type":"КП","container_count":"2","id":"699052","mno_id":"81887687"},"geometry":{"type":"Point","coordinates":[37.539896,55.871887]}},{"type":"Feature","id":"mno-818876-272","properties":{"category":"МНО","layer":"mno","district":"Бескудниковский","section":"Участок 5","name":"Бескудниковский бульвар,дом 55, корпус 3","address":"Бескудниковский бульвар,дом 55, корпус 3","source_address":"ДТ\\Бескудниковский бульвар дом 55, корпус 1, дом 55, корпус 2, дом 55, корпус 3","mno_type":"БП","container_count":"2","id":"699052","mno_id":"818876"},"geometry":{"type":"Point","coordinates":[37.538869,55.871389]}},{"type":"Feature","id":"mno-8188768-273","properties":{"category":"МНО","layer":"mno","district":"Бескудниковский","section":"Участок 5","name":"Бескудниковский бульвар,дом 55, корпус 3","address":"Бескудниковский бульвар,дом 55, корпус 3","source_address":"ДТ\\Бескудниковский бульвар дом 55, корпус 1, дом 55, корпус 2, дом 55, корпус 3","mno_type":"КП","container_count":"2","id":"699052","mno_id":"8188768"},"geometry":{"type":"Point","coordinates":[37.538869,55.871389]}},{"type":"Feature","id":"mno-1309767370-274","properties":{"category":"МНО","layer":"mno","district":"Бескудниковский","section":"Участок 5","name":"Бескудниковский бульвар,дом 56, корпус 1","address":"Бескудниковский бульвар,дом 56, корпус 1","source_address":"ДТ\\Бескудниковский бульв. 56 к.1","mno_type":"КП","container_count":"4","id":"4118657","mno_id":"1309767370"},"geometry":{"type":"Point","coordinates":[37.535795,55.874198]}},{"type":"Feature","id":"mno-1269667754-275","properties":{"category":"МНО","layer":"mno","district":"Бескудниковский","section":"Участок 5","name":"Бескудниковский бульвар,дом 58, корпус 2","address":"Бескудниковский бульвар,дом 58, корпус 2","source_address":"ДТ\\Бескудниковский бульв. 58 к.2","mno_type":"Выкатные","container_count":"2","id":"4119708","mno_id":"1269667754"},"geometry":{"type":"Point","coordinates":[37.536856,55.874534]}},{"type":"Feature","id":"mno-126966775-276","properties":{"category":"МНО","layer":"mno","district":"Бескудниковский","section":"Участок 5","name":"Бескудниковский бульвар,дом 58, корпус 2","address":"Бескудниковский бульвар,дом 58, корпус 2","source_address":"ДТ\\Бескудниковский бульв. 58 к.2","mno_type":"КП","container_count":"2","id":"4119708","mno_id":"126966775"},"geometry":{"type":"Point","coordinates":[37.536856,55.874534]}},{"type":"Feature","id":"mno-823561983-277","properties":{"category":"МНО","layer":"mno","district":"Бескудниковский","section":"Участок 5","name":"Бескудниковский бульвар,дом 58, корпус 3","address":"Бескудниковский бульвар,дом 58, корпус 3","source_address":"ДТ\\Бескудниковский бульв. 58 к.3","mno_type":"КП","container_count":"3","id":"4120422","mno_id":"823561983"},"geometry":{"type":"Point","coordinates":[37.536961,55.875412]}},{"type":"Feature","id":"mno-820716624-278","properties":{"category":"МНО","layer":"mno","district":"Бескудниковский","section":"Участок 8","name":"Бескудниковский переулок,дом 1, корпус 3","address":"Бескудниковский переулок,дом 1, корпус 3","source_address":"ДТ\\Бескудниковский пер. 1 к.1, 1 к.2, 1 к.3","mno_type":"КП","container_count":"2","id":"185964383","mno_id":"820716624"},"geometry":{"type":"Point","coordinates":[37.555579,55.863971]}},{"type":"Feature","id":"mno-823544860-279","properties":{"category":"МНО","layer":"mno","district":"Бескудниковский","section":"Участок 4","name":"Бескудниковский проезд,дом 2, корпус 1","address":"Бескудниковский проезд,дом 2, корпус 1","source_address":"ДТ\\Бескудниковский пр. 2 к.1","mno_type":"КП","container_count":"2","id":"696695","mno_id":"823544860"},"geometry":{"type":"Point","coordinates":[37.549981,55.875051]}},{"type":"Feature","id":"mno-823542402-280","properties":{"category":"МНО","layer":"mno","district":"Бескудниковский","section":"Участок 4","name":"Бескудниковский проезд,дом 2, корпус 2","address":"Бескудниковский проезд,дом 2, корпус 2","source_address":"ДТ\\Бескудниковский пр. 2 к.2","mno_type":"КП","container_count":"4","id":"703269","mno_id":"823542402"},"geometry":{"type":"Point","coordinates":[37.550586,55.875346]}},{"type":"Feature","id":"mno-1000142284-281","properties":{"category":"МНО","layer":"mno","district":"Бескудниковский","section":"Участок 4","name":"Бескудниковский проезд,дом 4, корпус 1","address":"Бескудниковский проезд,дом 4, корпус 1","source_address":"ДТ\\Бескудниковский проезд дом 4, корпус 1","mno_type":"КП","container_count":"4","id":"700883","mno_id":"1000142284"},"geometry":{"type":"Point","coordinates":[37.553784,55.875695]}},{"type":"Feature","id":"mno-1275582579-282","properties":{"category":"МНО","layer":"mno","district":"Бескудниковский","section":"Участок 4","name":"Бескудниковский проезд,дом 4, корпус 2","address":"Бескудниковский проезд,дом 4, корпус 2","source_address":"ДТ\\Бескудниковский пр. 4 к.2","mno_type":"КП","container_count":"2","id":"715538","mno_id":"1275582579"},"geometry":{"type":"Point","coordinates":[37.554643,55.876272]}},{"type":"Feature","id":"mno-127558257-283","properties":{"category":"МНО","layer":"mno","district":"Бескудниковский","section":"Участок 4","name":"Бескудниковский проезд,дом 4, корпус 2","address":"Бескудниковский проезд,дом 4, корпус 2","source_address":"ДТ\\Бескудниковский пр. 4 к.2","mno_type":"КП","container_count":"2","id":"715538","mno_id":"127558257"},"geometry":{"type":"Point","coordinates":[37.553859,55.876075]}},{"type":"Feature","id":"mno-992571310-284","properties":{"category":"МНО","layer":"mno","district":"Бескудниковский","section":"Участок 5","name":"Дмитровское шоссе,101 к.1","address":"Дмитровское шоссе,101 к.1","source_address":"ДТ\\Дмитровское шоссе 101 к.1, 99 к.2","mno_type":"КП","container_count":"3","id":"701048","mno_id":"992571310"},"geometry":{"type":"Point","coordinates":[37.545629,55.875944]}},{"type":"Feature","id":"mno-930975015-285","properties":{"category":"МНО","layer":"mno","district":"Бескудниковский","section":"Участок 5","name":"Дмитровское шоссе,105 к.2","address":"Дмитровское шоссе,105 к.2","source_address":"ДТ\\Дмитровское шоссе 103, 105 к.1, 105 к.2","mno_type":"КП","container_count":"2","id":"686079","mno_id":"930975015"},"geometry":{"type":"Point","coordinates":[37.545041,55.876956]}},{"type":"Feature","id":"mno-798170672-286","properties":{"category":"МНО","layer":"mno","district":"Бескудниковский","section":"Участок 5","name":"Дмитровское шоссе,105 к.4","address":"Дмитровское шоссе,105 к.4","source_address":"ДТ\\Дмитровское шоссе 105 к.3, 105 к.4","mno_type":"КП","container_count":"2","id":"719750","mno_id":"798170672"},"geometry":{"type":"Point","coordinates":[37.543263,55.876677]}},{"type":"Feature","id":"mno-933432754-287","properties":{"category":"МНО","layer":"mno","district":"Бескудниковский","section":"Участок 5","name":"Дмитровское шоссе,95 к.1","address":"Дмитровское шоссе,95 к.1","source_address":"ДТ\\Дмитровское шоссе 95 к.1, 95 к.2","mno_type":"КП","container_count":"2","id":"686493","mno_id":"933432754"},"geometry":{"type":"Point","coordinates":[37.547178,55.871825]}},{"type":"Feature","id":"mno-93343275-288","properties":{"category":"МНО","layer":"mno","district":"Бескудниковский","section":"Участок 5","name":"Дмитровское шоссе,95 к.2","address":"Дмитровское шоссе,95 к.2","source_address":"ДТ\\Дмитровское шоссе 95 к.1, 95 к.2","mno_type":"КП","container_count":"2","id":"686493","mno_id":"93343275"},"geometry":{"type":"Point","coordinates":[37.54364,55.871258]}},{"type":"Feature","id":"mno-93097501-289","properties":{"category":"МНО","layer":"mno","district":"Бескудниковский","section":"Участок 5","name":"Дмитровское шоссе,дом 103","address":"Дмитровское шоссе,дом 103","source_address":"ДТ\\Дмитровское шоссе 103, 105 к.1, 105 к.2","mno_type":"КП","container_count":"2","id":"686079","mno_id":"93097501"},"geometry":{"type":"Point","coordinates":[37.54532,55.876011]}},{"type":"Feature","id":"mno-9309750-290","properties":{"category":"МНО","layer":"mno","district":"Бескудниковский","section":"Участок 5","name":"Дмитровское шоссе,дом 103","address":"Дмитровское шоссе,дом 103","source_address":"ДТ\\Дмитровское шоссе 103, 105 к.1, 105 к.2","mno_type":"Выкатные","container_count":"2","id":"686079","mno_id":"9309750"},"geometry":{"type":"Point","coordinates":[37.54532,55.876011]}},{"type":"Feature","id":"mno-82070801-291","properties":{"category":"МНО","layer":"mno","district":"Бескудниковский","section":"Участок 3","name":"Дмитровское шоссе,дом 64, корпус 1","address":"Дмитровское шоссе,дом 64, корпус 1","source_address":"ДТ\\Дмитровское шоссе 64 к.1, 64 к.2, 64 к.3","mno_type":"КП","container_count":"3","id":"683916","mno_id":"82070801"},"geometry":{"type":"Point","coordinates":[37.562657,55.855556]}},{"type":"Feature","id":"mno-8207080-292","properties":{"category":"МНО","layer":"mno","district":"Бескудниковский","section":"Участок 3","name":"Дмитровское шоссе,дом 64, корпус 1","address":"Дмитровское шоссе,дом 64, корпус 1","source_address":"ДТ\\Дмитровское шоссе 64 к.1, 64 к.2, 64 к.3","mno_type":"Выкатные","container_count":"3","id":"683916","mno_id":"8207080"},"geometry":{"type":"Point","coordinates":[37.562657,55.855556]}},{"type":"Feature","id":"mno-820708018-293","properties":{"category":"МНО","layer":"mno","district":"Бескудниковский","section":"Участок 3","name":"Дмитровское шоссе,дом 64, корпус 2","address":"Дмитровское шоссе,дом 64, корпус 2","source_address":"ДТ\\Дмитровское шоссе 64 к.1, 64 к.2, 64 к.3","mno_type":"КП","container_count":"1","id":"683916","mno_id":"820708018"},"geometry":{"type":"Point","coordinates":[37.562555,55.856276]}},{"type":"Feature","id":"mno-1323000409-294","properties":{"category":"МНО","layer":"mno","district":"Бескудниковский","section":"Участок 8","name":"Дмитровское шоссе,дом 66","address":"Дмитровское шоссе,дом 66","source_address":"ДТ\\Дмитровское шоссе 66","mno_type":"БП","container_count":"1","id":"719681","mno_id":"1323000409"},"geometry":{"type":"Point","coordinates":[37.561667,55.858082]}},{"type":"Feature","id":"mno-132300040-295","properties":{"category":"МНО","layer":"mno","district":"Бескудниковский","section":"Участок 8","name":"Дмитровское шоссе,дом 66","address":"Дмитровское шоссе,дом 66","source_address":"ДТ\\Дмитровское шоссе 66","mno_type":"КП","container_count":"1","id":"719681","mno_id":"132300040"},"geometry":{"type":"Point","coordinates":[37.561667,55.858082]}},{"type":"Feature","id":"mno-436710230-296","properties":{"category":"МНО","layer":"mno","district":"Бескудниковский","section":"Участок 8","name":"Дмитровское шоссе,дом 68","address":"Дмитровское шоссе,дом 68","source_address":"ДТ\\Дмитровское шоссе 68","mno_type":"КП","container_count":"3","id":"436709876","mno_id":"436710230"},"geometry":{"type":"Point","coordinates":[37.559256,55.85861]}},{"type":"Feature","id":"mno-435048161-297","properties":{"category":"МНО","layer":"mno","district":"Бескудниковский","section":"Участок 8","name":"Дмитровское шоссе,дом 70","address":"Дмитровское шоссе,дом 70","source_address":"ДТ\\Дмитровское шоссе 70","mno_type":"КП","container_count":"2","id":"435048155","mno_id":"435048161"},"geometry":{"type":"Point","coordinates":[37.558026,55.859234]}},{"type":"Feature","id":"mno-1270162558-298","properties":{"category":"МНО","layer":"mno","district":"Бескудниковский","section":"Участок 8","name":"Дмитровское шоссе,дом 74, корпус 1","address":"Дмитровское шоссе,дом 74, корпус 1","source_address":"ДТ\\Дмитровское шоссе 74 к.1","mno_type":"Выкатные","container_count":"2","id":"186043518","mno_id":"1270162558"},"geometry":{"type":"Point","coordinates":[37.557338,55.860362]}},{"type":"Feature","id":"mno-127016255-299","properties":{"category":"МНО","layer":"mno","district":"Бескудниковский","section":"Участок 8","name":"Дмитровское шоссе,дом 74, корпус 1","address":"Дмитровское шоссе,дом 74, корпус 1","source_address":"ДТ\\Дмитровское шоссе 74 к.1","mno_type":"КП","container_count":"2","id":"186043518","mno_id":"127016255"},"geometry":{"type":"Point","coordinates":[37.557276,55.860375]}},{"type":"Feature","id":"mno-12701625-300","properties":{"category":"МНО","layer":"mno","district":"Бескудниковский","section":"Участок 8","name":"Дмитровское шоссе,дом 74, корпус 1","address":"Дмитровское шоссе,дом 74, корпус 1","source_address":"ДТ\\Дмитровское шоссе 74 к.1","mno_type":"КП","container_count":"2","id":"186043518","mno_id":"12701625"},"geometry":{"type":"Point","coordinates":[37.554964,55.860921]}},{"type":"Feature","id":"mno-838050979-301","properties":{"category":"МНО","layer":"mno","district":"Бескудниковский","section":"Участок 8","name":"Дмитровское шоссе,дом 74, корпус 2","address":"Дмитровское шоссе,дом 74, корпус 2","source_address":"ДТ\\Дмитровское шоссе 74 к.2","mno_type":"КП","container_count":"2","id":"838050795","mno_id":"838050979"},"geometry":{"type":"Point","coordinates":[37.548503,55.874638]}},{"type":"Feature","id":"mno-926903665-302","properties":{"category":"МНО","layer":"mno","district":"Бескудниковский","section":"Участок 8","name":"Дмитровское шоссе,дом 76, корпус 1","address":"Дмитровское шоссе,дом 76, корпус 1","source_address":"ДТ\\Дмитровское шоссе 76 к.1","mno_type":"КП","container_count":"3","id":"685106","mno_id":"926903665"},"geometry":{"type":"Point","coordinates":[37.554513,55.861555]}},{"type":"Feature","id":"mno-788251212-303","properties":{"category":"МНО","layer":"mno","district":"Бескудниковский","section":"Участок 4","name":"Дмитровское шоссе,дом 86","address":"Дмитровское шоссе,дом 86","source_address":"ДТ\\Дмитровское шоссе 86","mno_type":"КП","container_count":"4","id":"186019528","mno_id":"788251212"},"geometry":{"type":"Point","coordinates":[37.549374,55.869241]}},{"type":"Feature","id":"mno-80529395-304","properties":{"category":"МНО","layer":"mno","district":"Бескудниковский","section":"Участок 4","name":"Дмитровское шоссе,дом 86, корпус 6","address":"Дмитровское шоссе,дом 86, корпус 6","source_address":"ДТ\\Дмитровское шоссе 86 к.6, 88 к.2","mno_type":"КП","container_count":"3","id":"186016897","mno_id":"80529395"},"geometry":{"type":"Point","coordinates":[37.548455,55.869938]}},{"type":"Feature","id":"mno-805293959-305","properties":{"category":"МНО","layer":"mno","district":"Бескудниковский","section":"Участок 4","name":"Дмитровское шоссе,дом 86, корпус 6","address":"Дмитровское шоссе,дом 86, корпус 6","source_address":"ДТ\\Дмитровское шоссе 86 к.6, 88 к.2","mno_type":"КП","container_count":"3","id":"186016897","mno_id":"805293959"},"geometry":{"type":"Point","coordinates":[37.548246,55.869552]}},{"type":"Feature","id":"mno-82354428-306","properties":{"category":"МНО","layer":"mno","district":"Бескудниковский","section":"Участок 4","name":"Дмитровское шоссе,дом 90, корпус 1","address":"Дмитровское шоссе,дом 90, корпус 1","source_address":"ДТ\\Дмитровское шоссе 90 к.1, 90 к.2","mno_type":"КП","container_count":"2","id":"185935382","mno_id":"82354428"},"geometry":{"type":"Point","coordinates":[37.549482,55.872405]}},{"type":"Feature","id":"mno-823544280-307","properties":{"category":"МНО","layer":"mno","district":"Бескудниковский","section":"Участок 4","name":"Дмитровское шоссе,дом 90, корпус 2","address":"Дмитровское шоссе,дом 90, корпус 2","source_address":"ДТ\\Дмитровское шоссе 90 к.1, 90 к.2","mno_type":"КП","container_count":"2","id":"185935382","mno_id":"823544280"},"geometry":{"type":"Point","coordinates":[37.549532,55.873121]}},{"type":"Feature","id":"mno-1324308902-308","properties":{"category":"МНО","layer":"mno","district":"Бескудниковский","section":"Участок 5","name":"Дмитровское шоссе,дом 93, корпус 2","address":"Дмитровское шоссе,дом 93, корпус 2","source_address":"ДТ\\Дмитровское шоссе дом 93, корпус 2","mno_type":"КП","container_count":"3","id":"1324308391","mno_id":"1324308902"},"geometry":{"type":"Point","coordinates":[37.541937,55.870591]}},{"type":"Feature","id":"mno-934442376-309","properties":{"category":"МНО","layer":"mno","district":"Бескудниковский","section":"Участок 4","name":"Дмитровское шоссе,дом 96, корпус 1","address":"Дмитровское шоссе,дом 96, корпус 1","source_address":"ДТ\\Дмитровское шоссе 96 к.1","mno_type":"БП","container_count":"1","id":"4120961","mno_id":"934442376"},"geometry":{"type":"Point","coordinates":[37.548422,55.87596]}},{"type":"Feature","id":"mno-93444237-310","properties":{"category":"МНО","layer":"mno","district":"Бескудниковский","section":"Участок 4","name":"Дмитровское шоссе,дом 96, корпус 1","address":"Дмитровское шоссе,дом 96, корпус 1","source_address":"ДТ\\Дмитровское шоссе 96 к.1","mno_type":"КП","container_count":"1","id":"4120961","mno_id":"93444237"},"geometry":{"type":"Point","coordinates":[37.548798,55.876178]}},{"type":"Feature","id":"mno-773757265-311","properties":{"category":"МНО","layer":"mno","district":"Бескудниковский","section":"Участок 4","name":"Дмитровское шоссе,дом 96, корпус 3","address":"Дмитровское шоссе,дом 96, корпус 3","source_address":"ДТ\\Дмитровское шоссе 96 к.3","mno_type":"КП","container_count":"2","id":"4121782","mno_id":"773757265"},"geometry":{"type":"Point","coordinates":[37.547811,55.877137]}},{"type":"Feature","id":"mno-805286491-312","properties":{"category":"МНО","layer":"mno","district":"Бескудниковский","section":"Участок 4","name":"Дмитровское шоссе,дом 96, корпус 4","address":"Дмитровское шоссе,дом 96, корпус 4","source_address":"ДТ\\Дмитровское шоссе 96 к.4","mno_type":"КП","container_count":"2","id":"4122322","mno_id":"805286491"},"geometry":{"type":"Point","coordinates":[37.549466,55.877584]}},{"type":"Feature","id":"mno-823550398-313","properties":{"category":"МНО","layer":"mno","district":"Бескудниковский","section":"Участок 4","name":"Дмитровское шоссе,дом 96, корпус 5","address":"Дмитровское шоссе,дом 96, корпус 5","source_address":"ДТ\\Дмитровское шоссе 96 к.5","mno_type":"КП","container_count":"2","id":"4123119","mno_id":"823550398"},"geometry":{"type":"Point","coordinates":[37.55021,55.8759]}},{"type":"Feature","id":"mno-1274904123-314","properties":{"category":"МНО","layer":"mno","district":"Бескудниковский","section":"Участок 3","name":"Дубнинская улица,дом 1","address":"Дубнинская улица,дом 1","source_address":"ДТ\\Дубнинская ул. 1, 3","mno_type":"КП","container_count":"4","id":"718769","mno_id":"1274904123"},"geometry":{"type":"Point","coordinates":[37.56556,55.855367]}},{"type":"Feature","id":"mno-818875051-315","properties":{"category":"МНО","layer":"mno","district":"Бескудниковский","section":"Участок 3","name":"Дубнинская улица,дом 27, корпус 1","address":"Дубнинская улица,дом 27, корпус 1","source_address":"ДТ\\Дубнинская ул. 27 к.1, 27 к.2","mno_type":"КП","container_count":"2","id":"683429","mno_id":"818875051"},"geometry":{"type":"Point","coordinates":[37.564079,55.863221]}},{"type":"Feature","id":"mno-82355123-316","properties":{"category":"МНО","layer":"mno","district":"Бескудниковский","section":"Участок 3","name":"Дубнинская улица,дом 29, корпус 1","address":"Дубнинская улица,дом 29, корпус 1","source_address":"ДТ\\Дубнинская ул. 29 к.1","mno_type":"КП","container_count":"2","id":"696859","mno_id":"82355123"},"geometry":{"type":"Point","coordinates":[37.563384,55.864571]}},{"type":"Feature","id":"mno-823551230-317","properties":{"category":"МНО","layer":"mno","district":"Бескудниковский","section":"Участок 3","name":"Дубнинская улица,дом 29, корпус 1","address":"Дубнинская улица,дом 29, корпус 1","source_address":"ДТ\\Дубнинская ул. 29 к.1","mno_type":"КП","container_count":"2","id":"696859","mno_id":"823551230"},"geometry":{"type":"Point","coordinates":[37.564724,55.865154]}},{"type":"Feature","id":"mno-127490412-318","properties":{"category":"МНО","layer":"mno","district":"Бескудниковский","section":"Участок 3","name":"Дубнинская улица,дом 3","address":"Дубнинская улица,дом 3","source_address":"ДТ\\Дубнинская ул. 1, 3","mno_type":"КП","container_count":"2","id":"718769","mno_id":"127490412"},"geometry":{"type":"Point","coordinates":[37.565981,55.855891]}},{"type":"Feature","id":"mno-927047024-319","properties":{"category":"МНО","layer":"mno","district":"Бескудниковский","section":"Участок 3","name":"Дубнинская улица,дом 35","address":"Дубнинская улица,дом 35","source_address":"ДТ\\Дубнинская ул. 35","mno_type":"КП","container_count":"4","id":"4122193","mno_id":"927047024"},"geometry":{"type":"Point","coordinates":[37.56059,55.865859]}},{"type":"Feature","id":"mno-92704702-320","properties":{"category":"МНО","layer":"mno","district":"Бескудниковский","section":"Участок 3","name":"Дубнинская улица,дом 35","address":"Дубнинская улица,дом 35","source_address":"ДТ\\Дубнинская ул. 35","mno_type":"КП","container_count":"4","id":"4122193","mno_id":"92704702"},"geometry":{"type":"Point","coordinates":[37.561471,55.866166]}},{"type":"Feature","id":"mno-823554052-321","properties":{"category":"МНО","layer":"mno","district":"Бескудниковский","section":"Участок 3","name":"Дубнинская улица,дом 37, корпус 2","address":"Дубнинская улица,дом 37, корпус 2","source_address":"ДТ\\Дубнинская ул. 37 к.2","mno_type":"КП","container_count":"5","id":"4123805","mno_id":"823554052"},"geometry":{"type":"Point","coordinates":[37.561046,55.867294]}},{"type":"Feature","id":"mno-926801335-322","properties":{"category":"МНО","layer":"mno","district":"Бескудниковский","section":"Участок 3","name":"Дубнинская улица,дом 39","address":"Дубнинская улица,дом 39","source_address":"ДТ\\Дубнинская ул. 39","mno_type":"КП","container_count":"3","id":"4125706","mno_id":"926801335"},"geometry":{"type":"Point","coordinates":[37.562899,55.866919]}},{"type":"Feature","id":"mno-92680133-323","properties":{"category":"МНО","layer":"mno","district":"Бескудниковский","section":"Участок 3","name":"Дубнинская улица,дом 39","address":"Дубнинская улица,дом 39","source_address":"ДТ\\Дубнинская ул. 39","mno_type":"КП","container_count":"3","id":"4125706","mno_id":"92680133"},"geometry":{"type":"Point","coordinates":[37.561472,55.867557]}},{"type":"Feature","id":"mno-9268013-324","properties":{"category":"МНО","layer":"mno","district":"Бескудниковский","section":"Участок 3","name":"Дубнинская улица,дом 39","address":"Дубнинская улица,дом 39","source_address":"ДТ\\Дубнинская ул. 39","mno_type":"БП","container_count":"3","id":"4125706","mno_id":"9268013"},"geometry":{"type":"Point","coordinates":[37.561472,55.867557]}},{"type":"Feature","id":"mno-926759261-325","properties":{"category":"МНО","layer":"mno","district":"Бескудниковский","section":"Участок 3","name":"Дубнинская улица,дом 43","address":"Дубнинская улица,дом 43","source_address":"ДТ\\Дубнинская ул. 43","mno_type":"КП","container_count":"3","id":"4126320","mno_id":"926759261"},"geometry":{"type":"Point","coordinates":[37.55854,55.868326]}},{"type":"Feature","id":"mno-926932418-326","properties":{"category":"МНО","layer":"mno","district":"Бескудниковский","section":"Участок 4","name":"Дубнинская улица,дом 45, корпус 1","address":"Дубнинская улица,дом 45, корпус 1","source_address":"ДТ\\Дубнинская ул. 45 к.1","mno_type":"КП","container_count":"3","id":"4118586","mno_id":"926932418"},"geometry":{"type":"Point","coordinates":[37.559496,55.869348]}},{"type":"Feature","id":"mno-927770322-327","properties":{"category":"МНО","layer":"mno","district":"Бескудниковский","section":"Участок 4","name":"Дубнинская улица,дом 47, корпус 1","address":"Дубнинская улица,дом 47, корпус 1","source_address":"ДТ\\Дубнинская улица дом 47, корпус 1","mno_type":"КП","container_count":"3","id":"4119318","mno_id":"927770322"},"geometry":{"type":"Point","coordinates":[37.5587,55.870277]}},{"type":"Feature","id":"mno-909178791-328","properties":{"category":"МНО","layer":"mno","district":"Бескудниковский","section":"Участок 4","name":"Дубнинская улица,дом 53, корпус 2","address":"Дубнинская улица,дом 53, корпус 2","source_address":"ДТ\\Дубнинская ул. 53 к.2","mno_type":"КП","container_count":"2","id":"4120243","mno_id":"909178791"},"geometry":{"type":"Point","coordinates":[37.5579,55.872218]}},{"type":"Feature","id":"mno-90745349-329","properties":{"category":"МНО","layer":"mno","district":"Бескудниковский","section":"Участок 4","name":"Дубнинская улица,дом 53, корпус 3","address":"Дубнинская улица,дом 53, корпус 3","source_address":"ДТ\\Дубнинская ул. 53 к.3","mno_type":"КП","container_count":"3","id":"4120413","mno_id":"90745349"},"geometry":{"type":"Point","coordinates":[37.557868,55.872516]}},{"type":"Feature","id":"mno-9074534-330","properties":{"category":"МНО","layer":"mno","district":"Бескудниковский","section":"Участок 4","name":"Дубнинская улица,дом 53, корпус 3","address":"Дубнинская улица,дом 53, корпус 3","source_address":"ДТ\\Дубнинская ул. 53 к.3","mno_type":"КП","container_count":"3","id":"4120413","mno_id":"9074534"},"geometry":{"type":"Point","coordinates":[37.556606,55.873276]}},{"type":"Feature","id":"mno-907453498-331","properties":{"category":"МНО","layer":"mno","district":"Бескудниковский","section":"Участок 4","name":"Дубнинская улица,дом 53, корпус 3","address":"Дубнинская улица,дом 53, корпус 3","source_address":"ДТ\\Дубнинская ул. 53 к.3","mno_type":"КП","container_count":"3","id":"4120413","mno_id":"907453498"},"geometry":{"type":"Point","coordinates":[37.558446,55.872607]}},{"type":"Feature","id":"mno-127000636-332","properties":{"category":"МНО","layer":"mno","district":"Бескудниковский","section":"Участок 3","name":"Дубнинская улица,дом 5, корпус 1","address":"Дубнинская улица,дом 5, корпус 1","source_address":"ДТ\\Дубнинская ул. 5 к.1","mno_type":"КП","container_count":"3","id":"720125","mno_id":"127000636"},"geometry":{"type":"Point","coordinates":[37.566441,55.855901]}},{"type":"Feature","id":"mno-814355281-333","properties":{"category":"МНО","layer":"mno","district":"Бескудниковский","section":"Участок 4","name":"Дубнинская улица,дом 61","address":"Дубнинская улица,дом 61","source_address":"ДТ\\Дубнинская ул. 61","mno_type":"КП","container_count":"3","id":"693301","mno_id":"814355281"},"geometry":{"type":"Point","coordinates":[37.556875,55.874981]}},{"type":"Feature","id":"mno-89661759-334","properties":{"category":"МНО","layer":"mno","district":"Бескудниковский","section":"Участок 4","name":"Дубнинская улица,дом 69, корпус 2","address":"Дубнинская улица,дом 69, корпус 2","source_address":"ДТ\\Дубнинская ул. 69 к.1, 69 к.2, 69 к.3","mno_type":"КП","container_count":"2","id":"714607","mno_id":"89661759"},"geometry":{"type":"Point","coordinates":[37.55666,55.877415]}},{"type":"Feature","id":"mno-896617592-335","properties":{"category":"МНО","layer":"mno","district":"Бескудниковский","section":"Участок 4","name":"Дубнинская улица,дом 69, корпус 3","address":"Дубнинская улица,дом 69, корпус 3","source_address":"ДТ\\Дубнинская ул. 69 к.1, 69 к.2, 69 к.3","mno_type":"КП","container_count":"2","id":"714607","mno_id":"896617592"},"geometry":{"type":"Point","coordinates":[37.555337,55.876667]}},{"type":"Feature","id":"mno-789650782-336","properties":{"category":"МНО","layer":"mno","district":"Бескудниковский","section":"Участок 4","name":"Дубнинская улица,дом 71, корпус 1","address":"Дубнинская улица,дом 71, корпус 1","source_address":"ДТ\\Дубнинская ул. 71 к.1","mno_type":"КП","container_count":"3","id":"689782","mno_id":"789650782"},"geometry":{"type":"Point","coordinates":[37.556433,55.878788]}},{"type":"Feature","id":"mno-1261576595-337","properties":{"category":"МНО","layer":"mno","district":"Бескудниковский","section":"Участок 5","name":"Коровинское шоссе,дом 12","address":"Коровинское шоссе,дом 12","source_address":"ДТ\\Коровинское шоссе 12","mno_type":"КП","container_count":"2","id":"1261574829","mno_id":"1261576595"},"geometry":{"type":"Point","coordinates":[37.534274,55.871351]}},{"type":"Feature","id":"mno-1030960817-338","properties":{"category":"МНО","layer":"mno","district":"Бескудниковский","section":"Участок 5","name":"Коровинское шоссе,дом 2В","address":"Коровинское шоссе,дом 2В","source_address":"ДТ\\Коровинское шоссе 2В","mno_type":"КП","container_count":"3","id":"689834","mno_id":"1030960817"},"geometry":{"type":"Point","coordinates":[37.541782,55.867815]}},{"type":"Feature","id":"mno-1030995105-339","properties":{"category":"МНО","layer":"mno","district":"Бескудниковский","section":"Участок 5","name":"Коровинское шоссе,дом 4А","address":"Коровинское шоссе,дом 4А","source_address":"ДТ\\Коровинское шоссе 4А","mno_type":"КП","container_count":"3","id":"686050","mno_id":"1030995105"},"geometry":{"type":"Point","coordinates":[37.538694,55.869352]}},{"type":"Feature","id":"mno-931393705-340","properties":{"category":"МНО","layer":"mno","district":"Бескудниковский","section":"Участок 5","name":"Коровинское шоссе,дом 4, корпус 4","address":"Коровинское шоссе,дом 4, корпус 4","source_address":"ДТ\\Коровинское шоссе 4 к.3, 4 к.4","mno_type":"КП","container_count":"4","id":"718542","mno_id":"931393705"},"geometry":{"type":"Point","coordinates":[37.543833,55.868845]}},{"type":"Feature","id":"mno-814359207-341","properties":{"category":"МНО","layer":"mno","district":"Бескудниковский","section":"Участок 5","name":"Коровинское шоссе,дом 6, корпус 1","address":"Коровинское шоссе,дом 6, корпус 1","source_address":"ДТ\\Коровинское шоссе 6 к.1","mno_type":"КП","container_count":"3","id":"714375","mno_id":"814359207"},"geometry":{"type":"Point","coordinates":[37.540269,55.869196]}},{"type":"Feature","id":"mno-816875269-342","properties":{"category":"МНО","layer":"mno","district":"Бескудниковский","section":"Участок 4","name":"Рогачёвский переулок,дом 7, корпус 1","address":"Рогачёвский переулок,дом 7, корпус 1","source_address":"ДТ\\Рогачевский пер. 7 к.1","mno_type":"КП","container_count":"2","id":"186022094","mno_id":"816875269"},"geometry":{"type":"Point","coordinates":[37.554098,55.868679]}},{"type":"Feature","id":"mno-1273012225-343","properties":{"category":"МНО","layer":"mno","district":"Бескудниковский","section":"Участок 8","name":"Селигерская улица,дом 12, корпус 2","address":"Селигерская улица,дом 12, корпус 2","source_address":"ДТ\\Селигерская ул. 12 к.2","mno_type":"КП","container_count":"2","id":"185984149","mno_id":"1273012225"},"geometry":{"type":"Point","coordinates":[37.554295,55.864516]}},{"type":"Feature","id":"mno-446203596-344","properties":{"category":"МНО","layer":"mno","district":"Бескудниковский","section":"Участок 8","name":"Селигерская улица,дом 18, корпус 1","address":"Селигерская улица,дом 18, корпус 1","source_address":"ДТ\\Селигерская ул. 18 к.1","mno_type":"КП","container_count":"3","id":"692070","mno_id":"446203596"},"geometry":{"type":"Point","coordinates":[37.552438,55.866494]}},{"type":"Feature","id":"mno-45384686-345","properties":{"category":"МНО","layer":"mno","district":"Бескудниковский","section":"Участок 8","name":"Селигерская улица,дом 18, корпус 3","address":"Селигерская улица,дом 18, корпус 3","source_address":"ДТ\\Селигерская ул. 18 к.2, 18 к.3, 18 к.4","mno_type":"КП","container_count":"3","id":"4126929","mno_id":"45384686"},"geometry":{"type":"Point","coordinates":[37.553008,55.867238]}},{"type":"Feature","id":"mno-453846868-346","properties":{"category":"МНО","layer":"mno","district":"Бескудниковский","section":"Участок 8","name":"Селигерская улица,дом 18, корпус 4","address":"Селигерская улица,дом 18, корпус 4","source_address":"ДТ\\Селигерская ул. 18 к.2, 18 к.3, 18 к.4","mno_type":"КП","container_count":"3","id":"4126929","mno_id":"453846868"},"geometry":{"type":"Point","coordinates":[37.554477,55.866485]}},{"type":"Feature","id":"mno-429752216-347","properties":{"category":"МНО","layer":"mno","district":"Бескудниковский","section":"Участок 8","name":"Селигерская улица,дом 2","address":"Селигерская улица,дом 2","source_address":"ДТ\\Селигерская ул. 2","mno_type":"КП","container_count":"3","id":"186047160","mno_id":"429752216"},"geometry":{"type":"Point","coordinates":[37.554795,55.861914]}},{"type":"Feature","id":"mno-809119366-348","properties":{"category":"МНО","layer":"mno","district":"Бескудниковский","section":"Участок 8","name":"Селигерская улица,дом 22/2","address":"Селигерская улица,дом 22/2","source_address":"ДТ\\Селигерская ул. 22/2","mno_type":"КП","container_count":"2","id":"684745","mno_id":"809119366"},"geometry":{"type":"Point","coordinates":[37.552026,55.867864]}},{"type":"Feature","id":"mno-445043269-349","properties":{"category":"МНО","layer":"mno","district":"Бескудниковский","section":"Участок 4","name":"Селигерская улица,дом 26, корпус 1","address":"Селигерская улица,дом 26, корпус 1","source_address":"ДТ\\Селигерская ул. 26 к.1","mno_type":"КП","container_count":"3","id":"186018719","mno_id":"445043269"},"geometry":{"type":"Point","coordinates":[37.549924,55.868383]}},{"type":"Feature","id":"mno-454318576-350","properties":{"category":"МНО","layer":"mno","district":"Бескудниковский","section":"Участок 4","name":"Селигерская улица,дом 28","address":"Селигерская улица,дом 28","source_address":"ДТ\\Селигерская ул. 28","mno_type":"КП","container_count":"2","id":"715169","mno_id":"454318576"},"geometry":{"type":"Point","coordinates":[37.548721,55.868856]}},{"type":"Feature","id":"mno-442530621-351","properties":{"category":"МНО","layer":"mno","district":"Бескудниковский","section":"Участок 5","name":"Селигерская улица,дом 32А","address":"Селигерская улица,дом 32А","source_address":"ДТ\\Селигерская ул. 32А","mno_type":"КП","container_count":"4","id":"721808","mno_id":"442530621"},"geometry":{"type":"Point","coordinates":[37.543861,55.868282]}},{"type":"Feature","id":"mno-428205468-352","properties":{"category":"МНО","layer":"mno","district":"Бескудниковский","section":"Участок 5","name":"Селигерская улица,дом 36","address":"Селигерская улица,дом 36","source_address":"ДТ\\Селигерская ул. 34, 36","mno_type":"КП","container_count":"2","id":"704551","mno_id":"428205468"},"geometry":{"type":"Point","coordinates":[37.542838,55.867868]}},{"type":"Feature","id":"mno-90561183-353","properties":{"category":"МНО","layer":"mno","district":"Бескудниковский","section":"Участок 5","name":"улица 800-летия Москвы,дом 10","address":"улица 800-летия Москвы,дом 10","source_address":"ДТ\\Восьмисотлетия Москвы ул. 10, 8","mno_type":"КП","container_count":"4","id":"699945","mno_id":"90561183"},"geometry":{"type":"Point","coordinates":[37.541586,55.877078]}},{"type":"Feature","id":"mno-9056118-354","properties":{"category":"МНО","layer":"mno","district":"Бескудниковский","section":"Участок 5","name":"улица 800-летия Москвы,дом 10","address":"улица 800-летия Москвы,дом 10","source_address":"ДТ\\Восьмисотлетия Москвы ул. 10, 8","mno_type":"КП","container_count":"4","id":"699945","mno_id":"9056118"},"geometry":{"type":"Point","coordinates":[37.541245,55.876415]}},{"type":"Feature","id":"mno-1321139260-355","properties":{"category":"МНО","layer":"mno","district":"Бескудниковский","section":"Участок 5","name":"улица 800-летия Москвы,дом 12","address":"улица 800-летия Москвы,дом 12","source_address":"ДТ\\Восьмисотлетия Москвы ул. 12","mno_type":"КП","container_count":"3","id":"690816","mno_id":"1321139260"},"geometry":{"type":"Point","coordinates":[37.54459,55.877483]}},{"type":"Feature","id":"mno-931161536-356","properties":{"category":"МНО","layer":"mno","district":"Бескудниковский","section":"Участок 4","name":"улица 800-летия Москвы,дом 16, корпус 2","address":"улица 800-летия Москвы,дом 16, корпус 2","source_address":"ДТ\\Восьмисотлетия Москвы ул. 16 к.1, 16 к.2","mno_type":"КП","container_count":"3","id":"683558","mno_id":"931161536"},"geometry":{"type":"Point","coordinates":[37.551742,55.87772]}},{"type":"Feature","id":"mno-820706918-357","properties":{"category":"МНО","layer":"mno","district":"Бескудниковский","section":"Участок 5","name":"улица 800-летия Москвы,дом 4, корпус 1","address":"улица 800-летия Москвы,дом 4, корпус 1","source_address":"ДТ\\Восьмисотлетия Москвы ул. 4 к.1","mno_type":"КП","container_count":"2","id":"714324","mno_id":"820706918"},"geometry":{"type":"Point","coordinates":[37.534899,55.87588]}},{"type":"Feature","id":"mno-811835-358","properties":{"category":"МНО","layer":"mno","district":"Бескудниковский","section":"Участок 5","name":"улица 800-летия Москвы,дом 4, корпус 2","address":"улица 800-летия Москвы,дом 4, корпус 2","source_address":"ДТ\\Восьмисотлетия Москвы ул. 4 к.2, 6","mno_type":"КП","container_count":"2","id":"711104","mno_id":"811835"},"geometry":{"type":"Point","coordinates":[37.535523,55.8762]}},{"type":"Feature","id":"mno-81183-359","properties":{"category":"МНО","layer":"mno","district":"Бескудниковский","section":"Участок 5","name":"улица 800-летия Москвы,дом 4, корпус 2","address":"улица 800-летия Москвы,дом 4, корпус 2","source_address":"ДТ\\Восьмисотлетия Москвы ул. 4 к.2, 6","mno_type":"КП","container_count":"2","id":"711104","mno_id":"81183"},"geometry":{"type":"Point","coordinates":[37.536782,55.876415]}},{"type":"Feature","id":"mno-81183580-360","properties":{"category":"МНО","layer":"mno","district":"Бескудниковский","section":"Участок 5","name":"улица 800-летия Москвы,дом 6","address":"улица 800-летия Москвы,дом 6","source_address":"ДТ\\Восьмисотлетия Москвы ул. 4 к.2, 6","mno_type":"КП","container_count":"2","id":"711104","mno_id":"81183580"},"geometry":{"type":"Point","coordinates":[37.538125,55.876674]}},{"type":"Feature","id":"mno-8118358-361","properties":{"category":"МНО","layer":"mno","district":"Бескудниковский","section":"Участок 5","name":"улица 800-летия Москвы,дом 6","address":"улица 800-летия Москвы,дом 6","source_address":"ДТ\\Восьмисотлетия Москвы ул. 4 к.2, 6","mno_type":"КП","container_count":"2","id":"711104","mno_id":"8118358"},"geometry":{"type":"Point","coordinates":[37.537247,55.876268]}},{"type":"Feature","id":"mno-905611836-362","properties":{"category":"МНО","layer":"mno","district":"Бескудниковский","section":"Участок 5","name":"улица 800-летия Москвы,дом 8","address":"улица 800-летия Москвы,дом 8","source_address":"ДТ\\Восьмисотлетия Москвы ул. 10, 8","mno_type":"КП","container_count":"4","id":"699945","mno_id":"905611836"},"geometry":{"type":"Point","coordinates":[37.539312,55.876843]}},{"type":"Feature","id":"mno-885790941-363","properties":{"category":"МНО","layer":"mno","district":"Войковский","section":"Участок 2","name":"1-й Войковский проезд,дом 10","address":"1-й Войковский проезд,дом 10","source_address":"ДТ\\Войковский 1-й пр. 10; Радиаторская 3-я ул. 3","mno_type":"КП","container_count":"2","id":"369704","mno_id":"885790941"},"geometry":{"type":"Point","coordinates":[37.492529,55.816001]}},{"type":"Feature","id":"mno-884404204-364","properties":{"category":"МНО","layer":"mno","district":"Войковский","section":"Участок 2","name":"1-й Войковский проезд,дом 14","address":"1-й Войковский проезд,дом 14","source_address":"ДТ\\Войковский 1-й пр. 12, 14, 14Б, 14 к.2","mno_type":"КП","container_count":"2","id":"405780","mno_id":"884404204"},"geometry":{"type":"Point","coordinates":[37.49159,55.815926]}},{"type":"Feature","id":"mno-2420216-365","properties":{"category":"МНО","layer":"mno","district":"Войковский","section":"Участок 2","name":"1-й Войковский проезд,дом 4, корпус 1","address":"1-й Войковский проезд,дом 4, корпус 1","source_address":"ДТ\\Войковский 1-й пр. 4 к.1, 4 к.2; Ленинградское шоссе 9 к.2","mno_type":"КП","container_count":"3","id":"2420156","mno_id":"2420216"},"geometry":{"type":"Point","coordinates":[37.497566,55.815679]}},{"type":"Feature","id":"mno-885265337-366","properties":{"category":"МНО","layer":"mno","district":"Войковский","section":"Участок 2","name":"1-й Войковский проезд,дом 6, корпус 1","address":"1-й Войковский проезд,дом 6, корпус 1","source_address":"ДТ\\Войковский 1-й пр. 6 к.1, 6 к.2","mno_type":"КП","container_count":"5","id":"406162","mno_id":"885265337"},"geometry":{"type":"Point","coordinates":[37.493945,55.815953]}},{"type":"Feature","id":"mno-934002550-367","properties":{"category":"МНО","layer":"mno","district":"Войковский","section":"Участок 1","name":"1-й Новоподмосковный переулок,дом 2/1","address":"1-й Новоподмосковный переулок,дом 2/1","source_address":"ДТ\\Новоподмосковный 1-й пер. 2/1","mno_type":"КП","container_count":"4","id":"383884","mno_id":"934002550"},"geometry":{"type":"Point","coordinates":[37.505168,55.81636]}},{"type":"Feature","id":"mno-905334137-368","properties":{"category":"МНО","layer":"mno","district":"Войковский","section":"Участок 1","name":"1-й Новоподмосковный переулок,дом 4","address":"1-й Новоподмосковный переулок,дом 4","source_address":"ДТ\\Новоподмосковный 1-й пер. 4","mno_type":"КП","container_count":"3","id":"355396","mno_id":"905334137"},"geometry":{"type":"Point","coordinates":[37.503827,55.817547]}},{"type":"Feature","id":"mno-934105390-369","properties":{"category":"МНО","layer":"mno","district":"Войковский","section":"Участок 2","name":"2-й Войковский проезд,дом 2/11","address":"2-й Войковский проезд,дом 2/11","source_address":"ДТ\\Войковский 2-й пр. 2/11","mno_type":"КП","container_count":"5","id":"418365","mno_id":"934105390"},"geometry":{"type":"Point","coordinates":[37.496166,55.817752]}},{"type":"Feature","id":"mno-928458023-370","properties":{"category":"МНО","layer":"mno","district":"Войковский","section":"Участок 1","name":"2-й Новоподмосковный переулок,дом 3","address":"2-й Новоподмосковный переулок,дом 3","source_address":"ДТ\\Новоподмосковный 2-й пер. 3","mno_type":"БП","container_count":"1","id":"354144","mno_id":"928458023"},"geometry":{"type":"Point","coordinates":[37.508086,55.818093]}},{"type":"Feature","id":"mno-92845802-371","properties":{"category":"МНО","layer":"mno","district":"Войковский","section":"Участок 1","name":"2-й Новоподмосковный переулок,дом 3","address":"2-й Новоподмосковный переулок,дом 3","source_address":"ДТ\\Новоподмосковный 2-й пер. 3","mno_type":"КП","container_count":"1","id":"354144","mno_id":"92845802"},"geometry":{"type":"Point","coordinates":[37.508086,55.818093]}},{"type":"Feature","id":"mno-811477992-372","properties":{"category":"МНО","layer":"mno","district":"Войковский","section":"Участок 5","name":"3-й Новоподмосковный переулок,дом 8","address":"3-й Новоподмосковный переулок,дом 8","source_address":"ДТ\\Новоподмосковный 3-й пер. 6, 8","mno_type":"КП","container_count":"3","id":"463459","mno_id":"811477992"},"geometry":{"type":"Point","coordinates":[37.510253,55.818828]}},{"type":"Feature","id":"mno-798725009-373","properties":{"category":"МНО","layer":"mno","district":"Войковский","section":"Участок 2","name":"3-я Радиаторская улица,дом 10","address":"3-я Радиаторская улица,дом 10","source_address":"ДТ\\Радиаторская 3-я ул. 10","mno_type":"КП","container_count":"3","id":"366968","mno_id":"798725009"},"geometry":{"type":"Point","coordinates":[37.491644,55.818804]}},{"type":"Feature","id":"mno-909623224-374","properties":{"category":"МНО","layer":"mno","district":"Войковский","section":"Участок 2","name":"3-я Радиаторская улица,дом 11","address":"3-я Радиаторская улица,дом 11","source_address":"ДТ\\Радиаторская 3-я ул. 11","mno_type":"КП","container_count":"2","id":"428375","mno_id":"909623224"},"geometry":{"type":"Point","coordinates":[37.490861,55.819292]}},{"type":"Feature","id":"mno-909568380-375","properties":{"category":"МНО","layer":"mno","district":"Войковский","section":"Участок 2","name":"3-я Радиаторская улица,дом 13","address":"3-я Радиаторская улица,дом 13","source_address":"ДТ\\Радиаторская 3-я ул. 13","mno_type":"КП","container_count":"2","id":"440813","mno_id":"909568380"},"geometry":{"type":"Point","coordinates":[37.490818,55.819286]}},{"type":"Feature","id":"mno-890753173-376","properties":{"category":"МНО","layer":"mno","district":"Войковский","section":"Участок 2","name":"3-я Радиаторская улица,дом 4","address":"3-я Радиаторская улица,дом 4","source_address":"ДТ\\Войковский 2-й пр. 7 к.1, 7 к.2; Радиаторская 3-я ул. 2, 4","mno_type":"КП","container_count":"2","id":"2356475","mno_id":"890753173"},"geometry":{"type":"Point","coordinates":[37.493994,55.815974]}},{"type":"Feature","id":"mno-90958222-377","properties":{"category":"МНО","layer":"mno","district":"Войковский","section":"Участок 2","name":"3-я Радиаторская улица,дом 5, корпус 1","address":"3-я Радиаторская улица,дом 5, корпус 1","source_address":"ДТ\\Радиаторская 3-я ул. 5 к.1, 5 к.2, 5 к.3","mno_type":"КП","container_count":"3","id":"2446342","mno_id":"90958222"},"geometry":{"type":"Point","coordinates":[37.491204,55.817137]}},{"type":"Feature","id":"mno-909582228-378","properties":{"category":"МНО","layer":"mno","district":"Войковский","section":"Участок 2","name":"3-я Радиаторская улица,дом 5, корпус 3","address":"3-я Радиаторская улица,дом 5, корпус 3","source_address":"ДТ\\Радиаторская 3-я ул. 5 к.1, 5 к.2, 5 к.3","mno_type":"КП","container_count":"3","id":"2446342","mno_id":"909582228"},"geometry":{"type":"Point","coordinates":[37.491204,55.817137]}},{"type":"Feature","id":"mno-920121161-379","properties":{"category":"МНО","layer":"mno","district":"Войковский","section":"Участок 2","name":"4-й Войковский проезд,дом 6, корпус 2","address":"4-й Войковский проезд,дом 6, корпус 2","source_address":"ДТ\\Войковский 4-й пр. 6А, 6 к.2","mno_type":"КП","container_count":"3","id":"427338","mno_id":"920121161"},"geometry":{"type":"Point","coordinates":[37.489772,55.820748]}},{"type":"Feature","id":"mno-920131776-380","properties":{"category":"МНО","layer":"mno","district":"Войковский","section":"Участок 5","name":"4-й Новоподмосковный переулок,дом 3","address":"4-й Новоподмосковный переулок,дом 3","source_address":"ДТ\\Новоподмосковный 4-й пер. 3","mno_type":"КП","container_count":"3","id":"453248","mno_id":"920131776"},"geometry":{"type":"Point","coordinates":[37.503113,55.821782]}},{"type":"Feature","id":"mno-895014910-381","properties":{"category":"МНО","layer":"mno","district":"Войковский","section":"Участок 5","name":"5-й Новоподмосковный переулок,дом 4, корпус 1","address":"5-й Новоподмосковный переулок,дом 4, корпус 1","source_address":"ДТ\\Новоподмосковный 5-й пер. 4 к.1, 4 к.2","mno_type":"КП","container_count":"4","id":"475898","mno_id":"895014910"},"geometry":{"type":"Point","coordinates":[37.507603,55.821887]}},{"type":"Feature","id":"mno-806890576-382","properties":{"category":"МНО","layer":"mno","district":"Войковский","section":"Участок 5","name":"6-й Новоподмосковный переулок,дом 1","address":"6-й Новоподмосковный переулок,дом 1","source_address":"ДТ\\Новоподмосковный 6-й пер. 1, 3, 5","mno_type":"КП","container_count":"2","id":"361097","mno_id":"806890576"},"geometry":{"type":"Point","coordinates":[37.513332,55.823364]}},{"type":"Feature","id":"mno-11457704-383","properties":{"category":"МНО","layer":"mno","district":"Войковский","section":"Участок 5","name":"6-й Новоподмосковный переулок,дом 12","address":"6-й Новоподмосковный переулок,дом 12","source_address":"ДТ\\Новоподмосковный 6-й пер. 12","mno_type":"КП","container_count":"4","id":"471161","mno_id":"11457704"},"geometry":{"type":"Point","coordinates":[37.512356,55.825232]}},{"type":"Feature","id":"mno-939921690-384","properties":{"category":"МНО","layer":"mno","district":"Войковский","section":"Участок 5","name":"6-й Новоподмосковный переулок,дом 7","address":"6-й Новоподмосковный переулок,дом 7","source_address":"ДТ\\Новоподмосковный 6-й пер. 7; Старопетровский пр. 12 к.6","mno_type":"КП","container_count":"6","id":"484599","mno_id":"939921690"},"geometry":{"type":"Point","coordinates":[37.511932,55.824512]}},{"type":"Feature","id":"mno-799398258-385","properties":{"category":"МНО","layer":"mno","district":"Войковский","section":"Участок 2","name":"Войковский 2-й пр.,8","address":"Войковский 2-й пр.,8","source_address":"ДТ\\Войковский 2-й пр. 8","mno_type":"КП","container_count":"3","id":"436120","mno_id":"799398258"},"geometry":{"type":"Point","coordinates":[37.492883,55.816869]}},{"type":"Feature","id":"mno-920118425-386","properties":{"category":"МНО","layer":"mno","district":"Войковский","section":"Участок 2","name":"Войковский 4-й пр.,10","address":"Войковский 4-й пр.,10","source_address":"ДТ\\Войковский 4-й пр. 10","mno_type":"КП","container_count":"2","id":"456251","mno_id":"920118425"},"geometry":{"type":"Point","coordinates":[37.489702,55.820691]}},{"type":"Feature","id":"mno-934765788-387","properties":{"category":"МНО","layer":"mno","district":"Войковский","section":"Участок 2","name":"Войковский 4-й пр.,5","address":"Войковский 4-й пр.,5","source_address":"ДТ\\Войковский 4-й пр. 3, 5; Ленинградское шоссе 17/1","mno_type":"КП","container_count":"2","id":"448810","mno_id":"934765788"},"geometry":{"type":"Point","coordinates":[37.493672,55.821384]}},{"type":"Feature","id":"mno-890795182-388","properties":{"category":"МНО","layer":"mno","district":"Войковский","section":"Участок 2","name":"Войковский 5-й пр.,10","address":"Войковский 5-й пр.,10","source_address":"ДТ\\Войковский 5-й пр. 10, 14","mno_type":"КП","container_count":"2","id":"428579","mno_id":"890795182"},"geometry":{"type":"Point","coordinates":[37.488855,55.817879]}},{"type":"Feature","id":"mno-939916559-389","properties":{"category":"МНО","layer":"mno","district":"Войковский","section":"Участок 2","name":"Войковский 5-й пр.,2","address":"Войковский 5-й пр.,2","source_address":"ДТ\\Войковский 5-й пр. 2, 4, 6","mno_type":"КП","container_count":"3","id":"356876","mno_id":"939916559"},"geometry":{"type":"Point","coordinates":[37.488763,55.816417]}},{"type":"Feature","id":"mno-93991655-390","properties":{"category":"МНО","layer":"mno","district":"Войковский","section":"Участок 2","name":"Войковский 5-й пр.,6","address":"Войковский 5-й пр.,6","source_address":"ДТ\\Войковский 5-й пр. 2, 4, 6","mno_type":"КП","container_count":"3","id":"356876","mno_id":"93991655"},"geometry":{"type":"Point","coordinates":[37.48761,55.816637]}},{"type":"Feature","id":"mno-79845461-391","properties":{"category":"МНО","layer":"mno","district":"Войковский","section":"Участок 1","name":"Вокзальный переулок,дом 10","address":"Вокзальный переулок,дом 10","source_address":"ДТ\\Вокзальный пер. 10, 8 к.1, 8 к.2","mno_type":"КП","container_count":"2","id":"455889","mno_id":"79845461"},"geometry":{"type":"Point","coordinates":[37.515065,55.818153]}},{"type":"Feature","id":"mno-816913908-392","properties":{"category":"МНО","layer":"mno","district":"Войковский","section":"Участок 1","name":"Вокзальный переулок,дом 3","address":"Вокзальный переулок,дом 3","source_address":"ДТ\\Вокзальный пер. 3; Новоподмосковный 2-й пер. 4","mno_type":"КП","container_count":"2","id":"2438288","mno_id":"816913908"},"geometry":{"type":"Point","coordinates":[37.512533,55.818132]}},{"type":"Feature","id":"mno-1992363-393","properties":{"category":"МНО","layer":"mno","district":"Войковский","section":"Участок 1","name":"Вокзальный переулок,дом 3, корпус 1","address":"Вокзальный переулок,дом 3, корпус 1","source_address":"ДТ\\Вокзальный пер. 3 к.1","mno_type":"КП","container_count":"3","id":"432411","mno_id":"1992363"},"geometry":{"type":"Point","coordinates":[37.511213,55.817743]}},{"type":"Feature","id":"mno-805933018-394","properties":{"category":"МНО","layer":"mno","district":"Войковский","section":"Участок 1","name":"Вокзальный переулок,дом 7, корпус 2","address":"Вокзальный переулок,дом 7, корпус 2","source_address":"ДТ\\Вокзальный пер. 7 к.2","mno_type":"КП","container_count":"3","id":"453476","mno_id":"805933018"},"geometry":{"type":"Point","coordinates":[37.516685,55.818837]}},{"type":"Feature","id":"mno-798454616-395","properties":{"category":"МНО","layer":"mno","district":"Войковский","section":"Участок 1","name":"Вокзальный переулок,дом 8, корпус 1","address":"Вокзальный переулок,дом 8, корпус 1","source_address":"ДТ\\Вокзальный пер. 10, 8 к.1, 8 к.2","mno_type":"КП","container_count":"2","id":"455889","mno_id":"798454616"},"geometry":{"type":"Point","coordinates":[37.513896,55.817834]}},{"type":"Feature","id":"mno-798499412-396","properties":{"category":"МНО","layer":"mno","district":"Войковский","section":"Участок 3","name":"Выборгская улица,дом 10","address":"Выборгская улица,дом 10","source_address":"ДТ\\Выборгская ул. 10, 8","mno_type":"КП","container_count":"2","id":"2356053","mno_id":"798499412"},"geometry":{"type":"Point","coordinates":[37.490362,55.833524]}},{"type":"Feature","id":"mno-79935528-397","properties":{"category":"МНО","layer":"mno","district":"Войковский","section":"Участок 3","name":"Головинское шоссе,дом 6","address":"Головинское шоссе,дом 6","source_address":"ДТ\\Головинское шоссе 4, 6; Макарова Адмирала ул. 12","mno_type":"БП","container_count":"1","id":"3774865","mno_id":"79935528"},"geometry":{"type":"Point","coordinates":[37.490035,55.837892]}},{"type":"Feature","id":"mno-799355285-398","properties":{"category":"МНО","layer":"mno","district":"Войковский","section":"Участок 3","name":"Головинское шоссе,дом 6","address":"Головинское шоссе,дом 6","source_address":"ДТ\\Головинское шоссе 4, 6; Макарова Адмирала ул. 12","mno_type":"КП","container_count":"1","id":"3774865","mno_id":"799355285"},"geometry":{"type":"Point","coordinates":[37.490035,55.837892]}},{"type":"Feature","id":"mno-933919208-399","properties":{"category":"МНО","layer":"mno","district":"Войковский","section":"Участок 3","name":"Головинское шоссе,дом 8, корпус 3","address":"Головинское шоссе,дом 8, корпус 3","source_address":"ДТ\\Головинское шоссе 8А, 8 к.1, 8 к.3","mno_type":"КП","container_count":"2","id":"419925","mno_id":"933919208"},"geometry":{"type":"Point","coordinates":[37.49203,55.837976]}},{"type":"Feature","id":"mno-79936625-400","properties":{"category":"МНО","layer":"mno","district":"Войковский","section":"Участок 2","name":"Ленинградское шоссе,13 к.1","address":"Ленинградское шоссе,13 к.1","source_address":"ДТ\\Ленинградское шоссе 13 к.1, 13 к.2","mno_type":"КП","container_count":"4","id":"2356454","mno_id":"79936625"},"geometry":{"type":"Point","coordinates":[37.496413,55.818913]}},{"type":"Feature","id":"mno-79936-401","properties":{"category":"МНО","layer":"mno","district":"Войковский","section":"Участок 2","name":"Ленинградское шоссе,13 к.1","address":"Ленинградское шоссе,13 к.1","source_address":"ДТ\\Ленинградское шоссе 13 к.1, 13 к.2","mno_type":"БП","container_count":"4","id":"2356454","mno_id":"79936"},"geometry":{"type":"Point","coordinates":[37.496413,55.818913]}},{"type":"Feature","id":"mno-7993662-402","properties":{"category":"МНО","layer":"mno","district":"Войковский","section":"Участок 2","name":"Ленинградское шоссе,13 к.2","address":"Ленинградское шоссе,13 к.2","source_address":"ДТ\\Ленинградское шоссе 13 к.1, 13 к.2","mno_type":"КП","container_count":"4","id":"2356454","mno_id":"7993662"},"geometry":{"type":"Point","coordinates":[37.496413,55.818913]}},{"type":"Feature","id":"mno-934643263-403","properties":{"category":"МНО","layer":"mno","district":"Войковский","section":"Участок 2","name":"Ленинградское шоссе,15","address":"Ленинградское шоссе,15","source_address":"ДТ\\Ленинградское шоссе 15","mno_type":"КП","container_count":"4","id":"367796","mno_id":"934643263"},"geometry":{"type":"Point","coordinates":[37.493945,55.820296]}},{"type":"Feature","id":"mno-941288523-404","properties":{"category":"МНО","layer":"mno","district":"Войковский","section":"Участок 3","name":"Ленинградское шоссе,24 к.1","address":"Ленинградское шоссе,24 к.1","source_address":"ДТ\\Ленинградское шоссе 22, 24 к.1, 24 к.2","mno_type":"КП","container_count":"5","id":"453822","mno_id":"941288523"},"geometry":{"type":"Point","coordinates":[37.492052,55.82789]}},{"type":"Feature","id":"mno-90837610-405","properties":{"category":"МНО","layer":"mno","district":"Войковский","section":"Участок 3","name":"Ленинградское шоссе,29","address":"Ленинградское шоссе,29","source_address":"ДТ\\Ленинградское шоссе 29, 31","mno_type":"БП","container_count":"1","id":"2342166","mno_id":"90837610"},"geometry":{"type":"Point","coordinates":[37.486049,55.830695]}},{"type":"Feature","id":"mno-908376105-406","properties":{"category":"МНО","layer":"mno","district":"Войковский","section":"Участок 3","name":"Ленинградское шоссе,29","address":"Ленинградское шоссе,29","source_address":"ДТ\\Ленинградское шоссе 29, 31","mno_type":"КП","container_count":"1","id":"2342166","mno_id":"908376105"},"geometry":{"type":"Point","coordinates":[37.486049,55.830695]}},{"type":"Feature","id":"mno-799020250-407","properties":{"category":"МНО","layer":"mno","district":"Войковский","section":"Участок 3","name":"Ленинградское шоссе,34 к.1","address":"Ленинградское шоссе,34 к.1","source_address":"ДТ\\Ленинградское шоссе 34 к.1, 36 к.1, 38 к.1","mno_type":"КП","container_count":"4","id":"3761222","mno_id":"799020250"},"geometry":{"type":"Point","coordinates":[37.490539,55.830267]}},{"type":"Feature","id":"mno-923975522-408","properties":{"category":"МНО","layer":"mno","district":"Войковский","section":"Участок 3","name":"Ленинградское шоссе,36 к.2","address":"Ленинградское шоссе,36 к.2","source_address":"ДТ\\Ленинградское шоссе 36 к.2","mno_type":"КП","container_count":"3","id":"455383","mno_id":"923975522"},"geometry":{"type":"Point","coordinates":[37.490013,55.831505]}},{"type":"Feature","id":"mno-826560514-409","properties":{"category":"МНО","layer":"mno","district":"Войковский","section":"Участок 3","name":"Ленинградское шоссе,41 к.1","address":"Ленинградское шоссе,41 к.1","source_address":"ДТ\\Ленинградское шоссе 41 к.1, 41 к.2","mno_type":"КП","container_count":"2","id":"480059","mno_id":"826560514"},"geometry":{"type":"Point","coordinates":[37.479472,55.838476]}},{"type":"Feature","id":"mno-923992925-410","properties":{"category":"МНО","layer":"mno","district":"Войковский","section":"Участок 3","name":"Ленинградское шоссе,42","address":"Ленинградское шоссе,42","source_address":"ДТ\\Ленинградское шоссе 40, 42, 44","mno_type":"КП","container_count":"4","id":"374139","mno_id":"923992925"},"geometry":{"type":"Point","coordinates":[37.488527,55.832301]}},{"type":"Feature","id":"mno-90546532-411","properties":{"category":"МНО","layer":"mno","district":"Войковский","section":"Участок 2","name":"Ленинградское шоссе,9 к.1","address":"Ленинградское шоссе,9 к.1","source_address":"ДТ\\Ленинградское шоссе 9 к.1","mno_type":"БП","container_count":"1","id":"397636","mno_id":"90546532"},"geometry":{"type":"Point","coordinates":[37.498795,55.81582]}},{"type":"Feature","id":"mno-905465324-412","properties":{"category":"МНО","layer":"mno","district":"Войковский","section":"Участок 2","name":"Ленинградское шоссе,9 к.1","address":"Ленинградское шоссе,9 к.1","source_address":"ДТ\\Ленинградское шоссе 9 к.1","mno_type":"КП","container_count":"1","id":"397636","mno_id":"905465324"},"geometry":{"type":"Point","coordinates":[37.498795,55.81582]}},{"type":"Feature","id":"mno-93476578-413","properties":{"category":"МНО","layer":"mno","district":"Войковский","section":"Участок 2","name":"Ленинградское шоссе,дом 17/1","address":"Ленинградское шоссе,дом 17/1","source_address":"ДТ\\Войковский 4-й пр. 3, 5; Ленинградское шоссе 17/1","mno_type":"КП","container_count":"2","id":"448810","mno_id":"93476578"},"geometry":{"type":"Point","coordinates":[37.494696,55.821634]}},{"type":"Feature","id":"mno-89875466-414","properties":{"category":"МНО","layer":"mno","district":"Войковский","section":"Участок 2","name":"Ленинградское шоссе,дом 19","address":"Ленинградское шоссе,дом 19","source_address":"ДТ\\Войковский 4-й пр. 4; Ленинградское шоссе 19, 21","mno_type":"КП","container_count":"2","id":"446185","mno_id":"89875466"},"geometry":{"type":"Point","coordinates":[37.493361,55.822619]}},{"type":"Feature","id":"mno-798646119-415","properties":{"category":"МНО","layer":"mno","district":"Войковский","section":"Участок 3","name":"Ленинградское шоссе,дом 20, корпус 1","address":"Ленинградское шоссе,дом 20, корпус 1","source_address":"ДТ\\Ленинградское шоссе 20 к.1","mno_type":"КП","container_count":"2","id":"343252","mno_id":"798646119"},"geometry":{"type":"Point","coordinates":[37.4946,55.825898]}},{"type":"Feature","id":"mno-90840019-416","properties":{"category":"МНО","layer":"mno","district":"Войковский","section":"Участок 3","name":"Ленинградское шоссе,дом 25, корпус 1","address":"Ленинградское шоссе,дом 25, корпус 1","source_address":"ДТ\\Ленинградское шоссе 25 к.1, 25 к.2, 25 к.3","mno_type":"БП","container_count":"1","id":"908399439","mno_id":"90840019"},"geometry":{"type":"Point","coordinates":[37.487948,55.826928]}},{"type":"Feature","id":"mno-9084001-417","properties":{"category":"МНО","layer":"mno","district":"Войковский","section":"Участок 3","name":"Ленинградское шоссе,дом 25, корпус 1","address":"Ленинградское шоссе,дом 25, корпус 1","source_address":"ДТ\\Ленинградское шоссе 25 к.1, 25 к.2, 25 к.3","mno_type":"КП","container_count":"1","id":"908399439","mno_id":"9084001"},"geometry":{"type":"Point","coordinates":[37.487948,55.826928]}},{"type":"Feature","id":"mno-908400195-418","properties":{"category":"МНО","layer":"mno","district":"Войковский","section":"Участок 3","name":"Ленинградское шоссе,дом 25, корпус 2","address":"Ленинградское шоссе,дом 25, корпус 2","source_address":"ДТ\\Ленинградское шоссе 25 к.1, 25 к.2, 25 к.3","mno_type":"КП","container_count":"1","id":"908399439","mno_id":"908400195"},"geometry":{"type":"Point","coordinates":[37.486977,55.82798]}},{"type":"Feature","id":"mno-92399292-419","properties":{"category":"МНО","layer":"mno","district":"Войковский","section":"Участок 3","name":"Ленинградское шоссе,дом 44","address":"Ленинградское шоссе,дом 44","source_address":"ДТ\\Ленинградское шоссе 40, 42, 44","mno_type":"КП","container_count":"4","id":"374139","mno_id":"92399292"},"geometry":{"type":"Point","coordinates":[37.488527,55.832301]}},{"type":"Feature","id":"mno-1324162362-420","properties":{"category":"МНО","layer":"mno","district":"Войковский","section":"Участок 3","name":"Ленинградское шоссе,дом 48, корпус 1","address":"Ленинградское шоссе,дом 48, корпус 1","source_address":"ДТ\\Ленинградское шоссе дом 48, корпус 1, дом 48, корпус 2, дом 48, корпус 3","mno_type":"БП","container_count":"1","id":"465767","mno_id":"1324162362"},"geometry":{"type":"Point","coordinates":[37.487331,55.834455]}},{"type":"Feature","id":"mno-132416236-421","properties":{"category":"МНО","layer":"mno","district":"Войковский","section":"Участок 3","name":"Ленинградское шоссе,дом 48, корпус 1","address":"Ленинградское шоссе,дом 48, корпус 1","source_address":"ДТ\\Ленинградское шоссе дом 48, корпус 1, дом 48, корпус 2, дом 48, корпус 3","mno_type":"КП","container_count":"1","id":"465767","mno_id":"132416236"},"geometry":{"type":"Point","coordinates":[37.487331,55.834455]}},{"type":"Feature","id":"mno-909498282-422","properties":{"category":"МНО","layer":"mno","district":"Войковский","section":"Участок 3","name":"Ленинградское шоссе,дом 52","address":"Ленинградское шоссе,дом 52","source_address":"ДТ\\Ленинградское шоссе 52","mno_type":"КП","container_count":"3","id":"402336","mno_id":"909498282"},"geometry":{"type":"Point","coordinates":[37.484702,55.837479]}},{"type":"Feature","id":"mno-805744353-423","properties":{"category":"МНО","layer":"mno","district":"Войковский","section":"Участок 3","name":"Ленинградское шоссе,дом 52Б","address":"Ленинградское шоссе,дом 52Б","source_address":"ДТ\\Ленинградское шоссе 52Б","mno_type":"КП","container_count":"2","id":"381755","mno_id":"805744353"},"geometry":{"type":"Point","coordinates":[37.484654,55.839175]}},{"type":"Feature","id":"mno-811426421-424","properties":{"category":"МНО","layer":"mno","district":"Войковский","section":"Участок 3","name":"Ленинградское шоссе,дом 56","address":"Ленинградское шоссе,дом 56","source_address":"ДТ\\Ленинградское шоссе 56","mno_type":"КП","container_count":"2","id":"366841","mno_id":"811426421"},"geometry":{"type":"Point","coordinates":[37.48341,55.838163]}},{"type":"Feature","id":"mno-939911148-425","properties":{"category":"МНО","layer":"mno","district":"Войковский","section":"Участок 1","name":"Ленинградское шоссе,дом 8, корпус 1","address":"Ленинградское шоссе,дом 8, корпус 1","source_address":"ДТ\\Ленинградское шоссе 8 к.1, 8 к.2, 8 к.3","mno_type":"БП","container_count":"1","id":"372398","mno_id":"939911148"},"geometry":{"type":"Point","coordinates":[37.501311,55.817499]}},{"type":"Feature","id":"mno-93991114-426","properties":{"category":"МНО","layer":"mno","district":"Войковский","section":"Участок 1","name":"Ленинградское шоссе,дом 8, корпус 1","address":"Ленинградское шоссе,дом 8, корпус 1","source_address":"ДТ\\Ленинградское шоссе 8 к.1, 8 к.2, 8 к.3","mno_type":"КП","container_count":"1","id":"372398","mno_id":"93991114"},"geometry":{"type":"Point","coordinates":[37.501311,55.817499]}},{"type":"Feature","id":"mno-884036668-427","properties":{"category":"МНО","layer":"mno","district":"Войковский","section":"Участок 3","name":"Макарова Адмирала ул.,5","address":"Макарова Адмирала ул.,5","source_address":"ДТ\\Макарова Адмирала ул. 5","mno_type":"КП","container_count":"2","id":"479754","mno_id":"884036668"},"geometry":{"type":"Point","coordinates":[37.494627,55.825952]}},{"type":"Feature","id":"mno-890809765-428","properties":{"category":"МНО","layer":"mno","district":"Войковский","section":"Участок 3","name":"Нарвская улица,дом 11, корпус 5","address":"Нарвская улица,дом 11, корпус 5","source_address":"ДТ\\Нарвская ул. 11 к.4, 11 к.5","mno_type":"КП","container_count":"3","id":"438453","mno_id":"890809765"},"geometry":{"type":"Point","coordinates":[37.498752,55.832656]}},{"type":"Feature","id":"mno-81114434-429","properties":{"category":"МНО","layer":"mno","district":"Войковский","section":"Участок 3","name":"Нарвская улица,дом 1А, корпус 1","address":"Нарвская улица,дом 1А, корпус 1","source_address":"ДТ\\Нарвская ул. 1А к.1, 1А к.2, 1А к.3, 1А к.4","mno_type":"КП","container_count":"3","id":"92675860","mno_id":"81114434"},"geometry":{"type":"Point","coordinates":[37.503559,55.831882]}},{"type":"Feature","id":"mno-8111443-430","properties":{"category":"МНО","layer":"mno","district":"Войковский","section":"Участок 3","name":"Нарвская улица,дом 1А, корпус 2","address":"Нарвская улица,дом 1А, корпус 2","source_address":"ДТ\\Нарвская ул. 1А к.1, 1А к.2, 1А к.3, 1А к.4","mno_type":"КП","container_count":"3","id":"92675860","mno_id":"8111443"},"geometry":{"type":"Point","coordinates":[37.503559,55.831882]}},{"type":"Feature","id":"mno-811144342-431","properties":{"category":"МНО","layer":"mno","district":"Войковский","section":"Участок 3","name":"Нарвская улица,дом 1А, корпус 3","address":"Нарвская улица,дом 1А, корпус 3","source_address":"ДТ\\Нарвская ул. 1А к.1, 1А к.2, 1А к.3, 1А к.4","mno_type":"КП","container_count":"3","id":"92675860","mno_id":"811144342"},"geometry":{"type":"Point","coordinates":[37.503559,55.831882]}},{"type":"Feature","id":"mno-873134248-432","properties":{"category":"МНО","layer":"mno","district":"Войковский","section":"Участок 3","name":"Нарвская улица,дом 4","address":"Нарвская улица,дом 4","source_address":"ДТ\\Нарвская ул. 4","mno_type":"КП","container_count":"2","id":"399970","mno_id":"873134248"},"geometry":{"type":"Point","coordinates":[37.508343,55.833171]}},{"type":"Feature","id":"mno-91435934-433","properties":{"category":"МНО","layer":"mno","district":"Войковский","section":"Участок 3","name":"Нарвская улица,дом 9","address":"Нарвская улица,дом 9","source_address":"ДТ\\Нарвская ул. 7, 9","mno_type":"КП","container_count":"6","id":"477616","mno_id":"91435934"},"geometry":{"type":"Point","coordinates":[37.503644,55.833084]}},{"type":"Feature","id":"mno-914359342-434","properties":{"category":"МНО","layer":"mno","district":"Войковский","section":"Участок 3","name":"Нарвская улица,дом 9","address":"Нарвская улица,дом 9","source_address":"ДТ\\Нарвская ул. 7, 9","mno_type":"БП","container_count":"6","id":"477616","mno_id":"914359342"},"geometry":{"type":"Point","coordinates":[37.503644,55.833084]}},{"type":"Feature","id":"mno-1176846901-435","properties":{"category":"МНО","layer":"mno","district":"Войковский","section":"Участок 3","name":"Нарвская улица,дом 9, строение 3","address":"Нарвская улица,дом 9, строение 3","source_address":"ДТ\\Нарвская ул. 5А","mno_type":"КП","container_count":"4","id":"913919738","mno_id":"1176846901"},"geometry":{"type":"Point","coordinates":[37.503644,55.833084]}},{"type":"Feature","id":"mno-80561250-436","properties":{"category":"МНО","layer":"mno","district":"Войковский","section":"Участок 2","name":"Радиаторская 2-я ул.,10","address":"Радиаторская 2-я ул.,10","source_address":"ДТ\\Войковский 4-й пр. 9; Радиаторская 1-я ул. 11; Радиаторская 2-я ул. 10, 12","mno_type":"КП","container_count":"2","id":"473718","mno_id":"80561250"},"geometry":{"type":"Point","coordinates":[37.492556,55.820362]}},{"type":"Feature","id":"mno-805612508-437","properties":{"category":"МНО","layer":"mno","district":"Войковский","section":"Участок 2","name":"Радиаторская 2-я ул.,10","address":"Радиаторская 2-я ул.,10","source_address":"ДТ\\Войковский 4-й пр. 9; Радиаторская 1-я ул. 11; Радиаторская 2-я ул. 10, 12","mno_type":"БП","container_count":"2","id":"473718","mno_id":"805612508"},"geometry":{"type":"Point","coordinates":[37.492556,55.820362]}},{"type":"Feature","id":"mno-460354348-438","properties":{"category":"МНО","layer":"mno","district":"Войковский","section":"Участок 2","name":"Радиаторская 2-я ул.,6","address":"Радиаторская 2-я ул.,6","source_address":"ДТ\\Радиаторская 2-я ул. 6","mno_type":"КП","container_count":"4","id":"474787","mno_id":"460354348"},"geometry":{"type":"Point","coordinates":[37.493366,55.818991]}},{"type":"Feature","id":"mno-907696234-439","properties":{"category":"МНО","layer":"mno","district":"Войковский","section":"Участок 5","name":"Старопетровский проезд,дом 12","address":"Старопетровский проезд,дом 12","source_address":"ДТ\\Старопетровский пр. 12, 12А к.1","mno_type":"КП","container_count":"4","id":"2341680","mno_id":"907696234"},"geometry":{"type":"Point","coordinates":[37.506868,55.823677]}},{"type":"Feature","id":"mno-79935571-440","properties":{"category":"МНО","layer":"mno","district":"Войковский","section":"Участок 5","name":"Старопетровский проезд,дом 12, корпус 3","address":"Старопетровский проезд,дом 12, корпус 3","source_address":"ДТ\\Старопетровский пр. 12 к.3","mno_type":"КП","container_count":"2","id":"459081","mno_id":"79935571"},"geometry":{"type":"Point","coordinates":[37.509229,55.824916]}},{"type":"Feature","id":"mno-799355711-441","properties":{"category":"МНО","layer":"mno","district":"Войковский","section":"Участок 5","name":"Старопетровский проезд,дом 12, корпус 3","address":"Старопетровский проезд,дом 12, корпус 3","source_address":"ДТ\\Старопетровский пр. 12 к.3","mno_type":"БП","container_count":"2","id":"459081","mno_id":"799355711"},"geometry":{"type":"Point","coordinates":[37.509229,55.824916]}},{"type":"Feature","id":"mno-933359194-442","properties":{"category":"МНО","layer":"mno","district":"Войковский","section":"Участок 3","name":"улица Адмирала Макарова,дом 13","address":"улица Адмирала Макарова,дом 13","source_address":"ДТ\\Макарова Адмирала ул. 11, 13","mno_type":"КП","container_count":"2","id":"477715","mno_id":"933359194"},"geometry":{"type":"Point","coordinates":[37.49372,55.828788]}},{"type":"Feature","id":"mno-924052938-443","properties":{"category":"МНО","layer":"mno","district":"Войковский","section":"Участок 3","name":"улица Адмирала Макарова,дом 19, корпус 2","address":"улица Адмирала Макарова,дом 19, корпус 2","source_address":"ДТ\\Макарова Адмирала ул. 19 к.1, 19 к.2, 21","mno_type":"БП","container_count":"1","id":"484823","mno_id":"924052938"},"geometry":{"type":"Point","coordinates":[37.493463,55.830436]}},{"type":"Feature","id":"mno-92405293-444","properties":{"category":"МНО","layer":"mno","district":"Войковский","section":"Участок 3","name":"улица Адмирала Макарова,дом 19, корпус 2","address":"улица Адмирала Макарова,дом 19, корпус 2","source_address":"ДТ\\Макарова Адмирала ул. 19 к.1, 19 к.2, 21","mno_type":"КП","container_count":"1","id":"484823","mno_id":"92405293"},"geometry":{"type":"Point","coordinates":[37.493463,55.830436]}},{"type":"Feature","id":"mno-82903919-445","properties":{"category":"МНО","layer":"mno","district":"Войковский","section":"Участок 3","name":"улица Адмирала Макарова,дом 39","address":"улица Адмирала Макарова,дом 39","source_address":"ДТ\\Макарова Адмирала ул. 39, 41 к.2","mno_type":"БП","container_count":"1","id":"440900","mno_id":"82903919"},"geometry":{"type":"Point","coordinates":[37.485968,55.837783]}},{"type":"Feature","id":"mno-829039198-446","properties":{"category":"МНО","layer":"mno","district":"Войковский","section":"Участок 3","name":"улица Адмирала Макарова,дом 41, корпус 2","address":"улица Адмирала Макарова,дом 41, корпус 2","source_address":"ДТ\\Макарова Адмирала ул. 39, 41 к.2","mno_type":"КП","container_count":"1","id":"440900","mno_id":"829039198"},"geometry":{"type":"Point","coordinates":[37.485968,55.837783]}},{"type":"Feature","id":"mno-798972949-447","properties":{"category":"МНО","layer":"mno","district":"Войковский","section":"Участок 3","name":"улица Адмирала Макарова,дом 45","address":"улица Адмирала Макарова,дом 45","source_address":"ДТ\\Макарова Адмирала ул. 43, 45","mno_type":"КП","container_count":"3","id":"401152","mno_id":"798972949"},"geometry":{"type":"Point","coordinates":[37.484708,55.839238]}},{"type":"Feature","id":"mno-946298901-448","properties":{"category":"МНО","layer":"mno","district":"Войковский","section":"Участок 3","name":"улица Адмирала Макарова,дом 9А","address":"улица Адмирала Макарова,дом 9А","source_address":"ДТ\\Макарова Адмирала ул. 9, 9А","mno_type":"КП","container_count":"2","id":"428794","mno_id":"946298901"},"geometry":{"type":"Point","coordinates":[37.495657,55.827501]}},{"type":"Feature","id":"mno-90557544-449","properties":{"category":"МНО","layer":"mno","district":"Войковский","section":"Участок 5","name":"улица Зои и Александра Космодемьянских,дом 10","address":"улица Зои и Александра Космодемьянских,дом 10","source_address":"ДТ\\Зои и Александра Космодемьянских ул. 10","mno_type":"КП","container_count":"2","id":"385463","mno_id":"90557544"},"geometry":{"type":"Point","coordinates":[37.51161,55.820673]}},{"type":"Feature","id":"mno-905575447-450","properties":{"category":"МНО","layer":"mno","district":"Войковский","section":"Участок 5","name":"улица Зои и Александра Космодемьянских,дом 10","address":"улица Зои и Александра Космодемьянских,дом 10","source_address":"ДТ\\Зои и Александра Космодемьянских ул. 10","mno_type":"БП","container_count":"2","id":"385463","mno_id":"905575447"},"geometry":{"type":"Point","coordinates":[37.51161,55.820673]}},{"type":"Feature","id":"mno-81839000-451","properties":{"category":"МНО","layer":"mno","district":"Войковский","section":"Участок 5","name":"улица Зои и Александра Космодемьянских,дом 11","address":"улица Зои и Александра Космодемьянских,дом 11","source_address":"ДТ\\Зои и Александра Космодемьянских ул. 11","mno_type":"БП","container_count":"1","id":"430379","mno_id":"81839000"},"geometry":{"type":"Point","coordinates":[37.511042,55.821785]}},{"type":"Feature","id":"mno-8183900-452","properties":{"category":"МНО","layer":"mno","district":"Войковский","section":"Участок 5","name":"улица Зои и Александра Космодемьянских,дом 11","address":"улица Зои и Александра Космодемьянских,дом 11","source_address":"ДТ\\Зои и Александра Космодемьянских ул. 11","mno_type":"КП","container_count":"1","id":"430379","mno_id":"8183900"},"geometry":{"type":"Point","coordinates":[37.511042,55.821785]}},{"type":"Feature","id":"mno-818390007-453","properties":{"category":"МНО","layer":"mno","district":"Войковский","section":"Участок 5","name":"улица Зои и Александра Космодемьянских,дом 11","address":"улица Зои и Александра Космодемьянских,дом 11","source_address":"ДТ\\Зои и Александра Космодемьянских ул. 11","mno_type":"КП","container_count":"1","id":"430379","mno_id":"818390007"},"geometry":{"type":"Point","coordinates":[37.511042,55.821785]}},{"type":"Feature","id":"mno-878596377-454","properties":{"category":"МНО","layer":"mno","district":"Войковский","section":"Участок 5","name":"улица Зои и Александра Космодемьянских,дом 14/10","address":"улица Зои и Александра Космодемьянских,дом 14/10","source_address":"ДТ\\Зои и Александра Космодемьянских ул. 14/10","mno_type":"КП","container_count":"3","id":"454363","mno_id":"878596377"},"geometry":{"type":"Point","coordinates":[37.513177,55.820221]}},{"type":"Feature","id":"mno-1147972759-455","properties":{"category":"МНО","layer":"mno","district":"Войковский","section":"Участок 5","name":"улица Зои и Александра Космодемьянских,дом 17/2","address":"улица Зои и Александра Космодемьянских,дом 17/2","source_address":"ДТ\\Зои и Александра Космодемьянских ул. 17/2","mno_type":"КП","container_count":"4","id":"480645","mno_id":"1147972759"},"geometry":{"type":"Point","coordinates":[37.515403,55.822291]}},{"type":"Feature","id":"mno-1996766-456","properties":{"category":"МНО","layer":"mno","district":"Войковский","section":"Участок 5","name":"улица Зои и Александра Космодемьянских,дом 18, корпус 1","address":"улица Зои и Александра Космодемьянских,дом 18, корпус 1","source_address":"ДТ\\Зои и Александра Космодемьянских ул. 18 к.1, 18 к.2","mno_type":"КП","container_count":"3","id":"368630","mno_id":"1996766"},"geometry":{"type":"Point","coordinates":[37.512833,55.821275]}},{"type":"Feature","id":"mno-90828225-457","properties":{"category":"МНО","layer":"mno","district":"Войковский","section":"Участок 5","name":"улица Зои и Александра Космодемьянских,дом 20","address":"улица Зои и Александра Космодемьянских,дом 20","source_address":"ДТ\\Зои и Александра Космодемьянских ул. 20, 22 к.1, 22 к.2","mno_type":"КП","container_count":"2","id":"367578","mno_id":"90828225"},"geometry":{"type":"Point","coordinates":[37.515623,55.820838]}},{"type":"Feature","id":"mno-908282252-458","properties":{"category":"МНО","layer":"mno","district":"Войковский","section":"Участок 5","name":"улица Зои и Александра Космодемьянских,дом 22, корпус 1","address":"улица Зои и Александра Космодемьянских,дом 22, корпус 1","source_address":"ДТ\\Зои и Александра Космодемьянских ул. 20, 22 к.1, 22 к.2","mno_type":"КП","container_count":"2","id":"367578","mno_id":"908282252"},"geometry":{"type":"Point","coordinates":[37.515623,55.820838]}},{"type":"Feature","id":"mno-928422892-459","properties":{"category":"МНО","layer":"mno","district":"Войковский","section":"Участок 1","name":"улица Зои и Александра Космодемьянских,дом 4, корпус 1","address":"улица Зои и Александра Космодемьянских,дом 4, корпус 1","source_address":"ДТ\\Зои и Александра Космодемьянских ул. 4 к.1, 4 к.2, 4 к.3","mno_type":"КП","container_count":"7","id":"397506","mno_id":"928422892"},"geometry":{"type":"Point","coordinates":[37.502823,55.818036]}},{"type":"Feature","id":"mno-808139600-460","properties":{"category":"МНО","layer":"mno","district":"Войковский","section":"Участок 1","name":"улица Зои и Александра Космодемьянских,дом 6","address":"улица Зои и Александра Космодемьянских,дом 6","source_address":"ДТ\\Зои и Александра Космодемьянских ул. 6","mno_type":"КП","container_count":"3","id":"389453","mno_id":"808139600"},"geometry":{"type":"Point","coordinates":[37.507131,55.818563]}},{"type":"Feature","id":"mno-806633897-461","properties":{"category":"МНО","layer":"mno","district":"Войковский","section":"Участок 5","name":"улица Зои и Александра Космодемьянских,дом 7, корпус 1","address":"улица Зои и Александра Космодемьянских,дом 7, корпус 1","source_address":"ДТ\\Зои и Александра Космодемьянских ул. 7 к.1, 7 к.2, 7 к.3, 7 к.4","mno_type":"КП","container_count":"5","id":"480016","mno_id":"806633897"},"geometry":{"type":"Point","coordinates":[37.509266,55.821007]}},{"type":"Feature","id":"mno-887528489-462","properties":{"category":"МНО","layer":"mno","district":"Войковский","section":"Участок 1","name":"улица Клары Цеткин,дом 11, корпус 1","address":"улица Клары Цеткин,дом 11, корпус 1","source_address":"ДТ\\Клары Цеткин ул. 11 к.1, 11 к.2","mno_type":"КП","container_count":"2","id":"467576","mno_id":"887528489"},"geometry":{"type":"Point","coordinates":[37.516744,55.818858]}},{"type":"Feature","id":"mno-946289498-463","properties":{"category":"МНО","layer":"mno","district":"Войковский","section":"Участок 1","name":"улица Клары Цеткин,дом 13","address":"улица Клары Цеткин,дом 13","source_address":"ДТ\\Клары Цеткин ул. 13","mno_type":"КП","container_count":"2","id":"441888","mno_id":"946289498"},"geometry":{"type":"Point","coordinates":[37.517007,55.819476]}},{"type":"Feature","id":"mno-887548160-464","properties":{"category":"МНО","layer":"mno","district":"Войковский","section":"Участок 5","name":"улица Клары Цеткин,дом 17","address":"улица Клары Цеткин,дом 17","source_address":"ДТ\\Клары Цеткин ул. 17","mno_type":"КП","container_count":"4","id":"370781","mno_id":"887548160"},"geometry":{"type":"Point","coordinates":[37.518638,55.821896]}},{"type":"Feature","id":"mno-907705556-465","properties":{"category":"МНО","layer":"mno","district":"Войковский","section":"Участок 5","name":"улица Клары Цеткин,дом 25, корпус 2","address":"улица Клары Цеткин,дом 25, корпус 2","source_address":"ДТ\\Клары Цеткин ул. 25 к.2","mno_type":"КП","container_count":"2","id":"432276","mno_id":"907705556"},"geometry":{"type":"Point","coordinates":[37.514636,55.823822]}},{"type":"Feature","id":"mno-90789780-466","properties":{"category":"МНО","layer":"mno","district":"Войковский","section":"Участок 5","name":"улица Клары Цеткин,дом 29, корпус 1","address":"улица Клары Цеткин,дом 29, корпус 1","source_address":"ДТ\\Клары Цеткин ул. 29, 29 к.1, 31","mno_type":"КП","container_count":"3","id":"469344","mno_id":"90789780"},"geometry":{"type":"Point","coordinates":[37.514826,55.825667]}},{"type":"Feature","id":"mno-907897808-467","properties":{"category":"МНО","layer":"mno","district":"Войковский","section":"Участок 5","name":"улица Клары Цеткин,дом 31","address":"улица Клары Цеткин,дом 31","source_address":"ДТ\\Клары Цеткин ул. 29, 29 к.1, 31","mno_type":"БП","container_count":"3","id":"469344","mno_id":"907897808"},"geometry":{"type":"Point","coordinates":[37.514893,55.826315]}},{"type":"Feature","id":"mno-79858885-468","properties":{"category":"МНО","layer":"mno","district":"Войковский","section":"Участок 1","name":"улица Клары Цеткин,дом 5","address":"улица Клары Цеткин,дом 5","source_address":"ДТ\\Клары Цеткин ул. 5, 7","mno_type":"БП","container_count":"1","id":"411477","mno_id":"79858885"},"geometry":{"type":"Point","coordinates":[37.516894,55.817788]}},{"type":"Feature","id":"mno-798588859-469","properties":{"category":"МНО","layer":"mno","district":"Войковский","section":"Участок 1","name":"улица Клары Цеткин,дом 5","address":"улица Клары Цеткин,дом 5","source_address":"ДТ\\Клары Цеткин ул. 5, 7","mno_type":"КП","container_count":"1","id":"411477","mno_id":"798588859"},"geometry":{"type":"Point","coordinates":[37.516894,55.817788]}},{"type":"Feature","id":"mno-889455720-470","properties":{"category":"МНО","layer":"mno","district":"Войковский","section":"Участок 1","name":"улица Клары Цеткин,дом 9, корпус 1","address":"улица Клары Цеткин,дом 9, корпус 1","source_address":"ДТ\\Клары Цеткин ул. 9 к.1, 9 к.2","mno_type":"КП","container_count":"2","id":"381263","mno_id":"889455720"},"geometry":{"type":"Point","coordinates":[37.516948,55.817767]}},{"type":"Feature","id":"mno-79894999-471","properties":{"category":"МНО","layer":"mno","district":"Войковский","section":"Участок 1","name":"улица Космонавта Волкова,дом 11","address":"улица Космонавта Волкова,дом 11","source_address":"ДТ\\Вокзальный пер. 4; Волкова Космонавта ул. 11","mno_type":"КП","container_count":"5","id":"420930","mno_id":"79894999"},"geometry":{"type":"Point","coordinates":[37.512774,55.817246]}},{"type":"Feature","id":"mno-798949992-472","properties":{"category":"МНО","layer":"mno","district":"Войковский","section":"Участок 1","name":"улица Космонавта Волкова,дом 11","address":"улица Космонавта Волкова,дом 11","source_address":"ДТ\\Вокзальный пер. 4; Волкова Космонавта ул. 11","mno_type":"КП","container_count":"5","id":"420930","mno_id":"798949992"},"geometry":{"type":"Point","coordinates":[37.512774,55.817246]}},{"type":"Feature","id":"mno-890640045-473","properties":{"category":"МНО","layer":"mno","district":"Войковский","section":"Участок 1","name":"улица Космонавта Волкова,дом 13, корпус 2","address":"улица Космонавта Волкова,дом 13, корпус 2","source_address":"ДТ\\Волкова Космонавта ул. 13 к.2","mno_type":"КП","container_count":"2","id":"367711","mno_id":"890640045"},"geometry":{"type":"Point","coordinates":[37.512678,55.816411]}},{"type":"Feature","id":"mno-799363076-474","properties":{"category":"МНО","layer":"mno","district":"Войковский","section":"Участок 1","name":"улица Космонавта Волкова,дом 15, корпус 1","address":"улица Космонавта Волкова,дом 15, корпус 1","source_address":"ДТ\\Волкова Космонавта ул. 15 к.1, 15 к.2, 15 к.3","mno_type":"КП","container_count":"3","id":"414906","mno_id":"799363076"},"geometry":{"type":"Point","coordinates":[37.515264,55.817297]}},{"type":"Feature","id":"mno-814897876-475","properties":{"category":"МНО","layer":"mno","district":"Войковский","section":"Участок 1","name":"улица Космонавта Волкова,дом 19","address":"улица Космонавта Волкова,дом 19","source_address":"ДТ\\Волкова Космонавта ул. 19, 21 к.1; Клары Цеткин ул. 5 к.1","mno_type":"КП","container_count":"3","id":"444600","mno_id":"814897876"},"geometry":{"type":"Point","coordinates":[37.517302,55.816471]}},{"type":"Feature","id":"mno-933957669-476","properties":{"category":"МНО","layer":"mno","district":"Войковский","section":"Участок 1","name":"улица Космонавта Волкова,дом 5, корпус 1","address":"улица Космонавта Волкова,дом 5, корпус 1","source_address":"ДТ\\Волкова Космонавта ул. 5 к.1","mno_type":"КП","container_count":"4","id":"382978","mno_id":"933957669"},"geometry":{"type":"Point","coordinates":[37.506697,55.816637]}},{"type":"Feature","id":"mno-946286167-477","properties":{"category":"МНО","layer":"mno","district":"Войковский","section":"Участок 1","name":"улица Космонавта Волкова,дом 7","address":"улица Космонавта Волкова,дом 7","source_address":"ДТ\\Волкова Космонавта ул. 7","mno_type":"КП","container_count":"6","id":"451240","mno_id":"946286167"},"geometry":{"type":"Point","coordinates":[37.509277,55.816312]}},{"type":"Feature","id":"mno-80575425-478","properties":{"category":"МНО","layer":"mno","district":"Войковский","section":"Участок 5","name":"2-й Новоподмосковный переулок,дом 6","address":"2-й Новоподмосковный переулок,дом 6","source_address":"ДТ\\Новоподмосковный 2-й пер. 6, 8","mno_type":"КП","container_count":"3","id":"386220","mno_id":"80575425"},"geometry":{"type":"Point","coordinates":[37.510253,55.818828]}},{"type":"Feature","id":"mno-805754251-479","properties":{"category":"МНО","layer":"mno","district":"Войковский","section":"Участок 5","name":"2-й Новоподмосковный переулок,дом 8","address":"2-й Новоподмосковный переулок,дом 8","source_address":"ДТ\\Новоподмосковный 2-й пер. 6, 8","mno_type":"КП","container_count":"3","id":"386220","mno_id":"805754251"},"geometry":{"type":"Point","coordinates":[37.510253,55.818828]}},{"type":"Feature","id":"mno-805858302-480","properties":{"category":"МНО","layer":"mno","district":"Войковский","section":"Участок 2","name":"Войковский 5-й пр.,16","address":"Войковский 5-й пр.,16","source_address":"ДТ\\Войковский 5-й пр. 16, 16 к.2","mno_type":"КП","container_count":"3","id":"471224","mno_id":"805858302"},"geometry":{"type":"Point","coordinates":[37.48849,55.81847]}},{"type":"Feature","id":"mno-898754660-481","properties":{"category":"МНО","layer":"mno","district":"Войковский","section":"Участок 2","name":"Ленинградское шоссе,21","address":"Ленинградское шоссе,21","source_address":"ДТ\\Войковский 4-й пр. 4; Ленинградское шоссе 19, 21","mno_type":"КП","container_count":"2","id":"446185","mno_id":"898754660"},"geometry":{"type":"Point","coordinates":[37.493355,55.822662]}},{"type":"Feature","id":"mno-891257047-482","properties":{"category":"МНО","layer":"mno","district":"Восточное Дегунино","section":"Участок 1","name":"Дубнинская улица,дом 6, корпус 1","address":"Дубнинская улица,дом 6, корпус 1","source_address":"ДТ\\Дубнинская ул. 6 к.1","mno_type":"КП","container_count":"2","id":"622779","mno_id":"891257047"},"geometry":{"type":"Point","coordinates":[37.570528,55.859663]}},{"type":"Feature","id":"mno-1196393332-483","properties":{"category":"МНО","layer":"mno","district":"Восточное Дегунино","section":"Участок 1","name":"Дубнинская улица,дом 6, корпус 2","address":"Дубнинская улица,дом 6, корпус 2","source_address":"ДТ\\Дубнинская ул. 10 к.4, 10 к.5, 6 к.2, 6 к.3, 8 к.1","mno_type":"КП","container_count":"3","id":"624459","mno_id":"1196393332"},"geometry":{"type":"Point","coordinates":[37.571116,55.858998]}},{"type":"Feature","id":"mno-119639333-484","properties":{"category":"МНО","layer":"mno","district":"Восточное Дегунино","section":"Участок 1","name":"Дубнинская улица,дом 6, корпус 2","address":"Дубнинская улица,дом 6, корпус 2","source_address":"ДТ\\Дубнинская ул. 10 к.4, 10 к.5, 6 к.2, 6 к.3, 8 к.1","mno_type":"КП","container_count":"3","id":"624459","mno_id":"119639333"},"geometry":{"type":"Point","coordinates":[37.572718,55.859733]}},{"type":"Feature","id":"mno-11963933-485","properties":{"category":"МНО","layer":"mno","district":"Восточное Дегунино","section":"Участок 1","name":"Дубнинская улица,дом 6, корпус 3","address":"Дубнинская улица,дом 6, корпус 3","source_address":"ДТ\\Дубнинская ул. 10 к.4, 10 к.5, 6 к.2, 6 к.3, 8 к.1","mno_type":"БП","container_count":"3","id":"624459","mno_id":"11963933"},"geometry":{"type":"Point","coordinates":[37.572761,55.859807]}},{"type":"Feature","id":"mno-812976083-486","properties":{"category":"МНО","layer":"mno","district":"Восточное Дегунино","section":"Участок 3","name":"улица 800-летия Москвы,дом 3, корпус 1","address":"улица 800-летия Москвы,дом 3, корпус 1","source_address":"ДТ\\Восьмисотлетия Москвы ул. 3 к.1","mno_type":"КП","container_count":"3","id":"626532","mno_id":"812976083"},"geometry":{"type":"Point","coordinates":[37.551537,55.879792]}},{"type":"Feature","id":"mno-90699349-487","properties":{"category":"МНО","layer":"mno","district":"Восточное Дегунино","section":"Участок 3","name":"улица 800-летия Москвы,дом 5, корпус 1","address":"улица 800-летия Москвы,дом 5, корпус 1","source_address":"ДТ\\Восьмисотлетия Москвы ул. 5 к.1; Дубнинская ул. 73 к.4","mno_type":"КП","container_count":"2","id":"596672","mno_id":"90699349"},"geometry":{"type":"Point","coordinates":[37.553263,55.880044]}},{"type":"Feature","id":"mno-9069934-488","properties":{"category":"МНО","layer":"mno","district":"Восточное Дегунино","section":"Участок 3","name":"улица 800-летия Москвы,дом 5, корпус 1","address":"улица 800-летия Москвы,дом 5, корпус 1","source_address":"ДТ\\Восьмисотлетия Москвы ул. 5 к.1; Дубнинская ул. 73 к.4","mno_type":"КП","container_count":"2","id":"596672","mno_id":"9069934"},"geometry":{"type":"Point","coordinates":[37.555682,55.880482]}},{"type":"Feature","id":"mno-1057575338-489","properties":{"category":"МНО","layer":"mno","district":"Восточное Дегунино","section":"Участок 1","name":"Бескудниковский бульвар,дом 8, корпус 2","address":"Бескудниковский бульвар,дом 8, корпус 2","source_address":"ДТ\\Бескудниковский бульв. 8 к.2","mno_type":"КП","container_count":"4","id":"615124","mno_id":"1057575338"},"geometry":{"type":"Point","coordinates":[37.563795,55.860582]}},{"type":"Feature","id":"mno-1252704274-490","properties":{"category":"МНО","layer":"mno","district":"Восточное Дегунино","section":"Участок 1","name":"Дубнинская улица,дом 10, корпус 1","address":"Дубнинская улица,дом 10, корпус 1","source_address":"ДТ\\Дубнинская ул. 10 к.1","mno_type":"КП","container_count":"3","id":"607538","mno_id":"1252704274"},"geometry":{"type":"Point","coordinates":[37.567681,55.863465]}},{"type":"Feature","id":"mno-125270427-491","properties":{"category":"МНО","layer":"mno","district":"Восточное Дегунино","section":"Участок 1","name":"Дубнинская улица,дом 10, корпус 1","address":"Дубнинская улица,дом 10, корпус 1","source_address":"ДТ\\Дубнинская ул. 10 к.1","mno_type":"КП","container_count":"3","id":"607538","mno_id":"125270427"},"geometry":{"type":"Point","coordinates":[37.568468,55.861306]}},{"type":"Feature","id":"mno-80750418-492","properties":{"category":"МНО","layer":"mno","district":"Восточное Дегунино","section":"Участок 1","name":"Дубнинская улица,дом 10, корпус 2","address":"Дубнинская улица,дом 10, корпус 2","source_address":"ДТ\\Дубнинская ул. 10 к.2, 10 к.3","mno_type":"КП","container_count":"2","id":"626433","mno_id":"80750418"},"geometry":{"type":"Point","coordinates":[37.569286,55.863383]}},{"type":"Feature","id":"mno-8075041-493","properties":{"category":"МНО","layer":"mno","district":"Восточное Дегунино","section":"Участок 1","name":"Дубнинская улица,дом 10, корпус 2","address":"Дубнинская улица,дом 10, корпус 2","source_address":"ДТ\\Дубнинская ул. 10 к.2, 10 к.3","mno_type":"КП","container_count":"2","id":"626433","mno_id":"8075041"},"geometry":{"type":"Point","coordinates":[37.570066,55.861976]}},{"type":"Feature","id":"mno-807504188-494","properties":{"category":"МНО","layer":"mno","district":"Восточное Дегунино","section":"Участок 1","name":"Дубнинская улица,дом 10, корпус 3","address":"Дубнинская улица,дом 10, корпус 3","source_address":"ДТ\\Дубнинская ул. 10 к.2, 10 к.3","mno_type":"КП","container_count":"2","id":"626433","mno_id":"807504188"},"geometry":{"type":"Point","coordinates":[37.571289,55.864261]}},{"type":"Feature","id":"mno-1196393-495","properties":{"category":"МНО","layer":"mno","district":"Восточное Дегунино","section":"Участок 1","name":"Дубнинская улица,дом 10, корпус 4","address":"Дубнинская улица,дом 10, корпус 4","source_address":"ДТ\\Дубнинская ул. 10 к.4, 10 к.5, 6 к.2, 6 к.3, 8 к.1","mno_type":"КП","container_count":"3","id":"624459","mno_id":"1196393"},"geometry":{"type":"Point","coordinates":[37.572445,55.864258]}},{"type":"Feature","id":"mno-119639-496","properties":{"category":"МНО","layer":"mno","district":"Восточное Дегунино","section":"Участок 1","name":"Дубнинская улица,дом 10, корпус 5","address":"Дубнинская улица,дом 10, корпус 5","source_address":"ДТ\\Дубнинская ул. 10 к.4, 10 к.5, 6 к.2, 6 к.3, 8 к.1","mno_type":"КП","container_count":"3","id":"624459","mno_id":"119639"},"geometry":{"type":"Point","coordinates":[37.572584,55.863673]}},{"type":"Feature","id":"mno-907803347-497","properties":{"category":"МНО","layer":"mno","district":"Восточное Дегунино","section":"Участок 1","name":"Дубнинская улица,дом 12, корпус 1","address":"Дубнинская улица,дом 12, корпус 1","source_address":"ДТ\\Дубнинская улица дом 12, корпус 1","mno_type":"КП","container_count":"4","id":"622612","mno_id":"907803347"},"geometry":{"type":"Point","coordinates":[37.567755,55.865305]}},{"type":"Feature","id":"mno-907000754-498","properties":{"category":"МНО","layer":"mno","district":"Восточное Дегунино","section":"Участок 1","name":"Дубнинская улица,дом 12, корпус 2","address":"Дубнинская улица,дом 12, корпус 2","source_address":"ДТ\\Дубнинская ул. 12 к.2","mno_type":"КП","container_count":"3","id":"3962020","mno_id":"907000754"},"geometry":{"type":"Point","coordinates":[37.570359,55.864851]}},{"type":"Feature","id":"mno-89506436-499","properties":{"category":"МНО","layer":"mno","district":"Восточное Дегунино","section":"Участок 1","name":"Дубнинская улица,дом 12, корпус 3","address":"Дубнинская улица,дом 12, корпус 3","source_address":"ДТ\\Дубнинская ул. 12 к.3","mno_type":"КП","container_count":"2","id":"636990","mno_id":"89506436"},"geometry":{"type":"Point","coordinates":[37.57028,55.865505]}},{"type":"Feature","id":"mno-895064364-500","properties":{"category":"МНО","layer":"mno","district":"Восточное Дегунино","section":"Участок 1","name":"Дубнинская улица,дом 12, корпус 3","address":"Дубнинская улица,дом 12, корпус 3","source_address":"ДТ\\Дубнинская ул. 12 к.3","mno_type":"КП","container_count":"2","id":"636990","mno_id":"895064364"},"geometry":{"type":"Point","coordinates":[37.569988,55.86655]}},{"type":"Feature","id":"mno-906996256-501","properties":{"category":"МНО","layer":"mno","district":"Восточное Дегунино","section":"Участок 1","name":"Дубнинская улица,дом 12, корпус 4","address":"Дубнинская улица,дом 12, корпус 4","source_address":"ДТ\\Дубнинская ул. 12 к.4","mno_type":"КП","container_count":"2","id":"3963055","mno_id":"906996256"},"geometry":{"type":"Point","coordinates":[37.567399,55.865962]}},{"type":"Feature","id":"mno-830416751-502","properties":{"category":"МНО","layer":"mno","district":"Восточное Дегунино","section":"Участок 1","name":"Дубнинская улица,дом 13","address":"Дубнинская улица,дом 13","source_address":"ДТ\\Дубнинская ул. 13","mno_type":"КП","container_count":"3","id":"623155","mno_id":"830416751"},"geometry":{"type":"Point","coordinates":[37.56736,55.8593]}},{"type":"Feature","id":"mno-77414112-503","properties":{"category":"МНО","layer":"mno","district":"Восточное Дегунино","section":"Участок 1","name":"Дубнинская улица,дом 14, корпус 1","address":"Дубнинская улица,дом 14, корпус 1","source_address":"ДТ\\Дубнинская ул. 14 к.1","mno_type":"КП","container_count":"3","id":"577010","mno_id":"77414112"},"geometry":{"type":"Point","coordinates":[37.564931,55.866718]}},{"type":"Feature","id":"mno-774141126-504","properties":{"category":"МНО","layer":"mno","district":"Восточное Дегунино","section":"Участок 1","name":"Дубнинская улица,дом 14, корпус 1","address":"Дубнинская улица,дом 14, корпус 1","source_address":"ДТ\\Дубнинская ул. 14 к.1","mno_type":"КП","container_count":"3","id":"577010","mno_id":"774141126"},"geometry":{"type":"Point","coordinates":[37.565957,55.865791]}},{"type":"Feature","id":"mno-766051422-505","properties":{"category":"МНО","layer":"mno","district":"Восточное Дегунино","section":"Участок 1","name":"Дубнинская улица,дом 14, корпус 2","address":"Дубнинская улица,дом 14, корпус 2","source_address":"ДТ\\Дубнинская ул. 14 к.2, 14 к.3, 14 к.4","mno_type":"КП","container_count":"3","id":"565746","mno_id":"766051422"},"geometry":{"type":"Point","coordinates":[37.571264,55.866723]}},{"type":"Feature","id":"mno-80752784-506","properties":{"category":"МНО","layer":"mno","district":"Восточное Дегунино","section":"Участок 1","name":"Дубнинская улица,дом 15, корпус 2","address":"Дубнинская улица,дом 15, корпус 2","source_address":"ДТ\\Дубнинская ул. 15 к.2, 17 к.2","mno_type":"БП","container_count":"1","id":"592057","mno_id":"80752784"},"geometry":{"type":"Point","coordinates":[37.565563,55.860381]}},{"type":"Feature","id":"mno-8075278-507","properties":{"category":"МНО","layer":"mno","district":"Восточное Дегунино","section":"Участок 1","name":"Дубнинская улица,дом 15, корпус 2","address":"Дубнинская улица,дом 15, корпус 2","source_address":"ДТ\\Дубнинская ул. 15 к.2, 17 к.2","mno_type":"КП","container_count":"1","id":"592057","mno_id":"8075278"},"geometry":{"type":"Point","coordinates":[37.565632,55.860337]}},{"type":"Feature","id":"mno-89678705-508","properties":{"category":"МНО","layer":"mno","district":"Восточное Дегунино","section":"Участок 1","name":"Дубнинская улица,дом 16, корпус 1","address":"Дубнинская улица,дом 16, корпус 1","source_address":"ДТ\\Дубнинская ул. 16 к.1","mno_type":"КП","container_count":"2","id":"631803","mno_id":"89678705"},"geometry":{"type":"Point","coordinates":[37.563358,55.86872]}},{"type":"Feature","id":"mno-8967870-509","properties":{"category":"МНО","layer":"mno","district":"Восточное Дегунино","section":"Участок 1","name":"Дубнинская улица,дом 16, корпус 1","address":"Дубнинская улица,дом 16, корпус 1","source_address":"ДТ\\Дубнинская ул. 16 к.1","mno_type":"КП","container_count":"2","id":"631803","mno_id":"8967870"},"geometry":{"type":"Point","coordinates":[37.56265,55.869655]}},{"type":"Feature","id":"mno-896787058-510","properties":{"category":"МНО","layer":"mno","district":"Восточное Дегунино","section":"Участок 1","name":"Дубнинская улица,дом 16, корпус 1","address":"Дубнинская улица,дом 16, корпус 1","source_address":"ДТ\\Дубнинская ул. 16 к.1","mno_type":"БП","container_count":"2","id":"631803","mno_id":"896787058"},"geometry":{"type":"Point","coordinates":[37.564047,55.868467]}},{"type":"Feature","id":"mno-90337034-511","properties":{"category":"МНО","layer":"mno","district":"Восточное Дегунино","section":"Участок 1","name":"Дубнинская улица,дом 16, корпус 2","address":"Дубнинская улица,дом 16, корпус 2","source_address":"ДТ\\Дубнинская ул. 16 к.2","mno_type":"КП","container_count":"2","id":"604442","mno_id":"90337034"},"geometry":{"type":"Point","coordinates":[37.565446,55.868144]}},{"type":"Feature","id":"mno-903370347-512","properties":{"category":"МНО","layer":"mno","district":"Восточное Дегунино","section":"Участок 1","name":"Дубнинская улица,дом 16, корпус 2","address":"Дубнинская улица,дом 16, корпус 2","source_address":"ДТ\\Дубнинская ул. 16 к.2","mno_type":"КП","container_count":"2","id":"604442","mno_id":"903370347"},"geometry":{"type":"Point","coordinates":[37.566325,55.867334]}},{"type":"Feature","id":"mno-76573298-513","properties":{"category":"МНО","layer":"mno","district":"Восточное Дегунино","section":"Участок 1","name":"Дубнинская улица,дом 16, корпус 3","address":"Дубнинская улица,дом 16, корпус 3","source_address":"ДТ\\Дубнинская ул. 16 к.3, 16 к.4, 16 к.5","mno_type":"КП","container_count":"2","id":"622361","mno_id":"76573298"},"geometry":{"type":"Point","coordinates":[37.566607,55.867292]}},{"type":"Feature","id":"mno-7657329-514","properties":{"category":"МНО","layer":"mno","district":"Восточное Дегунино","section":"Участок 1","name":"Дубнинская улица,дом 16, корпус 3","address":"Дубнинская улица,дом 16, корпус 3","source_address":"ДТ\\Дубнинская ул. 16 к.3, 16 к.4, 16 к.5","mno_type":"КП","container_count":"2","id":"622361","mno_id":"7657329"},"geometry":{"type":"Point","coordinates":[37.568817,55.868069]}},{"type":"Feature","id":"mno-765732-515","properties":{"category":"МНО","layer":"mno","district":"Восточное Дегунино","section":"Участок 1","name":"Дубнинская улица,дом 16, корпус 4","address":"Дубнинская улица,дом 16, корпус 4","source_address":"ДТ\\Дубнинская ул. 16 к.3, 16 к.4, 16 к.5","mno_type":"КП","container_count":"2","id":"622361","mno_id":"765732"},"geometry":{"type":"Point","coordinates":[37.568817,55.868069]}},{"type":"Feature","id":"mno-76573-516","properties":{"category":"МНО","layer":"mno","district":"Восточное Дегунино","section":"Участок 1","name":"Дубнинская улица,дом 16, корпус 5","address":"Дубнинская улица,дом 16, корпус 5","source_address":"ДТ\\Дубнинская ул. 16 к.3, 16 к.4, 16 к.5","mno_type":"КП","container_count":"2","id":"622361","mno_id":"76573"},"geometry":{"type":"Point","coordinates":[37.567282,55.869241]}},{"type":"Feature","id":"mno-765732982-517","properties":{"category":"МНО","layer":"mno","district":"Восточное Дегунино","section":"Участок 1","name":"Дубнинская улица,дом 16, корпус 5","address":"Дубнинская улица,дом 16, корпус 5","source_address":"ДТ\\Дубнинская ул. 16 к.3, 16 к.4, 16 к.5","mno_type":"КП","container_count":"2","id":"622361","mno_id":"765732982"},"geometry":{"type":"Point","coordinates":[37.565801,55.868876]}},{"type":"Feature","id":"mno-89552813-518","properties":{"category":"МНО","layer":"mno","district":"Восточное Дегунино","section":"Участок 1","name":"Дубнинская улица,дом 16, корпус 6","address":"Дубнинская улица,дом 16, корпус 6","source_address":"ДТ\\Дубнинская улица дом 16, корпус 6, дом 18, корпус 1","mno_type":"КП","container_count":"2","id":"578397","mno_id":"89552813"},"geometry":{"type":"Point","coordinates":[37.570301,55.868439]}},{"type":"Feature","id":"mno-895528135-519","properties":{"category":"МНО","layer":"mno","district":"Восточное Дегунино","section":"Участок 1","name":"Дубнинская улица,дом 16, корпус 6","address":"Дубнинская улица,дом 16, корпус 6","source_address":"ДТ\\Дубнинская улица дом 16, корпус 6, дом 18, корпус 1","mno_type":"КП","container_count":"2","id":"578397","mno_id":"895528135"},"geometry":{"type":"Point","coordinates":[37.569718,55.869839]}},{"type":"Feature","id":"mno-896828790-520","properties":{"category":"МНО","layer":"mno","district":"Восточное Дегунино","section":"Участок 1","name":"Дубнинская улица,дом 17, корпус 1","address":"Дубнинская улица,дом 17, корпус 1","source_address":"ДТ\\Дубнинская ул. 15 к.1, 17 к.1","mno_type":"КП","container_count":"3","id":"3963995","mno_id":"896828790"},"geometry":{"type":"Point","coordinates":[37.56607,55.861475]}},{"type":"Feature","id":"mno-807527845-521","properties":{"category":"МНО","layer":"mno","district":"Восточное Дегунино","section":"Участок 1","name":"Дубнинская улица,дом 17, корпус 2","address":"Дубнинская улица,дом 17, корпус 2","source_address":"ДТ\\Дубнинская ул. 15 к.2, 17 к.2","mno_type":"КП","container_count":"1","id":"592057","mno_id":"807527845"},"geometry":{"type":"Point","coordinates":[37.564714,55.861627]}},{"type":"Feature","id":"mno-77419083-522","properties":{"category":"МНО","layer":"mno","district":"Восточное Дегунино","section":"Участок 1","name":"Дубнинская улица,дом 20, корпус 1","address":"Дубнинская улица,дом 20, корпус 1","source_address":"ДТ\\Дубнинская ул. 20 к.1","mno_type":"КП","container_count":"2","id":"605422","mno_id":"77419083"},"geometry":{"type":"Point","coordinates":[37.561749,55.870822]}},{"type":"Feature","id":"mno-7741908-523","properties":{"category":"МНО","layer":"mno","district":"Восточное Дегунино","section":"Участок 1","name":"Дубнинская улица,дом 20, корпус 1","address":"Дубнинская улица,дом 20, корпус 1","source_address":"ДТ\\Дубнинская ул. 20 к.1","mno_type":"КП","container_count":"2","id":"605422","mno_id":"7741908"},"geometry":{"type":"Point","coordinates":[37.561074,55.872609]}},{"type":"Feature","id":"mno-774190830-524","properties":{"category":"МНО","layer":"mno","district":"Восточное Дегунино","section":"Участок 1","name":"Дубнинская улица,дом 20, корпус 1","address":"Дубнинская улица,дом 20, корпус 1","source_address":"ДТ\\Дубнинская ул. 20 к.1","mno_type":"КП","container_count":"2","id":"605422","mno_id":"774190830"},"geometry":{"type":"Point","coordinates":[37.560014,55.872707]}},{"type":"Feature","id":"mno-1194784641-525","properties":{"category":"МНО","layer":"mno","district":"Восточное Дегунино","section":"Участок 1","name":"Дубнинская улица,дом 20, корпус 2","address":"Дубнинская улица,дом 20, корпус 2","source_address":"ДТ\\Дубнинская ул. 20 к.2","mno_type":"КП","container_count":"2","id":"601873","mno_id":"1194784641"},"geometry":{"type":"Point","coordinates":[37.563566,55.870542]}},{"type":"Feature","id":"mno-119478464-526","properties":{"category":"МНО","layer":"mno","district":"Восточное Дегунино","section":"Участок 1","name":"Дубнинская улица,дом 20, корпус 2","address":"Дубнинская улица,дом 20, корпус 2","source_address":"ДТ\\Дубнинская ул. 20 к.2","mno_type":"КП","container_count":"2","id":"601873","mno_id":"119478464"},"geometry":{"type":"Point","coordinates":[37.565038,55.868696]}},{"type":"Feature","id":"mno-91698-527","properties":{"category":"МНО","layer":"mno","district":"Восточное Дегунино","section":"Участок 2","name":"Дубнинская улица,дом 20, корпус 3","address":"Дубнинская улица,дом 20, корпус 3","source_address":"ДТ\\Дубнинская ул. 20 к.3, 20 к.4","mno_type":"БП","container_count":"1","id":"575199","mno_id":"91698"},"geometry":{"type":"Point","coordinates":[37.563652,55.870968]}},{"type":"Feature","id":"mno-916986-528","properties":{"category":"МНО","layer":"mno","district":"Восточное Дегунино","section":"Участок 2","name":"Дубнинская улица,дом 20, корпус 3","address":"Дубнинская улица,дом 20, корпус 3","source_address":"ДТ\\Дубнинская ул. 20 к.3, 20 к.4","mno_type":"КП","container_count":"1","id":"575199","mno_id":"916986"},"geometry":{"type":"Point","coordinates":[37.565934,55.870781]}},{"type":"Feature","id":"mno-916986028-529","properties":{"category":"МНО","layer":"mno","district":"Восточное Дегунино","section":"Участок 2","name":"Дубнинская улица,дом 20, корпус 3","address":"Дубнинская улица,дом 20, корпус 3","source_address":"ДТ\\Дубнинская ул. 20 к.3, 20 к.4","mno_type":"КП","container_count":"1","id":"575199","mno_id":"916986028"},"geometry":{"type":"Point","coordinates":[37.563758,55.871056]}},{"type":"Feature","id":"mno-9169860-530","properties":{"category":"МНО","layer":"mno","district":"Восточное Дегунино","section":"Участок 2","name":"Дубнинская улица,дом 20, корпус 4","address":"Дубнинская улица,дом 20, корпус 4","source_address":"ДТ\\Дубнинская ул. 20 к.3, 20 к.4","mno_type":"КП","container_count":"1","id":"575199","mno_id":"9169860"},"geometry":{"type":"Point","coordinates":[37.565255,55.871567]}},{"type":"Feature","id":"mno-89507255-531","properties":{"category":"МНО","layer":"mno","district":"Восточное Дегунино","section":"Участок 2","name":"Дубнинская улица,дом 22, корпус 1","address":"Дубнинская улица,дом 22, корпус 1","source_address":"ДТ\\Дубнинская ул. 22 к.1, 22 к.2, 22 к.3","mno_type":"КП","container_count":"4","id":"567194","mno_id":"89507255"},"geometry":{"type":"Point","coordinates":[37.563475,55.870721]}},{"type":"Feature","id":"mno-895072554-532","properties":{"category":"МНО","layer":"mno","district":"Восточное Дегунино","section":"Участок 2","name":"Дубнинская улица,дом 22, корпус 3","address":"Дубнинская улица,дом 22, корпус 3","source_address":"ДТ\\Дубнинская ул. 22 к.1, 22 к.2, 22 к.3","mno_type":"КП","container_count":"4","id":"567194","mno_id":"895072554"},"geometry":{"type":"Point","coordinates":[37.563835,55.871953]}},{"type":"Feature","id":"mno-244751470-533","properties":{"category":"МНО","layer":"mno","district":"Восточное Дегунино","section":"Участок 2","name":"Дубнинская улица,дом 22, корпус 6","address":"Дубнинская улица,дом 22, корпус 6","source_address":"ДТ\\Дубнинская ул. 22 к.4, 22 к.5, 22 к.6, 24 к.3, 24 к.5","mno_type":"КП","container_count":"4","id":"3969954","mno_id":"244751470"},"geometry":{"type":"Point","coordinates":[37.562204,55.872666]}},{"type":"Feature","id":"mno-928016146-534","properties":{"category":"МНО","layer":"mno","district":"Восточное Дегунино","section":"Участок 2","name":"Дубнинская улица,дом 24, корпус 2","address":"Дубнинская улица,дом 24, корпус 2","source_address":"ДТ\\Дубнинская ул. 24 к.1, 24 к.2, 24 к.4","mno_type":"КП","container_count":"3","id":"627148","mno_id":"928016146"},"geometry":{"type":"Point","coordinates":[37.560121,55.873884]}},{"type":"Feature","id":"mno-24475147-535","properties":{"category":"МНО","layer":"mno","district":"Восточное Дегунино","section":"Участок 2","name":"Дубнинская улица,дом 24, корпус 3","address":"Дубнинская улица,дом 24, корпус 3","source_address":"ДТ\\Дубнинская ул. 22 к.4, 22 к.5, 22 к.6, 24 к.3, 24 к.5","mno_type":"КП","container_count":"4","id":"3969954","mno_id":"24475147"},"geometry":{"type":"Point","coordinates":[37.562034,55.873138]}},{"type":"Feature","id":"mno-2447514-536","properties":{"category":"МНО","layer":"mno","district":"Восточное Дегунино","section":"Участок 2","name":"Дубнинская улица,дом 24, корпус 3","address":"Дубнинская улица,дом 24, корпус 3","source_address":"ДТ\\Дубнинская ул. 22 к.4, 22 к.5, 22 к.6, 24 к.3, 24 к.5","mno_type":"КП","container_count":"4","id":"3969954","mno_id":"2447514"},"geometry":{"type":"Point","coordinates":[37.562034,55.873138]}},{"type":"Feature","id":"mno-92801614-537","properties":{"category":"МНО","layer":"mno","district":"Восточное Дегунино","section":"Участок 2","name":"Дубнинская улица,дом 24, корпус 4","address":"Дубнинская улица,дом 24, корпус 4","source_address":"ДТ\\Дубнинская ул. 24 к.1, 24 к.2, 24 к.4","mno_type":"КП","container_count":"3","id":"627148","mno_id":"92801614"},"geometry":{"type":"Point","coordinates":[37.563636,55.874337]}},{"type":"Feature","id":"mno-244751-538","properties":{"category":"МНО","layer":"mno","district":"Восточное Дегунино","section":"Участок 2","name":"Дубнинская улица,дом 24, корпус 5","address":"Дубнинская улица,дом 24, корпус 5","source_address":"ДТ\\Дубнинская ул. 22 к.4, 22 к.5, 22 к.6, 24 к.3, 24 к.5","mno_type":"КП","container_count":"4","id":"3969954","mno_id":"244751"},"geometry":{"type":"Point","coordinates":[37.56464,55.872621]}},{"type":"Feature","id":"mno-903350487-539","properties":{"category":"МНО","layer":"mno","district":"Восточное Дегунино","section":"Участок 2","name":"Дубнинская улица,дом 26, корпус 1","address":"Дубнинская улица,дом 26, корпус 1","source_address":"ДТ\\Дубнинская ул. 26 к.1","mno_type":"КП","container_count":"2","id":"567398","mno_id":"903350487"},"geometry":{"type":"Point","coordinates":[37.559264,55.875237]}},{"type":"Feature","id":"mno-88302510-540","properties":{"category":"МНО","layer":"mno","district":"Восточное Дегунино","section":"Участок 2","name":"Дубнинская улица,дом 26, корпус 3","address":"Дубнинская улица,дом 26, корпус 3","source_address":"ДТ\\Дубнинская ул. 26 к.2, 26 к.3, 26 к.4, 26 к.5","mno_type":"КП","container_count":"3","id":"565364","mno_id":"88302510"},"geometry":{"type":"Point","coordinates":[37.561414,55.875041]}},{"type":"Feature","id":"mno-8830251-541","properties":{"category":"МНО","layer":"mno","district":"Восточное Дегунино","section":"Участок 2","name":"Дубнинская улица,дом 26, корпус 4","address":"Дубнинская улица,дом 26, корпус 4","source_address":"ДТ\\Дубнинская ул. 26 к.2, 26 к.3, 26 к.4, 26 к.5","mno_type":"КП","container_count":"3","id":"565364","mno_id":"8830251"},"geometry":{"type":"Point","coordinates":[37.561724,55.876024]}},{"type":"Feature","id":"mno-883025108-542","properties":{"category":"МНО","layer":"mno","district":"Восточное Дегунино","section":"Участок 2","name":"Дубнинская улица,дом 26, корпус 5","address":"Дубнинская улица,дом 26, корпус 5","source_address":"ДТ\\Дубнинская ул. 26 к.2, 26 к.3, 26 к.4, 26 к.5","mno_type":"КП","container_count":"3","id":"565364","mno_id":"883025108"},"geometry":{"type":"Point","coordinates":[37.562151,55.875206]}},{"type":"Feature","id":"mno-779010193-543","properties":{"category":"МНО","layer":"mno","district":"Восточное Дегунино","section":"Участок 2","name":"Дубнинская улица,дом 28, корпус 1","address":"Дубнинская улица,дом 28, корпус 1","source_address":"ДТ\\Дубнинская улица дом 28, корпус 1","mno_type":"КП","container_count":"3","id":"595794","mno_id":"779010193"},"geometry":{"type":"Point","coordinates":[37.559738,55.875466]}},{"type":"Feature","id":"mno-1019503236-544","properties":{"category":"МНО","layer":"mno","district":"Восточное Дегунино","section":"Участок 1","name":"Дубнинская улица,дом 2, корпус 2","address":"Дубнинская улица,дом 2, корпус 2","source_address":"ДТ\\Дубнинская ул. 2 к.1, 2 к.2, 2 к.3, 2 к.4, 2 к.5","mno_type":"КП","container_count":"2","id":"624262","mno_id":"1019503236"},"geometry":{"type":"Point","coordinates":[37.56799,55.85642]}},{"type":"Feature","id":"mno-101950323-545","properties":{"category":"МНО","layer":"mno","district":"Восточное Дегунино","section":"Участок 1","name":"Дубнинская улица,дом 2, корпус 4","address":"Дубнинская улица,дом 2, корпус 4","source_address":"ДТ\\Дубнинская ул. 2 к.1, 2 к.2, 2 к.3, 2 к.4, 2 к.5","mno_type":"КП","container_count":"2","id":"624262","mno_id":"101950323"},"geometry":{"type":"Point","coordinates":[37.568908,55.855735]}},{"type":"Feature","id":"mno-10195032-546","properties":{"category":"МНО","layer":"mno","district":"Восточное Дегунино","section":"Участок 1","name":"Дубнинская улица,дом 2, корпус 5","address":"Дубнинская улица,дом 2, корпус 5","source_address":"ДТ\\Дубнинская ул. 2 к.1, 2 к.2, 2 к.3, 2 к.4, 2 к.5","mno_type":"КП","container_count":"2","id":"624262","mno_id":"10195032"},"geometry":{"type":"Point","coordinates":[37.568836,55.856758]}},{"type":"Feature","id":"mno-896426412-547","properties":{"category":"МНО","layer":"mno","district":"Восточное Дегунино","section":"Участок 2","name":"Дубнинская улица,дом 30Б","address":"Дубнинская улица,дом 30Б","source_address":"ДТ\\Дубнинская ул. 30Б","mno_type":"КП","container_count":"4","id":"633349","mno_id":"896426412"},"geometry":{"type":"Point","coordinates":[37.561592,55.876822]}},{"type":"Feature","id":"mno-933297462-548","properties":{"category":"МНО","layer":"mno","district":"Восточное Дегунино","section":"Участок 3","name":"Дубнинская улица,дом 30, корпус 1","address":"Дубнинская улица,дом 30, корпус 1","source_address":"ДТ\\Дубнинская улица дом 30, корпус 1, дом 30, корпус 2","mno_type":"КП","container_count":"2","id":"569985","mno_id":"933297462"},"geometry":{"type":"Point","coordinates":[37.559196,55.880776]}},{"type":"Feature","id":"mno-93329746-549","properties":{"category":"МНО","layer":"mno","district":"Восточное Дегунино","section":"Участок 3","name":"Дубнинская улица,дом 30, корпус 2","address":"Дубнинская улица,дом 30, корпус 2","source_address":"ДТ\\Дубнинская улица дом 30, корпус 1, дом 30, корпус 2","mno_type":"КП","container_count":"2","id":"569985","mno_id":"93329746"},"geometry":{"type":"Point","coordinates":[37.558732,55.881331]}},{"type":"Feature","id":"mno-9332974-550","properties":{"category":"МНО","layer":"mno","district":"Восточное Дегунино","section":"Участок 3","name":"Дубнинская улица,дом 30, корпус 2","address":"Дубнинская улица,дом 30, корпус 2","source_address":"ДТ\\Дубнинская улица дом 30, корпус 1, дом 30, корпус 2","mno_type":"КП","container_count":"2","id":"569985","mno_id":"9332974"},"geometry":{"type":"Point","coordinates":[37.558694,55.88234]}},{"type":"Feature","id":"mno-934928313-551","properties":{"category":"МНО","layer":"mno","district":"Восточное Дегунино","section":"Участок 3","name":"Дубнинская улица,дом 32, корпус 1","address":"Дубнинская улица,дом 32, корпус 1","source_address":"ДТ\\Дубнинская ул. 32 к.1, 32 к.2, 32 к.3, 32 к.4","mno_type":"КП","container_count":"3","id":"3970822","mno_id":"934928313"},"geometry":{"type":"Point","coordinates":[37.559173,55.882731]}},{"type":"Feature","id":"mno-93492831-552","properties":{"category":"МНО","layer":"mno","district":"Восточное Дегунино","section":"Участок 3","name":"Дубнинская улица,дом 32, корпус 3","address":"Дубнинская улица,дом 32, корпус 3","source_address":"ДТ\\Дубнинская ул. 32 к.1, 32 к.2, 32 к.3, 32 к.4","mno_type":"КП","container_count":"3","id":"3970822","mno_id":"93492831"},"geometry":{"type":"Point","coordinates":[37.558477,55.883798]}},{"type":"Feature","id":"mno-9349283-553","properties":{"category":"МНО","layer":"mno","district":"Восточное Дегунино","section":"Участок 3","name":"Дубнинская улица,дом 32, корпус 4","address":"Дубнинская улица,дом 32, корпус 4","source_address":"ДТ\\Дубнинская ул. 32 к.1, 32 к.2, 32 к.3, 32 к.4","mno_type":"КП","container_count":"3","id":"3970822","mno_id":"9349283"},"geometry":{"type":"Point","coordinates":[37.558474,55.883799]}},{"type":"Feature","id":"mno-830746640-554","properties":{"category":"МНО","layer":"mno","district":"Восточное Дегунино","section":"Участок 3","name":"Дубнинская улица,дом 32, корпус 5","address":"Дубнинская улица,дом 32, корпус 5","source_address":"ДТ\\Дубнинская ул. 32 к.5, 32 к.6","mno_type":"КП","container_count":"8","id":"578719","mno_id":"830746640"},"geometry":{"type":"Point","coordinates":[37.560082,55.882666]}},{"type":"Feature","id":"mno-77878880-555","properties":{"category":"МНО","layer":"mno","district":"Восточное Дегунино","section":"Участок 3","name":"Дубнинская улица,дом 34","address":"Дубнинская улица,дом 34","source_address":"ДТ\\Дубнинская ул. 34","mno_type":"БП","container_count":"1","id":"636818","mno_id":"77878880"},"geometry":{"type":"Point","coordinates":[37.559978,55.884438]}},{"type":"Feature","id":"mno-7787888-556","properties":{"category":"МНО","layer":"mno","district":"Восточное Дегунино","section":"Участок 3","name":"Дубнинская улица,дом 34","address":"Дубнинская улица,дом 34","source_address":"ДТ\\Дубнинская ул. 34","mno_type":"КП","container_count":"1","id":"636818","mno_id":"7787888"},"geometry":{"type":"Point","coordinates":[37.559197,55.885112]}},{"type":"Feature","id":"mno-778788806-557","properties":{"category":"МНО","layer":"mno","district":"Восточное Дегунино","section":"Участок 3","name":"Дубнинская улица,дом 34","address":"Дубнинская улица,дом 34","source_address":"ДТ\\Дубнинская ул. 34","mno_type":"КП","container_count":"1","id":"636818","mno_id":"778788806"},"geometry":{"type":"Point","coordinates":[37.559328,55.884143]}},{"type":"Feature","id":"mno-933273492-558","properties":{"category":"МНО","layer":"mno","district":"Восточное Дегунино","section":"Участок 3","name":"Дубнинская улица,дом 36, корпус 1","address":"Дубнинская улица,дом 36, корпус 1","source_address":"ДТ\\Дубнинская ул. 36 к.1, 36 к.3, 36 к.4","mno_type":"КП","container_count":"2","id":"572991","mno_id":"933273492"},"geometry":{"type":"Point","coordinates":[37.55937,55.886058]}},{"type":"Feature","id":"mno-93327349-559","properties":{"category":"МНО","layer":"mno","district":"Восточное Дегунино","section":"Участок 3","name":"Дубнинская улица,дом 36, корпус 3","address":"Дубнинская улица,дом 36, корпус 3","source_address":"ДТ\\Дубнинская ул. 36 к.1, 36 к.3, 36 к.4","mno_type":"КП","container_count":"2","id":"572991","mno_id":"93327349"},"geometry":{"type":"Point","coordinates":[37.558923,55.886732]}},{"type":"Feature","id":"mno-9332734-560","properties":{"category":"МНО","layer":"mno","district":"Восточное Дегунино","section":"Участок 3","name":"Дубнинская улица,дом 36, корпус 3","address":"Дубнинская улица,дом 36, корпус 3","source_address":"ДТ\\Дубнинская ул. 36 к.1, 36 к.3, 36 к.4","mno_type":"КП","container_count":"2","id":"572991","mno_id":"9332734"},"geometry":{"type":"Point","coordinates":[37.559496,55.886878]}},{"type":"Feature","id":"mno-77903476-561","properties":{"category":"МНО","layer":"mno","district":"Восточное Дегунино","section":"Участок 3","name":"Дубнинская улица,дом 38, корпус 1","address":"Дубнинская улица,дом 38, корпус 1","source_address":"ДТ\\Дубнинская ул. 38 к.1; Керамический пр. 69 к.1","mno_type":"КП","container_count":"2","id":"3973708","mno_id":"77903476"},"geometry":{"type":"Point","coordinates":[37.559187,55.888386]}},{"type":"Feature","id":"mno-7790347-562","properties":{"category":"МНО","layer":"mno","district":"Восточное Дегунино","section":"Участок 3","name":"Дубнинская улица,дом 38, корпус 1","address":"Дубнинская улица,дом 38, корпус 1","source_address":"ДТ\\Дубнинская ул. 38 к.1; Керамический пр. 69 к.1","mno_type":"КП","container_count":"2","id":"3973708","mno_id":"7790347"},"geometry":{"type":"Point","coordinates":[37.559141,55.887514]}},{"type":"Feature","id":"mno-939511932-563","properties":{"category":"МНО","layer":"mno","district":"Восточное Дегунино","section":"Участок 3","name":"Дубнинская улица,дом 40А, корпус 2","address":"Дубнинская улица,дом 40А, корпус 2","source_address":"ДТ\\Дубнинская улица дом 40А, корпус 1, дом 40А, корпус 2, дом 40А, корпус 3, дом 40А, корпус 4, дом 42, дом 44, корпус 1, дом 44, корпус 2","mno_type":"КП","container_count":"6","id":"584483","mno_id":"939511932"},"geometry":{"type":"Point","coordinates":[37.558036,55.889402]}},{"type":"Feature","id":"mno-93951193-564","properties":{"category":"МНО","layer":"mno","district":"Восточное Дегунино","section":"Участок 3","name":"Дубнинская улица,дом 40А, корпус 3","address":"Дубнинская улица,дом 40А, корпус 3","source_address":"ДТ\\Дубнинская улица дом 40А, корпус 1, дом 40А, корпус 2, дом 40А, корпус 3, дом 40А, корпус 4, дом 42, дом 44, корпус 1, дом 44, корпус 2","mno_type":"КП","container_count":"6","id":"584483","mno_id":"93951193"},"geometry":{"type":"Point","coordinates":[37.559981,55.888851]}},{"type":"Feature","id":"mno-9395119-565","properties":{"category":"МНО","layer":"mno","district":"Восточное Дегунино","section":"Участок 3","name":"Дубнинская улица,дом 42","address":"Дубнинская улица,дом 42","source_address":"ДТ\\Дубнинская улица дом 40А, корпус 1, дом 40А, корпус 2, дом 40А, корпус 3, дом 40А, корпус 4, дом 42, дом 44, корпус 1, дом 44, корпус 2","mno_type":"КП","container_count":"6","id":"584483","mno_id":"9395119"},"geometry":{"type":"Point","coordinates":[37.558559,55.890183]}},{"type":"Feature","id":"mno-939511-566","properties":{"category":"МНО","layer":"mno","district":"Восточное Дегунино","section":"Участок 3","name":"Дубнинская улица,дом 44, корпус 2","address":"Дубнинская улица,дом 44, корпус 2","source_address":"ДТ\\Дубнинская улица дом 40А, корпус 1, дом 40А, корпус 2, дом 40А, корпус 3, дом 40А, корпус 4, дом 42, дом 44, корпус 1, дом 44, корпус 2","mno_type":"КП","container_count":"6","id":"584483","mno_id":"939511"},"geometry":{"type":"Point","coordinates":[37.559598,55.891096]}},{"type":"Feature","id":"mno-1988660-567","properties":{"category":"МНО","layer":"mno","district":"Восточное Дегунино","section":"Участок 3","name":"Дубнинская улица,дом 46","address":"Дубнинская улица,дом 46","source_address":"ДТ\\Дубнинская ул. 46","mno_type":"КП","container_count":"3","id":"593448","mno_id":"1988660"},"geometry":{"type":"Point","coordinates":[37.559024,55.891363]}},{"type":"Feature","id":"mno-198866-568","properties":{"category":"МНО","layer":"mno","district":"Восточное Дегунино","section":"Участок 3","name":"Дубнинская улица,дом 46","address":"Дубнинская улица,дом 46","source_address":"ДТ\\Дубнинская ул. 46","mno_type":"КП","container_count":"3","id":"593448","mno_id":"198866"},"geometry":{"type":"Point","coordinates":[37.558999,55.892605]}},{"type":"Feature","id":"mno-937328636-569","properties":{"category":"МНО","layer":"mno","district":"Восточное Дегунино","section":"Участок 3","name":"Дубнинская улица,дом 48, корпус 2","address":"Дубнинская улица,дом 48, корпус 2","source_address":"ДТ\\Дубнинская ул. 48 к.2, 50","mno_type":"КП","container_count":"5","id":"583469","mno_id":"937328636"},"geometry":{"type":"Point","coordinates":[37.560543,55.89368]}},{"type":"Feature","id":"mno-778984241-570","properties":{"category":"МНО","layer":"mno","district":"Восточное Дегунино","section":"Участок 1","name":"Дубнинская улица,дом 4, корпус 1","address":"Дубнинская улица,дом 4, корпус 1","source_address":"ДТ\\Дубнинская ул. 2 к.6, 2 к.7, 4 к.1","mno_type":"КП","container_count":"3","id":"629990","mno_id":"778984241"},"geometry":{"type":"Point","coordinates":[37.5684,55.85841]}},{"type":"Feature","id":"mno-80748321-571","properties":{"category":"МНО","layer":"mno","district":"Восточное Дегунино","section":"Участок 1","name":"Дубнинская улица,дом 4, корпус 2","address":"Дубнинская улица,дом 4, корпус 2","source_address":"ДТ\\Дубнинская ул. 4 к.2, 4 к.3, 4 к.4","mno_type":"КП","container_count":"2","id":"3959857","mno_id":"80748321"},"geometry":{"type":"Point","coordinates":[37.571259,55.857616]}},{"type":"Feature","id":"mno-807483211-572","properties":{"category":"МНО","layer":"mno","district":"Восточное Дегунино","section":"Участок 1","name":"Дубнинская улица,дом 4, корпус 3","address":"Дубнинская улица,дом 4, корпус 3","source_address":"ДТ\\Дубнинская ул. 4 к.2, 4 к.3, 4 к.4","mno_type":"КП","container_count":"2","id":"3959857","mno_id":"807483211"},"geometry":{"type":"Point","coordinates":[37.571646,55.858385]}},{"type":"Feature","id":"mno-93732863-573","properties":{"category":"МНО","layer":"mno","district":"Восточное Дегунино","section":"Участок 3","name":"Дубнинская улица,дом 50","address":"Дубнинская улица,дом 50","source_address":"ДТ\\Дубнинская ул. 48 к.2, 50","mno_type":"КП","container_count":"5","id":"583469","mno_id":"93732863"},"geometry":{"type":"Point","coordinates":[37.559346,55.893931]}},{"type":"Feature","id":"mno-11963-574","properties":{"category":"МНО","layer":"mno","district":"Восточное Дегунино","section":"Участок 1","name":"Дубнинская улица,дом 6, корпус 3","address":"Дубнинская улица,дом 6, корпус 3","source_address":"ДТ\\Дубнинская ул. 10 к.4, 10 к.5, 6 к.2, 6 к.3, 8 к.1","mno_type":"КП","container_count":"3","id":"624459","mno_id":"11963"},"geometry":{"type":"Point","coordinates":[37.572925,55.860655]}},{"type":"Feature","id":"mno-917272451-575","properties":{"category":"МНО","layer":"mno","district":"Восточное Дегунино","section":"Участок 3","name":"Дубнинская улица,дом 73, корпус 1","address":"Дубнинская улица,дом 73, корпус 1","source_address":"ДТ\\Дубнинская ул. 73 к.1, 73 к.6","mno_type":"КП","container_count":"3","id":"583823","mno_id":"917272451"},"geometry":{"type":"Point","coordinates":[37.556402,55.88228]}},{"type":"Feature","id":"mno-782524006-576","properties":{"category":"МНО","layer":"mno","district":"Восточное Дегунино","section":"Участок 3","name":"Дубнинская улица,дом 73, корпус 2","address":"Дубнинская улица,дом 73, корпус 2","source_address":"ДТ\\Дубнинская ул. 73 к.2","mno_type":"КП","container_count":"2","id":"576904","mno_id":"782524006"},"geometry":{"type":"Point","coordinates":[37.55641,55.880982]}},{"type":"Feature","id":"mno-883018586-577","properties":{"category":"МНО","layer":"mno","district":"Восточное Дегунино","section":"Участок 3","name":"Дубнинская улица,дом 73, корпус 3","address":"Дубнинская улица,дом 73, корпус 3","source_address":"ДТ\\Дубнинская ул. 73 к.3","mno_type":"КП","container_count":"2","id":"592891","mno_id":"883018586"},"geometry":{"type":"Point","coordinates":[37.554484,55.882603]}},{"type":"Feature","id":"mno-906993490-578","properties":{"category":"МНО","layer":"mno","district":"Восточное Дегунино","section":"Участок 3","name":"Дубнинская улица,дом 73, корпус 4","address":"Дубнинская улица,дом 73, корпус 4","source_address":"ДТ\\Восьмисотлетия Москвы ул. 5 к.1; Дубнинская ул. 73 к.4","mno_type":"КП","container_count":"2","id":"596672","mno_id":"906993490"},"geometry":{"type":"Point","coordinates":[37.554758,55.880456]}},{"type":"Feature","id":"mno-91727245-579","properties":{"category":"МНО","layer":"mno","district":"Восточное Дегунино","section":"Участок 3","name":"Дубнинская улица,дом 73, корпус 6","address":"Дубнинская улица,дом 73, корпус 6","source_address":"ДТ\\Дубнинская ул. 73 к.1, 73 к.6","mno_type":"КП","container_count":"3","id":"583823","mno_id":"91727245"},"geometry":{"type":"Point","coordinates":[37.554846,55.882993]}},{"type":"Feature","id":"mno-1196-580","properties":{"category":"МНО","layer":"mno","district":"Восточное Дегунино","section":"Участок 1","name":"Дубнинская улица,дом 8, корпус 1","address":"Дубнинская улица,дом 8, корпус 1","source_address":"ДТ\\Дубнинская ул. 10 к.4, 10 к.5, 6 к.2, 6 к.3, 8 к.1","mno_type":"КП","container_count":"3","id":"624459","mno_id":"1196"},"geometry":{"type":"Point","coordinates":[37.573041,55.861939]}},{"type":"Feature","id":"mno-79935122-581","properties":{"category":"МНО","layer":"mno","district":"Восточное Дегунино","section":"Участок 2","name":"Керамический проезд,дом 45, корпус 2","address":"Керамический проезд,дом 45, корпус 2","source_address":"ДТ\\Керамический пр. 45 к.2","mno_type":"КП","container_count":"3","id":"605826","mno_id":"79935122"},"geometry":{"type":"Point","coordinates":[37.568075,55.872315]}},{"type":"Feature","id":"mno-799351222-582","properties":{"category":"МНО","layer":"mno","district":"Восточное Дегунино","section":"Участок 2","name":"Керамический проезд,дом 45, корпус 2","address":"Керамический проезд,дом 45, корпус 2","source_address":"ДТ\\Керамический пр. 45 к.2","mno_type":"КП","container_count":"3","id":"605826","mno_id":"799351222"},"geometry":{"type":"Point","coordinates":[37.56839,55.871652]}},{"type":"Feature","id":"mno-906993366-583","properties":{"category":"МНО","layer":"mno","district":"Восточное Дегунино","section":"Участок 2","name":"Керамический проезд,дом 47, корпус 1","address":"Керамический проезд,дом 47, корпус 1","source_address":"ДТ\\Керамический пр. 47 к.1","mno_type":"БП","container_count":"1","id":"572946","mno_id":"906993366"},"geometry":{"type":"Point","coordinates":[37.568768,55.873625]}},{"type":"Feature","id":"mno-90681255-584","properties":{"category":"МНО","layer":"mno","district":"Восточное Дегунино","section":"Участок 2","name":"Керамический проезд,дом 47, корпус 2","address":"Керамический проезд,дом 47, корпус 2","source_address":"ДТ\\Керамический пр. 47 к.2, 49 к.2, 49 к.3","mno_type":"КП","container_count":"3","id":"632968","mno_id":"90681255"},"geometry":{"type":"Point","coordinates":[37.567803,55.873215]}},{"type":"Feature","id":"mno-9068125-585","properties":{"category":"МНО","layer":"mno","district":"Восточное Дегунино","section":"Участок 2","name":"Керамический проезд,дом 47, корпус 2","address":"Керамический проезд,дом 47, корпус 2","source_address":"ДТ\\Керамический пр. 47 к.2, 49 к.2, 49 к.3","mno_type":"КП","container_count":"3","id":"632968","mno_id":"9068125"},"geometry":{"type":"Point","coordinates":[37.567438,55.873896]}},{"type":"Feature","id":"mno-982188188-586","properties":{"category":"МНО","layer":"mno","district":"Восточное Дегунино","section":"Участок 2","name":"Керамический проезд,дом 49, корпус 1","address":"Керамический проезд,дом 49, корпус 1","source_address":"ДТ\\Керамический пр. 49 к.1","mno_type":"КП","container_count":"3","id":"3972645","mno_id":"982188188"},"geometry":{"type":"Point","coordinates":[37.567363,55.874294]}},{"type":"Feature","id":"mno-906812550-587","properties":{"category":"МНО","layer":"mno","district":"Восточное Дегунино","section":"Участок 2","name":"Керамический проезд,дом 49, корпус 2","address":"Керамический проезд,дом 49, корпус 2","source_address":"ДТ\\Керамический пр. 47 к.2, 49 к.2, 49 к.3","mno_type":"КП","container_count":"3","id":"632968","mno_id":"906812550"},"geometry":{"type":"Point","coordinates":[37.565339,55.874863]}},{"type":"Feature","id":"mno-90905260-588","properties":{"category":"МНО","layer":"mno","district":"Восточное Дегунино","section":"Участок 2","name":"Керамический проезд,дом 51, корпус 1","address":"Керамический проезд,дом 51, корпус 1","source_address":"ДТ\\Керамический пр. 51 к.1, 51 к.2, 53 к.1, 53 к.3","mno_type":"КП","container_count":"3","id":"627443","mno_id":"90905260"},"geometry":{"type":"Point","coordinates":[37.566399,55.876005]}},{"type":"Feature","id":"mno-9090526-589","properties":{"category":"МНО","layer":"mno","district":"Восточное Дегунино","section":"Участок 2","name":"Керамический проезд,дом 51, корпус 2","address":"Керамический проезд,дом 51, корпус 2","source_address":"ДТ\\Керамический пр. 51 к.1, 51 к.2, 53 к.1, 53 к.3","mno_type":"КП","container_count":"3","id":"627443","mno_id":"9090526"},"geometry":{"type":"Point","coordinates":[37.56394,55.875625]}},{"type":"Feature","id":"mno-909052-590","properties":{"category":"МНО","layer":"mno","district":"Восточное Дегунино","section":"Участок 2","name":"Керамический проезд,дом 51, корпус 2","address":"Керамический проезд,дом 51, корпус 2","source_address":"ДТ\\Керамический пр. 51 к.1, 51 к.2, 53 к.1, 53 к.3","mno_type":"КП","container_count":"3","id":"627443","mno_id":"909052"},"geometry":{"type":"Point","coordinates":[37.565165,55.875818]}},{"type":"Feature","id":"mno-90905-591","properties":{"category":"МНО","layer":"mno","district":"Восточное Дегунино","section":"Участок 2","name":"Керамический проезд,дом 53, корпус 1","address":"Керамический проезд,дом 53, корпус 1","source_address":"ДТ\\Керамический пр. 51 к.1, 51 к.2, 53 к.1, 53 к.3","mno_type":"КП","container_count":"3","id":"627443","mno_id":"90905"},"geometry":{"type":"Point","coordinates":[37.566396,55.876317]}},{"type":"Feature","id":"mno-909052607-592","properties":{"category":"МНО","layer":"mno","district":"Восточное Дегунино","section":"Участок 2","name":"Керамический проезд,дом 53, корпус 3","address":"Керамический проезд,дом 53, корпус 3","source_address":"ДТ\\Керамический пр. 51 к.1, 51 к.2, 53 к.1, 53 к.3","mno_type":"КП","container_count":"3","id":"627443","mno_id":"909052607"},"geometry":{"type":"Point","coordinates":[37.564629,55.877016]}},{"type":"Feature","id":"mno-765821911-593","properties":{"category":"МНО","layer":"mno","district":"Восточное Дегунино","section":"Участок 2","name":"Керамический проезд,дом 55, корпус 1","address":"Керамический проезд,дом 55, корпус 1","source_address":"ДТ\\Керамический пр. 55 к.1","mno_type":"КП","container_count":"4","id":"613424","mno_id":"765821911"},"geometry":{"type":"Point","coordinates":[37.565951,55.877159]}},{"type":"Feature","id":"mno-78438825-594","properties":{"category":"МНО","layer":"mno","district":"Восточное Дегунино","section":"Участок 2","name":"Керамический проезд,дом 57, корпус 1","address":"Керамический проезд,дом 57, корпус 1","source_address":"ДТ\\Восьмисотлетия Москвы ул. 30; Керамический пр. 57 к.1, 57 к.3","mno_type":"КП","container_count":"4","id":"636885","mno_id":"78438825"},"geometry":{"type":"Point","coordinates":[37.565771,55.878216]}},{"type":"Feature","id":"mno-7843882-595","properties":{"category":"МНО","layer":"mno","district":"Восточное Дегунино","section":"Участок 2","name":"Керамический проезд,дом 57, корпус 3","address":"Керамический проезд,дом 57, корпус 3","source_address":"ДТ\\Восьмисотлетия Москвы ул. 30; Керамический пр. 57 к.1, 57 к.3","mno_type":"КП","container_count":"4","id":"636885","mno_id":"7843882"},"geometry":{"type":"Point","coordinates":[37.564128,55.878122]}},{"type":"Feature","id":"mno-935214693-596","properties":{"category":"МНО","layer":"mno","district":"Восточное Дегунино","section":"Участок 3","name":"Керамический проезд,дом 61, корпус 2","address":"Керамический проезд,дом 61, корпус 2","source_address":"ДТ\\Керамический пр. 61 к.1, 61 к.2","mno_type":"КП","container_count":"4","id":"599080","mno_id":"935214693"},"geometry":{"type":"Point","coordinates":[37.563323,55.88631]}},{"type":"Feature","id":"mno-935241735-597","properties":{"category":"МНО","layer":"mno","district":"Восточное Дегунино","section":"Участок 3","name":"Керамический проезд,дом 63, корпус 2","address":"Керамический проезд,дом 63, корпус 2","source_address":"ДТ\\Керамический пр. 63 к.1, 63 к.2","mno_type":"КП","container_count":"3","id":"623827","mno_id":"935241735"},"geometry":{"type":"Point","coordinates":[37.562542,55.88659]}},{"type":"Feature","id":"mno-935496212-598","properties":{"category":"МНО","layer":"mno","district":"Восточное Дегунино","section":"Участок 3","name":"Керамический проезд,дом 65, корпус 1","address":"Керамический проезд,дом 65, корпус 1","source_address":"ДТ\\Керамический пр. 65 к.1, 65 к.2, 67 к.1, 67 к.2","mno_type":"КП","container_count":"2","id":"625023","mno_id":"935496212"},"geometry":{"type":"Point","coordinates":[37.563764,55.887233]}},{"type":"Feature","id":"mno-93549621-599","properties":{"category":"МНО","layer":"mno","district":"Восточное Дегунино","section":"Участок 3","name":"Керамический проезд,дом 67, корпус 1","address":"Керамический проезд,дом 67, корпус 1","source_address":"ДТ\\Керамический пр. 65 к.1, 65 к.2, 67 к.1, 67 к.2","mno_type":"КП","container_count":"2","id":"625023","mno_id":"93549621"},"geometry":{"type":"Point","coordinates":[37.563423,55.887885]}},{"type":"Feature","id":"mno-9354962-600","properties":{"category":"МНО","layer":"mno","district":"Восточное Дегунино","section":"Участок 3","name":"Керамический проезд,дом 67, корпус 2","address":"Керамический проезд,дом 67, корпус 2","source_address":"ДТ\\Керамический пр. 65 к.1, 65 к.2, 67 к.1, 67 к.2","mno_type":"КП","container_count":"2","id":"625023","mno_id":"9354962"},"geometry":{"type":"Point","coordinates":[37.562879,55.888413]}},{"type":"Feature","id":"mno-779034761-601","properties":{"category":"МНО","layer":"mno","district":"Восточное Дегунино","section":"Участок 3","name":"Керамический проезд,дом 69, корпус 1","address":"Керамический проезд,дом 69, корпус 1","source_address":"ДТ\\Дубнинская ул. 38 к.1; Керамический пр. 69 к.1","mno_type":"КП","container_count":"2","id":"3973708","mno_id":"779034761"},"geometry":{"type":"Point","coordinates":[37.561017,55.888826]}},{"type":"Feature","id":"mno-939474455-602","properties":{"category":"МНО","layer":"mno","district":"Восточное Дегунино","section":"Участок 3","name":"Керамический проезд,дом 71, корпус 1","address":"Керамический проезд,дом 71, корпус 1","source_address":"ДТ\\Керамический пр. 71 к.1","mno_type":"КП","container_count":"3","id":"612210","mno_id":"939474455"},"geometry":{"type":"Point","coordinates":[37.563064,55.888835]}},{"type":"Feature","id":"mno-93947445-603","properties":{"category":"МНО","layer":"mno","district":"Восточное Дегунино","section":"Участок 3","name":"Керамический проезд,дом 71, корпус 1","address":"Керамический проезд,дом 71, корпус 1","source_address":"ДТ\\Керамический пр. 71 к.1","mno_type":"КП","container_count":"3","id":"612210","mno_id":"93947445"},"geometry":{"type":"Point","coordinates":[37.562548,55.890884]}},{"type":"Feature","id":"mno-779036891-604","properties":{"category":"МНО","layer":"mno","district":"Восточное Дегунино","section":"Участок 3","name":"Керамический проезд,дом 75, корпус 1","address":"Керамический проезд,дом 75, корпус 1","source_address":"ДТ\\Керамический пр. 73 к.1, 75 к.1","mno_type":"КП","container_count":"4","id":"609595","mno_id":"779036891"},"geometry":{"type":"Point","coordinates":[37.563345,55.892571]}},{"type":"Feature","id":"mno-766131283-605","properties":{"category":"МНО","layer":"mno","district":"Восточное Дегунино","section":"Участок 3","name":"Керамический проезд,дом 77, корпус 1","address":"Керамический проезд,дом 77, корпус 1","source_address":"ДТ\\Керамический пр. 77 к.1, 77 к.2","mno_type":"КП","container_count":"3","id":"593095","mno_id":"766131283"},"geometry":{"type":"Point","coordinates":[37.561941,55.893059]}},{"type":"Feature","id":"mno-927928662-606","properties":{"category":"МНО","layer":"mno","district":"Восточное Дегунино","section":"Участок 3","name":"улица 800-летия Москвы,дом 11","address":"улица 800-летия Москвы,дом 11","source_address":"ДТ\\Восьмисотлетия Москвы ул. 11, 11 к.1","mno_type":"КП","container_count":"2","id":"568745","mno_id":"927928662"},"geometry":{"type":"Point","coordinates":[37.565294,55.881162]}},{"type":"Feature","id":"mno-928364511-607","properties":{"category":"МНО","layer":"mno","district":"Восточное Дегунино","section":"Участок 3","name":"улица 800-летия Москвы,дом 11, корпус 10","address":"улица 800-летия Москвы,дом 11, корпус 10","source_address":"ДТ\\Восьмисотлетия Москвы ул. 11 к.10, 11 к.8","mno_type":"КП","container_count":"2","id":"565347","mno_id":"928364511"},"geometry":{"type":"Point","coordinates":[37.56307,55.88242]}},{"type":"Feature","id":"mno-927916973-608","properties":{"category":"МНО","layer":"mno","district":"Восточное Дегунино","section":"Участок 3","name":"улица 800-летия Москвы,дом 11, корпус 2","address":"улица 800-летия Москвы,дом 11, корпус 2","source_address":"ДТ\\Восьмисотлетия Москвы ул. 11 к.2, 11 к.3","mno_type":"КП","container_count":"2","id":"569783","mno_id":"927916973"},"geometry":{"type":"Point","coordinates":[37.564636,55.881858]}},{"type":"Feature","id":"mno-92791697-609","properties":{"category":"МНО","layer":"mno","district":"Восточное Дегунино","section":"Участок 3","name":"улица 800-летия Москвы,дом 11, корпус 3","address":"улица 800-летия Москвы,дом 11, корпус 3","source_address":"ДТ\\Восьмисотлетия Москвы ул. 11 к.2, 11 к.3","mno_type":"КП","container_count":"2","id":"569783","mno_id":"92791697"},"geometry":{"type":"Point","coordinates":[37.564629,55.882731]}},{"type":"Feature","id":"mno-928017008-610","properties":{"category":"МНО","layer":"mno","district":"Восточное Дегунино","section":"Участок 3","name":"улица 800-летия Москвы,дом 11, корпус 4","address":"улица 800-летия Москвы,дом 11, корпус 4","source_address":"ДТ\\Восьмисотлетия Москвы ул. 11 к.4, 11 к.5","mno_type":"КП","container_count":"3","id":"590672","mno_id":"928017008"},"geometry":{"type":"Point","coordinates":[37.564735,55.882905]}},{"type":"Feature","id":"mno-830742907-611","properties":{"category":"МНО","layer":"mno","district":"Восточное Дегунино","section":"Участок 3","name":"улица 800-летия Москвы,дом 11, корпус 6","address":"улица 800-летия Москвы,дом 11, корпус 6","source_address":"ДТ\\Восьмисотлетия Москвы ул. 11 к.6","mno_type":"КП","container_count":"3","id":"584871","mno_id":"830742907"},"geometry":{"type":"Point","coordinates":[37.565222,55.884387]}},{"type":"Feature","id":"mno-779029279-612","properties":{"category":"МНО","layer":"mno","district":"Восточное Дегунино","section":"Участок 3","name":"улица 800-летия Москвы,дом 11, корпус 7","address":"улица 800-летия Москвы,дом 11, корпус 7","source_address":"ДТ\\Восьмисотлетия Москвы ул. 11 к.7","mno_type":"КП","container_count":"2","id":"610573","mno_id":"779029279"},"geometry":{"type":"Point","coordinates":[37.562298,55.884389]}},{"type":"Feature","id":"mno-92836451-613","properties":{"category":"МНО","layer":"mno","district":"Восточное Дегунино","section":"Участок 3","name":"улица 800-летия Москвы,дом 11, корпус 8","address":"улица 800-летия Москвы,дом 11, корпус 8","source_address":"ДТ\\Восьмисотлетия Москвы ул. 11 к.10, 11 к.8","mno_type":"КП","container_count":"2","id":"565347","mno_id":"92836451"},"geometry":{"type":"Point","coordinates":[37.562715,55.883823]}},{"type":"Feature","id":"mno-923554841-614","properties":{"category":"МНО","layer":"mno","district":"Восточное Дегунино","section":"Участок 3","name":"улица 800-летия Москвы,дом 14","address":"улица 800-летия Москвы,дом 14","source_address":"ДТ\\Восьмисотлетия Москвы ул. 14","mno_type":"КП","container_count":"5","id":"611200","mno_id":"923554841"},"geometry":{"type":"Point","coordinates":[37.548134,55.878142]}},{"type":"Feature","id":"mno-83047874-615","properties":{"category":"МНО","layer":"mno","district":"Восточное Дегунино","section":"Участок 3","name":"улица 800-летия Москвы,дом 16","address":"улица 800-летия Москвы,дом 16","source_address":"ДТ\\Восьмисотлетия Москвы ул. 16","mno_type":"КП","container_count":"3","id":"588230","mno_id":"83047874"},"geometry":{"type":"Point","coordinates":[37.550913,55.878617]}},{"type":"Feature","id":"mno-830478741-616","properties":{"category":"МНО","layer":"mno","district":"Восточное Дегунино","section":"Участок 3","name":"улица 800-летия Москвы,дом 16","address":"улица 800-летия Москвы,дом 16","source_address":"ДТ\\Восьмисотлетия Москвы ул. 16","mno_type":"КП","container_count":"3","id":"588230","mno_id":"830478741"},"geometry":{"type":"Point","coordinates":[37.551999,55.878799]}},{"type":"Feature","id":"mno-864387105-617","properties":{"category":"МНО","layer":"mno","district":"Восточное Дегунино","section":"Участок 3","name":"улица 800-летия Москвы,дом 18","address":"улица 800-летия Москвы,дом 18","source_address":"ДТ\\Восьмисотлетия Москвы ул. 18","mno_type":"КП","container_count":"3","id":"623805","mno_id":"864387105"},"geometry":{"type":"Point","coordinates":[37.553243,55.878995]}},{"type":"Feature","id":"mno-1288072020-618","properties":{"category":"МНО","layer":"mno","district":"Восточное Дегунино","section":"Участок 3","name":"улица 800-летия Москвы,дом 1, корпус 1","address":"улица 800-летия Москвы,дом 1, корпус 1","source_address":"ДТ\\Восьмисотлетия Москвы ул. 1 к.1, 1 к.4","mno_type":"КП","container_count":"4","id":"3958095","mno_id":"1288072020"},"geometry":{"type":"Point","coordinates":[37.549695,55.87966]}},{"type":"Feature","id":"mno-811514216-619","properties":{"category":"МНО","layer":"mno","district":"Восточное Дегунино","section":"Участок 3","name":"улица 800-летия Москвы,дом 20","address":"улица 800-летия Москвы,дом 20","source_address":"ДТ\\Восьмисотлетия Москвы ул. 20","mno_type":"КП","container_count":"3","id":"606628","mno_id":"811514216"},"geometry":{"type":"Point","coordinates":[37.554325,55.87921]}},{"type":"Feature","id":"mno-1315938711-620","properties":{"category":"МНО","layer":"mno","district":"Восточное Дегунино","section":"Участок 3","name":"улица 800-летия Москвы,дом 22, корпус 1","address":"улица 800-летия Москвы,дом 22, корпус 1","source_address":"ДТ\\Восьмисотлетия Москвы ул. 22 к.1, 22 к.2","mno_type":"КП","container_count":"4","id":"634699","mno_id":"1315938711"},"geometry":{"type":"Point","coordinates":[37.555874,55.878924]}},{"type":"Feature","id":"mno-131593871-621","properties":{"category":"МНО","layer":"mno","district":"Восточное Дегунино","section":"Участок 3","name":"улица 800-летия Москвы,дом 22, корпус 2","address":"улица 800-летия Москвы,дом 22, корпус 2","source_address":"ДТ\\Восьмисотлетия Москвы ул. 22 к.1, 22 к.2","mno_type":"КП","container_count":"4","id":"634699","mno_id":"131593871"},"geometry":{"type":"Point","coordinates":[37.555874,55.878924]}},{"type":"Feature","id":"mno-77901468-622","properties":{"category":"МНО","layer":"mno","district":"Восточное Дегунино","section":"Участок 2","name":"улица 800-летия Москвы,дом 24","address":"улица 800-летия Москвы,дом 24","source_address":"ДТ\\Восьмисотлетия Москвы ул. 24, 26 к.1, 26 к.2","mno_type":"КП","container_count":"4","id":"591684","mno_id":"77901468"},"geometry":{"type":"Point","coordinates":[37.559168,55.879804]}},{"type":"Feature","id":"mno-7790146-623","properties":{"category":"МНО","layer":"mno","district":"Восточное Дегунино","section":"Участок 2","name":"улица 800-летия Москвы,дом 26, корпус 1","address":"улица 800-летия Москвы,дом 26, корпус 1","source_address":"ДТ\\Восьмисотлетия Москвы ул. 24, 26 к.1, 26 к.2","mno_type":"КП","container_count":"4","id":"591684","mno_id":"7790146"},"geometry":{"type":"Point","coordinates":[37.560499,55.879541]}},{"type":"Feature","id":"mno-779014683-624","properties":{"category":"МНО","layer":"mno","district":"Восточное Дегунино","section":"Участок 2","name":"улица 800-летия Москвы,дом 26, корпус 2","address":"улица 800-летия Москвы,дом 26, корпус 2","source_address":"ДТ\\Восьмисотлетия Москвы ул. 24, 26 к.1, 26 к.2","mno_type":"КП","container_count":"4","id":"591684","mno_id":"779014683"},"geometry":{"type":"Point","coordinates":[37.560549,55.878454]}},{"type":"Feature","id":"mno-784388254-625","properties":{"category":"МНО","layer":"mno","district":"Восточное Дегунино","section":"Участок 2","name":"улица 800-летия Москвы,дом 30","address":"улица 800-летия Москвы,дом 30","source_address":"ДТ\\Восьмисотлетия Москвы ул. 30; Керамический пр. 57 к.1, 57 к.3","mno_type":"КП","container_count":"4","id":"636885","mno_id":"784388254"},"geometry":{"type":"Point","coordinates":[37.563764,55.879824]}},{"type":"Feature","id":"mno-1104798203-626","properties":{"category":"МНО","layer":"mno","district":"Восточное Дегунино","section":"Участок 2","name":"улица 800-летия Москвы,дом 32","address":"улица 800-летия Москвы,дом 32","source_address":"ДТ\\Восьмисотлетия Москвы ул. 32","mno_type":"КП","container_count":"4","id":"1100056794","mno_id":"1104798203"},"geometry":{"type":"Point","coordinates":[37.566002,55.879645]}},{"type":"Feature","id":"mno-87300869-627","properties":{"category":"МНО","layer":"mno","district":"Восточное Дегунино","section":"Участок 3","name":"улица 800-летия Москвы,дом 3, корпус 2","address":"улица 800-летия Москвы,дом 3, корпус 2","source_address":"ДТ\\Восьмисотлетия Москвы ул. 3 к.2","mno_type":"КП","container_count":"2","id":"636364","mno_id":"87300869"},"geometry":{"type":"Point","coordinates":[37.549749,55.88088]}},{"type":"Feature","id":"mno-873008691-628","properties":{"category":"МНО","layer":"mno","district":"Восточное Дегунино","section":"Участок 3","name":"улица 800-летия Москвы,дом 3, корпус 2","address":"улица 800-летия Москвы,дом 3, корпус 2","source_address":"ДТ\\Восьмисотлетия Москвы ул. 3 к.2","mno_type":"КП","container_count":"2","id":"636364","mno_id":"873008691"},"geometry":{"type":"Point","coordinates":[37.550063,55.880326]}},{"type":"Feature","id":"mno-1190554693-629","properties":{"category":"МНО","layer":"mno","district":"Восточное Дегунино","section":"Участок 3","name":"улица 800-летия Москвы,дом 5, корпус 3","address":"улица 800-летия Москвы,дом 5, корпус 3","source_address":"ДТ\\Восьмисотлетия Москвы ул. 5 к.3","mno_type":"КП","container_count":"3","id":"623527","mno_id":"1190554693"},"geometry":{"type":"Point","coordinates":[37.550555,55.881367]}},{"type":"Feature","id":"mno-928374482-630","properties":{"category":"МНО","layer":"mno","district":"Восточное Дегунино","section":"Участок 3","name":"улица 800-летия Москвы,дом 7, корпус 1","address":"улица 800-летия Москвы,дом 7, корпус 1","source_address":"ДТ\\Восьмисотлетия Москвы ул. 7 к.1, 9","mno_type":"БП","container_count":"1","id":"633833","mno_id":"928374482"},"geometry":{"type":"Point","coordinates":[37.561164,55.881222]}},{"type":"Feature","id":"mno-92837448-631","properties":{"category":"МНО","layer":"mno","district":"Восточное Дегунино","section":"Участок 3","name":"улица 800-летия Москвы,дом 7, корпус 1","address":"улица 800-летия Москвы,дом 7, корпус 1","source_address":"ДТ\\Восьмисотлетия Москвы ул. 7 к.1, 9","mno_type":"КП","container_count":"1","id":"633833","mno_id":"92837448"},"geometry":{"type":"Point","coordinates":[37.560946,55.880841]}},{"type":"Feature","id":"mno-9283744-632","properties":{"category":"МНО","layer":"mno","district":"Восточное Дегунино","section":"Участок 3","name":"улица 800-летия Москвы,дом 9","address":"улица 800-летия Москвы,дом 9","source_address":"ДТ\\Восьмисотлетия Москвы ул. 7 к.1, 9","mno_type":"КП","container_count":"1","id":"633833","mno_id":"9283744"},"geometry":{"type":"Point","coordinates":[37.562768,55.88098]}},{"type":"Feature","id":"mno-933963961-633","properties":{"category":"МНО","layer":"mno","district":"Головинский","section":"Участок 5","name":"1-й Лихачёвский переулок,дом 6","address":"1-й Лихачёвский переулок,дом 6","source_address":"ДТ\\1-й Лихачёвский переулок дом 4А, дом 4, корпус 2, дом 4, корпус 2А, дом 4, корпус 3, дом 6","mno_type":"КП","container_count":"2","id":"636442","mno_id":"933963961"},"geometry":{"type":"Point","coordinates":[37.517703,55.844736]}},{"type":"Feature","id":"mno-93396396-634","properties":{"category":"МНО","layer":"mno","district":"Головинский","section":"Участок 5","name":"1-й Лихачёвский переулок,дом 6","address":"1-й Лихачёвский переулок,дом 6","source_address":"ДТ\\1-й Лихачёвский переулок дом 4А, дом 4, корпус 2, дом 4, корпус 2А, дом 4, корпус 3, дом 6","mno_type":"БП","container_count":"2","id":"636442","mno_id":"93396396"},"geometry":{"type":"Point","coordinates":[37.517703,55.844736]}},{"type":"Feature","id":"mno-934012165-635","properties":{"category":"МНО","layer":"mno","district":"Головинский","section":"Участок 5","name":"1-й Лихачёвский переулок,дом 8","address":"1-й Лихачёвский переулок,дом 8","source_address":"ДТ\\1-й Лихачёвский переулок дом 8","mno_type":"КП","container_count":"4","id":"602762","mno_id":"934012165"},"geometry":{"type":"Point","coordinates":[37.51818,55.84582]}},{"type":"Feature","id":"mno-938237380-636","properties":{"category":"МНО","layer":"mno","district":"Головинский","section":"Участок 5","name":"2-й Лихачёвский переулок,дом 4","address":"2-й Лихачёвский переулок,дом 4","source_address":"ДТ\\2-й Лихачёвский переулок дом 4","mno_type":"КП","container_count":"2","id":"594454","mno_id":"938237380"},"geometry":{"type":"Point","coordinates":[37.52526,55.84498]}},{"type":"Feature","id":"mno-931083050-637","properties":{"category":"МНО","layer":"mno","district":"Головинский","section":"Участок 5","name":"3-й Лихачёвский переулок,дом 2, корпус 2","address":"3-й Лихачёвский переулок,дом 2, корпус 2","source_address":"ДТ\\Лихачевский 3-й пер. 2 к.1, 2 к.2","mno_type":"КП","container_count":"3","id":"623139","mno_id":"931083050"},"geometry":{"type":"Point","coordinates":[37.515651,55.847171]}},{"type":"Feature","id":"mno-813400991-638","properties":{"category":"МНО","layer":"mno","district":"Головинский","section":"Участок 5","name":"3-й Лихачёвский переулок,дом 2, корпус 3","address":"3-й Лихачёвский переулок,дом 2, корпус 3","source_address":"ДТ\\Лихачевский 3-й пер. 2 к.3","mno_type":"КП","container_count":"3","id":"583847","mno_id":"813400991"},"geometry":{"type":"Point","coordinates":[37.5171,55.8459]}},{"type":"Feature","id":"mno-930234571-639","properties":{"category":"МНО","layer":"mno","district":"Головинский","section":"Участок 5","name":"3-й Лихачёвский переулок,дом 5","address":"3-й Лихачёвский переулок,дом 5","source_address":"ДТ\\Лихачевский 3-й пер. 5, 7 к.1","mno_type":"КП","container_count":"2","id":"610842","mno_id":"930234571"},"geometry":{"type":"Point","coordinates":[37.5164,55.84896]}},{"type":"Feature","id":"mno-931085149-640","properties":{"category":"МНО","layer":"mno","district":"Головинский","section":"Участок 5","name":"3-й Лихачёвский переулок,дом 7, корпус 4","address":"3-й Лихачёвский переулок,дом 7, корпус 4","source_address":"ДТ\\Лихачевский 3-й пер. 7 к.4","mno_type":"КП","container_count":"2","id":"1838406","mno_id":"931085149"},"geometry":{"type":"Point","coordinates":[37.51527,55.84969]}},{"type":"Feature","id":"mno-91002875-641","properties":{"category":"МНО","layer":"mno","district":"Головинский","section":"Участок 1","name":"Авангардная улица,дом 11","address":"Авангардная улица,дом 11","source_address":"ДТ\\Авангардная ул. 11, 9 к.2","mno_type":"КП","container_count":"2","id":"2218205","mno_id":"91002875"},"geometry":{"type":"Point","coordinates":[37.501402,55.850031]}},{"type":"Feature","id":"mno-910028756-642","properties":{"category":"МНО","layer":"mno","district":"Головинский","section":"Участок 1","name":"Авангардная улица,дом 11","address":"Авангардная улица,дом 11","source_address":"ДТ\\Авангардная ул. 11, 9 к.2","mno_type":"БП","container_count":"2","id":"2218205","mno_id":"910028756"},"geometry":{"type":"Point","coordinates":[37.501402,55.850031]}},{"type":"Feature","id":"mno-827872917-643","properties":{"category":"МНО","layer":"mno","district":"Головинский","section":"Участок 2","name":"Авангардная улица,дом 12","address":"Авангардная улица,дом 12","source_address":"ДТ\\Авангардная ул. 12","mno_type":"КП","container_count":"5","id":"616441","mno_id":"827872917"},"geometry":{"type":"Point","coordinates":[37.49015,55.84642]}},{"type":"Feature","id":"mno-903748552-644","properties":{"category":"МНО","layer":"mno","district":"Головинский","section":"Участок 2","name":"Авангардная улица,дом 18","address":"Авангардная улица,дом 18","source_address":"ДТ\\Авангардная ул. 14, 16, 18, 20","mno_type":"КП","container_count":"4","id":"584704","mno_id":"903748552"},"geometry":{"type":"Point","coordinates":[37.4897,55.84772]}},{"type":"Feature","id":"mno-935297940-645","properties":{"category":"МНО","layer":"mno","district":"Головинский","section":"Участок 2","name":"Авангардная улица,дом 22/32, корпус 1","address":"Авангардная улица,дом 22/32, корпус 1","source_address":"ДТ\\Авангардная ул. 22/32 к.1, 22/32 к.2; Флотская ул. 34 к.2","mno_type":"КП","container_count":"3","id":"596179","mno_id":"935297940"},"geometry":{"type":"Point","coordinates":[37.49187,55.84862]}},{"type":"Feature","id":"mno-93529794-646","properties":{"category":"МНО","layer":"mno","district":"Головинский","section":"Участок 2","name":"Авангардная улица,дом 22/32, корпус 1","address":"Авангардная улица,дом 22/32, корпус 1","source_address":"ДТ\\Авангардная ул. 22/32 к.1, 22/32 к.2; Флотская ул. 34 к.2","mno_type":"БП","container_count":"3","id":"596179","mno_id":"93529794"},"geometry":{"type":"Point","coordinates":[37.49187,55.84862]}},{"type":"Feature","id":"mno-1270416916-647","properties":{"category":"МНО","layer":"mno","district":"Головинский","section":"Участок 2","name":"Авангардная улица,дом 4","address":"Авангардная улица,дом 4","source_address":"ДТ\\Авангардная ул. 4","mno_type":"КП","container_count":"4","id":"595318","mno_id":"1270416916"},"geometry":{"type":"Point","coordinates":[37.492033,55.843449]}},{"type":"Feature","id":"mno-916295578-648","properties":{"category":"МНО","layer":"mno","district":"Головинский","section":"Участок 2","name":"Авангардная улица,дом 6, корпус 3","address":"Авангардная улица,дом 6, корпус 3","source_address":"ДТ\\Авангардная ул. 6 к.2, 6 к.3, 8 к.3","mno_type":"КП","container_count":"3","id":"588138","mno_id":"916295578"},"geometry":{"type":"Point","coordinates":[37.49282,55.84463]}},{"type":"Feature","id":"mno-811943735-649","properties":{"category":"МНО","layer":"mno","district":"Головинский","section":"Участок 1","name":"Авангардная улица,дом 9, корпус 1","address":"Авангардная улица,дом 9, корпус 1","source_address":"ДТ\\Авангардная ул. 9 к.1; Пулковская ул. 19 к.2, 19 к.3","mno_type":"КП","container_count":"3","id":"570254","mno_id":"811943735"},"geometry":{"type":"Point","coordinates":[37.4876,55.84699]}},{"type":"Feature","id":"mno-888260577-650","properties":{"category":"МНО","layer":"mno","district":"Головинский","section":"Участок 5","name":"Автомоторная улица,дом 3, корпус 1","address":"Автомоторная улица,дом 3, корпус 1","source_address":"ДТ\\Автомоторная ул. 3 к.1, 3 к.2","mno_type":"КП","container_count":"5","id":"3908058","mno_id":"888260577"},"geometry":{"type":"Point","coordinates":[37.53784,55.8481]}},{"type":"Feature","id":"mno-904453580-651","properties":{"category":"МНО","layer":"mno","district":"Головинский","section":"Участок 5","name":"Автомоторная улица,дом 4, корпус 6","address":"Автомоторная улица,дом 4, корпус 6","source_address":"ДТ\\Автомоторная ул. 4 к.6","mno_type":"КП","container_count":"5","id":"595744","mno_id":"904453580"},"geometry":{"type":"Point","coordinates":[37.53803,55.8491]}},{"type":"Feature","id":"mno-888507249-652","properties":{"category":"МНО","layer":"mno","district":"Головинский","section":"Участок 5","name":"Автомоторная улица,дом 6","address":"Автомоторная улица,дом 6","source_address":"ДТ\\Автомоторная ул. 6","mno_type":"КП","container_count":"2","id":"2232537","mno_id":"888507249"},"geometry":{"type":"Point","coordinates":[37.53615,55.8502]}},{"type":"Feature","id":"mno-938331741-653","properties":{"category":"МНО","layer":"mno","district":"Головинский","section":"Участок 5","name":"Зеленоградская улица,дом 3","address":"Зеленоградская улица,дом 3","source_address":"ДТ\\Зеленоградская ул. 3","mno_type":"КП","container_count":"3","id":"612891","mno_id":"938331741"},"geometry":{"type":"Point","coordinates":[37.52242,55.86157]}},{"type":"Feature","id":"mno-924990269-654","properties":{"category":"МНО","layer":"mno","district":"Головинский","section":"Участок 4","name":"Зеленоградская улица,дом 7","address":"Зеленоградская улица,дом 7","source_address":"ДТ\\Зеленоградская ул. 7","mno_type":"КП","container_count":"3","id":"1837570","mno_id":"924990269"},"geometry":{"type":"Point","coordinates":[37.515983,55.864625]}},{"type":"Feature","id":"mno-1066511920-655","properties":{"category":"МНО","layer":"mno","district":"Головинский","section":"Участок 1","name":"Конаковский пр.,13","address":"Конаковский пр.,13","source_address":"ДТ\\Конаковский пр. 13; Ленинградское шоссе 74","mno_type":"КП","container_count":"4","id":"1066510775","mno_id":"1066511920"},"geometry":{"type":"Point","coordinates":[37.48007,55.84871]}},{"type":"Feature","id":"mno-943354849-656","properties":{"category":"МНО","layer":"mno","district":"Головинский","section":"Участок 1","name":"Конаковский пр.,7","address":"Конаковский пр.,7","source_address":"ДТ\\Конаковский пр. 7; Ленинградское шоссе 66","mno_type":"КП","container_count":"2","id":"590976","mno_id":"943354849"},"geometry":{"type":"Point","coordinates":[37.48023,55.84683]}},{"type":"Feature","id":"mno-936779129-657","properties":{"category":"МНО","layer":"mno","district":"Головинский","section":"Участок 1","name":"Конаковский пр.,8 к.1","address":"Конаковский пр.,8 к.1","source_address":"ДТ\\Конаковский пр. 8 к.1, 8 к.2","mno_type":"БП","container_count":"1","id":"627902","mno_id":"936779129"},"geometry":{"type":"Point","coordinates":[37.48184,55.84827]}},{"type":"Feature","id":"mno-93677912-658","properties":{"category":"МНО","layer":"mno","district":"Головинский","section":"Участок 1","name":"Конаковский пр.,8 к.1","address":"Конаковский пр.,8 к.1","source_address":"ДТ\\Конаковский пр. 8 к.1, 8 к.2","mno_type":"КП","container_count":"1","id":"627902","mno_id":"93677912"},"geometry":{"type":"Point","coordinates":[37.48184,55.84827]}},{"type":"Feature","id":"mno-90392271-659","properties":{"category":"МНО","layer":"mno","district":"Головинский","section":"Участок 1","name":"Конаковский проезд,дом 4, корпус 2","address":"Конаковский проезд,дом 4, корпус 2","source_address":"ДТ\\Конаковский пр. 4 к.1, 4 к.2, 6 к.1, 6 к.2","mno_type":"КП","container_count":"3","id":"586319","mno_id":"90392271"},"geometry":{"type":"Point","coordinates":[37.48443,55.84618]}},{"type":"Feature","id":"mno-903922712-660","properties":{"category":"МНО","layer":"mno","district":"Головинский","section":"Участок 1","name":"Конаковский проезд,дом 4, корпус 2","address":"Конаковский проезд,дом 4, корпус 2","source_address":"ДТ\\Конаковский пр. 4 к.1, 4 к.2, 6 к.1, 6 к.2","mno_type":"БП","container_count":"3","id":"586319","mno_id":"903922712"},"geometry":{"type":"Point","coordinates":[37.48443,55.84618]}},{"type":"Feature","id":"mno-904692145-661","properties":{"category":"МНО","layer":"mno","district":"Головинский","section":"Участок 2","name":"Кронштадтский бульвар,дом 13/2, корпус 2","address":"Кронштадтский бульвар,дом 13/2, корпус 2","source_address":"ДТ\\Кронштадтский бульв. 13/2 к.1, 13/2 к.2, 15 к.1","mno_type":"КП","container_count":"4","id":"616240","mno_id":"904692145"},"geometry":{"type":"Point","coordinates":[37.49339,55.84259]}},{"type":"Feature","id":"mno-82794913-662","properties":{"category":"МНО","layer":"mno","district":"Головинский","section":"Участок 2","name":"Кронштадтский бульвар,дом 15, корпус 2","address":"Кронштадтский бульвар,дом 15, корпус 2","source_address":"ДТ\\Кронштадтский бульв. 15 к.2, 17 к.1, 17 к.2","mno_type":"КП","container_count":"2","id":"579413","mno_id":"82794913"},"geometry":{"type":"Point","coordinates":[37.49503,55.84283]}},{"type":"Feature","id":"mno-827949134-663","properties":{"category":"МНО","layer":"mno","district":"Головинский","section":"Участок 2","name":"Кронштадтский бульвар,дом 17, корпус 1","address":"Кронштадтский бульвар,дом 17, корпус 1","source_address":"ДТ\\Кронштадтский бульв. 15 к.2, 17 к.1, 17 к.2","mno_type":"КП","container_count":"2","id":"579413","mno_id":"827949134"},"geometry":{"type":"Point","coordinates":[37.49412,55.84409]}},{"type":"Feature","id":"mno-929494126-664","properties":{"category":"МНО","layer":"mno","district":"Головинский","section":"Участок 2","name":"Кронштадтский бульвар,дом 17, корпус 3","address":"Кронштадтский бульвар,дом 17, корпус 3","source_address":"ДТ\\Кронштадтский бульв. 17 к.3, 23 к.1, 23 к.2; Смольная ул. 9","mno_type":"КП","container_count":"2","id":"601850","mno_id":"929494126"},"geometry":{"type":"Point","coordinates":[37.49277,55.84592]}},{"type":"Feature","id":"mno-911275940-665","properties":{"category":"МНО","layer":"mno","district":"Головинский","section":"Участок 2","name":"Кронштадтский бульвар,дом 19, корпус 2","address":"Кронштадтский бульвар,дом 19, корпус 2","source_address":"ДТ\\Кронштадтский бульв. 19 к.1, 19 к.2","mno_type":"КП","container_count":"6","id":"1837201","mno_id":"911275940"},"geometry":{"type":"Point","coordinates":[37.49622,55.84354]}},{"type":"Feature","id":"mno-90823620-666","properties":{"category":"МНО","layer":"mno","district":"Головинский","section":"Участок 2","name":"Кронштадтский бульвар,дом 19, корпус 3","address":"Кронштадтский бульвар,дом 19, корпус 3","source_address":"ДТ\\Кронштадтский бульв. 19 к.3, 21, 25, 27","mno_type":"КП","container_count":"6","id":"589293","mno_id":"90823620"},"geometry":{"type":"Point","coordinates":[37.49541,55.84469]}},{"type":"Feature","id":"mno-92949412-667","properties":{"category":"МНО","layer":"mno","district":"Головинский","section":"Участок 2","name":"Кронштадтский бульвар,дом 23, корпус 2","address":"Кронштадтский бульвар,дом 23, корпус 2","source_address":"ДТ\\Кронштадтский бульв. 17 к.3, 23 к.1, 23 к.2; Смольная ул. 9","mno_type":"КП","container_count":"2","id":"601850","mno_id":"92949412"},"geometry":{"type":"Point","coordinates":[37.49491,55.84623]}},{"type":"Feature","id":"mno-926485543-668","properties":{"category":"МНО","layer":"mno","district":"Головинский","section":"Участок 7","name":"Кронштадтский бульвар,дом 24, корпус 1","address":"Кронштадтский бульвар,дом 24, корпус 1","source_address":"ДТ\\Кронштадтский бульв. 24 к.1, 24 к.2, 24 к.3, 30 к.3","mno_type":"КП","container_count":"2","id":"629413","mno_id":"926485543"},"geometry":{"type":"Point","coordinates":[37.509,55.8483]}},{"type":"Feature","id":"mno-92648554-669","properties":{"category":"МНО","layer":"mno","district":"Головинский","section":"Участок 7","name":"Кронштадтский бульвар,дом 24, корпус 2","address":"Кронштадтский бульвар,дом 24, корпус 2","source_address":"ДТ\\Кронштадтский бульв. 24 к.1, 24 к.2, 24 к.3, 30 к.3","mno_type":"КП","container_count":"2","id":"629413","mno_id":"92648554"},"geometry":{"type":"Point","coordinates":[37.51,55.84769]}},{"type":"Feature","id":"mno-132724058-670","properties":{"category":"МНО","layer":"mno","district":"Головинский","section":"Участок 7","name":"Кронштадтский бульвар,дом 26","address":"Кронштадтский бульвар,дом 26","source_address":"ДТ\\Кронштадтский бульв. 26, 30 к.2","mno_type":"КП","container_count":"3","id":"596137","mno_id":"132724058"},"geometry":{"type":"Point","coordinates":[37.50946,55.84907]}},{"type":"Feature","id":"mno-908236204-671","properties":{"category":"МНО","layer":"mno","district":"Головинский","section":"Участок 2","name":"Кронштадтский бульвар,дом 27","address":"Кронштадтский бульвар,дом 27","source_address":"ДТ\\Кронштадтский бульв. 19 к.3, 21, 25, 27","mno_type":"КП","container_count":"6","id":"589293","mno_id":"908236204"},"geometry":{"type":"Point","coordinates":[37.49685,55.84398]}},{"type":"Feature","id":"mno-944756756-672","properties":{"category":"МНО","layer":"mno","district":"Головинский","section":"Участок 7","name":"Кронштадтский бульвар,дом 28","address":"Кронштадтский бульвар,дом 28","source_address":"ДТ\\Кронштадтский бульв. 28, 30, 30 к.1, 30 к.4","mno_type":"КП","container_count":"3","id":"620913","mno_id":"944756756"},"geometry":{"type":"Point","coordinates":[37.51057,55.84985]}},{"type":"Feature","id":"mno-94475675-673","properties":{"category":"МНО","layer":"mno","district":"Головинский","section":"Участок 7","name":"Кронштадтский бульвар,дом 28","address":"Кронштадтский бульвар,дом 28","source_address":"ДТ\\Кронштадтский бульв. 28, 30, 30 к.1, 30 к.4","mno_type":"БП","container_count":"3","id":"620913","mno_id":"94475675"},"geometry":{"type":"Point","coordinates":[37.509933,55.849796]}},{"type":"Feature","id":"mno-914720599-674","properties":{"category":"МНО","layer":"mno","district":"Головинский","section":"Участок 2","name":"Кронштадтский бульвар,дом 29","address":"Кронштадтский бульвар,дом 29","source_address":"ДТ\\Кронштадтский бульв. 29, 31","mno_type":"КП","container_count":"2","id":"625814","mno_id":"914720599"},"geometry":{"type":"Point","coordinates":[37.49823,55.84456]}},{"type":"Feature","id":"mno-1327240587-675","properties":{"category":"МНО","layer":"mno","district":"Головинский","section":"Участок 7","name":"Кронштадтский бульвар,дом 30, корпус 2","address":"Кронштадтский бульвар,дом 30, корпус 2","source_address":"ДТ\\Кронштадтский бульв. 26, 30 к.2","mno_type":"КП","container_count":"3","id":"596137","mno_id":"1327240587"},"geometry":{"type":"Point","coordinates":[37.51308,55.84942]}},{"type":"Feature","id":"mno-9264855-676","properties":{"category":"МНО","layer":"mno","district":"Головинский","section":"Участок 7","name":"Кронштадтский бульвар,дом 30, корпус 3","address":"Кронштадтский бульвар,дом 30, корпус 3","source_address":"ДТ\\Кронштадтский бульв. 24 к.1, 24 к.2, 24 к.3, 30 к.3","mno_type":"КП","container_count":"2","id":"629413","mno_id":"9264855"},"geometry":{"type":"Point","coordinates":[37.51306,55.8485]}},{"type":"Feature","id":"mno-9447567-677","properties":{"category":"МНО","layer":"mno","district":"Головинский","section":"Участок 7","name":"Кронштадтский бульвар,дом 30, корпус 4","address":"Кронштадтский бульвар,дом 30, корпус 4","source_address":"ДТ\\Кронштадтский бульв. 28, 30, 30 к.1, 30 к.4","mno_type":"КП","container_count":"3","id":"620913","mno_id":"9447567"},"geometry":{"type":"Point","coordinates":[37.51273,55.85011]}},{"type":"Feature","id":"mno-944756-678","properties":{"category":"МНО","layer":"mno","district":"Головинский","section":"Участок 7","name":"Кронштадтский бульвар,дом 30, корпус 4","address":"Кронштадтский бульвар,дом 30, корпус 4","source_address":"ДТ\\Кронштадтский бульв. 28, 30, 30 к.1, 30 к.4","mno_type":"КП","container_count":"3","id":"620913","mno_id":"944756"},"geometry":{"type":"Point","coordinates":[37.51212,55.85012]}},{"type":"Feature","id":"mno-904342452-679","properties":{"category":"МНО","layer":"mno","district":"Головинский","section":"Участок 5","name":"Кронштадтский бульвар,дом 34, корпус 1","address":"Кронштадтский бульвар,дом 34, корпус 1","source_address":"ДТ\\Кронштадтский бульв. 34 к.1, 34 к.2","mno_type":"КП","container_count":"2","id":"585511","mno_id":"904342452"},"geometry":{"type":"Point","coordinates":[37.516073,55.851839]}},{"type":"Feature","id":"mno-813399696-680","properties":{"category":"МНО","layer":"mno","district":"Головинский","section":"Участок 3","name":"Кронштадтский бульвар,дом 35А","address":"Кронштадтский бульвар,дом 35А","source_address":"ДТ\\Кронштадтский бульв. 35А","mno_type":"КП","container_count":"3","id":"1837989","mno_id":"813399696"},"geometry":{"type":"Point","coordinates":[37.50175,55.84729]}},{"type":"Feature","id":"mno-910437289-681","properties":{"category":"МНО","layer":"mno","district":"Головинский","section":"Участок 3","name":"Кронштадтский бульвар,дом 37, корпус 1","address":"Кронштадтский бульвар,дом 37, корпус 1","source_address":"ДТ\\Кронштадтский бульв. 37 к.1, 37 к.2, 37 к.3, 39 к.1, 41","mno_type":"КП","container_count":"2","id":"629738","mno_id":"910437289"},"geometry":{"type":"Point","coordinates":[37.50658,55.84937]}},{"type":"Feature","id":"mno-106778866-682","properties":{"category":"МНО","layer":"mno","district":"Головинский","section":"Участок 3","name":"Кронштадтский бульвар,дом 39, корпус 2","address":"Кронштадтский бульвар,дом 39, корпус 2","source_address":"ДТ\\Кронштадтский бульв. 37 к.4, 39 к.2, 43 к.1, 43 к.2, 43 к.3","mno_type":"КП","container_count":"2","id":"612404","mno_id":"106778866"},"geometry":{"type":"Point","coordinates":[37.50692,55.851]}},{"type":"Feature","id":"mno-10677886-683","properties":{"category":"МНО","layer":"mno","district":"Головинский","section":"Участок 3","name":"Кронштадтский бульвар,дом 43, корпус 3","address":"Кронштадтский бульвар,дом 43, корпус 3","source_address":"ДТ\\Кронштадтский бульв. 37 к.4, 39 к.2, 43 к.1, 43 к.2, 43 к.3","mno_type":"КП","container_count":"2","id":"612404","mno_id":"10677886"},"geometry":{"type":"Point","coordinates":[37.50516,55.8512]}},{"type":"Feature","id":"mno-81184394-684","properties":{"category":"МНО","layer":"mno","district":"Головинский","section":"Участок 3","name":"Кронштадтский бульвар,дом 45, корпус 1","address":"Кронштадтский бульвар,дом 45, корпус 1","source_address":"ДТ\\Кронштадтский бульв. 45 к.1, 45 к.2, 45 к.3","mno_type":"КП","container_count":"2","id":"603564","mno_id":"81184394"},"geometry":{"type":"Point","coordinates":[37.51064,55.85229]}},{"type":"Feature","id":"mno-8118439-685","properties":{"category":"МНО","layer":"mno","district":"Головинский","section":"Участок 3","name":"Кронштадтский бульвар,дом 45, корпус 2","address":"Кронштадтский бульвар,дом 45, корпус 2","source_address":"ДТ\\Кронштадтский бульв. 45 к.1, 45 к.2, 45 к.3","mno_type":"КП","container_count":"2","id":"603564","mno_id":"8118439"},"geometry":{"type":"Point","coordinates":[37.50869,55.85246]}},{"type":"Feature","id":"mno-811843942-686","properties":{"category":"МНО","layer":"mno","district":"Головинский","section":"Участок 3","name":"Кронштадтский бульвар,дом 45, корпус 3","address":"Кронштадтский бульвар,дом 45, корпус 3","source_address":"ДТ\\Кронштадтский бульв. 45 к.1, 45 к.2, 45 к.3","mno_type":"КП","container_count":"2","id":"603564","mno_id":"811843942"},"geometry":{"type":"Point","coordinates":[37.50681,55.85292]}},{"type":"Feature","id":"mno-90925019-687","properties":{"category":"МНО","layer":"mno","district":"Головинский","section":"Участок 3","name":"Кронштадтский бульвар,дом 49","address":"Кронштадтский бульвар,дом 49","source_address":"ДТ\\Кронштадтский бульв. 49, 51, 53, 55; Онежская ул. 23","mno_type":"КП","container_count":"2","id":"627532","mno_id":"90925019"},"geometry":{"type":"Point","coordinates":[37.51217,55.85336]}},{"type":"Feature","id":"mno-909887078-688","properties":{"category":"МНО","layer":"mno","district":"Головинский","section":"Участок 3","name":"Кронштадтский бульвар,дом 57","address":"Кронштадтский бульвар,дом 57","source_address":"ДТ\\Кронштадтский бульв. 57","mno_type":"КП","container_count":"3","id":"570928","mno_id":"909887078"},"geometry":{"type":"Point","coordinates":[37.51573,55.853234]}},{"type":"Feature","id":"mno-1067641515-689","properties":{"category":"МНО","layer":"mno","district":"Головинский","section":"Участок 1","name":"Ленинградское шоссе,70","address":"Ленинградское шоссе,70","source_address":"ДТ\\Ленинградское шоссе 70","mno_type":"КП","container_count":"2","id":"1067641021","mno_id":"1067641515"},"geometry":{"type":"Point","coordinates":[37.47771,55.84658]}},{"type":"Feature","id":"mno-1992177-690","properties":{"category":"МНО","layer":"mno","district":"Головинский","section":"Участок 1","name":"Ленинградское шоссе,80","address":"Ленинградское шоссе,80","source_address":"ДТ\\Конаковский пр. 15; Ленинградское шоссе 78, 80, 82","mno_type":"КП","container_count":"6","id":"621236","mno_id":"1992177"},"geometry":{"type":"Point","coordinates":[37.47667,55.84793]}},{"type":"Feature","id":"mno-199217-691","properties":{"category":"МНО","layer":"mno","district":"Головинский","section":"Участок 1","name":"Ленинградское шоссе,82","address":"Ленинградское шоссе,82","source_address":"ДТ\\Конаковский пр. 15; Ленинградское шоссе 78, 80, 82","mno_type":"КП","container_count":"6","id":"621236","mno_id":"199217"},"geometry":{"type":"Point","coordinates":[37.47755,55.84894]}},{"type":"Feature","id":"mno-929561646-692","properties":{"category":"МНО","layer":"mno","district":"Головинский","section":"Участок 1","name":"Ленинградское шоссе,86","address":"Ленинградское шоссе,86","source_address":"ДТ\\Ленинградское шоссе 86, 88","mno_type":"КП","container_count":"2","id":"569664","mno_id":"929561646"},"geometry":{"type":"Point","coordinates":[37.47553,55.84931]}},{"type":"Feature","id":"mno-92956164-693","properties":{"category":"МНО","layer":"mno","district":"Головинский","section":"Участок 1","name":"Ленинградское шоссе,88","address":"Ленинградское шоссе,88","source_address":"ДТ\\Ленинградское шоссе 86, 88","mno_type":"КП","container_count":"2","id":"569664","mno_id":"92956164"},"geometry":{"type":"Point","coordinates":[37.47525,55.84972]}},{"type":"Feature","id":"mno-931081852-694","properties":{"category":"МНО","layer":"mno","district":"Головинский","section":"Участок 5","name":"Лихачевский 3-й пер.,1 к.1","address":"Лихачевский 3-й пер.,1 к.1","source_address":"ДТ\\Лихачевский 3-й пер. 1 к.1, 1 к.2","mno_type":"КП","container_count":"3","id":"631299","mno_id":"931081852"},"geometry":{"type":"Point","coordinates":[37.51451,55.84784]}},{"type":"Feature","id":"mno-930230915-695","properties":{"category":"МНО","layer":"mno","district":"Головинский","section":"Участок 5","name":"Лихачевский 3-й пер.,3 к.1","address":"Лихачевский 3-й пер.,3 к.1","source_address":"ДТ\\Лихачевский 3-й пер. 3 к.1, 3 к.2, 3 к.3, 3 к.4","mno_type":"КП","container_count":"2","id":"570184","mno_id":"930230915"},"geometry":{"type":"Point","coordinates":[37.51526,55.84841]}},{"type":"Feature","id":"mno-93023091-696","properties":{"category":"МНО","layer":"mno","district":"Головинский","section":"Участок 5","name":"Лихачевский 3-й пер.,3 к.1","address":"Лихачевский 3-й пер.,3 к.1","source_address":"ДТ\\Лихачевский 3-й пер. 3 к.1, 3 к.2, 3 к.3, 3 к.4","mno_type":"БП","container_count":"2","id":"570184","mno_id":"93023091"},"geometry":{"type":"Point","coordinates":[37.51526,55.84841]}},{"type":"Feature","id":"mno-9302309-697","properties":{"category":"МНО","layer":"mno","district":"Головинский","section":"Участок 5","name":"Лихачевский 3-й пер.,3 к.2","address":"Лихачевский 3-й пер.,3 к.2","source_address":"ДТ\\Лихачевский 3-й пер. 3 к.1, 3 к.2, 3 к.3, 3 к.4","mno_type":"КП","container_count":"2","id":"570184","mno_id":"9302309"},"geometry":{"type":"Point","coordinates":[37.51426,55.84881]}},{"type":"Feature","id":"mno-930244903-698","properties":{"category":"МНО","layer":"mno","district":"Головинский","section":"Участок 5","name":"Лихачевский 3-й пер.,9 к.2","address":"Лихачевский 3-й пер.,9 к.2","source_address":"ДТ\\Лихачевский 3-й пер. 9 к.1, 9 к.2","mno_type":"КП","container_count":"2","id":"930244769","mno_id":"930244903"},"geometry":{"type":"Point","coordinates":[37.51876,55.84879]}},{"type":"Feature","id":"mno-938280406-699","properties":{"category":"МНО","layer":"mno","district":"Головинский","section":"Участок 7","name":"Михалковская ул.,42","address":"Михалковская ул.,42","source_address":"ДТ\\Михалковская ул. 40, 42, 44, 46 к.1, 46 к.3","mno_type":"КП","container_count":"2","id":"1839006","mno_id":"938280406"},"geometry":{"type":"Point","coordinates":[37.51621,55.8411]}},{"type":"Feature","id":"mno-93828040-700","properties":{"category":"МНО","layer":"mno","district":"Головинский","section":"Участок 7","name":"Михалковская улица,дом 46, корпус 3","address":"Михалковская улица,дом 46, корпус 3","source_address":"ДТ\\Михалковская ул. 40, 42, 44, 46 к.1, 46 к.3","mno_type":"БП","container_count":"2","id":"1839006","mno_id":"93828040"},"geometry":{"type":"Point","coordinates":[37.51621,55.8411]}},{"type":"Feature","id":"mno-44445026-701","properties":{"category":"МНО","layer":"mno","district":"Головинский","section":"Участок 5","name":"Онежская улица,дом 11/11","address":"Онежская улица,дом 11/11","source_address":"ДТ\\Онежская ул. 11/11, 13, 13 к.1","mno_type":"КП","container_count":"2","id":"616760","mno_id":"44445026"},"geometry":{"type":"Point","coordinates":[37.51954,55.84885]}},{"type":"Feature","id":"mno-932088973-702","properties":{"category":"МНО","layer":"mno","district":"Головинский","section":"Участок 5","name":"Онежская улица,дом 1/2","address":"Онежская улица,дом 1/2","source_address":"ДТ\\Лихачевский 1-й пер. 4 к.1; Онежская ул. 1/2","mno_type":"КП","container_count":"4","id":"584059","mno_id":"932088973"},"geometry":{"type":"Point","coordinates":[37.52089,55.84467]}},{"type":"Feature","id":"mno-935433974-703","properties":{"category":"МНО","layer":"mno","district":"Головинский","section":"Участок 5","name":"Онежская улица,дом 12","address":"Онежская улица,дом 12","source_address":"ДТ\\Онежская ул. 12, 12 к.1, 12 к.2","mno_type":"КП","container_count":"4","id":"595993","mno_id":"935433974"},"geometry":{"type":"Point","coordinates":[37.52133,55.849129]}},{"type":"Feature","id":"mno-444450261-704","properties":{"category":"МНО","layer":"mno","district":"Головинский","section":"Участок 5","name":"Онежская улица,дом 13","address":"Онежская улица,дом 13","source_address":"ДТ\\Онежская ул. 11/11, 13, 13 к.1","mno_type":"КП","container_count":"2","id":"616760","mno_id":"444450261"},"geometry":{"type":"Point","coordinates":[37.51921,55.85009]}},{"type":"Feature","id":"mno-946879313-705","properties":{"category":"МНО","layer":"mno","district":"Головинский","section":"Участок 5","name":"Онежская улица,дом 14, корпус 2","address":"Онежская улица,дом 14, корпус 2","source_address":"ДТ\\Онежская ул. 14 к.2","mno_type":"БП","container_count":"1","id":"597147","mno_id":"946879313"},"geometry":{"type":"Point","coordinates":[37.52198,55.85036]}},{"type":"Feature","id":"mno-94687931-706","properties":{"category":"МНО","layer":"mno","district":"Головинский","section":"Участок 5","name":"Онежская улица,дом 14, корпус 2","address":"Онежская улица,дом 14, корпус 2","source_address":"ДТ\\Онежская ул. 14 к.2","mno_type":"КП","container_count":"1","id":"597147","mno_id":"94687931"},"geometry":{"type":"Point","coordinates":[37.52198,55.85036]}},{"type":"Feature","id":"mno-766580466-707","properties":{"category":"МНО","layer":"mno","district":"Головинский","section":"Участок 5","name":"Онежская улица,дом 15Б","address":"Онежская улица,дом 15Б","source_address":"ДТ\\Онежская ул. 15, 15Б, 17","mno_type":"КП","container_count":"4","id":"634923","mno_id":"766580466"},"geometry":{"type":"Point","coordinates":[37.5185,55.85063]}},{"type":"Feature","id":"mno-909405093-708","properties":{"category":"МНО","layer":"mno","district":"Головинский","section":"Участок 5","name":"Онежская улица,дом 17, корпус 4","address":"Онежская улица,дом 17, корпус 4","source_address":"ДТ\\Кронштадтский бульв. 36; Онежская ул. 17 к.4, 17 к.5","mno_type":"КП","container_count":"2","id":"598370","mno_id":"909405093"},"geometry":{"type":"Point","coordinates":[37.5175,55.85167]}},{"type":"Feature","id":"mno-1002547445-709","properties":{"category":"МНО","layer":"mno","district":"Головинский","section":"Участок 5","name":"Онежская улица,дом 18","address":"Онежская улица,дом 18","source_address":"ДТ\\Онежская ул. 18","mno_type":"КП","container_count":"3","id":"1002547273","mno_id":"1002547445"},"geometry":{"type":"Point","coordinates":[37.52065,55.8513]}},{"type":"Feature","id":"mno-1002567965-710","properties":{"category":"МНО","layer":"mno","district":"Головинский","section":"Участок 5","name":"Онежская улица,дом 18, корпус 3","address":"Онежская улица,дом 18, корпус 3","source_address":"ДТ\\Онежская ул. 18 к.3","mno_type":"КП","container_count":"3","id":"1002567791","mno_id":"1002567965"},"geometry":{"type":"Point","coordinates":[37.52254,55.85107]}},{"type":"Feature","id":"mno-799110147-711","properties":{"category":"МНО","layer":"mno","district":"Головинский","section":"Участок 5","name":"Онежская улица,дом 19/38","address":"Онежская улица,дом 19/38","source_address":"ДТ\\Онежская ул. 19/38","mno_type":"БП","container_count":"1","id":"1839098","mno_id":"799110147"},"geometry":{"type":"Point","coordinates":[37.518031,55.851835]}},{"type":"Feature","id":"mno-101101535-712","properties":{"category":"МНО","layer":"mno","district":"Головинский","section":"Участок 5","name":"Онежская улица,дом 2","address":"Онежская улица,дом 2","source_address":"ДТ\\Лихачевский 2-й пер. 2, 2А; Онежская ул. 2, 6","mno_type":"БП","container_count":"1","id":"615800","mno_id":"101101535"},"geometry":{"type":"Point","coordinates":[37.522585,55.844045]}},{"type":"Feature","id":"mno-10110153-713","properties":{"category":"МНО","layer":"mno","district":"Головинский","section":"Участок 5","name":"Онежская улица,дом 2","address":"Онежская улица,дом 2","source_address":"ДТ\\Лихачевский 2-й пер. 2, 2А; Онежская ул. 2, 6","mno_type":"КП","container_count":"1","id":"615800","mno_id":"10110153"},"geometry":{"type":"Point","coordinates":[37.522585,55.844045]}},{"type":"Feature","id":"mno-943758599-714","properties":{"category":"МНО","layer":"mno","district":"Головинский","section":"Участок 5","name":"Онежская улица,дом 22","address":"Онежская улица,дом 22","source_address":"ДТ\\Лихоборская наб. 2 к.2; Онежская ул. 18 к.1, 20, 22","mno_type":"БП","container_count":"1","id":"571795","mno_id":"943758599"},"geometry":{"type":"Point","coordinates":[37.52143,55.85257]}},{"type":"Feature","id":"mno-94375859-715","properties":{"category":"МНО","layer":"mno","district":"Головинский","section":"Участок 5","name":"Онежская улица,дом 22","address":"Онежская улица,дом 22","source_address":"ДТ\\Лихоборская наб. 2 к.2; Онежская ул. 18 к.1, 20, 22","mno_type":"КП","container_count":"1","id":"571795","mno_id":"94375859"},"geometry":{"type":"Point","coordinates":[37.52143,55.85257]}},{"type":"Feature","id":"mno-9092501-716","properties":{"category":"МНО","layer":"mno","district":"Головинский","section":"Участок 3","name":"Онежская улица,дом 23","address":"Онежская улица,дом 23","source_address":"ДТ\\Кронштадтский бульв. 49, 51, 53, 55; Онежская ул. 23","mno_type":"КП","container_count":"2","id":"627532","mno_id":"9092501"},"geometry":{"type":"Point","coordinates":[37.51472,55.85452]}},{"type":"Feature","id":"mno-909250193-717","properties":{"category":"МНО","layer":"mno","district":"Головинский","section":"Участок 3","name":"Онежская улица,дом 23","address":"Онежская улица,дом 23","source_address":"ДТ\\Кронштадтский бульв. 49, 51, 53, 55; Онежская ул. 23","mno_type":"БП","container_count":"2","id":"627532","mno_id":"909250193"},"geometry":{"type":"Point","coordinates":[37.51472,55.85452]}},{"type":"Feature","id":"mno-3889850-718","properties":{"category":"МНО","layer":"mno","district":"Головинский","section":"Участок 5","name":"Онежская улица,дом 2, корпус 1","address":"Онежская улица,дом 2, корпус 1","source_address":"ДТ\\Онежская ул. 2 к.1, 2 к.3","mno_type":"КП","container_count":"3","id":"594060","mno_id":"3889850"},"geometry":{"type":"Point","coordinates":[37.5233,55.84309]}},{"type":"Feature","id":"mno-933937228-719","properties":{"category":"МНО","layer":"mno","district":"Головинский","section":"Участок 4","name":"Онежская улица,дом 30","address":"Онежская улица,дом 30","source_address":"ДТ\\Онежская ул. 28/1, 30, 32/72, 34 к.1, 34 к.2; Солнечногорская ул. 3; Флотская ул. 21, 72А","mno_type":"КП","container_count":"6","id":"2233950","mno_id":"933937228"},"geometry":{"type":"Point","coordinates":[37.5132,55.85703]}},{"type":"Feature","id":"mno-1036869499-720","properties":{"category":"МНО","layer":"mno","district":"Головинский","section":"Участок 3","name":"Онежская улица,дом 31, корпус 1","address":"Онежская улица,дом 31, корпус 1","source_address":"ДТ\\Онежская ул. 31 к.1, 35 к.6","mno_type":"КП","container_count":"2","id":"1030178963","mno_id":"1036869499"},"geometry":{"type":"Point","coordinates":[37.51199,55.85512]}},{"type":"Feature","id":"mno-93393722-721","properties":{"category":"МНО","layer":"mno","district":"Головинский","section":"Участок 4","name":"Онежская улица,дом 34, корпус 1","address":"Онежская улица,дом 34, корпус 1","source_address":"ДТ\\Онежская ул. 28/1, 30, 32/72, 34 к.1, 34 к.2; Солнечногорская ул. 3; Флотская ул. 21, 72А","mno_type":"КП","container_count":"6","id":"2233950","mno_id":"93393722"},"geometry":{"type":"Point","coordinates":[37.51213,55.85859]}},{"type":"Feature","id":"mno-3889957-722","properties":{"category":"МНО","layer":"mno","district":"Головинский","section":"Участок 3","name":"Онежская улица,дом 35, корпус 1","address":"Онежская улица,дом 35, корпус 1","source_address":"ДТ\\Онежская ул. 35 к.1, 37, 39","mno_type":"КП","container_count":"3","id":"575750","mno_id":"3889957"},"geometry":{"type":"Point","coordinates":[37.50979,55.854923]}},{"type":"Feature","id":"mno-388995-723","properties":{"category":"МНО","layer":"mno","district":"Головинский","section":"Участок 3","name":"Онежская улица,дом 35, корпус 1","address":"Онежская улица,дом 35, корпус 1","source_address":"ДТ\\Онежская ул. 35 к.1, 37, 39","mno_type":"БП","container_count":"3","id":"575750","mno_id":"388995"},"geometry":{"type":"Point","coordinates":[37.50979,55.854923]}},{"type":"Feature","id":"mno-103686949-724","properties":{"category":"МНО","layer":"mno","district":"Головинский","section":"Участок 3","name":"Онежская улица,дом 35, корпус 6","address":"Онежская улица,дом 35, корпус 6","source_address":"ДТ\\Онежская ул. 31 к.1, 35 к.6","mno_type":"КП","container_count":"2","id":"1030178963","mno_id":"103686949"},"geometry":{"type":"Point","coordinates":[37.50979,55.854923]}},{"type":"Feature","id":"mno-932081497-725","properties":{"category":"МНО","layer":"mno","district":"Головинский","section":"Участок 4","name":"Онежская улица,дом 42/36","address":"Онежская улица,дом 42/36","source_address":"ДТ\\Онежская ул. 40, 42/36; Фестивальная ул. 38, 40","mno_type":"КП","container_count":"4","id":"586835","mno_id":"932081497"},"geometry":{"type":"Point","coordinates":[37.50784,55.86078]}},{"type":"Feature","id":"mno-93208149-726","properties":{"category":"МНО","layer":"mno","district":"Головинский","section":"Участок 4","name":"Онежская улица,дом 42/36","address":"Онежская улица,дом 42/36","source_address":"ДТ\\Онежская ул. 40, 42/36; Фестивальная ул. 38, 40","mno_type":"БП","container_count":"4","id":"586835","mno_id":"93208149"},"geometry":{"type":"Point","coordinates":[37.50784,55.86078]}},{"type":"Feature","id":"mno-946879617-727","properties":{"category":"МНО","layer":"mno","district":"Головинский","section":"Участок 5","name":"Онежская улица,дом 5","address":"Онежская улица,дом 5","source_address":"ДТ\\Онежская ул. 5","mno_type":"КП","container_count":"2","id":"3932848","mno_id":"946879617"},"geometry":{"type":"Point","coordinates":[37.51996,55.84618]}},{"type":"Feature","id":"mno-943546416-728","properties":{"category":"МНО","layer":"mno","district":"Головинский","section":"Участок 5","name":"Онежская улица,дом 5А","address":"Онежская улица,дом 5А","source_address":"ДТ\\Онежская улица дом 5А","mno_type":"КП","container_count":"3","id":"608099","mno_id":"943546416"},"geometry":{"type":"Point","coordinates":[37.5189,55.84564]}},{"type":"Feature","id":"mno-938951231-729","properties":{"category":"МНО","layer":"mno","district":"Головинский","section":"Участок 5","name":"Онежская улица,дом 9/4, корпус А","address":"Онежская улица,дом 9/4, корпус А","source_address":"ДТ\\Онежская ул. 9/4, 9/4 к.А, 9/4 к.Б","mno_type":"КП","container_count":"5","id":"591626","mno_id":"938951231"},"geometry":{"type":"Point","coordinates":[37.520755,55.847225]}},{"type":"Feature","id":"mno-93895123-730","properties":{"category":"МНО","layer":"mno","district":"Головинский","section":"Участок 5","name":"Онежская улица,дом 9/4, корпус А","address":"Онежская улица,дом 9/4, корпус А","source_address":"ДТ\\Онежская ул. 9/4, 9/4 к.А, 9/4 к.Б","mno_type":"БП","container_count":"5","id":"591626","mno_id":"93895123"},"geometry":{"type":"Point","coordinates":[37.520755,55.847225]}},{"type":"Feature","id":"mno-932137235-731","properties":{"category":"МНО","layer":"mno","district":"Головинский","section":"Участок 1","name":"Пулковская ул.,19 к.1","address":"Пулковская ул.,19 к.1","source_address":"ДТ\\Пулковская ул. 19 к.1, 21/7","mno_type":"КП","container_count":"5","id":"582802","mno_id":"932137235"},"geometry":{"type":"Point","coordinates":[37.486636,55.845654]}},{"type":"Feature","id":"mno-1310086653-732","properties":{"category":"МНО","layer":"mno","district":"Головинский","section":"Участок 1","name":"Пулковская ул.,3 к.1","address":"Пулковская ул.,3 к.1","source_address":"ДТ\\Конаковский пр. 3; Пулковская ул. 3 к.1, 3 к.3","mno_type":"КП","container_count":"2","id":"583149","mno_id":"1310086653"},"geometry":{"type":"Point","coordinates":[37.47974,55.84469]}},{"type":"Feature","id":"mno-926535900-733","properties":{"category":"МНО","layer":"mno","district":"Головинский","section":"Участок 1","name":"Пулковская ул.,3 к.2","address":"Пулковская ул.,3 к.2","source_address":"ДТ\\Ленинградское шоссе 62 к.1, 62 к.2, 64 к.1; Пулковская ул. 1/60, 3 к.2","mno_type":"БП","container_count":"1","id":"2343431","mno_id":"926535900"},"geometry":{"type":"Point","coordinates":[37.4787,55.8451]}},{"type":"Feature","id":"mno-92653590-734","properties":{"category":"МНО","layer":"mno","district":"Головинский","section":"Участок 1","name":"Пулковская ул.,3 к.2","address":"Пулковская ул.,3 к.2","source_address":"ДТ\\Ленинградское шоссе 62 к.1, 62 к.2, 64 к.1; Пулковская ул. 1/60, 3 к.2","mno_type":"КП","container_count":"1","id":"2343431","mno_id":"92653590"},"geometry":{"type":"Point","coordinates":[37.4787,55.8451]}},{"type":"Feature","id":"mno-1033567900-735","properties":{"category":"МНО","layer":"mno","district":"Головинский","section":"Участок 1","name":"Пулковская улица,дом 3","address":"Пулковская улица,дом 3","source_address":"ДТ\\Пулковская ул. 3","mno_type":"КП","container_count":"2","id":"1033567819","mno_id":"1033567900"},"geometry":{"type":"Point","coordinates":[37.47974,55.84469]}},{"type":"Feature","id":"mno-103356790-736","properties":{"category":"МНО","layer":"mno","district":"Головинский","section":"Участок 1","name":"Пулковская улица,дом 3","address":"Пулковская улица,дом 3","source_address":"ДТ\\Пулковская ул. 3","mno_type":"КП","container_count":"2","id":"1033567819","mno_id":"103356790"},"geometry":{"type":"Point","coordinates":[37.47974,55.84469]}},{"type":"Feature","id":"mno-10335679-737","properties":{"category":"МНО","layer":"mno","district":"Головинский","section":"Участок 1","name":"Пулковская улица,дом 3","address":"Пулковская улица,дом 3","source_address":"ДТ\\Пулковская ул. 3","mno_type":"КП","container_count":"2","id":"1033567819","mno_id":"10335679"},"geometry":{"type":"Point","coordinates":[37.47974,55.84469]}},{"type":"Feature","id":"mno-949608579-738","properties":{"category":"МНО","layer":"mno","district":"Головинский","section":"Участок 1","name":"Пулковская улица,дом 4, корпус 1","address":"Пулковская улица,дом 4, корпус 1","source_address":"ДТ\\Пулковская ул. 4 к.1, 4 к.2, 4 к.3","mno_type":"КП","container_count":"5","id":"2232747","mno_id":"949608579"},"geometry":{"type":"Point","coordinates":[37.48497,55.84455]}},{"type":"Feature","id":"mno-94960857-739","properties":{"category":"МНО","layer":"mno","district":"Головинский","section":"Участок 1","name":"Пулковская улица,дом 4, корпус 2","address":"Пулковская улица,дом 4, корпус 2","source_address":"ДТ\\Пулковская ул. 4 к.1, 4 к.2, 4 к.3","mno_type":"КП","container_count":"5","id":"2232747","mno_id":"94960857"},"geometry":{"type":"Point","coordinates":[37.48524,55.8447]}},{"type":"Feature","id":"mno-9496085-740","properties":{"category":"МНО","layer":"mno","district":"Головинский","section":"Участок 1","name":"Пулковская улица,сооружение 4, строение 5","address":"Пулковская улица,сооружение 4, строение 5","source_address":"ДТ\\Пулковская ул. 4 к.1, 4 к.2, 4 к.3","mno_type":"КП","container_count":"5","id":"2232747","mno_id":"9496085"},"geometry":{"type":"Point","coordinates":[37.48753,55.84322]}},{"type":"Feature","id":"mno-949608-741","properties":{"category":"МНО","layer":"mno","district":"Головинский","section":"Участок 1","name":"Пулковская улица,сооружение 4, строение 5","address":"Пулковская улица,сооружение 4, строение 5","source_address":"ДТ\\Пулковская ул. 4 к.1, 4 к.2, 4 к.3","mno_type":"КП","container_count":"5","id":"2232747","mno_id":"949608"},"geometry":{"type":"Point","coordinates":[37.48753,55.84322]}},{"type":"Feature","id":"mno-935287637-742","properties":{"category":"МНО","layer":"mno","district":"Головинский","section":"Участок 4","name":"Сенежская улица,дом 5","address":"Сенежская улица,дом 5","source_address":"ДТ\\Сенежская ул. 3, 5; Солнечногорская ул. 5 к.1, 7 к.1; Флотская ул. 74, 76","mno_type":"КП","container_count":"4","id":"630860","mno_id":"935287637"},"geometry":{"type":"Point","coordinates":[37.5159,55.85962]}},{"type":"Feature","id":"mno-106669138-743","properties":{"category":"МНО","layer":"mno","district":"Головинский","section":"Участок 2","name":"Смольная улица,дом 15","address":"Смольная улица,дом 15","source_address":"ДТ\\Смольная ул. 15, 19 к.1, 21 к.1","mno_type":"КП","container_count":"3","id":"690966","mno_id":"106669138"},"geometry":{"type":"Point","coordinates":[37.497627,55.847344]}},{"type":"Feature","id":"mno-930186848-744","properties":{"category":"МНО","layer":"mno","district":"Головинский","section":"Участок 2","name":"Смольная улица,дом 19, корпус 2","address":"Смольная улица,дом 19, корпус 2","source_address":"ДТ\\Смольная ул. 17, 19 к.2, 19 к.3, 19 к.5","mno_type":"БП","container_count":"1","id":"616997","mno_id":"930186848"},"geometry":{"type":"Point","coordinates":[37.49539,55.84745]}},{"type":"Feature","id":"mno-93018684-745","properties":{"category":"МНО","layer":"mno","district":"Головинский","section":"Участок 2","name":"Смольная улица,дом 19, корпус 2","address":"Смольная улица,дом 19, корпус 2","source_address":"ДТ\\Смольная ул. 17, 19 к.2, 19 к.3, 19 к.5","mno_type":"КП","container_count":"1","id":"616997","mno_id":"93018684"},"geometry":{"type":"Point","coordinates":[37.49539,55.84745]}},{"type":"Feature","id":"mno-914691784-746","properties":{"category":"МНО","layer":"mno","district":"Головинский","section":"Участок 2","name":"Смольная улица,дом 21А","address":"Смольная улица,дом 21А","source_address":"ДТ\\Смольная ул. 21А","mno_type":"КП","container_count":"3","id":"914691702","mno_id":"914691784"},"geometry":{"type":"Point","coordinates":[37.49581,55.84919]}},{"type":"Feature","id":"mno-938327259-747","properties":{"category":"МНО","layer":"mno","district":"Головинский","section":"Участок 2","name":"Смольная улица,дом 5","address":"Смольная улица,дом 5","source_address":"ДТ\\Смольная ул. 11, 3, 5, 7","mno_type":"КП","container_count":"2","id":"709662","mno_id":"938327259"},"geometry":{"type":"Point","coordinates":[37.49802,55.84527]}},{"type":"Feature","id":"mno-93832725-748","properties":{"category":"МНО","layer":"mno","district":"Головинский","section":"Участок 2","name":"Смольная улица,дом 7","address":"Смольная улица,дом 7","source_address":"ДТ\\Смольная ул. 11, 3, 5, 7","mno_type":"КП","container_count":"2","id":"709662","mno_id":"93832725"},"geometry":{"type":"Point","coordinates":[37.49918,55.84598]}},{"type":"Feature","id":"mno-9294941-749","properties":{"category":"МНО","layer":"mno","district":"Головинский","section":"Участок 2","name":"Смольная улица,дом 9","address":"Смольная улица,дом 9","source_address":"ДТ\\Кронштадтский бульв. 17 к.3, 23 к.1, 23 к.2; Смольная ул. 9","mno_type":"БП","container_count":"2","id":"601850","mno_id":"9294941"},"geometry":{"type":"Point","coordinates":[37.49766,55.84608]}},{"type":"Feature","id":"mno-929494-750","properties":{"category":"МНО","layer":"mno","district":"Головинский","section":"Участок 2","name":"Смольная улица,дом 9","address":"Смольная улица,дом 9","source_address":"ДТ\\Кронштадтский бульв. 17 к.3, 23 к.1, 23 к.2; Смольная ул. 9","mno_type":"КП","container_count":"2","id":"601850","mno_id":"929494"},"geometry":{"type":"Point","coordinates":[37.49766,55.84608]}},{"type":"Feature","id":"mno-938235517-751","properties":{"category":"МНО","layer":"mno","district":"Головинский","section":"Участок 4","name":"Солнечногорская улица,дом 11","address":"Солнечногорская улица,дом 11","source_address":"ДТ\\Сенежская ул. 4; Солнечногорская ул. 11, 13","mno_type":"КП","container_count":"3","id":"596969","mno_id":"938235517"},"geometry":{"type":"Point","coordinates":[37.51753,55.86003]}},{"type":"Feature","id":"mno-884549272-752","properties":{"category":"МНО","layer":"mno","district":"Головинский","section":"Участок 5","name":"Солнечногорская улица,дом 12","address":"Солнечногорская улица,дом 12","source_address":"ДТ\\Солнечногорская ул. 10, 12","mno_type":"КП","container_count":"2","id":"597635","mno_id":"884549272"},"geometry":{"type":"Point","coordinates":[37.51874,55.85825]}},{"type":"Feature","id":"mno-827020706-753","properties":{"category":"МНО","layer":"mno","district":"Головинский","section":"Участок 5","name":"Солнечногорская улица,дом 14, корпус 1","address":"Солнечногорская улица,дом 14, корпус 1","source_address":"ДТ\\Солнечногорская ул. 14 к.1, 14 к.2","mno_type":"КП","container_count":"2","id":"587723","mno_id":"827020706"},"geometry":{"type":"Point","coordinates":[37.517827,55.859106]}},{"type":"Feature","id":"mno-827879904-754","properties":{"category":"МНО","layer":"mno","district":"Головинский","section":"Участок 4","name":"Солнечногорская улица,дом 15, корпус 1","address":"Солнечногорская улица,дом 15, корпус 1","source_address":"ДТ\\Солнечногорская ул. 15 к.1, 15 к.2","mno_type":"КП","container_count":"2","id":"571729","mno_id":"827879904"},"geometry":{"type":"Point","coordinates":[37.5184,55.8605]}},{"type":"Feature","id":"mno-76650640-755","properties":{"category":"МНО","layer":"mno","district":"Головинский","section":"Участок 5","name":"Солнечногорская улица,дом 16/1","address":"Солнечногорская улица,дом 16/1","source_address":"ДТ\\Солнечногорская ул. 16/1; Солнечногорский пр. 3 к.1, 3 к.3, 5 к.1","mno_type":"КП","container_count":"2","id":"615662","mno_id":"76650640"},"geometry":{"type":"Point","coordinates":[37.51983,55.86021]}},{"type":"Feature","id":"mno-46531340-756","properties":{"category":"МНО","layer":"mno","district":"Головинский","section":"Участок 4","name":"Солнечногорская улица,дом 17","address":"Солнечногорская улица,дом 17","source_address":"ДТ\\Солнечногорская ул. 17, 19, 21","mno_type":"КП","container_count":"2","id":"633155","mno_id":"46531340"},"geometry":{"type":"Point","coordinates":[37.5196,55.8624]}},{"type":"Feature","id":"mno-465313408-757","properties":{"category":"МНО","layer":"mno","district":"Головинский","section":"Участок 4","name":"Солнечногорская улица,дом 17","address":"Солнечногорская улица,дом 17","source_address":"ДТ\\Солнечногорская ул. 17, 19, 21","mno_type":"БП","container_count":"2","id":"633155","mno_id":"465313408"},"geometry":{"type":"Point","coordinates":[37.5196,55.8624]}},{"type":"Feature","id":"mno-90817864-758","properties":{"category":"МНО","layer":"mno","district":"Головинский","section":"Участок 5","name":"Солнечногорская улица,дом 22","address":"Солнечногорская улица,дом 22","source_address":"ДТ\\Солнечногорская ул. 22, 22 к.2, 24 к.3","mno_type":"КП","container_count":"2","id":"598942","mno_id":"90817864"},"geometry":{"type":"Point","coordinates":[37.52142,55.86169]}},{"type":"Feature","id":"mno-9081786-759","properties":{"category":"МНО","layer":"mno","district":"Головинский","section":"Участок 5","name":"Солнечногорская улица,дом 22, корпус 2","address":"Солнечногорская улица,дом 22, корпус 2","source_address":"ДТ\\Солнечногорская ул. 22, 22 к.2, 24 к.3","mno_type":"БП","container_count":"2","id":"598942","mno_id":"9081786"},"geometry":{"type":"Point","coordinates":[37.52142,55.86169]}},{"type":"Feature","id":"mno-908178641-760","properties":{"category":"МНО","layer":"mno","district":"Головинский","section":"Участок 5","name":"Солнечногорская улица,дом 22, корпус 2","address":"Солнечногорская улица,дом 22, корпус 2","source_address":"ДТ\\Солнечногорская ул. 22, 22 к.2, 24 к.3","mno_type":"КП","container_count":"2","id":"598942","mno_id":"908178641"},"geometry":{"type":"Point","coordinates":[37.52105,55.86067]}},{"type":"Feature","id":"mno-811872015-761","properties":{"category":"МНО","layer":"mno","district":"Головинский","section":"Участок 4","name":"Солнечногорская улица,дом 23, корпус 1","address":"Солнечногорская улица,дом 23, корпус 1","source_address":"ДТ\\Солнечногорская ул. 23 к.1, 23 к.2","mno_type":"КП","container_count":"2","id":"632832","mno_id":"811872015"},"geometry":{"type":"Point","coordinates":[37.51977,55.86326]}},{"type":"Feature","id":"mno-93528763-762","properties":{"category":"МНО","layer":"mno","district":"Головинский","section":"Участок 4","name":"Солнечногорская улица,дом 5, корпус 1","address":"Солнечногорская улица,дом 5, корпус 1","source_address":"ДТ\\Сенежская ул. 3, 5; Солнечногорская ул. 5 к.1, 7 к.1; Флотская ул. 74, 76","mno_type":"КП","container_count":"4","id":"630860","mno_id":"93528763"},"geometry":{"type":"Point","coordinates":[37.520846,55.859452]}},{"type":"Feature","id":"mno-909448791-763","properties":{"category":"МНО","layer":"mno","district":"Головинский","section":"Участок 5","name":"Солнечногорская улица,дом 8","address":"Солнечногорская улица,дом 8","source_address":"ДТ\\Солнечногорская ул. 6 к.1, 6 к.2, 8","mno_type":"КП","container_count":"3","id":"621803","mno_id":"909448791"},"geometry":{"type":"Point","coordinates":[37.51703,55.85746]}},{"type":"Feature","id":"mno-1181188010-764","properties":{"category":"МНО","layer":"mno","district":"Головинский","section":"Участок 5","name":"Солнечногорский проезд,дом 11","address":"Солнечногорский проезд,дом 11","source_address":"ДТ\\Солнечногорский пр. 11","mno_type":"КП","container_count":"2","id":"1181187666","mno_id":"1181188010"},"geometry":{"type":"Point","coordinates":[37.52567,55.86013]}},{"type":"Feature","id":"mno-7665064-765","properties":{"category":"МНО","layer":"mno","district":"Головинский","section":"Участок 5","name":"Солнечногорский проезд,дом 3, корпус 1","address":"Солнечногорский проезд,дом 3, корпус 1","source_address":"ДТ\\Солнечногорская ул. 16/1; Солнечногорский пр. 3 к.1, 3 к.3, 5 к.1","mno_type":"КП","container_count":"2","id":"615662","mno_id":"7665064"},"geometry":{"type":"Point","coordinates":[37.520846,55.859452]}},{"type":"Feature","id":"mno-766506408-766","properties":{"category":"МНО","layer":"mno","district":"Головинский","section":"Участок 5","name":"Солнечногорский проезд,дом 3, корпус 3","address":"Солнечногорский проезд,дом 3, корпус 3","source_address":"ДТ\\Солнечногорская ул. 16/1; Солнечногорский пр. 3 к.1, 3 к.3, 5 к.1","mno_type":"БП","container_count":"2","id":"615662","mno_id":"766506408"},"geometry":{"type":"Point","coordinates":[37.519885,55.860123]}},{"type":"Feature","id":"mno-90843611-767","properties":{"category":"МНО","layer":"mno","district":"Головинский","section":"Участок 3","name":"улица Лавочкина,дом 12","address":"улица Лавочкина,дом 12","source_address":"ДТ\\Лавочкина ул. 10, 12, 4, 6 к.1, 6 к.2, 8","mno_type":"КП","container_count":"2","id":"616389","mno_id":"90843611"},"geometry":{"type":"Point","coordinates":[37.501402,55.850031]}},{"type":"Feature","id":"mno-90849356-768","properties":{"category":"МНО","layer":"mno","district":"Головинский","section":"Участок 3","name":"улица Лавочкина,дом 16, корпус 1","address":"улица Лавочкина,дом 16, корпус 1","source_address":"ДТ\\Лавочкина ул. 14, 16 к.1, 16 к.2, 18","mno_type":"КП","container_count":"3","id":"582853","mno_id":"90849356"},"geometry":{"type":"Point","coordinates":[37.501084,55.85112]}},{"type":"Feature","id":"mno-908493563-769","properties":{"category":"МНО","layer":"mno","district":"Головинский","section":"Участок 3","name":"улица Лавочкина,дом 18","address":"улица Лавочкина,дом 18","source_address":"ДТ\\Лавочкина ул. 14, 16 к.1, 16 к.2, 18","mno_type":"КП","container_count":"3","id":"582853","mno_id":"908493563"},"geometry":{"type":"Point","coordinates":[37.49984,55.8508]}},{"type":"Feature","id":"mno-1189442603-770","properties":{"category":"МНО","layer":"mno","district":"Головинский","section":"Участок 3","name":"улица Лавочкина,дом 2","address":"улица Лавочкина,дом 2","source_address":"ДТ\\Лавочкина ул. 2","mno_type":"КП","container_count":"5","id":"1189442369","mno_id":"1189442603"},"geometry":{"type":"Point","coordinates":[37.506086,55.849869]}},{"type":"Feature","id":"mno-930105611-771","properties":{"category":"МНО","layer":"mno","district":"Головинский","section":"Участок 3","name":"улица Лавочкина,дом 20","address":"улица Лавочкина,дом 20","source_address":"ДТ\\Лавочкина ул. 20, 22, 24, 26, 28/42","mno_type":"КП","container_count":"4","id":"597251","mno_id":"930105611"},"geometry":{"type":"Point","coordinates":[37.50147,55.85262]}},{"type":"Feature","id":"mno-93010561-772","properties":{"category":"МНО","layer":"mno","district":"Головинский","section":"Участок 3","name":"улица Лавочкина,дом 28/42","address":"улица Лавочкина,дом 28/42","source_address":"ДТ\\Лавочкина ул. 20, 22, 24, 26, 28/42","mno_type":"КП","container_count":"4","id":"597251","mno_id":"93010561"},"geometry":{"type":"Point","coordinates":[37.49896,55.85261]}},{"type":"Feature","id":"mno-9084361-773","properties":{"category":"МНО","layer":"mno","district":"Головинский","section":"Участок 3","name":"улица Лавочкина,дом 4","address":"улица Лавочкина,дом 4","source_address":"ДТ\\Лавочкина ул. 10, 12, 4, 6 к.1, 6 к.2, 8","mno_type":"КП","container_count":"2","id":"616389","mno_id":"9084361"},"geometry":{"type":"Point","coordinates":[37.5031,55.84951]}},{"type":"Feature","id":"mno-908436111-774","properties":{"category":"МНО","layer":"mno","district":"Головинский","section":"Участок 3","name":"улица Лавочкина,дом 6, корпус 1","address":"улица Лавочкина,дом 6, корпус 1","source_address":"ДТ\\Лавочкина ул. 10, 12, 4, 6 к.1, 6 к.2, 8","mno_type":"КП","container_count":"2","id":"616389","mno_id":"908436111"},"geometry":{"type":"Point","coordinates":[37.5032,55.8504]}},{"type":"Feature","id":"mno-9320814-775","properties":{"category":"МНО","layer":"mno","district":"Головинский","section":"Участок 4","name":"Фестивальная улица,дом 38","address":"Фестивальная улица,дом 38","source_address":"ДТ\\Онежская ул. 40, 42/36; Фестивальная ул. 38, 40","mno_type":"КП","container_count":"4","id":"586835","mno_id":"9320814"},"geometry":{"type":"Point","coordinates":[37.50874,55.86128]}},{"type":"Feature","id":"mno-932081-776","properties":{"category":"МНО","layer":"mno","district":"Головинский","section":"Участок 4","name":"Фестивальная улица,дом 40","address":"Фестивальная улица,дом 40","source_address":"ДТ\\Онежская ул. 40, 42/36; Фестивальная ул. 38, 40","mno_type":"КП","container_count":"4","id":"586835","mno_id":"932081"},"geometry":{"type":"Point","coordinates":[37.50948,55.86203]}},{"type":"Feature","id":"mno-931076948-777","properties":{"category":"МНО","layer":"mno","district":"Головинский","section":"Участок 4","name":"Фестивальная улица,дом 44","address":"Фестивальная улица,дом 44","source_address":"ДТ\\Фестивальная ул. 44","mno_type":"КП","container_count":"5","id":"567861","mno_id":"931076948"},"geometry":{"type":"Point","coordinates":[37.50939,55.86371]}},{"type":"Feature","id":"mno-1309584004-778","properties":{"category":"МНО","layer":"mno","district":"Головинский","section":"Участок 4","name":"Фестивальная улица,дом 46, корпус 1","address":"Фестивальная улица,дом 46, корпус 1","source_address":"ДТ\\Фестивальная ул. 46 к.1","mno_type":"БП","container_count":"1","id":"591733","mno_id":"1309584004"},"geometry":{"type":"Point","coordinates":[37.51418,55.86299]}},{"type":"Feature","id":"mno-130958400-779","properties":{"category":"МНО","layer":"mno","district":"Головинский","section":"Участок 4","name":"Фестивальная улица,дом 46, корпус 1","address":"Фестивальная улица,дом 46, корпус 1","source_address":"ДТ\\Фестивальная ул. 46 к.1","mno_type":"КП","container_count":"1","id":"591733","mno_id":"130958400"},"geometry":{"type":"Point","coordinates":[37.51418,55.86299]}},{"type":"Feature","id":"mno-931055270-780","properties":{"category":"МНО","layer":"mno","district":"Головинский","section":"Участок 4","name":"Фестивальная улица,дом 48","address":"Фестивальная улица,дом 48","source_address":"ДТ\\Фестивальная ул. 46 к.2, 46 к.3, 48, 48 к.2","mno_type":"КП","container_count":"2","id":"594208","mno_id":"931055270"},"geometry":{"type":"Point","coordinates":[37.5116,55.8638]}},{"type":"Feature","id":"mno-931016405-781","properties":{"category":"МНО","layer":"mno","district":"Головинский","section":"Участок 4","name":"Фестивальная улица,дом 52, корпус 1","address":"Фестивальная улица,дом 52, корпус 1","source_address":"ДТ\\Фестивальная ул. 52, 52 к.1","mno_type":"КП","container_count":"2","id":"1837742","mno_id":"931016405"},"geometry":{"type":"Point","coordinates":[37.5125,55.8646]}},{"type":"Feature","id":"mno-938848927-782","properties":{"category":"МНО","layer":"mno","district":"Головинский","section":"Участок 1","name":"Флотская улица,дом 14","address":"Флотская улица,дом 14","source_address":"ДТ\\Конаковский пр. 12 к.1, 12 к.2; Флотская ул. 14","mno_type":"КП","container_count":"3","id":"606949","mno_id":"938848927"},"geometry":{"type":"Point","coordinates":[37.481435,55.850282]}},{"type":"Feature","id":"mno-932038949-783","properties":{"category":"МНО","layer":"mno","district":"Головинский","section":"Участок 1","name":"Флотская улица,дом 18","address":"Флотская улица,дом 18","source_address":"ДТ\\Флотская ул. 16, 18","mno_type":"КП","container_count":"3","id":"608975","mno_id":"932038949"},"geometry":{"type":"Point","coordinates":[37.483975,55.850248]}},{"type":"Feature","id":"mno-766583884-784","properties":{"category":"МНО","layer":"mno","district":"Головинский","section":"Участок 1","name":"Флотская улица,дом 22","address":"Флотская улица,дом 22","source_address":"ДТ\\Флотская ул. 20, 22","mno_type":"КП","container_count":"2","id":"571431","mno_id":"766583884"},"geometry":{"type":"Point","coordinates":[37.48508,55.850122]}},{"type":"Feature","id":"mno-107310446-785","properties":{"category":"МНО","layer":"mno","district":"Головинский","section":"Участок 4","name":"Флотская улица,дом 23","address":"Флотская улица,дом 23","source_address":"ДТ\\Флотская ул. 23, 23 к.1","mno_type":"БП","container_count":"1","id":"2280368","mno_id":"107310446"},"geometry":{"type":"Point","coordinates":[37.51245,55.86042]}},{"type":"Feature","id":"mno-10731044-786","properties":{"category":"МНО","layer":"mno","district":"Головинский","section":"Участок 4","name":"Флотская улица,дом 23","address":"Флотская улица,дом 23","source_address":"ДТ\\Флотская ул. 23, 23 к.1","mno_type":"КП","container_count":"1","id":"2280368","mno_id":"10731044"},"geometry":{"type":"Point","coordinates":[37.51245,55.86042]}},{"type":"Feature","id":"mno-1073104-787","properties":{"category":"МНО","layer":"mno","district":"Головинский","section":"Участок 4","name":"Флотская улица,дом 23, корпус 1","address":"Флотская улица,дом 23, корпус 1","source_address":"ДТ\\Флотская ул. 23, 23 к.1","mno_type":"КП","container_count":"1","id":"2280368","mno_id":"1073104"},"geometry":{"type":"Point","coordinates":[37.51279,55.86003]}},{"type":"Feature","id":"mno-908920335-788","properties":{"category":"МНО","layer":"mno","district":"Головинский","section":"Участок 4","name":"Флотская улица,дом 27","address":"Флотская улица,дом 27","source_address":"ДТ\\Флотская ул. 27","mno_type":"КП","container_count":"5","id":"614961","mno_id":"908920335"},"geometry":{"type":"Point","coordinates":[37.51482,55.86201]}},{"type":"Feature","id":"mno-911273323-789","properties":{"category":"МНО","layer":"mno","district":"Головинский","section":"Участок 1","name":"Флотская улица,дом 28, корпус 1","address":"Флотская улица,дом 28, корпус 1","source_address":"ДТ\\Авангардная ул. 13, 15, 17, 19/30; Флотская ул. 28 к.1, 28 к.2","mno_type":"КП","container_count":"4","id":"573846","mno_id":"911273323"},"geometry":{"type":"Point","coordinates":[37.48758,55.85006]}},{"type":"Feature","id":"mno-76658547-790","properties":{"category":"МНО","layer":"mno","district":"Головинский","section":"Участок 2","name":"Флотская улица,дом 34, корпус 1","address":"Флотская улица,дом 34, корпус 1","source_address":"ДТ\\Флотская ул. 34 к.1, 36","mno_type":"КП","container_count":"2","id":"697190","mno_id":"76658547"},"geometry":{"type":"Point","coordinates":[37.49251,55.84947]}},{"type":"Feature","id":"mno-9352979-791","properties":{"category":"МНО","layer":"mno","district":"Головинский","section":"Участок 2","name":"Флотская улица,дом 34, корпус 2","address":"Флотская улица,дом 34, корпус 2","source_address":"ДТ\\Авангардная ул. 22/32 к.1, 22/32 к.2; Флотская ул. 34 к.2","mno_type":"КП","container_count":"3","id":"596179","mno_id":"9352979"},"geometry":{"type":"Point","coordinates":[37.49322,55.84808]}},{"type":"Feature","id":"mno-88773523-792","properties":{"category":"МНО","layer":"mno","district":"Головинский","section":"Участок 4","name":"Флотская улица,дом 35","address":"Флотская улица,дом 35","source_address":"ДТ\\Флотская ул. 35, 37","mno_type":"КП","container_count":"3","id":"568810","mno_id":"88773523"},"geometry":{"type":"Point","coordinates":[37.51734,55.86311]}},{"type":"Feature","id":"mno-766585476-793","properties":{"category":"МНО","layer":"mno","district":"Головинский","section":"Участок 2","name":"Флотская улица,дом 36","address":"Флотская улица,дом 36","source_address":"ДТ\\Флотская ул. 34 к.1, 36","mno_type":"КП","container_count":"2","id":"697190","mno_id":"766585476"},"geometry":{"type":"Point","coordinates":[37.491877,55.850457]}},{"type":"Feature","id":"mno-887735232-794","properties":{"category":"МНО","layer":"mno","district":"Головинский","section":"Участок 4","name":"Флотская улица,дом 37","address":"Флотская улица,дом 37","source_address":"ДТ\\Флотская ул. 35, 37","mno_type":"КП","container_count":"3","id":"568810","mno_id":"887735232"},"geometry":{"type":"Point","coordinates":[37.519022,55.863573]}},{"type":"Feature","id":"mno-929606624-795","properties":{"category":"МНО","layer":"mno","district":"Головинский","section":"Участок 3","name":"Флотская улица,дом 46","address":"Флотская улица,дом 46","source_address":"ДТ\\Флотская ул. 44, 46","mno_type":"КП","container_count":"4","id":"929606214","mno_id":"929606624"},"geometry":{"type":"Point","coordinates":[37.50011,55.85334]}},{"type":"Feature","id":"mno-90130184-796","properties":{"category":"МНО","layer":"mno","district":"Головинский","section":"Участок 3","name":"Флотская улица,дом 48, корпус 1","address":"Флотская улица,дом 48, корпус 1","source_address":"ДТ\\Флотская ул. 48 к.1, 48 к.2","mno_type":"КП","container_count":"6","id":"601410","mno_id":"90130184"},"geometry":{"type":"Point","coordinates":[37.50231,55.85292]}},{"type":"Feature","id":"mno-901301846-797","properties":{"category":"МНО","layer":"mno","district":"Головинский","section":"Участок 3","name":"Флотская улица,дом 48, корпус 2","address":"Флотская улица,дом 48, корпус 2","source_address":"ДТ\\Флотская ул. 48 к.1, 48 к.2","mno_type":"КП","container_count":"6","id":"601410","mno_id":"901301846"},"geometry":{"type":"Point","coordinates":[37.50492,55.85285]}},{"type":"Feature","id":"mno-935273045-798","properties":{"category":"МНО","layer":"mno","district":"Головинский","section":"Участок 3","name":"Флотская улица,дом 52, корпус 2","address":"Флотская улица,дом 52, корпус 2","source_address":"ДТ\\Флотская ул. 52 к.1, 52 к.2, 52 к.3, 52 к.4","mno_type":"КП","container_count":"4","id":"935272707","mno_id":"935273045"},"geometry":{"type":"Point","coordinates":[37.50343,55.8542]}},{"type":"Feature","id":"mno-93527304-799","properties":{"category":"МНО","layer":"mno","district":"Головинский","section":"Участок 3","name":"Флотская улица,дом 52, корпус 4","address":"Флотская улица,дом 52, корпус 4","source_address":"ДТ\\Флотская ул. 52 к.1, 52 к.2, 52 к.3, 52 к.4","mno_type":"КП","container_count":"4","id":"935272707","mno_id":"93527304"},"geometry":{"type":"Point","coordinates":[37.50476,55.85408]}},{"type":"Feature","id":"mno-1183797087-800","properties":{"category":"МНО","layer":"mno","district":"Головинский","section":"Участок 3","name":"Флотская улица,дом 56","address":"Флотская улица,дом 56","source_address":"ДТ\\Флотская ул. 56","mno_type":"БП","container_count":"1","id":"935188849","mno_id":"1183797087"},"geometry":{"type":"Point","coordinates":[37.506192,55.853129]}},{"type":"Feature","id":"mno-935167714-801","properties":{"category":"МНО","layer":"mno","district":"Головинский","section":"Участок 3","name":"Флотская улица,дом 58, корпус 1","address":"Флотская улица,дом 58, корпус 1","source_address":"ДТ\\Флотская улица дом 54, дом 58, корпус 1","mno_type":"КП","container_count":"2","id":"596270","mno_id":"935167714"},"geometry":{"type":"Point","coordinates":[37.50529,55.85531]}},{"type":"Feature","id":"mno-906792907-802","properties":{"category":"МНО","layer":"mno","district":"Головинский","section":"Участок 1","name":"Флотская улица,дом 6/21","address":"Флотская улица,дом 6/21","source_address":"ДТ\\Конаковский пр. 19; Флотская ул. 4, 6/21","mno_type":"КП","container_count":"2","id":"598973","mno_id":"906792907"},"geometry":{"type":"Point","coordinates":[37.479045,55.850078]}},{"type":"Feature","id":"mno-914611568-803","properties":{"category":"МНО","layer":"mno","district":"Головинский","section":"Участок 3","name":"Флотская улица,дом 68, корпус 1","address":"Флотская улица,дом 68, корпус 1","source_address":"ДТ\\Флотская ул. 68 к.1","mno_type":"КП","container_count":"3","id":"914611484","mno_id":"914611568"},"geometry":{"type":"Point","coordinates":[37.510458,55.856534]}},{"type":"Feature","id":"mno-914638529-804","properties":{"category":"МНО","layer":"mno","district":"Головинский","section":"Участок 3","name":"Флотская улица,дом 68, корпус 2","address":"Флотская улица,дом 68, корпус 2","source_address":"ДТ\\Флотская ул. 68 к.2","mno_type":"КП","container_count":"2","id":"914638477","mno_id":"914638529"},"geometry":{"type":"Point","coordinates":[37.509604,55.856175]}},{"type":"Feature","id":"mno-9339372-805","properties":{"category":"МНО","layer":"mno","district":"Головинский","section":"Участок 4","name":"Флотская улица,дом 72А","address":"Флотская улица,дом 72А","source_address":"ДТ\\Онежская ул. 28/1, 30, 32/72, 34 к.1, 34 к.2; Солнечногорская ул. 3; Флотская ул. 21, 72А","mno_type":"БП","container_count":"6","id":"2233950","mno_id":"9339372"},"geometry":{"type":"Point","coordinates":[37.513713,55.85775]}},{"type":"Feature","id":"mno-933937-806","properties":{"category":"МНО","layer":"mno","district":"Головинский","section":"Участок 4","name":"Флотская улица,дом 72А","address":"Флотская улица,дом 72А","source_address":"ДТ\\Онежская ул. 28/1, 30, 32/72, 34 к.1, 34 к.2; Солнечногорская ул. 3; Флотская ул. 21, 72А","mno_type":"КП","container_count":"6","id":"2233950","mno_id":"933937"},"geometry":{"type":"Point","coordinates":[37.513713,55.85775]}},{"type":"Feature","id":"mno-909969866-807","properties":{"category":"МНО","layer":"mno","district":"Головинский","section":"Участок 4","name":"Флотская улица,дом 82/6","address":"Флотская улица,дом 82/6","source_address":"ДТ\\Флотская ул. 82/6, 82/6 стр.1","mno_type":"КП","container_count":"4","id":"583036","mno_id":"909969866"},"geometry":{"type":"Point","coordinates":[37.51532,55.86113]}},{"type":"Feature","id":"mno-909452921-808","properties":{"category":"МНО","layer":"mno","district":"Головинский","section":"Участок 4","name":"Флотская улица,дом 90","address":"Флотская улица,дом 90","source_address":"ДТ\\Флотская ул. 90, 92","mno_type":"КП","container_count":"3","id":"581067","mno_id":"909452921"},"geometry":{"type":"Point","coordinates":[37.51599,55.86159]}},{"type":"Feature","id":"mno-437975046-809","properties":{"category":"МНО","layer":"mno","district":"Дмитровский","section":"Участок 2","name":"Ангарская улица,дом 37/18","address":"Ангарская улица,дом 37/18","source_address":"ДТ\\Ангарская ул. 37/18","mno_type":"КП","container_count":"3","id":"2274695","mno_id":"437975046"},"geometry":{"type":"Point","coordinates":[37.51735,55.863093]}},{"type":"Feature","id":"mno-910947981-810","properties":{"category":"МНО","layer":"mno","district":"Дмитровский","section":"Участок 2","name":"Ангарская улица,дом 39","address":"Ангарская улица,дом 39","source_address":"ДТ\\Ангарская ул. 39","mno_type":"КП","container_count":"2","id":"2274731","mno_id":"910947981"},"geometry":{"type":"Point","coordinates":[37.523765,55.879313]}},{"type":"Feature","id":"mno-822840333-811","properties":{"category":"МНО","layer":"mno","district":"Дмитровский","section":"Участок 2","name":"Ангарская улица,дом 45, корпус 2","address":"Ангарская улица,дом 45, корпус 2","source_address":"ДТ\\Ангарская ул. 45 к.2","mno_type":"КП","container_count":"4","id":"3912294","mno_id":"822840333"},"geometry":{"type":"Point","coordinates":[37.525929,55.880177]}},{"type":"Feature","id":"mno-838855131-812","properties":{"category":"МНО","layer":"mno","district":"Дмитровский","section":"Участок 2","name":"Ангарская улица,дом 45, корпус 3","address":"Ангарская улица,дом 45, корпус 3","source_address":"ДТ\\Ангарская ул. 45 к.3","mno_type":"КП","container_count":"3","id":"3913793","mno_id":"838855131"},"geometry":{"type":"Point","coordinates":[37.524704,55.881232]}},{"type":"Feature","id":"mno-896637254-813","properties":{"category":"МНО","layer":"mno","district":"Дмитровский","section":"Участок 2","name":"Ангарская улица,дом 45, корпус 4","address":"Ангарская улица,дом 45, корпус 4","source_address":"ДТ\\Ангарская ул. 45 к.4","mno_type":"КП","container_count":"2","id":"2274883","mno_id":"896637254"},"geometry":{"type":"Point","coordinates":[37.52426,55.882209]}},{"type":"Feature","id":"mno-82286217-814","properties":{"category":"МНО","layer":"mno","district":"Дмитровский","section":"Участок 2","name":"Ангарская улица,дом 45, корпус 6","address":"Ангарская улица,дом 45, корпус 6","source_address":"ДТ\\Ангарская ул. 45 к.6, 49 к.4","mno_type":"КП","container_count":"2","id":"2274973","mno_id":"82286217"},"geometry":{"type":"Point","coordinates":[37.524995,55.883109]}},{"type":"Feature","id":"mno-895016308-815","properties":{"category":"МНО","layer":"mno","district":"Дмитровский","section":"Участок 2","name":"Ангарская улица,дом 47","address":"Ангарская улица,дом 47","source_address":"ДТ\\Ангарская ул. 47","mno_type":"КП","container_count":"3","id":"2274930","mno_id":"895016308"},"geometry":{"type":"Point","coordinates":[37.528673,55.880836]}},{"type":"Feature","id":"mno-822862178-816","properties":{"category":"МНО","layer":"mno","district":"Дмитровский","section":"Участок 2","name":"Ангарская улица,дом 49, корпус 4","address":"Ангарская улица,дом 49, корпус 4","source_address":"ДТ\\Ангарская ул. 45 к.6, 49 к.4","mno_type":"КП","container_count":"2","id":"2274973","mno_id":"822862178"},"geometry":{"type":"Point","coordinates":[37.524995,55.883109]}},{"type":"Feature","id":"mno-1024966939-817","properties":{"category":"МНО","layer":"mno","district":"Дмитровский","section":"Участок 2","name":"Ангарская улица,дом 51","address":"Ангарская улица,дом 51","source_address":"ДТ\\Ангарская ул. 51","mno_type":"КП","container_count":"3","id":"2275068","mno_id":"1024966939"},"geometry":{"type":"Point","coordinates":[37.528473,55.881324]}},{"type":"Feature","id":"mno-80571410-818","properties":{"category":"МНО","layer":"mno","district":"Дмитровский","section":"Участок 2","name":"Ангарская улица,дом 53, корпус 1","address":"Ангарская улица,дом 53, корпус 1","source_address":"ДТ\\Ангарская ул. 53 к.1, 57 к.1","mno_type":"КП","container_count":"4","id":"3903789","mno_id":"80571410"},"geometry":{"type":"Point","coordinates":[37.528515,55.882304]}},{"type":"Feature","id":"mno-805714109-819","properties":{"category":"МНО","layer":"mno","district":"Дмитровский","section":"Участок 2","name":"Ангарская улица,дом 57, корпус 1","address":"Ангарская улица,дом 57, корпус 1","source_address":"ДТ\\Ангарская ул. 53 к.1, 57 к.1","mno_type":"КП","container_count":"4","id":"3903789","mno_id":"805714109"},"geometry":{"type":"Point","coordinates":[37.528331,55.882976]}},{"type":"Feature","id":"mno-822839427-820","properties":{"category":"МНО","layer":"mno","district":"Дмитровский","section":"Участок 2","name":"Ангарская улица,дом 57, корпус 4","address":"Ангарская улица,дом 57, корпус 4","source_address":"ДТ\\Ангарская ул. 57 к.4","mno_type":"КП","container_count":"4","id":"3634423","mno_id":"822839427"},"geometry":{"type":"Point","coordinates":[37.526796,55.883682]}},{"type":"Feature","id":"mno-277105347-821","properties":{"category":"МНО","layer":"mno","district":"Дмитровский","section":"Участок 2","name":"Ангарская улица,дом 59","address":"Ангарская улица,дом 59","source_address":"ДТ\\Ангарская ул. 59","mno_type":"КП","container_count":"2","id":"2275130","mno_id":"277105347"},"geometry":{"type":"Point","coordinates":[37.528939,55.883546]}},{"type":"Feature","id":"mno-920747852-822","properties":{"category":"МНО","layer":"mno","district":"Дмитровский","section":"Участок 2","name":"Ангарская улица,дом 59, корпус 1","address":"Ангарская улица,дом 59, корпус 1","source_address":"ДТ\\Ангарская ул. 59 к.1","mno_type":"КП","container_count":"6","id":"2275173","mno_id":"920747852"},"geometry":{"type":"Point","coordinates":[37.528676,55.884495]}},{"type":"Feature","id":"mno-1194241707-823","properties":{"category":"МНО","layer":"mno","district":"Дмитровский","section":"Участок 2","name":"Ангарская улица,дом 65","address":"Ангарская улица,дом 65","source_address":"ДТ\\Ангарская ул. 65","mno_type":"БП","container_count":"1","id":"2275227","mno_id":"1194241707"},"geometry":{"type":"Point","coordinates":[37.526235,55.885449]}},{"type":"Feature","id":"mno-767820304-824","properties":{"category":"МНО","layer":"mno","district":"Дмитровский","section":"Участок 2","name":"Ангарская улица,дом 67, корпус 1","address":"Ангарская улица,дом 67, корпус 1","source_address":"ДТ\\Ангарская ул. 67 к.1","mno_type":"КП","container_count":"3","id":"2275307","mno_id":"767820304"},"geometry":{"type":"Point","coordinates":[37.525402,55.885669]}},{"type":"Feature","id":"mno-277082359-825","properties":{"category":"МНО","layer":"mno","district":"Дмитровский","section":"Участок 2","name":"Ангарская улица,дом 67, корпус 3","address":"Ангарская улица,дом 67, корпус 3","source_address":"ДТ\\Ангарская ул. 67 к.3","mno_type":"КП","container_count":"4","id":"3911266","mno_id":"277082359"},"geometry":{"type":"Point","coordinates":[37.524164,55.885812]}},{"type":"Feature","id":"mno-822890099-826","properties":{"category":"МНО","layer":"mno","district":"Дмитровский","section":"Участок 2","name":"Ангарская улица,дом 69","address":"Ангарская улица,дом 69","source_address":"ДТ\\Ангарская ул. 69","mno_type":"КП","container_count":"2","id":"2275378","mno_id":"822890099"},"geometry":{"type":"Point","coordinates":[37.524946,55.886505]}},{"type":"Feature","id":"mno-942988819-827","properties":{"category":"МНО","layer":"mno","district":"Дмитровский","section":"Участок 3","name":"Вагоноремонтная улица,дом 13","address":"Вагоноремонтная улица,дом 13","source_address":"ДТ\\Вагоноремонтная ул. 13","mno_type":"КП","container_count":"4","id":"2274347","mno_id":"942988819"},"geometry":{"type":"Point","coordinates":[37.533535,55.896994]}},{"type":"Feature","id":"mno-944921644-828","properties":{"category":"МНО","layer":"mno","district":"Дмитровский","section":"Участок 3","name":"Вагоноремонтная улица,дом 17","address":"Вагоноремонтная улица,дом 17","source_address":"ДТ\\Вагоноремонтная ул. 17","mno_type":"КП","container_count":"3","id":"2276952","mno_id":"944921644"},"geometry":{"type":"Point","coordinates":[37.531961,55.898081]}},{"type":"Feature","id":"mno-2662551-829","properties":{"category":"МНО","layer":"mno","district":"Дмитровский","section":"Участок 1","name":"Дмитровское шоссе,109 к.1","address":"Дмитровское шоссе,109 к.1","source_address":"ДТ\\Дмитровское шоссе 109 к.1","mno_type":"КП","container_count":"3","id":"2276252","mno_id":"2662551"},"geometry":{"type":"Point","coordinates":[37.54079,55.881955]}},{"type":"Feature","id":"mno-913458224-830","properties":{"category":"МНО","layer":"mno","district":"Дмитровский","section":"Участок 1","name":"Дмитровское шоссе,113 к.1","address":"Дмитровское шоссе,113 к.1","source_address":"ДТ\\Дмитровское шоссе 113 к.1","mno_type":"КП","container_count":"5","id":"2276330","mno_id":"913458224"},"geometry":{"type":"Point","coordinates":[37.540424,55.883055]}},{"type":"Feature","id":"mno-90820344-831","properties":{"category":"МНО","layer":"mno","district":"Дмитровский","section":"Участок 1","name":"Дмитровское шоссе,117 к.1","address":"Дмитровское шоссе,117 к.1","source_address":"ДТ\\Дмитровское шоссе 117 к.1, 119 к.1, 121 к.1; Яхромская ул. 8","mno_type":"КП","container_count":"5","id":"2276442","mno_id":"90820344"},"geometry":{"type":"Point","coordinates":[37.540941,55.884623]}},{"type":"Feature","id":"mno-909274222-832","properties":{"category":"МНО","layer":"mno","district":"Дмитровский","section":"Участок 1","name":"Дмитровское шоссе,125 к.1","address":"Дмитровское шоссе,125 к.1","source_address":"ДТ\\Дмитровское шоссе 125 к.1","mno_type":"КП","container_count":"3","id":"2276507","mno_id":"909274222"},"geometry":{"type":"Point","coordinates":[37.541131,55.886686]}},{"type":"Feature","id":"mno-913467300-833","properties":{"category":"МНО","layer":"mno","district":"Дмитровский","section":"Участок 1","name":"Дмитровское шоссе,127 к.2","address":"Дмитровское шоссе,127 к.2","source_address":"ДТ\\Дмитровское шоссе 127 к.2","mno_type":"КП","container_count":"2","id":"2276590","mno_id":"913467300"},"geometry":{"type":"Point","coordinates":[37.539836,55.88678]}},{"type":"Feature","id":"mno-1029414362-834","properties":{"category":"МНО","layer":"mno","district":"Дмитровский","section":"Участок 1","name":"Дмитровское шоссе,129 к.1","address":"Дмитровское шоссе,129 к.1","source_address":"ДТ\\Дмитровское шоссе 129 к.1","mno_type":"КП","container_count":"2","id":"2276618","mno_id":"1029414362"},"geometry":{"type":"Point","coordinates":[37.541104,55.887566]}},{"type":"Feature","id":"mno-947980797-835","properties":{"category":"МНО","layer":"mno","district":"Дмитровский","section":"Участок 3","name":"Дмитровское шоссе,135 к.1","address":"Дмитровское шоссе,135 к.1","source_address":"ДТ\\Дмитровское шоссе 135 к.1","mno_type":"КП","container_count":"5","id":"2273271","mno_id":"947980797"},"geometry":{"type":"Point","coordinates":[37.541006,55.891645]}},{"type":"Feature","id":"mno-893475849-836","properties":{"category":"МНО","layer":"mno","district":"Дмитровский","section":"Участок 3","name":"Дмитровское шоссе,151 к.2","address":"Дмитровское шоссе,151 к.2","source_address":"ДТ\\Дмитровское шоссе 151 к.2","mno_type":"КП","container_count":"5","id":"2275359","mno_id":"893475849"},"geometry":{"type":"Point","coordinates":[37.54222,55.896912]}},{"type":"Feature","id":"mno-1291842471-837","properties":{"category":"МНО","layer":"mno","district":"Дмитровский","section":"Участок 3","name":"Дмитровское шоссе,155 к.1","address":"Дмитровское шоссе,155 к.1","source_address":"ДТ\\Дмитровское шоссе 155 к.1","mno_type":"КП","container_count":"5","id":"2273875","mno_id":"1291842471"},"geometry":{"type":"Point","coordinates":[37.542227,55.896913]}},{"type":"Feature","id":"mno-893801034-838","properties":{"category":"МНО","layer":"mno","district":"Дмитровский","section":"Участок 3","name":"Дмитровское шоссе,155 к.3","address":"Дмитровское шоссе,155 к.3","source_address":"ДТ\\Дмитровское шоссе 155 к.3","mno_type":"КП","container_count":"4","id":"2274071","mno_id":"893801034"},"geometry":{"type":"Point","coordinates":[37.540399,55.898015]}},{"type":"Feature","id":"mno-949563435-839","properties":{"category":"МНО","layer":"mno","district":"Дмитровский","section":"Участок 3","name":"Дмитровское шоссе,дом 139","address":"Дмитровское шоссе,дом 139","source_address":"ДТ\\Дмитровское шоссе 139","mno_type":"КП","container_count":"4","id":"2273393","mno_id":"949563435"},"geometry":{"type":"Point","coordinates":[37.541086,55.892878]}},{"type":"Feature","id":"mno-893449636-840","properties":{"category":"МНО","layer":"mno","district":"Дмитровский","section":"Участок 3","name":"Дмитровское шоссе,дом 147, корпус 2","address":"Дмитровское шоссе,дом 147, корпус 2","source_address":"ДТ\\Дмитровское шоссе 147 к.2","mno_type":"КП","container_count":"5","id":"2273522","mno_id":"893449636"},"geometry":{"type":"Point","coordinates":[37.539244,55.895889]}},{"type":"Feature","id":"mno-1126781952-841","properties":{"category":"МНО","layer":"mno","district":"Дмитровский","section":"Участок 3","name":"Дмитровское шоссе,дом 149","address":"Дмитровское шоссе,дом 149","source_address":"ДТ\\Дмитровское шоссе 149","mno_type":"КП","container_count":"4","id":"2273598","mno_id":"1126781952"},"geometry":{"type":"Point","coordinates":[37.54284,55.89439]}},{"type":"Feature","id":"mno-805653754-842","properties":{"category":"МНО","layer":"mno","district":"Дмитровский","section":"Участок 3","name":"Дмитровское шоссе,дом 153","address":"Дмитровское шоссе,дом 153","source_address":"ДТ\\Дмитровское шоссе 153","mno_type":"КП","container_count":"4","id":"2275287","mno_id":"805653754"},"geometry":{"type":"Point","coordinates":[37.541934,55.896489]}},{"type":"Feature","id":"mno-947977889-843","properties":{"category":"МНО","layer":"mno","district":"Дмитровский","section":"Участок 3","name":"Долгопрудная улица,дом 11","address":"Долгопрудная улица,дом 11","source_address":"ДТ\\Долгопрудная ул. 11","mno_type":"КП","container_count":"3","id":"2276352","mno_id":"947977889"},"geometry":{"type":"Point","coordinates":[37.537418,55.892667]}},{"type":"Feature","id":"mno-1130843142-844","properties":{"category":"МНО","layer":"mno","district":"Дмитровский","section":"Участок 3","name":"Долгопрудная улица,дом 12","address":"Долгопрудная улица,дом 12","source_address":"ДТ\\Долгопрудная ул. 12","mno_type":"КП","container_count":"7","id":"765642647","mno_id":"1130843142"},"geometry":{"type":"Point","coordinates":[37.538466,55.893818]}},{"type":"Feature","id":"mno-949824668-845","properties":{"category":"МНО","layer":"mno","district":"Дмитровский","section":"Участок 3","name":"Карельский бульвар,дом 21, корпус 1","address":"Карельский бульвар,дом 21, корпус 1","source_address":"ДТ\\Карельский бульв. 21 к.1","mno_type":"КП","container_count":"3","id":"2274500","mno_id":"949824668"},"geometry":{"type":"Point","coordinates":[37.534605,55.894645]}},{"type":"Feature","id":"mno-942994772-846","properties":{"category":"МНО","layer":"mno","district":"Дмитровский","section":"Участок 3","name":"Карельский бульвар,дом 21, корпус 2","address":"Карельский бульвар,дом 21, корпус 2","source_address":"ДТ\\Карельский бульв. 21 к.2","mno_type":"БП","container_count":"1","id":"2274665","mno_id":"942994772"},"geometry":{"type":"Point","coordinates":[37.532634,55.894758]}},{"type":"Feature","id":"mno-893907007-847","properties":{"category":"МНО","layer":"mno","district":"Дмитровский","section":"Участок 3","name":"Карельский бульвар,дом 24","address":"Карельский бульвар,дом 24","source_address":"ДТ\\Карельский бульв. 24","mno_type":"КП","container_count":"2","id":"2276012","mno_id":"893907007"},"geometry":{"type":"Point","coordinates":[37.537734,55.896001]}},{"type":"Feature","id":"mno-893918677-848","properties":{"category":"МНО","layer":"mno","district":"Дмитровский","section":"Участок 3","name":"Карельский бульвар,дом 28","address":"Карельский бульвар,дом 28","source_address":"ДТ\\Карельский бульв. 28","mno_type":"КП","container_count":"3","id":"2279469","mno_id":"893918677"},"geometry":{"type":"Point","coordinates":[37.538899,55.897707]}},{"type":"Feature","id":"mno-911366649-849","properties":{"category":"МНО","layer":"mno","district":"Дмитровский","section":"Участок 3","name":"Карельский бульвар,дом 2, корпус 3","address":"Карельский бульвар,дом 2, корпус 3","source_address":"ДТ\\Карельский бульвар дом 2, корпус 1, дом 2, корпус 2, дом 2, корпус 3","mno_type":"КП","container_count":"3","id":"2275394","mno_id":"911366649"},"geometry":{"type":"Point","coordinates":[37.533613,55.891714]}},{"type":"Feature","id":"mno-911370297-850","properties":{"category":"МНО","layer":"mno","district":"Дмитровский","section":"Участок 3","name":"Карельский бульвар,дом 4, корпус 1","address":"Карельский бульвар,дом 4, корпус 1","source_address":"ДТ\\Карельский бульв. 4 к.1, 4 к.3, 4 к.4","mno_type":"КП","container_count":"3","id":"2275615","mno_id":"911370297"},"geometry":{"type":"Point","coordinates":[37.535202,55.892086]}},{"type":"Feature","id":"mno-947993596-851","properties":{"category":"МНО","layer":"mno","district":"Дмитровский","section":"Участок 3","name":"Карельский бульвар,дом 5","address":"Карельский бульвар,дом 5","source_address":"ДТ\\Карельский бульв. 5","mno_type":"КП","container_count":"3","id":"2275704","mno_id":"947993596"},"geometry":{"type":"Point","coordinates":[37.531409,55.892516]}},{"type":"Feature","id":"mno-94799359-852","properties":{"category":"МНО","layer":"mno","district":"Дмитровский","section":"Участок 3","name":"Карельский бульвар,дом 5","address":"Карельский бульвар,дом 5","source_address":"ДТ\\Карельский бульв. 5","mno_type":"КП","container_count":"3","id":"2275704","mno_id":"94799359"},"geometry":{"type":"Point","coordinates":[37.533183,55.893376]}},{"type":"Feature","id":"mno-91136968-853","properties":{"category":"МНО","layer":"mno","district":"Дмитровский","section":"Участок 3","name":"Карельский бульвар,дом 6, корпус 1","address":"Карельский бульвар,дом 6, корпус 1","source_address":"ДТ\\Карельский бульв. 6 к.1, 6 к.2, 8 к.1, 8 к.2","mno_type":"КП","container_count":"2","id":"2275800","mno_id":"91136968"},"geometry":{"type":"Point","coordinates":[37.536279,55.892743]}},{"type":"Feature","id":"mno-9113696-854","properties":{"category":"МНО","layer":"mno","district":"Дмитровский","section":"Участок 3","name":"Карельский бульвар,дом 6, корпус 2","address":"Карельский бульвар,дом 6, корпус 2","source_address":"ДТ\\Карельский бульв. 6 к.1, 6 к.2, 8 к.1, 8 к.2","mno_type":"КП","container_count":"2","id":"2275800","mno_id":"9113696"},"geometry":{"type":"Point","coordinates":[37.536229,55.892739]}},{"type":"Feature","id":"mno-911369-855","properties":{"category":"МНО","layer":"mno","district":"Дмитровский","section":"Участок 3","name":"Карельский бульвар,дом 8, корпус 1","address":"Карельский бульвар,дом 8, корпус 1","source_address":"ДТ\\Карельский бульв. 6 к.1, 6 к.2, 8 к.1, 8 к.2","mno_type":"КП","container_count":"2","id":"2275800","mno_id":"911369"},"geometry":{"type":"Point","coordinates":[37.535765,55.892798]}},{"type":"Feature","id":"mno-911369689-856","properties":{"category":"МНО","layer":"mno","district":"Дмитровский","section":"Участок 3","name":"Карельский бульвар,дом 8, корпус 2","address":"Карельский бульвар,дом 8, корпус 2","source_address":"ДТ\\Карельский бульв. 6 к.1, 6 к.2, 8 к.1, 8 к.2","mno_type":"КП","container_count":"2","id":"2275800","mno_id":"911369689"},"geometry":{"type":"Point","coordinates":[37.535652,55.893485]}},{"type":"Feature","id":"mno-813687767-857","properties":{"category":"МНО","layer":"mno","district":"Дмитровский","section":"Участок 2","name":"Клязьминская улица,дом 11, корпус 1","address":"Клязьминская улица,дом 11, корпус 1","source_address":"ДТ\\Клязьминская ул. 11 к.1","mno_type":"КП","container_count":"2","id":"2277688","mno_id":"813687767"},"geometry":{"type":"Point","coordinates":[37.524349,55.887383]}},{"type":"Feature","id":"mno-79014202-858","properties":{"category":"МНО","layer":"mno","district":"Дмитровский","section":"Участок 2","name":"Клязьминская улица,дом 11, корпус 2","address":"Клязьминская улица,дом 11, корпус 2","source_address":"ДТ\\Клязьминская ул. 11 к.2","mno_type":"КП","container_count":"2","id":"2277726","mno_id":"79014202"},"geometry":{"type":"Point","coordinates":[37.522596,55.887444]}},{"type":"Feature","id":"mno-790142025-859","properties":{"category":"МНО","layer":"mno","district":"Дмитровский","section":"Участок 2","name":"Клязьминская улица,дом 11, корпус 2","address":"Клязьминская улица,дом 11, корпус 2","source_address":"ДТ\\Клязьминская ул. 11 к.2","mno_type":"КП","container_count":"2","id":"2277726","mno_id":"790142025"},"geometry":{"type":"Point","coordinates":[37.522906,55.887926]}},{"type":"Feature","id":"mno-2277840-860","properties":{"category":"МНО","layer":"mno","district":"Дмитровский","section":"Участок 2","name":"Клязьминская улица,дом 13","address":"Клязьминская улица,дом 13","source_address":"ДТ\\Клязьминская ул. 13","mno_type":"КП","container_count":"2","id":"2277834","mno_id":"2277840"},"geometry":{"type":"Point","coordinates":[37.523743,55.888359]}},{"type":"Feature","id":"mno-2277879-861","properties":{"category":"МНО","layer":"mno","district":"Дмитровский","section":"Участок 3","name":"Клязьминская улица,дом 19","address":"Клязьминская улица,дом 19","source_address":"ДТ\\Клязьминская ул. 19","mno_type":"КП","container_count":"4","id":"2277871","mno_id":"2277879"},"geometry":{"type":"Point","coordinates":[37.527959,55.891547]}},{"type":"Feature","id":"mno-920897407-862","properties":{"category":"МНО","layer":"mno","district":"Дмитровский","section":"Участок 3","name":"Клязьминская улица,дом 29, корпус 1","address":"Клязьминская улица,дом 29, корпус 1","source_address":"ДТ\\Клязьминская ул. 29 к.1; Лобненская ул. 12 к.4","mno_type":"КП","container_count":"2","id":"2277788","mno_id":"920897407"},"geometry":{"type":"Point","coordinates":[37.528899,55.895506]}},{"type":"Feature","id":"mno-92089740-863","properties":{"category":"МНО","layer":"mno","district":"Дмитровский","section":"Участок 3","name":"Клязьминская улица,дом 29, корпус 1","address":"Клязьминская улица,дом 29, корпус 1","source_address":"ДТ\\Клязьминская ул. 29 к.1; Лобненская ул. 12 к.4","mno_type":"КП","container_count":"2","id":"2277788","mno_id":"92089740"},"geometry":{"type":"Point","coordinates":[37.528342,55.894466]}},{"type":"Feature","id":"mno-942981046-864","properties":{"category":"МНО","layer":"mno","district":"Дмитровский","section":"Участок 3","name":"Клязьминская улица,дом 32, корпус 1","address":"Клязьминская улица,дом 32, корпус 1","source_address":"ДТ\\Клязьминская ул. 32 к.1","mno_type":"КП","container_count":"5","id":"2278091","mno_id":"942981046"},"geometry":{"type":"Point","coordinates":[37.530376,55.894582]}},{"type":"Feature","id":"mno-2278126-865","properties":{"category":"МНО","layer":"mno","district":"Дмитровский","section":"Участок 3","name":"Клязьминская улица,дом 32, корпус 3","address":"Клязьминская улица,дом 32, корпус 3","source_address":"ДТ\\Клязьминская ул. 32 к.2, 32 к.3","mno_type":"КП","container_count":"4","id":"2278122","mno_id":"2278126"},"geometry":{"type":"Point","coordinates":[37.532767,55.894585]}},{"type":"Feature","id":"mno-822576039-866","properties":{"category":"МНО","layer":"mno","district":"Дмитровский","section":"Участок 3","name":"Клязьминская улица,дом 34","address":"Клязьминская улица,дом 34","source_address":"ДТ\\Клязьминская ул. 34","mno_type":"КП","container_count":"3","id":"2278163","mno_id":"822576039"},"geometry":{"type":"Point","coordinates":[37.529754,55.89644]}},{"type":"Feature","id":"mno-944956154-867","properties":{"category":"МНО","layer":"mno","district":"Дмитровский","section":"Участок 3","name":"Клязьминская улица,дом 36","address":"Клязьминская улица,дом 36","source_address":"ДТ\\Клязьминская ул. 36","mno_type":"КП","container_count":"3","id":"2278186","mno_id":"944956154"},"geometry":{"type":"Point","coordinates":[37.530172,55.897372]}},{"type":"Feature","id":"mno-932965837-868","properties":{"category":"МНО","layer":"mno","district":"Дмитровский","section":"Участок 2","name":"Клязьминская улица,дом 5, корпус 1","address":"Клязьминская улица,дом 5, корпус 1","source_address":"ДТ\\Клязьминская ул. 5 к.1","mno_type":"КП","container_count":"4","id":"2277196","mno_id":"932965837"},"geometry":{"type":"Point","coordinates":[37.520509,55.887989]}},{"type":"Feature","id":"mno-932996384-869","properties":{"category":"МНО","layer":"mno","district":"Дмитровский","section":"Участок 2","name":"Клязьминская улица,дом 7, корпус 2","address":"Клязьминская улица,дом 7, корпус 2","source_address":"ДТ\\Клязьминская ул. 7 к.2","mno_type":"БП","container_count":"1","id":"2277319","mno_id":"932996384"},"geometry":{"type":"Point","coordinates":[37.522459,55.88944]}},{"type":"Feature","id":"mno-93299638-870","properties":{"category":"МНО","layer":"mno","district":"Дмитровский","section":"Участок 2","name":"Клязьминская улица,дом 7, корпус 2","address":"Клязьминская улица,дом 7, корпус 2","source_address":"ДТ\\Клязьминская ул. 7 к.2","mno_type":"КП","container_count":"1","id":"2277319","mno_id":"93299638"},"geometry":{"type":"Point","coordinates":[37.521323,55.888642]}},{"type":"Feature","id":"mno-9329963-871","properties":{"category":"МНО","layer":"mno","district":"Дмитровский","section":"Участок 2","name":"Клязьминская улица,дом 7, корпус 2","address":"Клязьминская улица,дом 7, корпус 2","source_address":"ДТ\\Клязьминская ул. 7 к.2","mno_type":"КП","container_count":"1","id":"2277319","mno_id":"9329963"},"geometry":{"type":"Point","coordinates":[37.5226,55.889353]}},{"type":"Feature","id":"mno-822578255-872","properties":{"category":"МНО","layer":"mno","district":"Дмитровский","section":"Участок 2","name":"Клязьминская улица,дом 8","address":"Клязьминская улица,дом 8","source_address":"ДТ\\Клязьминская ул. 8","mno_type":"КП","container_count":"4","id":"2277362","mno_id":"822578255"},"geometry":{"type":"Point","coordinates":[37.522194,55.88495]}},{"type":"Feature","id":"mno-932973767-873","properties":{"category":"МНО","layer":"mno","district":"Дмитровский","section":"Участок 2","name":"Клязьминская улица,дом 8, корпус 2","address":"Клязьминская улица,дом 8, корпус 2","source_address":"ДТ\\Клязьминская ул. 8 к.2","mno_type":"БП","container_count":"1","id":"2277537","mno_id":"932973767"},"geometry":{"type":"Point","coordinates":[37.524398,55.883494]}},{"type":"Feature","id":"mno-93297376-874","properties":{"category":"МНО","layer":"mno","district":"Дмитровский","section":"Участок 2","name":"Клязьминская улица,дом 8, корпус 2","address":"Клязьминская улица,дом 8, корпус 2","source_address":"ДТ\\Клязьминская ул. 8 к.2","mno_type":"КП","container_count":"1","id":"2277537","mno_id":"93297376"},"geometry":{"type":"Point","coordinates":[37.524398,55.883494]}},{"type":"Feature","id":"mno-933301166-875","properties":{"category":"МНО","layer":"mno","district":"Дмитровский","section":"Участок 2","name":"Клязьминская улица,дом 9, корпус 2","address":"Клязьминская улица,дом 9, корпус 2","source_address":"ДТ\\Клязьминская ул. 9 к.2","mno_type":"КП","container_count":"3","id":"2277596","mno_id":"933301166"},"geometry":{"type":"Point","coordinates":[37.524837,55.890788]}},{"type":"Feature","id":"mno-1306562479-876","properties":{"category":"МНО","layer":"mno","district":"Дмитровский","section":"Участок 1","name":"Коровинское шоссе,дом 14, корпус 1","address":"Коровинское шоссе,дом 14, корпус 1","source_address":"ДТ\\Коровинское шоссе 14 к.1","mno_type":"БП","container_count":"1","id":"2275933","mno_id":"1306562479"},"geometry":{"type":"Point","coordinates":[37.53021,55.873554]}},{"type":"Feature","id":"mno-130656247-877","properties":{"category":"МНО","layer":"mno","district":"Дмитровский","section":"Участок 1","name":"Коровинское шоссе,дом 14, корпус 1","address":"Коровинское шоссе,дом 14, корпус 1","source_address":"ДТ\\Коровинское шоссе 14 к.1","mno_type":"КП","container_count":"1","id":"2275933","mno_id":"130656247"},"geometry":{"type":"Point","coordinates":[37.53021,55.873554]}},{"type":"Feature","id":"mno-920267786-878","properties":{"category":"МНО","layer":"mno","district":"Дмитровский","section":"Участок 1","name":"Коровинское шоссе,дом 16","address":"Коровинское шоссе,дом 16","source_address":"ДТ\\Коровинское шоссе 16","mno_type":"КП","container_count":"3","id":"2275976","mno_id":"920267786"},"geometry":{"type":"Point","coordinates":[37.529178,55.874143]}},{"type":"Feature","id":"mno-766924885-879","properties":{"category":"МНО","layer":"mno","district":"Дмитровский","section":"Участок 2","name":"Коровинское шоссе,дом 20, корпус 1","address":"Коровинское шоссе,дом 20, корпус 1","source_address":"ДТ\\Коровинское шоссе 20 к.1","mno_type":"КП","container_count":"4","id":"2276694","mno_id":"766924885"},"geometry":{"type":"Point","coordinates":[37.522932,55.879848]}},{"type":"Feature","id":"mno-437803428-880","properties":{"category":"МНО","layer":"mno","district":"Дмитровский","section":"Участок 2","name":"Коровинское шоссе,дом 24, корпус 1","address":"Коровинское шоссе,дом 24, корпус 1","source_address":"ДТ\\Коровинское шоссе 24 к.1","mno_type":"КП","container_count":"5","id":"2276846","mno_id":"437803428"},"geometry":{"type":"Point","coordinates":[37.521119,55.881493]}},{"type":"Feature","id":"mno-920246183-881","properties":{"category":"МНО","layer":"mno","district":"Дмитровский","section":"Участок 2","name":"Коровинское шоссе,дом 26/2","address":"Коровинское шоссе,дом 26/2","source_address":"ДТ\\Коровинское шоссе 26/2","mno_type":"КП","container_count":"4","id":"2276930","mno_id":"920246183"},"geometry":{"type":"Point","coordinates":[37.52001,55.883096]}},{"type":"Feature","id":"mno-920295588-882","properties":{"category":"МНО","layer":"mno","district":"Дмитровский","section":"Участок 2","name":"Коровинское шоссе,дом 30","address":"Коровинское шоссе,дом 30","source_address":"ДТ\\Коровинское шоссе 30","mno_type":"КП","container_count":"2","id":"2276973","mno_id":"920295588"},"geometry":{"type":"Point","coordinates":[37.518454,55.884428]}},{"type":"Feature","id":"mno-81282831-883","properties":{"category":"МНО","layer":"mno","district":"Дмитровский","section":"Участок 2","name":"Коровинское шоссе,дом 36, корпус 1","address":"Коровинское шоссе,дом 36, корпус 1","source_address":"ДТ\\Коровинское шоссе 36 к.1","mno_type":"КП","container_count":"2","id":"2277099","mno_id":"81282831"},"geometry":{"type":"Point","coordinates":[37.517572,55.887402]}},{"type":"Feature","id":"mno-8128283-884","properties":{"category":"МНО","layer":"mno","district":"Дмитровский","section":"Участок 2","name":"Коровинское шоссе,дом 36, корпус 1","address":"Коровинское шоссе,дом 36, корпус 1","source_address":"ДТ\\Коровинское шоссе 36 к.1","mno_type":"КП","container_count":"2","id":"2277099","mno_id":"8128283"},"geometry":{"type":"Point","coordinates":[37.516005,55.886449]}},{"type":"Feature","id":"mno-812828315-885","properties":{"category":"МНО","layer":"mno","district":"Дмитровский","section":"Участок 2","name":"Коровинское шоссе,дом 36, корпус 1","address":"Коровинское шоссе,дом 36, корпус 1","source_address":"ДТ\\Коровинское шоссе 36 к.1","mno_type":"КП","container_count":"2","id":"2277099","mno_id":"812828315"},"geometry":{"type":"Point","coordinates":[37.515587,55.886854]}},{"type":"Feature","id":"mno-43987543-886","properties":{"category":"МНО","layer":"mno","district":"Дмитровский","section":"Участок 3","name":"Лобненская улица,дом 12, корпус 2","address":"Лобненская улица,дом 12, корпус 2","source_address":"ДТ\\Лобненская ул. 12 к.2","mno_type":"КП","container_count":"4","id":"2277635","mno_id":"43987543"},"geometry":{"type":"Point","coordinates":[37.526911,55.892848]}},{"type":"Feature","id":"mno-439875438-887","properties":{"category":"МНО","layer":"mno","district":"Дмитровский","section":"Участок 3","name":"Лобненская улица,дом 12, корпус 2","address":"Лобненская улица,дом 12, корпус 2","source_address":"ДТ\\Лобненская ул. 12 к.2","mno_type":"БП","container_count":"4","id":"2277635","mno_id":"439875438"},"geometry":{"type":"Point","coordinates":[37.527117,55.893136]}},{"type":"Feature","id":"mno-2277707-888","properties":{"category":"МНО","layer":"mno","district":"Дмитровский","section":"Участок 3","name":"Лобненская улица,дом 12, корпус 3","address":"Лобненская улица,дом 12, корпус 3","source_address":"ДТ\\Лобненская ул. 12 к.3","mno_type":"КП","container_count":"5","id":"2277703","mno_id":"2277707"},"geometry":{"type":"Point","coordinates":[37.525868,55.894687]}},{"type":"Feature","id":"mno-9208974-889","properties":{"category":"МНО","layer":"mno","district":"Дмитровский","section":"Участок 3","name":"Лобненская улица,дом 12, корпус 4","address":"Лобненская улица,дом 12, корпус 4","source_address":"ДТ\\Клязьминская ул. 29 к.1; Лобненская ул. 12 к.4","mno_type":"КП","container_count":"2","id":"2277788","mno_id":"9208974"},"geometry":{"type":"Point","coordinates":[37.525867,55.894671]}},{"type":"Feature","id":"mno-920326000-890","properties":{"category":"МНО","layer":"mno","district":"Дмитровский","section":"Участок 2","name":"Лобненская улица,дом 15, корпус 1","address":"Лобненская улица,дом 15, корпус 1","source_address":"ДТ\\Лобненская ул. 15 к.1, 15 к.2","mno_type":"КП","container_count":"3","id":"2274621","mno_id":"920326000"},"geometry":{"type":"Point","coordinates":[37.527181,55.891207]}},{"type":"Feature","id":"mno-92032600-891","properties":{"category":"МНО","layer":"mno","district":"Дмитровский","section":"Участок 2","name":"Лобненская улица,дом 15, корпус 2","address":"Лобненская улица,дом 15, корпус 2","source_address":"ДТ\\Лобненская ул. 15 к.1, 15 к.2","mno_type":"КП","container_count":"3","id":"2274621","mno_id":"92032600"},"geometry":{"type":"Point","coordinates":[37.526079,55.891764]}},{"type":"Feature","id":"mno-2277078-892","properties":{"category":"МНО","layer":"mno","district":"Дмитровский","section":"Участок 3","name":"Лобненская улица,дом 2","address":"Лобненская улица,дом 2","source_address":"ДТ\\Лобненская ул. 2","mno_type":"КП","container_count":"5","id":"2277074","mno_id":"2277078"},"geometry":{"type":"Point","coordinates":[37.541058,55.890718]}},{"type":"Feature","id":"mno-910191597-893","properties":{"category":"МНО","layer":"mno","district":"Дмитровский","section":"Участок 1","name":"Лобненская улица,дом 3","address":"Лобненская улица,дом 3","source_address":"ДТ\\Лобненская ул. 3","mno_type":"КП","container_count":"6","id":"2275462","mno_id":"910191597"},"geometry":{"type":"Point","coordinates":[37.540938,55.888568]}},{"type":"Feature","id":"mno-943629493-894","properties":{"category":"МНО","layer":"mno","district":"Дмитровский","section":"Участок 3","name":"Лобненская улица,дом 6А","address":"Лобненская улица,дом 6А","source_address":"ДТ\\Лобненская ул. 6А","mno_type":"КП","container_count":"4","id":"2277343","mno_id":"943629493"},"geometry":{"type":"Point","coordinates":[37.537366,55.89124]}},{"type":"Feature","id":"mno-944020083-895","properties":{"category":"МНО","layer":"mno","district":"Дмитровский","section":"Участок 3","name":"Лобненская улица,дом 8","address":"Лобненская улица,дом 8","source_address":"ДТ\\Лобненская ул. 8","mno_type":"КП","container_count":"3","id":"2277419","mno_id":"944020083"},"geometry":{"type":"Point","coordinates":[37.537313,55.891891]}},{"type":"Feature","id":"mno-910211135-896","properties":{"category":"МНО","layer":"mno","district":"Дмитровский","section":"Участок 1","name":"Лобненская улица,дом 9","address":"Лобненская улица,дом 9","source_address":"ДТ\\Лобненская ул. 9","mno_type":"КП","container_count":"2","id":"2275552","mno_id":"910211135"},"geometry":{"type":"Point","coordinates":[37.537201,55.888663]}},{"type":"Feature","id":"mno-938492118-897","properties":{"category":"МНО","layer":"mno","district":"Дмитровский","section":"Участок 1","name":"улица 800-летия Москвы,дом 2, корпус 1","address":"улица 800-летия Москвы,дом 2, корпус 1","source_address":"ДТ\\Восьмисотлетия Москвы ул. 2 к.1, 2 к.2","mno_type":"КП","container_count":"2","id":"2275839","mno_id":"938492118"},"geometry":{"type":"Point","coordinates":[37.529771,55.875306]}},{"type":"Feature","id":"mno-93849211-898","properties":{"category":"МНО","layer":"mno","district":"Дмитровский","section":"Участок 1","name":"улица 800-летия Москвы,дом 2, корпус 1","address":"улица 800-летия Москвы,дом 2, корпус 1","source_address":"ДТ\\Восьмисотлетия Москвы ул. 2 к.1, 2 к.2","mno_type":"КП","container_count":"2","id":"2275839","mno_id":"93849211"},"geometry":{"type":"Point","coordinates":[37.533419,55.875106]}},{"type":"Feature","id":"mno-9384921-899","properties":{"category":"МНО","layer":"mno","district":"Дмитровский","section":"Участок 1","name":"улица 800-летия Москвы,дом 2, корпус 1","address":"улица 800-летия Москвы,дом 2, корпус 1","source_address":"ДТ\\Восьмисотлетия Москвы ул. 2 к.1, 2 к.2","mno_type":"КП","container_count":"2","id":"2275839","mno_id":"9384921"},"geometry":{"type":"Point","coordinates":[37.532187,55.87573]}},{"type":"Feature","id":"mno-907409970-900","properties":{"category":"МНО","layer":"mno","district":"Дмитровский","section":"Участок 1","name":"улица Софьи Ковалевской,дом 10, корпус 1","address":"улица Софьи Ковалевской,дом 10, корпус 1","source_address":"ДТ\\Софьи Ковалевской ул. 10 к.1","mno_type":"КП","container_count":"3","id":"2273494","mno_id":"907409970"},"geometry":{"type":"Point","coordinates":[37.533518,55.88374]}},{"type":"Feature","id":"mno-913499857-901","properties":{"category":"МНО","layer":"mno","district":"Дмитровский","section":"Участок 1","name":"улица Софьи Ковалевской,дом 10, корпус 3","address":"улица Софьи Ковалевской,дом 10, корпус 3","source_address":"ДТ\\Софьи Ковалевской ул. 10 к.3","mno_type":"КП","container_count":"3","id":"2273634","mno_id":"913499857"},"geometry":{"type":"Point","coordinates":[37.535759,55.883384]}},{"type":"Feature","id":"mno-82281895-902","properties":{"category":"МНО","layer":"mno","district":"Дмитровский","section":"Участок 1","name":"улица Софьи Ковалевской,дом 14","address":"улица Софьи Ковалевской,дом 14","source_address":"ДТ\\Софьи Ковалевской ул. 14; Учинская ул. 11","mno_type":"КП","container_count":"2","id":"2273791","mno_id":"82281895"},"geometry":{"type":"Point","coordinates":[37.534573,55.886107]}},{"type":"Feature","id":"mno-1278169320-903","properties":{"category":"МНО","layer":"mno","district":"Дмитровский","section":"Участок 1","name":"улица Софьи Ковалевской,дом 16","address":"улица Софьи Ковалевской,дом 16","source_address":"ДТ\\Софьи Ковалевской ул. 16, 18","mno_type":"КП","container_count":"2","id":"2273858","mno_id":"1278169320"},"geometry":{"type":"Point","coordinates":[37.535365,55.886479]}},{"type":"Feature","id":"mno-127816932-904","properties":{"category":"МНО","layer":"mno","district":"Дмитровский","section":"Участок 1","name":"улица Софьи Ковалевской,дом 18","address":"улица Софьи Ковалевской,дом 18","source_address":"ДТ\\Софьи Ковалевской ул. 16, 18","mno_type":"КП","container_count":"2","id":"2273858","mno_id":"127816932"},"geometry":{"type":"Point","coordinates":[37.536352,55.886832]}},{"type":"Feature","id":"mno-1291832572-905","properties":{"category":"МНО","layer":"mno","district":"Дмитровский","section":"Участок 1","name":"улица Софьи Ковалевской,дом 2, корпус 1","address":"улица Софьи Ковалевской,дом 2, корпус 1","source_address":"ДТ\\Софьи Ковалевской ул. 2 к.1","mno_type":"КП","container_count":"5","id":"2273024","mno_id":"1291832572"},"geometry":{"type":"Point","coordinates":[37.535997,55.877222]}},{"type":"Feature","id":"mno-907432014-906","properties":{"category":"МНО","layer":"mno","district":"Дмитровский","section":"Участок 1","name":"улица Софьи Ковалевской,дом 2, корпус 3","address":"улица Софьи Ковалевской,дом 2, корпус 3","source_address":"ДТ\\Софьи Ковалевской ул. 2 к.3","mno_type":"КП","container_count":"4","id":"2273093","mno_id":"907432014"},"geometry":{"type":"Point","coordinates":[37.535489,55.878284]}},{"type":"Feature","id":"mno-907442692-907","properties":{"category":"МНО","layer":"mno","district":"Дмитровский","section":"Участок 1","name":"улица Софьи Ковалевской,дом 2, корпус 4","address":"улица Софьи Ковалевской,дом 2, корпус 4","source_address":"ДТ\\Софьи Ковалевской ул. 2 к.4","mno_type":"КП","container_count":"4","id":"2273132","mno_id":"907442692"},"geometry":{"type":"Point","coordinates":[37.535961,55.877831]}},{"type":"Feature","id":"mno-907458264-908","properties":{"category":"МНО","layer":"mno","district":"Дмитровский","section":"Участок 1","name":"улица Софьи Ковалевской,дом 4","address":"улица Софьи Ковалевской,дом 4","source_address":"ДТ\\Софьи Ковалевской ул. 4","mno_type":"КП","container_count":"6","id":"2273197","mno_id":"907458264"},"geometry":{"type":"Point","coordinates":[37.533919,55.879825]}},{"type":"Feature","id":"mno-1202417109-909","properties":{"category":"МНО","layer":"mno","district":"Дмитровский","section":"Участок 1","name":"улица Софьи Ковалевской,дом 4А","address":"улица Софьи Ковалевской,дом 4А","source_address":"ДТ\\Софьи Ковалевской ул. 4А","mno_type":"КП","container_count":"2","id":"2273235","mno_id":"1202417109"},"geometry":{"type":"Point","coordinates":[37.535081,55.880789]}},{"type":"Feature","id":"mno-920246777-910","properties":{"category":"МНО","layer":"mno","district":"Дмитровский","section":"Участок 1","name":"улица Софьи Ковалевской,дом 4, корпус 3","address":"улица Софьи Ковалевской,дом 4, корпус 3","source_address":"ДТ\\Софьи Ковалевской ул. 4 к.2, 4 к.3","mno_type":"КП","container_count":"3","id":"2273309","mno_id":"920246777"},"geometry":{"type":"Point","coordinates":[37.535014,55.879855]}},{"type":"Feature","id":"mno-907901644-911","properties":{"category":"МНО","layer":"mno","district":"Дмитровский","section":"Участок 1","name":"улица Софьи Ковалевской,дом 6","address":"улица Софьи Ковалевской,дом 6","source_address":"ДТ\\Софьи Ковалевской ул. 6","mno_type":"КП","container_count":"4","id":"2273374","mno_id":"907901644"},"geometry":{"type":"Point","coordinates":[37.533301,55.881548]}},{"type":"Feature","id":"mno-913450048-912","properties":{"category":"МНО","layer":"mno","district":"Дмитровский","section":"Участок 1","name":"Учинская улица,дом 1","address":"Учинская улица,дом 1","source_address":"ДТ\\Учинская ул. 1","mno_type":"КП","container_count":"4","id":"2276106","mno_id":"913450048"},"geometry":{"type":"Point","coordinates":[37.535928,55.881504]}},{"type":"Feature","id":"mno-822818955-913","properties":{"category":"МНО","layer":"mno","district":"Дмитровский","section":"Участок 1","name":"Учинская улица,дом 11","address":"Учинская улица,дом 11","source_address":"ДТ\\Софьи Ковалевской ул. 14; Учинская ул. 11","mno_type":"КП","container_count":"2","id":"2273791","mno_id":"822818955"},"geometry":{"type":"Point","coordinates":[37.53604,55.885927]}},{"type":"Feature","id":"mno-907959855-914","properties":{"category":"МНО","layer":"mno","district":"Дмитровский","section":"Участок 1","name":"Учинская улица,дом 1А","address":"Учинская улица,дом 1А","source_address":"ДТ\\Учинская ул. 1А","mno_type":"КП","container_count":"3","id":"2276040","mno_id":"907959855"},"geometry":{"type":"Point","coordinates":[37.533557,55.881178]}},{"type":"Feature","id":"mno-1290470809-915","properties":{"category":"МНО","layer":"mno","district":"Дмитровский","section":"Участок 1","name":"Учинская улица,дом 3, корпус 1","address":"Учинская улица,дом 3, корпус 1","source_address":"ДТ\\Учинская ул. 3 к.1","mno_type":"КП","container_count":"2","id":"2276131","mno_id":"1290470809"},"geometry":{"type":"Point","coordinates":[37.535891,55.883803]}},{"type":"Feature","id":"mno-907979087-916","properties":{"category":"МНО","layer":"mno","district":"Дмитровский","section":"Участок 1","name":"Учинская улица,дом 7","address":"Учинская улица,дом 7","source_address":"ДТ\\Учинская ул. 7","mno_type":"КП","container_count":"2","id":"2276167","mno_id":"907979087"},"geometry":{"type":"Point","coordinates":[37.535904,55.883844]}},{"type":"Feature","id":"mno-91346492-917","properties":{"category":"МНО","layer":"mno","district":"Дмитровский","section":"Участок 1","name":"Яхромская улица,дом 1А","address":"Яхромская улица,дом 1А","source_address":"ДТ\\Яхромская ул. 1А","mno_type":"КП","container_count":"4","id":"2273943","mno_id":"91346492"},"geometry":{"type":"Point","coordinates":[37.525868,55.894687]}},{"type":"Feature","id":"mno-913464922-918","properties":{"category":"МНО","layer":"mno","district":"Дмитровский","section":"Участок 1","name":"Яхромская улица,дом 1А","address":"Яхромская улица,дом 1А","source_address":"ДТ\\Яхромская ул. 1А","mno_type":"КП","container_count":"4","id":"2273943","mno_id":"913464922"},"geometry":{"type":"Point","coordinates":[37.537511,55.882303]}},{"type":"Feature","id":"mno-90848557-919","properties":{"category":"МНО","layer":"mno","district":"Дмитровский","section":"Участок 1","name":"Яхромская улица,дом 3, корпус 2","address":"Яхромская улица,дом 3, корпус 2","source_address":"ДТ\\Яхромская ул. 3 к.2, 3 к.3, 3 к.4","mno_type":"БП","container_count":"1","id":"2274092","mno_id":"90848557"},"geometry":{"type":"Point","coordinates":[37.539048,55.884076]}},{"type":"Feature","id":"mno-908485573-920","properties":{"category":"МНО","layer":"mno","district":"Дмитровский","section":"Участок 1","name":"Яхромская улица,дом 3, корпус 2","address":"Яхромская улица,дом 3, корпус 2","source_address":"ДТ\\Яхромская ул. 3 к.2, 3 к.3, 3 к.4","mno_type":"КП","container_count":"1","id":"2274092","mno_id":"908485573"},"geometry":{"type":"Point","coordinates":[37.537845,55.883773]}},{"type":"Feature","id":"mno-908203448-921","properties":{"category":"МНО","layer":"mno","district":"Дмитровский","section":"Участок 1","name":"Яхромская улица,дом 8","address":"Яхромская улица,дом 8","source_address":"ДТ\\Дмитровское шоссе 117 к.1, 119 к.1, 121 к.1; Яхромская ул. 8","mno_type":"КП","container_count":"5","id":"2276442","mno_id":"908203448"},"geometry":{"type":"Point","coordinates":[37.539248,55.884526]}},{"type":"Feature","id":"mno-908512789-922","properties":{"category":"МНО","layer":"mno","district":"Дмитровский","section":"Участок 1","name":"Яхромская улица,дом 9, корпус 3","address":"Яхромская улица,дом 9, корпус 3","source_address":"ДТ\\Яхромская ул. 9 к.1, 9 к.2, 9 к.3","mno_type":"КП","container_count":"4","id":"2274383","mno_id":"908512789"},"geometry":{"type":"Point","coordinates":[37.53897,55.885411]}},{"type":"Feature","id":"mno-81532178-923","properties":{"category":"МНО","layer":"mno","district":"Западное Дегунино","section":"Участок 1","name":"Дегунинская улица,дом 20, корпус 1","address":"Дегунинская улица,дом 20, корпус 1","source_address":"ДТ\\Дегунинская ул. 20 к.1","mno_type":"КП","container_count":"2","id":"202153232","mno_id":"81532178"},"geometry":{"type":"Point","coordinates":[37.532617,55.867365]}},{"type":"Feature","id":"mno-1268102185-924","properties":{"category":"МНО","layer":"mno","district":"Западное Дегунино","section":"Участок 2","name":"Ангарская улица,дом 26, корпус 4","address":"Ангарская улица,дом 26, корпус 4","source_address":"ДТ\\Ангарская ул. 26 к.1, 26 к.2, 26 к.4","mno_type":"БП","container_count":"1","id":"715668","mno_id":"1268102185"},"geometry":{"type":"Point","coordinates":[37.521417,55.874883]}},{"type":"Feature","id":"mno-126810218-925","properties":{"category":"МНО","layer":"mno","district":"Западное Дегунино","section":"Участок 2","name":"Ангарская улица,дом 26, корпус 1","address":"Ангарская улица,дом 26, корпус 1","source_address":"ДТ\\Ангарская ул. 26 к.1, 26 к.2, 26 к.4","mno_type":"КП","container_count":"1","id":"715668","mno_id":"126810218"},"geometry":{"type":"Point","coordinates":[37.519522,55.876772]}},{"type":"Feature","id":"mno-1117126693-926","properties":{"category":"МНО","layer":"mno","district":"Западное Дегунино","section":"Участок 2","name":"Талдомская улица,дом 17, корпус 3","address":"Талдомская улица,дом 17, корпус 3","source_address":"ДТ\\Талдомская ул. 17 к.3","mno_type":"КП","container_count":"3","id":"577087","mno_id":"1117126693"},"geometry":{"type":"Point","coordinates":[37.524449,55.875453]}},{"type":"Feature","id":"mno-1266064453-927","properties":{"category":"МНО","layer":"mno","district":"Западное Дегунино","section":"Участок 1","name":"Коровинское шоссе,дом 9, корпус 1","address":"Коровинское шоссе,дом 9, корпус 1","source_address":"ДТ\\Коровинское шоссе 9 к.1","mno_type":"КП","container_count":"4","id":"685900","mno_id":"1266064453"},"geometry":{"type":"Point","coordinates":[37.536611,55.868567]}},{"type":"Feature","id":"mno-811238673-928","properties":{"category":"МНО","layer":"mno","district":"Западное Дегунино","section":"Участок 2","name":"Талдомская улица,дом 17, корпус 2","address":"Талдомская улица,дом 17, корпус 2","source_address":"ДТ\\Талдомская ул. 17 к.2","mno_type":"КП","container_count":"2","id":"615071","mno_id":"811238673"},"geometry":{"type":"Point","coordinates":[37.522614,55.873997]}},{"type":"Feature","id":"mno-833307128-929","properties":{"category":"МНО","layer":"mno","district":"Западное Дегунино","section":"Участок 2","name":"Талдомская улица,дом 11, корпус 3","address":"Талдомская улица,дом 11, корпус 3","source_address":"ДТ\\Весенняя ул. 4; Талдомская ул. 11 к.1, 11 к.2, 11 к.3","mno_type":"КП","container_count":"2","id":"695087","mno_id":"833307128"},"geometry":{"type":"Point","coordinates":[37.518078,55.872401]}},{"type":"Feature","id":"mno-815321782-930","properties":{"category":"МНО","layer":"mno","district":"Западное Дегунино","section":"Участок 1","name":"Дегунинская улица,дом 20, корпус 1","address":"Дегунинская улица,дом 20, корпус 1","source_address":"ДТ\\Дегунинская ул. 20 к.1","mno_type":"КП","container_count":"2","id":"202153232","mno_id":"815321782"},"geometry":{"type":"Point","coordinates":[37.532617,55.867365]}},{"type":"Feature","id":"mno-805370373-931","properties":{"category":"МНО","layer":"mno","district":"Западное Дегунино","section":"Участок 2","name":"Ангарская улица,дом 10","address":"Ангарская улица,дом 10","source_address":"ДТ\\Ангарская ул. 10","mno_type":"КП","container_count":"3","id":"684800","mno_id":"805370373"},"geometry":{"type":"Point","coordinates":[37.515341,55.872984]}},{"type":"Feature","id":"mno-815335320-932","properties":{"category":"МНО","layer":"mno","district":"Западное Дегунино","section":"Участок 3","name":"Ангарская улица,дом 13","address":"Ангарская улица,дом 13","source_address":"ДТ\\Ангарская ул. 13","mno_type":"КП","container_count":"2","id":"589167","mno_id":"815335320"},"geometry":{"type":"Point","coordinates":[37.515089,55.875235]}},{"type":"Feature","id":"mno-81605466-933","properties":{"category":"МНО","layer":"mno","district":"Западное Дегунино","section":"Участок 3","name":"Ангарская улица,дом 17","address":"Ангарская улица,дом 17","source_address":"ДТ\\Ангарская ул. 17","mno_type":"КП","container_count":"2","id":"696078","mno_id":"81605466"},"geometry":{"type":"Point","coordinates":[37.515493,55.875541]}},{"type":"Feature","id":"mno-816054664-934","properties":{"category":"МНО","layer":"mno","district":"Западное Дегунино","section":"Участок 3","name":"Ангарская улица,дом 17","address":"Ангарская улица,дом 17","source_address":"ДТ\\Ангарская ул. 17","mno_type":"КП","container_count":"2","id":"696078","mno_id":"816054664"},"geometry":{"type":"Point","coordinates":[37.516402,55.876286]}},{"type":"Feature","id":"mno-940446091-935","properties":{"category":"МНО","layer":"mno","district":"Западное Дегунино","section":"Участок 3","name":"Ангарская улица,дом 1, корпус 2","address":"Ангарская улица,дом 1, корпус 2","source_address":"ДТ\\Ангарская ул. 1 к.2, 1 к.3","mno_type":"КП","container_count":"2","id":"691420","mno_id":"940446091"},"geometry":{"type":"Point","coordinates":[37.508858,55.872663]}},{"type":"Feature","id":"mno-833460965-936","properties":{"category":"МНО","layer":"mno","district":"Западное Дегунино","section":"Участок 2","name":"Ангарская улица,дом 20, корпус 3","address":"Ангарская улица,дом 20, корпус 3","source_address":"ДТ\\Ангарская ул. 20 к.3","mno_type":"КП","container_count":"2","id":"568247","mno_id":"833460965"},"geometry":{"type":"Point","coordinates":[37.51629,55.874007]}},{"type":"Feature","id":"mno-937151627-937","properties":{"category":"МНО","layer":"mno","district":"Западное Дегунино","section":"Участок 3","name":"Ангарская улица,дом 21","address":"Ангарская улица,дом 21","source_address":"ДТ\\Ангарская ул. 21","mno_type":"КП","container_count":"2","id":"4183211","mno_id":"937151627"},"geometry":{"type":"Point","coordinates":[37.517522,55.876816]}},{"type":"Feature","id":"mno-1272016053-938","properties":{"category":"МНО","layer":"mno","district":"Западное Дегунино","section":"Участок 2","name":"Ангарская улица,дом 26, корпус 3","address":"Ангарская улица,дом 26, корпус 3","source_address":"ДТ\\Ангарская ул. 26 к.3, 28 к.2; Коровинское шоссе 23 к.1, 25/30","mno_type":"КП","container_count":"5","id":"585753","mno_id":"1272016053"},"geometry":{"type":"Point","coordinates":[37.523651,55.876639]}},{"type":"Feature","id":"mno-868242622-939","properties":{"category":"МНО","layer":"mno","district":"Западное Дегунино","section":"Участок 3","name":"Ангарская улица,дом 3","address":"Ангарская улица,дом 3","source_address":"ДТ\\Ангарская ул. 3","mno_type":"КП","container_count":"2","id":"698427","mno_id":"868242622"},"geometry":{"type":"Point","coordinates":[37.511778,55.871803]}},{"type":"Feature","id":"mno-79649843-940","properties":{"category":"МНО","layer":"mno","district":"Западное Дегунино","section":"Участок 3","name":"Базовская улица,дом 10","address":"Базовская улица,дом 10","source_address":"ДТ\\Базовская ул. 10","mno_type":"КП","container_count":"2","id":"714932","mno_id":"79649843"},"geometry":{"type":"Point","coordinates":[37.509824,55.876517]}},{"type":"Feature","id":"mno-796498434-941","properties":{"category":"МНО","layer":"mno","district":"Западное Дегунино","section":"Участок 3","name":"Базовская улица,дом 10","address":"Базовская улица,дом 10","source_address":"ДТ\\Базовская ул. 10","mno_type":"КП","container_count":"2","id":"714932","mno_id":"796498434"},"geometry":{"type":"Point","coordinates":[37.511771,55.876265]}},{"type":"Feature","id":"mno-80432228-942","properties":{"category":"МНО","layer":"mno","district":"Западное Дегунино","section":"Участок 3","name":"Базовская улица,дом 14","address":"Базовская улица,дом 14","source_address":"ДТ\\Базовская ул. 14","mno_type":"КП","container_count":"3","id":"701968","mno_id":"80432228"},"geometry":{"type":"Point","coordinates":[37.513697,55.876982]}},{"type":"Feature","id":"mno-804322281-943","properties":{"category":"МНО","layer":"mno","district":"Западное Дегунино","section":"Участок 3","name":"Базовская улица,дом 14","address":"Базовская улица,дом 14","source_address":"ДТ\\Базовская ул. 14","mno_type":"КП","container_count":"3","id":"701968","mno_id":"804322281"},"geometry":{"type":"Point","coordinates":[37.511409,55.877745]}},{"type":"Feature","id":"mno-797269841-944","properties":{"category":"МНО","layer":"mno","district":"Западное Дегунино","section":"Участок 4","name":"Базовская улица,дом 15, корпус 15","address":"Базовская улица,дом 15, корпус 15","source_address":"ДТ\\Базовская ул. 15 к.15","mno_type":"КП","container_count":"2","id":"211205013","mno_id":"797269841"},"geometry":{"type":"Point","coordinates":[37.505745,55.876135]}},{"type":"Feature","id":"mno-796976469-945","properties":{"category":"МНО","layer":"mno","district":"Западное Дегунино","section":"Участок 4","name":"Базовская улица,дом 15, корпус 2","address":"Базовская улица,дом 15, корпус 2","source_address":"ДТ\\Базовская ул. 15 к.2","mno_type":"КП","container_count":"2","id":"211167791","mno_id":"796976469"},"geometry":{"type":"Point","coordinates":[37.505126,55.877644]}},{"type":"Feature","id":"mno-88096761-946","properties":{"category":"МНО","layer":"mno","district":"Западное Дегунино","section":"Участок 4","name":"Базовская улица,дом 15, корпус 3","address":"Базовская улица,дом 15, корпус 3","source_address":"ДТ\\Базовская ул. 15 к.3","mno_type":"КП","container_count":"2","id":"211169950","mno_id":"88096761"},"geometry":{"type":"Point","coordinates":[37.50702,55.879031]}},{"type":"Feature","id":"mno-880967611-947","properties":{"category":"МНО","layer":"mno","district":"Западное Дегунино","section":"Участок 4","name":"Базовская улица,дом 15, корпус 3","address":"Базовская улица,дом 15, корпус 3","source_address":"ДТ\\Базовская ул. 15 к.3","mno_type":"КП","container_count":"2","id":"211169950","mno_id":"880967611"},"geometry":{"type":"Point","coordinates":[37.506275,55.878487]}},{"type":"Feature","id":"mno-797023390-948","properties":{"category":"МНО","layer":"mno","district":"Западное Дегунино","section":"Участок 4","name":"Базовская улица,дом 15, корпус 5","address":"Базовская улица,дом 15, корпус 5","source_address":"ДТ\\Базовская ул. 15 к.5","mno_type":"КП","container_count":"2","id":"211184238","mno_id":"797023390"},"geometry":{"type":"Point","coordinates":[37.508114,55.879848]}},{"type":"Feature","id":"mno-895728249-949","properties":{"category":"МНО","layer":"mno","district":"Западное Дегунино","section":"Участок 4","name":"Базовская улица,дом 15, корпус 6","address":"Базовская улица,дом 15, корпус 6","source_address":"ДТ\\Базовская ул. 15 к.6","mno_type":"КП","container_count":"2","id":"211186879","mno_id":"895728249"},"geometry":{"type":"Point","coordinates":[37.510775,55.879935]}},{"type":"Feature","id":"mno-895722672-950","properties":{"category":"МНО","layer":"mno","district":"Западное Дегунино","section":"Участок 4","name":"Базовская улица,дом 15, корпус 7","address":"Базовская улица,дом 15, корпус 7","source_address":"ДТ\\Базовская ул. 15 к.7","mno_type":"КП","container_count":"2","id":"211188475","mno_id":"895722672"},"geometry":{"type":"Point","coordinates":[37.508801,55.878389]}},{"type":"Feature","id":"mno-82942919-951","properties":{"category":"МНО","layer":"mno","district":"Западное Дегунино","section":"Участок 4","name":"Базовская улица,дом 15, корпус 9","address":"Базовская улица,дом 15, корпус 9","source_address":"ДТ\\Базовская ул. 15 к.9","mno_type":"БП","container_count":"1","id":"211192798","mno_id":"82942919"},"geometry":{"type":"Point","coordinates":[37.506434,55.876617]}},{"type":"Feature","id":"mno-829429190-952","properties":{"category":"МНО","layer":"mno","district":"Западное Дегунино","section":"Участок 4","name":"Базовская улица,дом 15, корпус 9","address":"Базовская улица,дом 15, корпус 9","source_address":"ДТ\\Базовская ул. 15 к.9","mno_type":"КП","container_count":"1","id":"211192798","mno_id":"829429190"},"geometry":{"type":"Point","coordinates":[37.506385,55.876603]}},{"type":"Feature","id":"mno-91501460-953","properties":{"category":"МНО","layer":"mno","district":"Западное Дегунино","section":"Участок 3","name":"Базовская улица,дом 17","address":"Базовская улица,дом 17","source_address":"ДТ\\Базовская ул. 17","mno_type":"БП","container_count":"1","id":"915013908","mno_id":"91501460"},"geometry":{"type":"Point","coordinates":[37.511616,55.881288]}},{"type":"Feature","id":"mno-9150146-954","properties":{"category":"МНО","layer":"mno","district":"Западное Дегунино","section":"Участок 3","name":"Базовская улица,дом 17","address":"Базовская улица,дом 17","source_address":"ДТ\\Базовская ул. 17","mno_type":"КП","container_count":"1","id":"915013908","mno_id":"9150146"},"geometry":{"type":"Point","coordinates":[37.511605,55.881269]}},{"type":"Feature","id":"mno-915014608-955","properties":{"category":"МНО","layer":"mno","district":"Западное Дегунино","section":"Участок 3","name":"Базовская улица,дом 17","address":"Базовская улица,дом 17","source_address":"ДТ\\Базовская ул. 17","mno_type":"КП","container_count":"1","id":"915013908","mno_id":"915014608"},"geometry":{"type":"Point","coordinates":[37.512663,55.879684]}},{"type":"Feature","id":"mno-907970947-956","properties":{"category":"МНО","layer":"mno","district":"Западное Дегунино","section":"Участок 3","name":"Базовская улица,дом 20","address":"Базовская улица,дом 20","source_address":"ДТ\\Базовская ул. 20","mno_type":"КП","container_count":"2","id":"578055","mno_id":"907970947"},"geometry":{"type":"Point","coordinates":[37.512926,55.878537]}},{"type":"Feature","id":"mno-80314725-957","properties":{"category":"МНО","layer":"mno","district":"Западное Дегунино","section":"Участок 3","name":"Базовская улица,дом 20, корпус 2","address":"Базовская улица,дом 20, корпус 2","source_address":"ДТ\\Базовская ул. 20 к.2","mno_type":"КП","container_count":"2","id":"92484872","mno_id":"80314725"},"geometry":{"type":"Point","coordinates":[37.515394,55.877872]}},{"type":"Feature","id":"mno-803147256-958","properties":{"category":"МНО","layer":"mno","district":"Западное Дегунино","section":"Участок 3","name":"Базовская улица,дом 20, корпус 2","address":"Базовская улица,дом 20, корпус 2","source_address":"ДТ\\Базовская ул. 20 к.2","mno_type":"БП","container_count":"2","id":"92484872","mno_id":"803147256"},"geometry":{"type":"Point","coordinates":[37.515442,55.877834]}},{"type":"Feature","id":"mno-1995954-959","properties":{"category":"МНО","layer":"mno","district":"Западное Дегунино","section":"Участок 3","name":"Базовская улица,дом 6/27","address":"Базовская улица,дом 6/27","source_address":"ДТ\\Базовская ул. 6/27; Весенняя ул. 25 к.1, 25 к.2","mno_type":"КП","container_count":"2","id":"709233","mno_id":"1995954"},"geometry":{"type":"Point","coordinates":[37.508192,55.874819]}},{"type":"Feature","id":"mno-985845504-960","properties":{"category":"МНО","layer":"mno","district":"Западное Дегунино","section":"Участок 3","name":"Весенняя улица,дом 19","address":"Весенняя улица,дом 19","source_address":"ДТ\\Весенняя ул. 19","mno_type":"КП","container_count":"2","id":"574241","mno_id":"985845504"},"geometry":{"type":"Point","coordinates":[37.512913,55.873683]}},{"type":"Feature","id":"mno-810493008-961","properties":{"category":"МНО","layer":"mno","district":"Западное Дегунино","section":"Участок 3","name":"Весенняя улица,дом 20А","address":"Весенняя улица,дом 20А","source_address":"ДТ\\Весенняя ул. 20, 20А","mno_type":"КП","container_count":"2","id":"614807","mno_id":"810493008"},"geometry":{"type":"Point","coordinates":[37.509582,55.875638]}},{"type":"Feature","id":"mno-46526872-962","properties":{"category":"МНО","layer":"mno","district":"Западное Дегунино","section":"Участок 2","name":"Весенняя улица,дом 3, корпус 1","address":"Весенняя улица,дом 3, корпус 1","source_address":"ДТ\\Весенняя ул. 3 к.1, 5","mno_type":"КП","container_count":"2","id":"690702","mno_id":"46526872"},"geometry":{"type":"Point","coordinates":[37.516531,55.872405]}},{"type":"Feature","id":"mno-465268722-963","properties":{"category":"МНО","layer":"mno","district":"Западное Дегунино","section":"Участок 2","name":"Весенняя улица,дом 3, корпус 1","address":"Весенняя улица,дом 3, корпус 1","source_address":"ДТ\\Весенняя ул. 3 к.1, 5","mno_type":"КП","container_count":"2","id":"690702","mno_id":"465268722"},"geometry":{"type":"Point","coordinates":[37.515225,55.871798]}},{"type":"Feature","id":"mno-1090730208-964","properties":{"category":"МНО","layer":"mno","district":"Западное Дегунино","section":"Участок 1","name":"Дегунинская улица,дом 10, корпус 1","address":"Дегунинская улица,дом 10, корпус 1","source_address":"ДТ\\Дегунинская ул. 10 к.1","mno_type":"КП","container_count":"2","id":"1064321033","mno_id":"1090730208"},"geometry":{"type":"Point","coordinates":[37.536925,55.865831]}},{"type":"Feature","id":"mno-807771034-965","properties":{"category":"МНО","layer":"mno","district":"Западное Дегунино","section":"Участок 1","name":"Дегунинская улица,дом 12, корпус 1","address":"Дегунинская улица,дом 12, корпус 1","source_address":"ДТ\\Дегунинская ул. 12 к.1","mno_type":"КП","container_count":"2","id":"199221252","mno_id":"807771034"},"geometry":{"type":"Point","coordinates":[37.535898,55.865974]}},{"type":"Feature","id":"mno-811130626-966","properties":{"category":"МНО","layer":"mno","district":"Западное Дегунино","section":"Участок 6","name":"Дегунинская улица,дом 13, корпус 2","address":"Дегунинская улица,дом 13, корпус 2","source_address":"ДТ\\Дегунинская ул. 13 к.1, 13 к.2","mno_type":"КП","container_count":"2","id":"592507","mno_id":"811130626"},"geometry":{"type":"Point","coordinates":[37.533347,55.865162]}},{"type":"Feature","id":"mno-816064818-967","properties":{"category":"МНО","layer":"mno","district":"Западное Дегунино","section":"Участок 1","name":"Дегунинская улица,дом 14","address":"Дегунинская улица,дом 14","source_address":"ДТ\\Дегунинская ул. 14, 16","mno_type":"КП","container_count":"2","id":"622629","mno_id":"816064818"},"geometry":{"type":"Point","coordinates":[37.536045,55.8664]}},{"type":"Feature","id":"mno-952342676-968","properties":{"category":"МНО","layer":"mno","district":"Западное Дегунино","section":"Участок 6","name":"Дегунинская улица,дом 15","address":"Дегунинская улица,дом 15","source_address":"ДТ\\Дегунинская ул. 15","mno_type":"БП","container_count":"1","id":"626968","mno_id":"952342676"},"geometry":{"type":"Point","coordinates":[37.533726,55.866311]}},{"type":"Feature","id":"mno-95234267-969","properties":{"category":"МНО","layer":"mno","district":"Западное Дегунино","section":"Участок 6","name":"Дегунинская улица,дом 15","address":"Дегунинская улица,дом 15","source_address":"ДТ\\Дегунинская ул. 15","mno_type":"КП","container_count":"1","id":"626968","mno_id":"95234267"},"geometry":{"type":"Point","coordinates":[37.533726,55.866311]}},{"type":"Feature","id":"mno-949141984-970","properties":{"category":"МНО","layer":"mno","district":"Западное Дегунино","section":"Участок 6","name":"Дегунинская улица,дом 17","address":"Дегунинская улица,дом 17","source_address":"ДТ\\Дегунинская ул. 17","mno_type":"КП","container_count":"3","id":"566271","mno_id":"949141984"},"geometry":{"type":"Point","coordinates":[37.530838,55.867828]}},{"type":"Feature","id":"mno-94914198-971","properties":{"category":"МНО","layer":"mno","district":"Западное Дегунино","section":"Участок 6","name":"Дегунинская улица,дом 17","address":"Дегунинская улица,дом 17","source_address":"ДТ\\Дегунинская ул. 17","mno_type":"КП","container_count":"3","id":"566271","mno_id":"94914198"},"geometry":{"type":"Point","coordinates":[37.531488,55.866747]}},{"type":"Feature","id":"mno-1128208192-972","properties":{"category":"МНО","layer":"mno","district":"Западное Дегунино","section":"Участок 6","name":"Дегунинская улица,дом 1, корпус 4","address":"Дегунинская улица,дом 1, корпус 4","source_address":"ДТ\\Дегунинская ул. 1 к.1, 1 к.2, 1 к.3, 1 к.4, 2 к.2","mno_type":"КП","container_count":"3","id":"4131219","mno_id":"1128208192"},"geometry":{"type":"Point","coordinates":[37.538109,55.863894]}},{"type":"Feature","id":"mno-112820819-973","properties":{"category":"МНО","layer":"mno","district":"Западное Дегунино","section":"Участок 6","name":"Дегунинская улица,дом 1, корпус 4","address":"Дегунинская улица,дом 1, корпус 4","source_address":"ДТ\\Дегунинская ул. 1 к.1, 1 к.2, 1 к.3, 1 к.4, 2 к.2","mno_type":"КП","container_count":"3","id":"4131219","mno_id":"112820819"},"geometry":{"type":"Point","coordinates":[37.538109,55.863894]}},{"type":"Feature","id":"mno-816068161-974","properties":{"category":"МНО","layer":"mno","district":"Западное Дегунино","section":"Участок 6","name":"Дегунинская улица,дом 23, корпус 1","address":"Дегунинская улица,дом 23, корпус 1","source_address":"ДТ\\Дегунинская ул. 23 к.1","mno_type":"КП","container_count":"2","id":"711640","mno_id":"816068161"},"geometry":{"type":"Point","coordinates":[37.52946,55.870161]}},{"type":"Feature","id":"mno-815322886-975","properties":{"category":"МНО","layer":"mno","district":"Западное Дегунино","section":"Участок 1","name":"Дегунинская улица,дом 32","address":"Дегунинская улица,дом 32","source_address":"ДТ\\Дегунинская ул. 32","mno_type":"КП","container_count":"2","id":"706813","mno_id":"815322886"},"geometry":{"type":"Point","coordinates":[37.529964,55.87162]}},{"type":"Feature","id":"mno-805688052-976","properties":{"category":"МНО","layer":"mno","district":"Западное Дегунино","section":"Участок 6","name":"Дегунинская улица,дом 3, корпус 2","address":"Дегунинская улица,дом 3, корпус 2","source_address":"ДТ\\Дегунинская ул. 3 к.2","mno_type":"КП","container_count":"2","id":"4123836","mno_id":"805688052"},"geometry":{"type":"Point","coordinates":[37.537524,55.863495]}},{"type":"Feature","id":"mno-805454129-977","properties":{"category":"МНО","layer":"mno","district":"Западное Дегунино","section":"Участок 6","name":"Дегунинская улица,дом 3, корпус 3","address":"Дегунинская улица,дом 3, корпус 3","source_address":"ДТ\\Дегунинская ул. 3 к.3","mno_type":"КП","container_count":"2","id":"4092185","mno_id":"805454129"},"geometry":{"type":"Point","coordinates":[37.538176,55.862809]}},{"type":"Feature","id":"mno-805524019-978","properties":{"category":"МНО","layer":"mno","district":"Западное Дегунино","section":"Участок 6","name":"Дегунинская улица,дом 3, корпус 4","address":"Дегунинская улица,дом 3, корпус 4","source_address":"ДТ\\Дегунинская ул. 3 к.4","mno_type":"КП","container_count":"2","id":"4093738","mno_id":"805524019"},"geometry":{"type":"Point","coordinates":[37.537931,55.862255]}},{"type":"Feature","id":"mno-807201533-979","properties":{"category":"МНО","layer":"mno","district":"Западное Дегунино","section":"Участок 1","name":"Дегунинская улица,дом 4, корпус 1","address":"Дегунинская улица,дом 4, корпус 1","source_address":"ДТ\\Дегунинская ул. 4 к.1","mno_type":"КП","container_count":"3","id":"199136312","mno_id":"807201533"},"geometry":{"type":"Point","coordinates":[37.539263,55.864535]}},{"type":"Feature","id":"mno-806831452-980","properties":{"category":"МНО","layer":"mno","district":"Западное Дегунино","section":"Участок 6","name":"Дегунинская улица,дом 5","address":"Дегунинская улица,дом 5","source_address":"ДТ\\Дегунинская ул. 5","mno_type":"КП","container_count":"2","id":"571921","mno_id":"806831452"},"geometry":{"type":"Point","coordinates":[37.536208,55.864939]}},{"type":"Feature","id":"mno-1033110903-981","properties":{"category":"МНО","layer":"mno","district":"Западное Дегунино","section":"Участок 7","name":"Дмитровское шоссе,дом 73Б","address":"Дмитровское шоссе,дом 73Б","source_address":"ДТ\\Дмитровское шоссе 73Б","mno_type":"КП","container_count":"2","id":"1033110633","mno_id":"1033110903"},"geometry":{"type":"Point","coordinates":[37.554843,55.856343]}},{"type":"Feature","id":"mno-805734343-982","properties":{"category":"МНО","layer":"mno","district":"Западное Дегунино","section":"Участок 1","name":"Коровинское шоссе,дом 11, корпус 2","address":"Коровинское шоссе,дом 11, корпус 2","source_address":"ДТ\\Коровинское шоссе 11 к.2","mno_type":"КП","container_count":"2","id":"693486","mno_id":"805734343"},"geometry":{"type":"Point","coordinates":[37.53431,55.868922]}},{"type":"Feature","id":"mno-810502405-983","properties":{"category":"МНО","layer":"mno","district":"Западное Дегунино","section":"Участок 1","name":"Коровинское шоссе,дом 13, корпус 2","address":"Коровинское шоссе,дом 13, корпус 2","source_address":"ДТ\\Коровинское шоссе 13 к.2","mno_type":"КП","container_count":"2","id":"706824","mno_id":"810502405"},"geometry":{"type":"Point","coordinates":[37.533795,55.869224]}},{"type":"Feature","id":"mno-1271349191-984","properties":{"category":"МНО","layer":"mno","district":"Западное Дегунино","section":"Участок 1","name":"Коровинское шоссе,дом 17","address":"Коровинское шоссе,дом 17","source_address":"ДТ\\Коровинское шоссе 17","mno_type":"КП","container_count":"2","id":"720324","mno_id":"1271349191"},"geometry":{"type":"Point","coordinates":[37.530139,55.870725]}},{"type":"Feature","id":"mno-127201605-985","properties":{"category":"МНО","layer":"mno","district":"Западное Дегунино","section":"Участок 2","name":"Коровинское шоссе,дом 23, корпус 1","address":"Коровинское шоссе,дом 23, корпус 1","source_address":"ДТ\\Ангарская ул. 26 к.3, 28 к.2; Коровинское шоссе 23 к.1, 25/30","mno_type":"КП","container_count":"5","id":"585753","mno_id":"127201605"},"geometry":{"type":"Point","coordinates":[37.524058,55.876685]}},{"type":"Feature","id":"mno-911522365-986","properties":{"category":"МНО","layer":"mno","district":"Западное Дегунино","section":"Участок 3","name":"Коровинское шоссе,дом 29Б","address":"Коровинское шоссе,дом 29Б","source_address":"ДТ\\Коровинское шоссе 29, 29А, 29Б","mno_type":"КП","container_count":"2","id":"683214","mno_id":"911522365"},"geometry":{"type":"Point","coordinates":[37.518332,55.878956]}},{"type":"Feature","id":"mno-908929857-987","properties":{"category":"МНО","layer":"mno","district":"Западное Дегунино","section":"Участок 3","name":"Коровинское шоссе,дом 31","address":"Коровинское шоссе,дом 31","source_address":"ДТ\\Коровинское шоссе 31, 31А","mno_type":"КП","container_count":"2","id":"721387","mno_id":"908929857"},"geometry":{"type":"Point","coordinates":[37.519455,55.880462]}},{"type":"Feature","id":"mno-896460071-988","properties":{"category":"МНО","layer":"mno","district":"Западное Дегунино","section":"Участок 1","name":"Коровинское шоссе,дом 3А, корпус 1","address":"Коровинское шоссе,дом 3А, корпус 1","source_address":"ДТ\\Коровинское шоссе 3А к.1","mno_type":"КП","container_count":"2","id":"4496601","mno_id":"896460071"},"geometry":{"type":"Point","coordinates":[37.541017,55.866738]}},{"type":"Feature","id":"mno-1116814388-989","properties":{"category":"МНО","layer":"mno","district":"Западное Дегунино","section":"Участок 1","name":"Коровинское шоссе,дом 3, корпус 1","address":"Коровинское шоссе,дом 3, корпус 1","source_address":"ДТ\\Коровинское шоссе 3 к.1","mno_type":"КП","container_count":"2","id":"4130727","mno_id":"1116814388"},"geometry":{"type":"Point","coordinates":[37.543496,55.865784]}},{"type":"Feature","id":"mno-460970218-990","properties":{"category":"МНО","layer":"mno","district":"Западное Дегунино","section":"Участок 1","name":"Коровинское шоссе,дом 3, корпус 2","address":"Коровинское шоссе,дом 3, корпус 2","source_address":"ДТ\\Коровинское шоссе 3 к.2","mno_type":"КП","container_count":"2","id":"4066179","mno_id":"460970218"},"geometry":{"type":"Point","coordinates":[37.540703,55.865952]}},{"type":"Feature","id":"mno-957748366-991","properties":{"category":"МНО","layer":"mno","district":"Западное Дегунино","section":"Участок 1","name":"Коровинское шоссе,дом 5, корпус 2","address":"Коровинское шоссе,дом 5, корпус 2","source_address":"ДТ\\Коровинское шоссе 5 к.2","mno_type":"КП","container_count":"2","id":"712944","mno_id":"957748366"},"geometry":{"type":"Point","coordinates":[37.540278,55.866197]}},{"type":"Feature","id":"mno-803603902-992","properties":{"category":"МНО","layer":"mno","district":"Западное Дегунино","section":"Участок 1","name":"Коровинское шоссе,дом 7, корпус 3","address":"Коровинское шоссе,дом 7, корпус 3","source_address":"ДТ\\Коровинское шоссе 7 к.3","mno_type":"КП","container_count":"2","id":"690235","mno_id":"803603902"},"geometry":{"type":"Point","coordinates":[37.537552,55.867402]}},{"type":"Feature","id":"mno-807074964-993","properties":{"category":"МНО","layer":"mno","district":"Западное Дегунино","section":"Участок 1","name":"Коровинское шоссе,дом 9, корпус 2","address":"Коровинское шоссе,дом 9, корпус 2","source_address":"ДТ\\Коровинское шоссе 9 к.2","mno_type":"КП","container_count":"2","id":"682487","mno_id":"807074964"},"geometry":{"type":"Point","coordinates":[37.537041,55.867701]}},{"type":"Feature","id":"mno-80549457-994","properties":{"category":"МНО","layer":"mno","district":"Западное Дегунино","section":"Участок 4","name":"Краснополянская улица,дом 6, корпус 2","address":"Краснополянская улица,дом 6, корпус 2","source_address":"ДТ\\Краснополянская ул. 6 к.1, 6 к.2","mno_type":"КП","container_count":"2","id":"704119","mno_id":"80549457"},"geometry":{"type":"Point","coordinates":[37.491078,55.885637]}},{"type":"Feature","id":"mno-805494572-995","properties":{"category":"МНО","layer":"mno","district":"Западное Дегунино","section":"Участок 4","name":"Краснополянская улица,дом 6, корпус 2","address":"Краснополянская улица,дом 6, корпус 2","source_address":"ДТ\\Краснополянская ул. 6 к.1, 6 к.2","mno_type":"БП","container_count":"2","id":"704119","mno_id":"805494572"},"geometry":{"type":"Point","coordinates":[37.491078,55.885637]}},{"type":"Feature","id":"mno-930396336-996","properties":{"category":"МНО","layer":"mno","district":"Западное Дегунино","section":"Участок 3","name":"Новая улица,дом 1","address":"Новая улица,дом 1","source_address":"ДТ\\Новая ул. 1","mno_type":"КП","container_count":"2","id":"701342","mno_id":"930396336"},"geometry":{"type":"Point","coordinates":[37.50874,55.872903]}},{"type":"Feature","id":"mno-1116054897-997","properties":{"category":"МНО","layer":"mno","district":"Западное Дегунино","section":"Участок 3","name":"Новая улица,дом 10","address":"Новая улица,дом 10","source_address":"ДТ\\Новая ул. 10","mno_type":"КП","container_count":"2","id":"710505","mno_id":"1116054897"},"geometry":{"type":"Point","coordinates":[37.512882,55.875941]}},{"type":"Feature","id":"mno-811153229-998","properties":{"category":"МНО","layer":"mno","district":"Западное Дегунино","section":"Участок 3","name":"Новая улица,дом 14","address":"Новая улица,дом 14","source_address":"ДТ\\Новая ул. 14","mno_type":"КП","container_count":"2","id":"711939","mno_id":"811153229"},"geometry":{"type":"Point","coordinates":[37.514934,55.876873]}},{"type":"Feature","id":"mno-813548335-999","properties":{"category":"МНО","layer":"mno","district":"Западное Дегунино","section":"Участок 3","name":"Новая улица,дом 3","address":"Новая улица,дом 3","source_address":"ДТ\\Новая ул. 3","mno_type":"КП","container_count":"2","id":"708141","mno_id":"813548335"},"geometry":{"type":"Point","coordinates":[37.509357,55.873651]}},{"type":"Feature","id":"mno-922330042-1000","properties":{"category":"МНО","layer":"mno","district":"Западное Дегунино","section":"Участок 3","name":"Новая улица,дом 5","address":"Новая улица,дом 5","source_address":"ДТ\\Новая ул. 5","mno_type":"КП","container_count":"2","id":"596157","mno_id":"922330042"},"geometry":{"type":"Point","coordinates":[37.510725,55.874185]}},{"type":"Feature","id":"mno-1030363936-1001","properties":{"category":"МНО","layer":"mno","district":"Западное Дегунино","section":"Участок 2","name":"Путейская улица,дом 2","address":"Путейская улица,дом 2","source_address":"ДТ\\Путейская ул. 2","mno_type":"КП","container_count":"2","id":"1030363488","mno_id":"1030363936"},"geometry":{"type":"Point","coordinates":[37.514626,55.870076]}},{"type":"Feature","id":"mno-265647403-1002","properties":{"category":"МНО","layer":"mno","district":"Западное Дегунино","section":"Участок 2","name":"Талдомская улица,дом 15","address":"Талдомская улица,дом 15","source_address":"ДТ\\Талдомская ул. 15","mno_type":"КП","container_count":"2","id":"721428","mno_id":"265647403"},"geometry":{"type":"Point","coordinates":[37.521081,55.87368]}},{"type":"Feature","id":"mno-930389072-1003","properties":{"category":"МНО","layer":"mno","district":"Западное Дегунино","section":"Участок 2","name":"Талдомская улица,дом 17, корпус 1","address":"Талдомская улица,дом 17, корпус 1","source_address":"ДТ\\Талдомская ул. 17 к.1","mno_type":"Выкатные","container_count":"1","id":"601202","mno_id":"930389072"},"geometry":{"type":"Point","coordinates":[37.522614,55.873997]}},{"type":"Feature","id":"mno-806988006-1004","properties":{"category":"МНО","layer":"mno","district":"Западное Дегунино","section":"Участок 4","name":"улица Бусиновская Горка,дом 11, корпус 1","address":"улица Бусиновская Горка,дом 11, корпус 1","source_address":"ДТ\\Бусиновская Горка ул. 11 к.1, 11 к.2, 11 к.3","mno_type":"КП","container_count":"4","id":"719623","mno_id":"806988006"},"geometry":{"type":"Point","coordinates":[37.491591,55.884438]}},{"type":"Feature","id":"mno-805729903-1005","properties":{"category":"МНО","layer":"mno","district":"Западное Дегунино","section":"Участок 6","name":"улица Ивана Сусанина,дом 10","address":"улица Ивана Сусанина,дом 10","source_address":"ДТ\\Ивана Сусанина ул. 10","mno_type":"КП","container_count":"2","id":"589649","mno_id":"805729903"},"geometry":{"type":"Point","coordinates":[37.528847,55.871244]}},{"type":"Feature","id":"mno-1179626333-1006","properties":{"category":"МНО","layer":"mno","district":"Западное Дегунино","section":"Участок 6","name":"улица Ивана Сусанина,дом 2, корпус 1","address":"улица Ивана Сусанина,дом 2, корпус 1","source_address":"ДТ\\Ивана Сусанина ул. 2 к.1","mno_type":"БП","container_count":"1","id":"707541","mno_id":"1179626333"},"geometry":{"type":"Point","coordinates":[37.528004,55.865859]}},{"type":"Feature","id":"mno-117962633-1007","properties":{"category":"МНО","layer":"mno","district":"Западное Дегунино","section":"Участок 6","name":"улица Ивана Сусанина,дом 2, корпус 1","address":"улица Ивана Сусанина,дом 2, корпус 1","source_address":"ДТ\\Ивана Сусанина ул. 2 к.1","mno_type":"КП","container_count":"1","id":"707541","mno_id":"117962633"},"geometry":{"type":"Point","coordinates":[37.528004,55.865859]}},{"type":"Feature","id":"mno-81532805-1008","properties":{"category":"МНО","layer":"mno","district":"Западное Дегунино","section":"Участок 6","name":"улица Ивана Сусанина,дом 4, корпус 1","address":"улица Ивана Сусанина,дом 4, корпус 1","source_address":"ДТ\\Ивана Сусанина ул. 4 к.1, 4 к.2, 4 к.3, 4 к.4","mno_type":"КП","container_count":"2","id":"575624","mno_id":"81532805"},"geometry":{"type":"Point","coordinates":[37.526861,55.867311]}},{"type":"Feature","id":"mno-815328052-1009","properties":{"category":"МНО","layer":"mno","district":"Западное Дегунино","section":"Участок 6","name":"улица Ивана Сусанина,дом 4, корпус 4","address":"улица Ивана Сусанина,дом 4, корпус 4","source_address":"ДТ\\Ивана Сусанина ул. 4 к.1, 4 к.2, 4 к.3, 4 к.4","mno_type":"КП","container_count":"2","id":"575624","mno_id":"815328052"},"geometry":{"type":"Point","coordinates":[37.527652,55.866343]}},{"type":"Feature","id":"mno-1150159881-1010","properties":{"category":"МНО","layer":"mno","district":"Западное Дегунино","section":"Участок 6","name":"улица Ивана Сусанина,дом 4, корпус 6","address":"улица Ивана Сусанина,дом 4, корпус 6","source_address":"ДТ\\Ивана Сусанина ул. 4 к.6","mno_type":"КП","container_count":"2","id":"4207702","mno_id":"1150159881"},"geometry":{"type":"Point","coordinates":[37.527841,55.867011]}},{"type":"Feature","id":"mno-807015659-1011","properties":{"category":"МНО","layer":"mno","district":"Западное Дегунино","section":"Участок 6","name":"улица Ивана Сусанина,дом 4, корпус 7","address":"улица Ивана Сусанина,дом 4, корпус 7","source_address":"ДТ\\Ивана Сусанина ул. 4 к.7","mno_type":"КП","container_count":"2","id":"4207926","mno_id":"807015659"},"geometry":{"type":"Point","coordinates":[37.527723,55.867642]}},{"type":"Feature","id":"mno-460944806-1012","properties":{"category":"МНО","layer":"mno","district":"Западное Дегунино","section":"Участок 6","name":"улица Ивана Сусанина,дом 6, корпус 1","address":"улица Ивана Сусанина,дом 6, корпус 1","source_address":"ДТ\\Ивана Сусанина ул. 6 к.1","mno_type":"КП","container_count":"2","id":"4204402","mno_id":"460944806"},"geometry":{"type":"Point","coordinates":[37.52731,55.868596]}},{"type":"Feature","id":"mno-807024493-1013","properties":{"category":"МНО","layer":"mno","district":"Западное Дегунино","section":"Участок 6","name":"улица Ивана Сусанина,дом 6, корпус 3","address":"улица Ивана Сусанина,дом 6, корпус 3","source_address":"ДТ\\Ивана Сусанина ул. 6 к.3","mno_type":"КП","container_count":"2","id":"4206090","mno_id":"807024493"},"geometry":{"type":"Point","coordinates":[37.528187,55.86845]}},{"type":"Feature","id":"mno-805713067-1014","properties":{"category":"МНО","layer":"mno","district":"Западное Дегунино","section":"Участок 6","name":"улица Ивана Сусанина,дом 8, корпус 1","address":"улица Ивана Сусанина,дом 8, корпус 1","source_address":"ДТ\\Ивана Сусанина ул. 8 к.1","mno_type":"КП","container_count":"2","id":"709624","mno_id":"805713067"},"geometry":{"type":"Point","coordinates":[37.52793,55.87065]}},{"type":"Feature","id":"mno-805481903-1015","properties":{"category":"МНО","layer":"mno","district":"Западное Дегунино","section":"Участок 4","name":"улица Маршала Федоренко,дом 14, корпус 1","address":"улица Маршала Федоренко,дом 14, корпус 1","source_address":"ДТ\\Федоренко Маршала ул. 14 к.1, 14 к.2","mno_type":"КП","container_count":"2","id":"719036","mno_id":"805481903"},"geometry":{"type":"Point","coordinates":[37.487848,55.882913]}},{"type":"Feature","id":"mno-80573258-1016","properties":{"category":"МНО","layer":"mno","district":"Западное Дегунино","section":"Участок 4","name":"улица Маршала Федоренко,дом 16/2, корпус 2","address":"улица Маршала Федоренко,дом 16/2, корпус 2","source_address":"ДТ\\Федоренко Маршала ул. 16/2 к.1, 16/2 к.2","mno_type":"БП","container_count":"1","id":"711662","mno_id":"80573258"},"geometry":{"type":"Point","coordinates":[37.487824,55.884104]}},{"type":"Feature","id":"mno-805732583-1017","properties":{"category":"МНО","layer":"mno","district":"Западное Дегунино","section":"Участок 4","name":"улица Маршала Федоренко,дом 16/2, корпус 2","address":"улица Маршала Федоренко,дом 16/2, корпус 2","source_address":"ДТ\\Федоренко Маршала ул. 16/2 к.1, 16/2 к.2","mno_type":"КП","container_count":"1","id":"711662","mno_id":"805732583"},"geometry":{"type":"Point","coordinates":[37.487824,55.884104]}},{"type":"Feature","id":"mno-80435015-1018","properties":{"category":"МНО","layer":"mno","district":"Западное Дегунино","section":"Участок 4","name":"улица Маршала Федоренко,дом 4, корпус 1","address":"улица Маршала Федоренко,дом 4, корпус 1","source_address":"ДТ\\Федоренко Маршала ул. 4 к.1","mno_type":"КП","container_count":"2","id":"698522","mno_id":"80435015"},"geometry":{"type":"Point","coordinates":[37.495021,55.879678]}},{"type":"Feature","id":"mno-804350159-1019","properties":{"category":"МНО","layer":"mno","district":"Западное Дегунино","section":"Участок 4","name":"улица Маршала Федоренко,дом 4, корпус 1","address":"улица Маршала Федоренко,дом 4, корпус 1","source_address":"ДТ\\Федоренко Маршала ул. 4 к.1","mno_type":"БП","container_count":"2","id":"698522","mno_id":"804350159"},"geometry":{"type":"Point","coordinates":[37.495021,55.879678]}},{"type":"Feature","id":"mno-898141831-1020","properties":{"category":"МНО","layer":"mno","district":"Западное Дегунино","section":"Участок 4","name":"улица Маршала Федоренко,дом 4, корпус 2","address":"улица Маршала Федоренко,дом 4, корпус 2","source_address":"ДТ\\Федоренко Маршала ул. 4 к.2","mno_type":"КП","container_count":"2","id":"690076","mno_id":"898141831"},"geometry":{"type":"Point","coordinates":[37.493191,55.8805]}},{"type":"Feature","id":"mno-90797034-1021","properties":{"category":"МНО","layer":"mno","district":"Западное Дегунино","section":"Участок 4","name":"улица Маршала Федоренко,дом 8, корпус 1","address":"улица Маршала Федоренко,дом 8, корпус 1","source_address":"ДТ\\Федоренко Маршала ул. 8 к.1, 8 к.2","mno_type":"БП","container_count":"1","id":"690721","mno_id":"90797034"},"geometry":{"type":"Point","coordinates":[37.491439,55.881194]}},{"type":"Feature","id":"mno-907970345-1022","properties":{"category":"МНО","layer":"mno","district":"Западное Дегунино","section":"Участок 4","name":"улица Маршала Федоренко,дом 8, корпус 1","address":"улица Маршала Федоренко,дом 8, корпус 1","source_address":"ДТ\\Федоренко Маршала ул. 8 к.1, 8 к.2","mno_type":"КП","container_count":"1","id":"690721","mno_id":"907970345"},"geometry":{"type":"Point","coordinates":[37.491439,55.881194]}},{"type":"Feature","id":"mno-11282081-1023","properties":{"category":"МНО","layer":"mno","district":"Западное Дегунино","section":"Участок 6","name":"Дегунинская улица,дом 2, корпус 2","address":"Дегунинская улица,дом 2, корпус 2","source_address":"ДТ\\Коровинское шоссе 1 к.2","mno_type":"КП","container_count":"3","id":"4129995","mno_id":"11282081"},"geometry":{"type":"Point","coordinates":[37.541776,55.863455]}},{"type":"Feature","id":"mno-1290057771-1024","properties":{"category":"МНО","layer":"mno","district":"Коптево","section":"Участок 4","name":"проезд Черепановых,дом 44","address":"проезд Черепановых,дом 44","source_address":"ДТ\\Черепановых пр. 44, 46А, 46Б","mno_type":"КП","container_count":"1","id":"570382","mno_id":"1290057771"},"geometry":{"type":"Point","coordinates":[37.533871,55.842571]}},{"type":"Feature","id":"mno-806532702-1025","properties":{"category":"МНО","layer":"mno","district":"Коптево","section":"Участок 4","name":"1-й Новомихалковский проезд,дом 2, корпус 1","address":"1-й Новомихалковский проезд,дом 2, корпус 1","source_address":"ДТ\\Новомихалковский 1-й пр. 2 к.1","mno_type":"КП","container_count":"2","id":"587991","mno_id":"806532702"},"geometry":{"type":"Point","coordinates":[37.539645,55.838495]}},{"type":"Feature","id":"mno-1026392753-1026","properties":{"category":"МНО","layer":"mno","district":"Коптево","section":"Участок 3","name":"3-й Михалковский переулок,дом 14, корпус 1","address":"3-й Михалковский переулок,дом 14, корпус 1","source_address":"ДТ\\Коптевская ул. 28 к.1, 28 к.2, 28 к.3; Михалковский 3-й пер. 21","mno_type":"КП","container_count":"3","id":"582692","mno_id":"1026392753"},"geometry":{"type":"Point","coordinates":[37.528554,55.835412]}},{"type":"Feature","id":"mno-802697744-1027","properties":{"category":"МНО","layer":"mno","district":"Коптево","section":"Участок 3","name":"3-й Михалковский переулок,дом 15","address":"3-й Михалковский переулок,дом 15","source_address":"ДТ\\Михалковский 3-й пер. 15, 15 к.1, 15 к.2","mno_type":"КП","container_count":"4","id":"611652","mno_id":"802697744"},"geometry":{"type":"Point","coordinates":[37.526926,55.835343]}},{"type":"Feature","id":"mno-802694900-1028","properties":{"category":"МНО","layer":"mno","district":"Коптево","section":"Участок 3","name":"3-й Михалковский переулок,дом 15, корпус 3","address":"3-й Михалковский переулок,дом 15, корпус 3","source_address":"ДТ\\Железняка Матроса бульв. 23 к.1, 23 к.2; Михалковский 3-й пер. 13/25, 15 к.3, 15 к.4","mno_type":"КП","container_count":"2","id":"588664","mno_id":"802694900"},"geometry":{"type":"Point","coordinates":[37.527283,55.834464]}},{"type":"Feature","id":"mno-922103781-1029","properties":{"category":"МНО","layer":"mno","district":"Коптево","section":"Участок 3","name":"3-й Михалковский переулок,дом 16, корпус 1","address":"3-й Михалковский переулок,дом 16, корпус 1","source_address":"ДТ\\Михалковский 3-й пер. 16 к.1","mno_type":"КП","container_count":"2","id":"601238","mno_id":"922103781"},"geometry":{"type":"Point","coordinates":[37.526808,55.83703]}},{"type":"Feature","id":"mno-805301949-1030","properties":{"category":"МНО","layer":"mno","district":"Коптево","section":"Участок 3","name":"3-й Михалковский переулок,дом 7","address":"3-й Михалковский переулок,дом 7","source_address":"ДТ\\Михалковский 3-й пер. 5, 7","mno_type":"КП","container_count":"3","id":"610715","mno_id":"805301949"},"geometry":{"type":"Point","coordinates":[37.53051,55.834204]}},{"type":"Feature","id":"mno-1289528684-1031","properties":{"category":"МНО","layer":"mno","district":"Коптево","section":"Участок 3","name":"3-й Михалковский переулок,дом 8, корпус 1","address":"3-й Михалковский переулок,дом 8, корпус 1","source_address":"ДТ\\Железняка Матроса бульв. 28; Михалковский 3-й пер. 8 к.1, 8 к.2","mno_type":"КП","container_count":"3","id":"589887","mno_id":"1289528684"},"geometry":{"type":"Point","coordinates":[37.53019,55.835098]}},{"type":"Feature","id":"mno-128952868-1032","properties":{"category":"МНО","layer":"mno","district":"Коптево","section":"Участок 3","name":"3-й Михалковский переулок,дом 8, корпус 1","address":"3-й Михалковский переулок,дом 8, корпус 1","source_address":"ДТ\\Железняка Матроса бульв. 28; Михалковский 3-й пер. 8 к.1, 8 к.2","mno_type":"КП","container_count":"3","id":"589887","mno_id":"128952868"},"geometry":{"type":"Point","coordinates":[37.531496,55.835015]}},{"type":"Feature","id":"mno-1135797264-1033","properties":{"category":"МНО","layer":"mno","district":"Коптево","section":"Участок 4","name":"3-й Новомихалковский проезд,дом 18","address":"3-й Новомихалковский проезд,дом 18","source_address":"ДТ\\Новомихалковский 3-й пр. 16, 18, 8/1","mno_type":"КП","container_count":"2","id":"590521","mno_id":"1135797264"},"geometry":{"type":"Point","coordinates":[37.537487,55.840045]}},{"type":"Feature","id":"mno-872400533-1034","properties":{"category":"МНО","layer":"mno","district":"Коптево","section":"Участок 4","name":"3-й Новомихалковский проезд,дом 3","address":"3-й Новомихалковский проезд,дом 3","source_address":"ДТ\\Академическая Б. ул. 57А; Новомихалковский 3-й пр. 3; Новомихалковский 4-й пр. 1А","mno_type":"КП","container_count":"2","id":"617560","mno_id":"872400533"},"geometry":{"type":"Point","coordinates":[37.543303,55.839865]}},{"type":"Feature","id":"mno-806477167-1035","properties":{"category":"МНО","layer":"mno","district":"Коптево","section":"Участок 4","name":"3-й Новомихалковский проезд,дом 4","address":"3-й Новомихалковский проезд,дом 4","source_address":"ДТ\\Новомихалковский 3-й пр. 4, 6","mno_type":"КП","container_count":"3","id":"614701","mno_id":"806477167"},"geometry":{"type":"Point","coordinates":[37.542235,55.840724]}},{"type":"Feature","id":"mno-807914663-1036","properties":{"category":"МНО","layer":"mno","district":"Коптево","section":"Участок 4","name":"3-й Новомихалковский проезд,дом 5","address":"3-й Новомихалковский проезд,дом 5","source_address":"ДТ\\Академическая Б. ул. 55, 57; Новомихалковский 3-й пр. 5","mno_type":"КП","container_count":"4","id":"628325","mno_id":"807914663"},"geometry":{"type":"Point","coordinates":[37.541055,55.839251]}},{"type":"Feature","id":"mno-807739157-1037","properties":{"category":"МНО","layer":"mno","district":"Коптево","section":"Участок 4","name":"3-й Новомихалковский проезд,дом 8, корпус 1","address":"3-й Новомихалковский проезд,дом 8, корпус 1","source_address":"ДТ\\Новомихалковский 3-й пр. 10, 12, 14, 8, 8 к.1","mno_type":"КП","container_count":"3","id":"566968","mno_id":"807739157"},"geometry":{"type":"Point","coordinates":[37.540149,55.840889]}},{"type":"Feature","id":"mno-805657484-1038","properties":{"category":"МНО","layer":"mno","district":"Коптево","section":"Участок 4","name":"3-й Новомихалковский проезд,дом 9","address":"3-й Новомихалковский проезд,дом 9","source_address":"ДТ\\Новомихалковский 1-й пр. 4, 6, 8; Новомихалковский 3-й пр. 9","mno_type":"КП","container_count":"4","id":"583163","mno_id":"805657484"},"geometry":{"type":"Point","coordinates":[37.537895,55.839087]}},{"type":"Feature","id":"mno-804872770-1039","properties":{"category":"МНО","layer":"mno","district":"Коптево","section":"Участок 4","name":"4-й Новомихалковский проезд,дом 13","address":"4-й Новомихалковский проезд,дом 13","source_address":"ДТ\\Новомихалковский 4-й пр. 13; Рычагова Генерала ул. 23/11","mno_type":"КП","container_count":"2","id":"609081","mno_id":"804872770"},"geometry":{"type":"Point","coordinates":[37.54217,55.843407]}},{"type":"Feature","id":"mno-966747897-1040","properties":{"category":"МНО","layer":"mno","district":"Коптево","section":"Участок 5","name":"4-й Новомихалковский проезд,дом 6","address":"4-й Новомихалковский проезд,дом 6","source_address":"ДТ\\Новомихалковский 4-й пр. 6","mno_type":"КП","container_count":"2","id":"596748","mno_id":"966747897"},"geometry":{"type":"Point","coordinates":[37.545637,55.840931]}},{"type":"Feature","id":"mno-805653546-1041","properties":{"category":"МНО","layer":"mno","district":"Коптево","section":"Участок 4","name":"4-й Новомихалковский проезд,дом 7А","address":"4-й Новомихалковский проезд,дом 7А","source_address":"ДТ\\Новомихалковский 4-й пр. 7, 7А; Рычагова Генерала ул. 28/9","mno_type":"КП","container_count":"3","id":"583674","mno_id":"805653546"},"geometry":{"type":"Point","coordinates":[37.543531,55.841374]}},{"type":"Feature","id":"mno-79611994-1042","properties":{"category":"МНО","layer":"mno","district":"Коптево","section":"Участок 2","name":"8-й Новоподмосковный переулок,дом 3","address":"8-й Новоподмосковный переулок,дом 3","source_address":"ДТ\\Новоподмосковный 8-й пер. 3, 5А","mno_type":"КП","container_count":"2","id":"627581","mno_id":"79611994"},"geometry":{"type":"Point","coordinates":[37.522014,55.825887]}},{"type":"Feature","id":"mno-796119941-1043","properties":{"category":"МНО","layer":"mno","district":"Коптево","section":"Участок 2","name":"8-й Новоподмосковный переулок,дом 5А","address":"8-й Новоподмосковный переулок,дом 5А","source_address":"ДТ\\Новоподмосковный 8-й пер. 3, 5А","mno_type":"КП","container_count":"2","id":"627581","mno_id":"796119941"},"geometry":{"type":"Point","coordinates":[37.521613,55.826389]}},{"type":"Feature","id":"mno-80736931-1044","properties":{"category":"МНО","layer":"mno","district":"Коптево","section":"Участок 1","name":"Большая Академическая улица,дом 15, корпус 1","address":"Большая Академическая улица,дом 15, корпус 1","source_address":"ДТ\\Академическая Б. ул. 15 к.1","mno_type":"КП","container_count":"5","id":"3296414","mno_id":"80736931"},"geometry":{"type":"Point","coordinates":[37.527124,55.824244]}},{"type":"Feature","id":"mno-807369313-1045","properties":{"category":"МНО","layer":"mno","district":"Коптево","section":"Участок 1","name":"Большая Академическая улица,дом 15, корпус 1","address":"Большая Академическая улица,дом 15, корпус 1","source_address":"ДТ\\Академическая Б. ул. 15 к.1","mno_type":"КП","container_count":"5","id":"3296414","mno_id":"807369313"},"geometry":{"type":"Point","coordinates":[37.525464,55.822645]}},{"type":"Feature","id":"mno-91333696-1046","properties":{"category":"МНО","layer":"mno","district":"Коптево","section":"Участок 1","name":"Большая Академическая улица,дом 18, корпус 2","address":"Большая Академическая улица,дом 18, корпус 2","source_address":"ДТ\\Академическая Б. ул. 18Б, 18 к.2, 20А, 20А стр.8","mno_type":"БП","container_count":"1","id":"603280","mno_id":"91333696"},"geometry":{"type":"Point","coordinates":[37.528485,55.822146]}},{"type":"Feature","id":"mno-913336963-1047","properties":{"category":"МНО","layer":"mno","district":"Коптево","section":"Участок 1","name":"Большая Академическая улица,дом 18, корпус 2","address":"Большая Академическая улица,дом 18, корпус 2","source_address":"ДТ\\Академическая Б. ул. 18Б, 18 к.2, 20А, 20А стр.8","mno_type":"КП","container_count":"1","id":"603280","mno_id":"913336963"},"geometry":{"type":"Point","coordinates":[37.528485,55.822146]}},{"type":"Feature","id":"mno-1266667492-1048","properties":{"category":"МНО","layer":"mno","district":"Коптево","section":"Участок 1","name":"Большая Академическая улица,дом 20Б","address":"Большая Академическая улица,дом 20Б","source_address":"ДТ\\Академическая Б. ул. 20Б, 22Б","mno_type":"КП","container_count":"3","id":"581221","mno_id":"1266667492"},"geometry":{"type":"Point","coordinates":[37.531857,55.821923]}},{"type":"Feature","id":"mno-126666749-1049","properties":{"category":"МНО","layer":"mno","district":"Коптево","section":"Участок 1","name":"Большая Академическая улица,дом 22Б","address":"Большая Академическая улица,дом 22Б","source_address":"ДТ\\Академическая Б. ул. 20Б, 22Б","mno_type":"КП","container_count":"3","id":"581221","mno_id":"126666749"},"geometry":{"type":"Point","coordinates":[37.530301,55.822831]}},{"type":"Feature","id":"mno-1287396750-1050","properties":{"category":"МНО","layer":"mno","district":"Коптево","section":"Участок 1","name":"Большая Академическая улица,дом 24А","address":"Большая Академическая улица,дом 24А","source_address":"ДТ\\Академическая Б. ул. 22, 24А, 24 к.1, 24 к.2","mno_type":"БП","container_count":"1","id":"565806","mno_id":"1287396750"},"geometry":{"type":"Point","coordinates":[37.531279,55.823869]}},{"type":"Feature","id":"mno-128739675-1051","properties":{"category":"МНО","layer":"mno","district":"Коптево","section":"Участок 1","name":"Большая Академическая улица,дом 24А","address":"Большая Академическая улица,дом 24А","source_address":"ДТ\\Академическая Б. ул. 22, 24А, 24 к.1, 24 к.2","mno_type":"КП","container_count":"1","id":"565806","mno_id":"128739675"},"geometry":{"type":"Point","coordinates":[37.531279,55.823869]}},{"type":"Feature","id":"mno-806945332-1052","properties":{"category":"МНО","layer":"mno","district":"Коптево","section":"Участок 2","name":"Большая Академическая улица,дом 29","address":"Большая Академическая улица,дом 29","source_address":"ДТ\\Академическая Б. ул. 27, 29","mno_type":"КП","container_count":"4","id":"622443","mno_id":"806945332"},"geometry":{"type":"Point","coordinates":[37.528759,55.828585]}},{"type":"Feature","id":"mno-1296947096-1053","properties":{"category":"МНО","layer":"mno","district":"Коптево","section":"Участок 3","name":"Большая Академическая улица,дом 35","address":"Большая Академическая улица,дом 35","source_address":"ДТ\\Академическая Б. ул. 35","mno_type":"КП","container_count":"6","id":"633119","mno_id":"1296947096"},"geometry":{"type":"Point","coordinates":[37.530731,55.83168]}},{"type":"Feature","id":"mno-913101343-1054","properties":{"category":"МНО","layer":"mno","district":"Коптево","section":"Участок 3","name":"Большая Академическая улица,дом 39","address":"Большая Академическая улица,дом 39","source_address":"ДТ\\Академическая Б. ул. 37, 37 к.2, 39 к.3","mno_type":"КП","container_count":"4","id":"629710","mno_id":"913101343"},"geometry":{"type":"Point","coordinates":[37.531557,55.832686]}},{"type":"Feature","id":"mno-913518375-1055","properties":{"category":"МНО","layer":"mno","district":"Коптево","section":"Участок 3","name":"Большая Академическая улица,дом 39Б","address":"Большая Академическая улица,дом 39Б","source_address":"ДТ\\Академическая Б. ул. 39Б, 39В","mno_type":"КП","container_count":"3","id":"602250","mno_id":"913518375"},"geometry":{"type":"Point","coordinates":[37.530189,55.833105]}},{"type":"Feature","id":"mno-807927917-1056","properties":{"category":"МНО","layer":"mno","district":"Коптево","section":"Участок 1","name":"Большая Академическая улица,дом 4","address":"Большая Академическая улица,дом 4","source_address":"ДТ\\Академическая Б. ул. 4; Волкова Космонавта ул. 25/2, 27, 29","mno_type":"КП","container_count":"7","id":"2937858","mno_id":"807927917"},"geometry":{"type":"Point","coordinates":[37.524202,55.817156]}},{"type":"Feature","id":"mno-798883374-1057","properties":{"category":"МНО","layer":"mno","district":"Коптево","section":"Участок 3","name":"Большая Академическая улица,дом 43, корпус 2","address":"Большая Академическая улица,дом 43, корпус 2","source_address":"ДТ\\Академическая Б. ул. 43 к.2","mno_type":"КП","container_count":"2","id":"593718","mno_id":"798883374"},"geometry":{"type":"Point","coordinates":[37.533004,55.834693]}},{"type":"Feature","id":"mno-796379175-1058","properties":{"category":"МНО","layer":"mno","district":"Коптево","section":"Участок 3","name":"Большая Академическая улица,дом 45, корпус 1","address":"Большая Академическая улица,дом 45, корпус 1","source_address":"ДТ\\Академическая Б. ул. 45 к.1","mno_type":"КП","container_count":"4","id":"567305","mno_id":"796379175"},"geometry":{"type":"Point","coordinates":[37.53421,55.835229]}},{"type":"Feature","id":"mno-796415084-1059","properties":{"category":"МНО","layer":"mno","district":"Коптево","section":"Участок 3","name":"Большая Академическая улица,дом 47, корпус 1","address":"Большая Академическая улица,дом 47, корпус 1","source_address":"ДТ\\Академическая Б. ул. 47 к.1","mno_type":"КП","container_count":"2","id":"618673","mno_id":"796415084"},"geometry":{"type":"Point","coordinates":[37.535008,55.835804]}},{"type":"Feature","id":"mno-921627441-1060","properties":{"category":"МНО","layer":"mno","district":"Коптево","section":"Участок 3","name":"Большая Академическая улица,дом 49, корпус 2","address":"Большая Академическая улица,дом 49, корпус 2","source_address":"ДТ\\Академическая Б. ул. 49 к.2","mno_type":"КП","container_count":"3","id":"632495","mno_id":"921627441"},"geometry":{"type":"Point","coordinates":[37.535995,55.836373]}},{"type":"Feature","id":"mno-812338753-1061","properties":{"category":"МНО","layer":"mno","district":"Коптево","section":"Участок 4","name":"Большая Академическая улица,дом 53","address":"Большая Академическая улица,дом 53","source_address":"ДТ\\Академическая Б. ул. 53, 53А; Новомихалковский 1-й пр. 2; Новомихалковский 3-й пр. 7, 7А","mno_type":"КП","container_count":"3","id":"613237","mno_id":"812338753"},"geometry":{"type":"Point","coordinates":[37.540656,55.838009]}},{"type":"Feature","id":"mno-85449332-1062","properties":{"category":"МНО","layer":"mno","district":"Коптево","section":"Участок 5","name":"Большая Академическая улица,дом 63","address":"Большая Академическая улица,дом 63","source_address":"ДТ\\Академическая Б. ул. 63","mno_type":"КП","container_count":"3","id":"611636","mno_id":"85449332"},"geometry":{"type":"Point","coordinates":[37.546991,55.840345]}},{"type":"Feature","id":"mno-854493321-1063","properties":{"category":"МНО","layer":"mno","district":"Коптево","section":"Участок 5","name":"Большая Академическая улица,дом 63","address":"Большая Академическая улица,дом 63","source_address":"ДТ\\Академическая Б. ул. 63","mno_type":"КП","container_count":"3","id":"611636","mno_id":"854493321"},"geometry":{"type":"Point","coordinates":[37.545541,55.84042]}},{"type":"Feature","id":"mno-807914305-1064","properties":{"category":"МНО","layer":"mno","district":"Коптево","section":"Участок 1","name":"Большая Академическая улица,дом 6, корпус 1","address":"Большая Академическая улица,дом 6, корпус 1","source_address":"ДТ\\Академическая Б. ул. 6 к.1, 6 к.2","mno_type":"КП","container_count":"2","id":"586377","mno_id":"807914305"},"geometry":{"type":"Point","coordinates":[37.524401,55.818787]}},{"type":"Feature","id":"mno-87239558-1065","properties":{"category":"МНО","layer":"mno","district":"Коптево","section":"Участок 5","name":"Большая Академическая улица,дом 73, корпус 1","address":"Большая Академическая улица,дом 73, корпус 1","source_address":"ДТ\\Академическая Б. ул. 73 к.1, 73 к.2","mno_type":"КП","container_count":"4","id":"630475","mno_id":"87239558"},"geometry":{"type":"Point","coordinates":[37.552585,55.842844]}},{"type":"Feature","id":"mno-8723955-1066","properties":{"category":"МНО","layer":"mno","district":"Коптево","section":"Участок 5","name":"Большая Академическая улица,дом 73, корпус 1","address":"Большая Академическая улица,дом 73, корпус 1","source_address":"ДТ\\Академическая Б. ул. 73 к.1, 73 к.2","mno_type":"КП","container_count":"4","id":"630475","mno_id":"8723955"},"geometry":{"type":"Point","coordinates":[37.549976,55.841476]}},{"type":"Feature","id":"mno-872395581-1067","properties":{"category":"МНО","layer":"mno","district":"Коптево","section":"Участок 5","name":"Большая Академическая улица,дом 73, корпус 2","address":"Большая Академическая улица,дом 73, корпус 2","source_address":"ДТ\\Академическая Б. ул. 73 к.1, 73 к.2","mno_type":"КП","container_count":"4","id":"630475","mno_id":"872395581"},"geometry":{"type":"Point","coordinates":[37.551529,55.843282]}},{"type":"Feature","id":"mno-807912039-1068","properties":{"category":"МНО","layer":"mno","district":"Коптево","section":"Участок 5","name":"Большая Академическая улица,дом 75, корпус 2","address":"Большая Академическая улица,дом 75, корпус 2","source_address":"ДТ\\Академическая Б. ул. 75 к.1, 75 к.2","mno_type":"КП","container_count":"3","id":"568416","mno_id":"807912039"},"geometry":{"type":"Point","coordinates":[37.552123,55.843426]}},{"type":"Feature","id":"mno-91369009-1069","properties":{"category":"МНО","layer":"mno","district":"Коптево","section":"Участок 5","name":"Большая Академическая улица,дом 77, корпус 1","address":"Большая Академическая улица,дом 77, корпус 1","source_address":"ДТ\\Академическая Б. ул. 77 к.1, 77 к.2, 77 к.3","mno_type":"КП","container_count":"6","id":"575468","mno_id":"91369009"},"geometry":{"type":"Point","coordinates":[37.555378,55.844744]}},{"type":"Feature","id":"mno-913690091-1070","properties":{"category":"МНО","layer":"mno","district":"Коптево","section":"Участок 5","name":"Большая Академическая улица,дом 77, корпус 1","address":"Большая Академическая улица,дом 77, корпус 1","source_address":"ДТ\\Академическая Б. ул. 77 к.1, 77 к.2, 77 к.3","mno_type":"КП","container_count":"6","id":"575468","mno_id":"913690091"},"geometry":{"type":"Point","coordinates":[37.556223,55.84416]}},{"type":"Feature","id":"mno-804903253-1071","properties":{"category":"МНО","layer":"mno","district":"Коптево","section":"Участок 5","name":"Большая Академическая улица,дом 83","address":"Большая Академическая улица,дом 83","source_address":"ДТ\\Академическая Б. ул. 83","mno_type":"КП","container_count":"3","id":"622533","mno_id":"804903253"},"geometry":{"type":"Point","coordinates":[37.557763,55.844551]}},{"type":"Feature","id":"mno-80790140-1072","properties":{"category":"МНО","layer":"mno","district":"Коптево","section":"Участок 1","name":"Большая Академическая улица,дом 9/20","address":"Большая Академическая улица,дом 9/20","source_address":"ДТ\\Академическая Б. ул. 9/20; Приорова ул. 22","mno_type":"КП","container_count":"3","id":"603092","mno_id":"80790140"},"geometry":{"type":"Point","coordinates":[37.524758,55.821373]}},{"type":"Feature","id":"mno-807900004-1073","properties":{"category":"МНО","layer":"mno","district":"Коптево","section":"Участок 2","name":"бульвар Матроса Железняка,дом 12А","address":"бульвар Матроса Железняка,дом 12А","source_address":"ДТ\\Железняка Матроса бульв. 12А, 14 к.1, 14 к.2, 16","mno_type":"КП","container_count":"3","id":"624350","mno_id":"807900004"},"geometry":{"type":"Point","coordinates":[37.527012,55.829908]}},{"type":"Feature","id":"mno-913142885-1074","properties":{"category":"МНО","layer":"mno","district":"Коптево","section":"Участок 2","name":"бульвар Матроса Железняка,дом 15/9","address":"бульвар Матроса Железняка,дом 15/9","source_address":"ДТ\\Железняка Матроса бульв. 15/9; Коптевский бульв. 11","mno_type":"КП","container_count":"3","id":"576288","mno_id":"913142885"},"geometry":{"type":"Point","coordinates":[37.524942,55.830052]}},{"type":"Feature","id":"mno-80719079-1075","properties":{"category":"МНО","layer":"mno","district":"Коптево","section":"Участок 3","name":"бульвар Матроса Железняка,дом 19","address":"бульвар Матроса Железняка,дом 19","source_address":"ДТ\\Железняка Матроса бульв. 19, 21","mno_type":"КП","container_count":"3","id":"619004","mno_id":"80719079"},"geometry":{"type":"Point","coordinates":[37.526544,55.833918]}},{"type":"Feature","id":"mno-807190791-1076","properties":{"category":"МНО","layer":"mno","district":"Коптево","section":"Участок 3","name":"бульвар Матроса Железняка,дом 19","address":"бульвар Матроса Железняка,дом 19","source_address":"ДТ\\Железняка Матроса бульв. 19, 21","mno_type":"БП","container_count":"3","id":"619004","mno_id":"807190791"},"geometry":{"type":"Point","coordinates":[37.526523,55.833886]}},{"type":"Feature","id":"mno-46647781-1077","properties":{"category":"МНО","layer":"mno","district":"Коптево","section":"Участок 3","name":"бульвар Матроса Железняка,дом 31, корпус 2","address":"бульвар Матроса Железняка,дом 31, корпус 2","source_address":"ДТ\\Железняка Матроса бульв. 31 к.1, 31 к.2, 31 к.3","mno_type":"КП","container_count":"3","id":"590536","mno_id":"46647781"},"geometry":{"type":"Point","coordinates":[37.529211,55.837482]}},{"type":"Feature","id":"mno-466477810-1078","properties":{"category":"МНО","layer":"mno","district":"Коптево","section":"Участок 3","name":"бульвар Матроса Железняка,дом 31, корпус 3","address":"бульвар Матроса Железняка,дом 31, корпус 3","source_address":"ДТ\\Железняка Матроса бульв. 31 к.1, 31 к.2, 31 к.3","mno_type":"КП","container_count":"3","id":"590536","mno_id":"466477810"},"geometry":{"type":"Point","coordinates":[37.528682,55.837599]}},{"type":"Feature","id":"mno-91345759-1079","properties":{"category":"МНО","layer":"mno","district":"Коптево","section":"Участок 3","name":"бульвар Матроса Железняка,дом 33, корпус 1","address":"бульвар Матроса Железняка,дом 33, корпус 1","source_address":"ДТ\\Железняка Матроса бульв. 33 к.1","mno_type":"КП","container_count":"3","id":"623774","mno_id":"91345759"},"geometry":{"type":"Point","coordinates":[37.530064,55.837248]}},{"type":"Feature","id":"mno-913457591-1080","properties":{"category":"МНО","layer":"mno","district":"Коптево","section":"Участок 3","name":"бульвар Матроса Железняка,дом 33, корпус 1","address":"бульвар Матроса Железняка,дом 33, корпус 1","source_address":"ДТ\\Железняка Матроса бульв. 33 к.1","mno_type":"КП","container_count":"3","id":"623774","mno_id":"913457591"},"geometry":{"type":"Point","coordinates":[37.531036,55.837766]}},{"type":"Feature","id":"mno-470860016-1081","properties":{"category":"МНО","layer":"mno","district":"Коптево","section":"Участок 3","name":"бульвар Матроса Железняка,дом 34","address":"бульвар Матроса Железняка,дом 34","source_address":"ДТ\\Железняка Матроса бульв. 30 к.1, 30 к.2, 34","mno_type":"КП","container_count":"4","id":"629521","mno_id":"470860016"},"geometry":{"type":"Point","coordinates":[37.531206,55.836588]}},{"type":"Feature","id":"mno-90735305-1082","properties":{"category":"МНО","layer":"mno","district":"Коптево","section":"Участок 2","name":"бульвар Матроса Железняка,дом 5","address":"бульвар Матроса Железняка,дом 5","source_address":"ДТ\\Железняка Матроса бульв. 5","mno_type":"БП","container_count":"1","id":"628276","mno_id":"90735305"},"geometry":{"type":"Point","coordinates":[37.524732,55.826627]}},{"type":"Feature","id":"mno-907353057-1083","properties":{"category":"МНО","layer":"mno","district":"Коптево","section":"Участок 2","name":"бульвар Матроса Железняка,дом 5","address":"бульвар Матроса Железняка,дом 5","source_address":"ДТ\\Железняка Матроса бульв. 5","mno_type":"КП","container_count":"1","id":"628276","mno_id":"907353057"},"geometry":{"type":"Point","coordinates":[37.524737,55.826559]}},{"type":"Feature","id":"mno-806943645-1084","properties":{"category":"МНО","layer":"mno","district":"Коптево","section":"Участок 2","name":"бульвар Матроса Железняка,дом 6","address":"бульвар Матроса Железняка,дом 6","source_address":"ДТ\\Академическая Б. ул. 23А; Железняка Матроса бульв. 6","mno_type":"КП","container_count":"4","id":"591385","mno_id":"806943645"},"geometry":{"type":"Point","coordinates":[37.526839,55.82721]}},{"type":"Feature","id":"mno-913341813-1085","properties":{"category":"МНО","layer":"mno","district":"Коптево","section":"Участок 2","name":"бульвар Матроса Железняка,дом 9","address":"бульвар Матроса Железняка,дом 9","source_address":"ДТ\\Железняка Матроса бульв. 9, 9А","mno_type":"КП","container_count":"3","id":"614080","mno_id":"913341813"},"geometry":{"type":"Point","coordinates":[37.524338,55.828015]}},{"type":"Feature","id":"mno-1154569247-1086","properties":{"category":"МНО","layer":"mno","district":"Коптево","section":"Участок 2","name":"Коптевская улица,дом 10","address":"Коптевская улица,дом 10","source_address":"ДТ\\Коптевская ул. 10, 8","mno_type":"КП","container_count":"2","id":"611281","mno_id":"1154569247"},"geometry":{"type":"Point","coordinates":[37.518471,55.82785]}},{"type":"Feature","id":"mno-80794084-1087","properties":{"category":"МНО","layer":"mno","district":"Коптево","section":"Участок 2","name":"Коптевская улица,дом 18А, корпус 2","address":"Коптевская улица,дом 18А, корпус 2","source_address":"ДТ\\Коптевская ул. 18А к.1, 18А к.2, 18А к.3, 18Б, 18 к.2","mno_type":"КП","container_count":"3","id":"564831","mno_id":"80794084"},"geometry":{"type":"Point","coordinates":[37.519339,55.829313]}},{"type":"Feature","id":"mno-8079408-1088","properties":{"category":"МНО","layer":"mno","district":"Коптево","section":"Участок 2","name":"Коптевская улица,дом 18А, корпус 2","address":"Коптевская улица,дом 18А, корпус 2","source_address":"ДТ\\Коптевская ул. 18А к.1, 18А к.2, 18А к.3, 18Б, 18 к.2","mno_type":"КП","container_count":"3","id":"564831","mno_id":"8079408"},"geometry":{"type":"Point","coordinates":[37.519879,55.830354]}},{"type":"Feature","id":"mno-807940849-1089","properties":{"category":"МНО","layer":"mno","district":"Коптево","section":"Участок 2","name":"Коптевская улица,дом 18А, корпус 2","address":"Коптевская улица,дом 18А, корпус 2","source_address":"ДТ\\Коптевская ул. 18А к.1, 18А к.2, 18А к.3, 18Б, 18 к.2","mno_type":"БП","container_count":"3","id":"564831","mno_id":"807940849"},"geometry":{"type":"Point","coordinates":[37.519339,55.829313]}},{"type":"Feature","id":"mno-1032220804-1090","properties":{"category":"МНО","layer":"mno","district":"Коптево","section":"Участок 2","name":"Коптевская улица,дом 22","address":"Коптевская улица,дом 22","source_address":"ДТ\\Коптевская ул. 22; Коптевский бульв. 21","mno_type":"КП","container_count":"3","id":"575411","mno_id":"1032220804"},"geometry":{"type":"Point","coordinates":[37.520592,55.831311]}},{"type":"Feature","id":"mno-850184554-1091","properties":{"category":"МНО","layer":"mno","district":"Коптево","section":"Участок 3","name":"Коптевская улица,дом 32","address":"Коптевская улица,дом 32","source_address":"ДТ\\Коптевская ул. 30, 32","mno_type":"КП","container_count":"3","id":"632622","mno_id":"850184554"},"geometry":{"type":"Point","coordinates":[37.523777,55.838431]}},{"type":"Feature","id":"mno-807805209-1092","properties":{"category":"МНО","layer":"mno","district":"Коптево","section":"Участок 3","name":"Коптевская улица,дом 75","address":"Коптевская улица,дом 75","source_address":"ДТ\\Коптевская ул. 75, 77, 79/1; Старокоптевский пер. 3","mno_type":"КП","container_count":"4","id":"595146","mno_id":"807805209"},"geometry":{"type":"Point","coordinates":[37.519178,55.833531]}},{"type":"Feature","id":"mno-1077823106-1093","properties":{"category":"МНО","layer":"mno","district":"Коптево","section":"Участок 3","name":"Коптевская улица,дом 83, корпус 2","address":"Коптевская улица,дом 83, корпус 2","source_address":"ДТ\\Коптевская ул. 83 к.1, 83 к.2, 89 к.10, 89 к.8; Черепановых пр. 16","mno_type":"КП","container_count":"3","id":"580431","mno_id":"1077823106"},"geometry":{"type":"Point","coordinates":[37.519786,55.836292]}},{"type":"Feature","id":"mno-912245379-1094","properties":{"category":"МНО","layer":"mno","district":"Коптево","section":"Участок 3","name":"Коптевская улица,дом 85","address":"Коптевская улица,дом 85","source_address":"ДТ\\Коптевская ул. 85, 87, 89 к.5","mno_type":"КП","container_count":"6","id":"579429","mno_id":"912245379"},"geometry":{"type":"Point","coordinates":[37.520898,55.837491]}},{"type":"Feature","id":"mno-944765341-1095","properties":{"category":"МНО","layer":"mno","district":"Коптево","section":"Участок 2","name":"Коптевский бульвар,дом 11А","address":"Коптевский бульвар,дом 11А","source_address":"ДТ\\Коптевский бульв. 11А, 15А","mno_type":"КП","container_count":"4","id":"637105","mno_id":"944765341"},"geometry":{"type":"Point","coordinates":[37.522617,55.830754]}},{"type":"Feature","id":"mno-1054860554-1096","properties":{"category":"МНО","layer":"mno","district":"Коптево","section":"Участок 2","name":"Коптевский бульвар,дом 13","address":"Коптевский бульвар,дом 13","source_address":"ДТ\\Коптевский бульв. 13","mno_type":"КП","container_count":"3","id":"576807","mno_id":"1054860554"},"geometry":{"type":"Point","coordinates":[37.524425,55.831078]}},{"type":"Feature","id":"mno-94476534-1097","properties":{"category":"МНО","layer":"mno","district":"Коптево","section":"Участок 2","name":"Коптевский бульвар,дом 15А","address":"Коптевский бульвар,дом 15А","source_address":"ДТ\\Коптевский бульв. 11А, 15А","mno_type":"КП","container_count":"4","id":"637105","mno_id":"94476534"},"geometry":{"type":"Point","coordinates":[37.522182,55.830082]}},{"type":"Feature","id":"mno-1100721568-1098","properties":{"category":"МНО","layer":"mno","district":"Коптево","section":"Участок 3","name":"Коптевский бульвар,дом 16, корпус 1","address":"Коптевский бульвар,дом 16, корпус 1","source_address":"ДТ\\Железняка Матроса бульв. 17/14; Коптевский бульв. 16 к.1, 16 к.2, 16 к.3, 18","mno_type":"КП","container_count":"6","id":"567047","mno_id":"1100721568"},"geometry":{"type":"Point","coordinates":[37.525499,55.833088]}},{"type":"Feature","id":"mno-1326389877-1099","properties":{"category":"МНО","layer":"mno","district":"Коптево","section":"Участок 4","name":"Михалковская улица,дом 10","address":"Михалковская улица,дом 10","source_address":"ДТ\\Михалковская улица дом 10","mno_type":"КП","container_count":"2","id":"1324111701","mno_id":"1326389877"},"geometry":{"type":"Point","coordinates":[37.534953,55.837877]}},{"type":"Feature","id":"mno-1192635041-1100","properties":{"category":"МНО","layer":"mno","district":"Коптево","section":"Участок 4","name":"Михалковская улица,дом 12","address":"Михалковская улица,дом 12","source_address":"ДТ\\Михалковская ул. 12","mno_type":"КП","container_count":"2","id":"624170","mno_id":"1192635041"},"geometry":{"type":"Point","coordinates":[37.53477,55.83786]}},{"type":"Feature","id":"mno-1322214803-1101","properties":{"category":"МНО","layer":"mno","district":"Коптево","section":"Участок 3","name":"Михалковская улица,дом 15","address":"Михалковская улица,дом 15","source_address":"ДТ\\Михалковская ул. 15","mno_type":"КП","container_count":"3","id":"628682","mno_id":"1322214803"},"geometry":{"type":"Point","coordinates":[37.526685,55.839233]}},{"type":"Feature","id":"mno-938650370-1102","properties":{"category":"МНО","layer":"mno","district":"Коптево","section":"Участок 3","name":"Михалковская улица,дом 1/51","address":"Михалковская улица,дом 1/51","source_address":"ДТ\\Михалковская ул. 1/51","mno_type":"КП","container_count":"3","id":"617326","mno_id":"938650370"},"geometry":{"type":"Point","coordinates":[37.53652,55.836683]}},{"type":"Feature","id":"mno-806529238-1103","properties":{"category":"МНО","layer":"mno","district":"Коптево","section":"Участок 4","name":"Михалковская улица,дом 16/1","address":"Михалковская улица,дом 16/1","source_address":"ДТ\\Михалковская ул. 16/1","mno_type":"КП","container_count":"3","id":"629895","mno_id":"806529238"},"geometry":{"type":"Point","coordinates":[37.531671,55.838664]}},{"type":"Feature","id":"mno-816674172-1104","properties":{"category":"МНО","layer":"mno","district":"Коптево","section":"Участок 3","name":"Михалковская улица,дом 17","address":"Михалковская улица,дом 17","source_address":"ДТ\\Коптевская ул. 36; Михалковская ул. 17","mno_type":"КП","container_count":"3","id":"569687","mno_id":"816674172"},"geometry":{"type":"Point","coordinates":[37.525186,55.839073]}},{"type":"Feature","id":"mno-872262021-1105","properties":{"category":"МНО","layer":"mno","district":"Коптево","section":"Участок 4","name":"Михалковская улица,дом 2","address":"Михалковская улица,дом 2","source_address":"ДТ\\Михалковская ул. 2","mno_type":"КП","container_count":"4","id":"576602","mno_id":"872262021"},"geometry":{"type":"Point","coordinates":[37.53968,55.837581]}},{"type":"Feature","id":"mno-805979385-1106","properties":{"category":"МНО","layer":"mno","district":"Коптево","section":"Участок 4","name":"Михалковская улица,дом 20","address":"Михалковская улица,дом 20","source_address":"ДТ\\Михалковская ул. 20","mno_type":"КП","container_count":"3","id":"612282","mno_id":"805979385"},"geometry":{"type":"Point","coordinates":[37.53058,55.83902]}},{"type":"Feature","id":"mno-806581418-1107","properties":{"category":"МНО","layer":"mno","district":"Коптево","section":"Участок 4","name":"Михалковская улица,дом 24","address":"Михалковская улица,дом 24","source_address":"ДТ\\Михалковская ул. 24","mno_type":"КП","container_count":"3","id":"571664","mno_id":"806581418"},"geometry":{"type":"Point","coordinates":[37.527301,55.839981]}},{"type":"Feature","id":"mno-857056815-1108","properties":{"category":"МНО","layer":"mno","district":"Коптево","section":"Участок 4","name":"Михалковская улица,дом 28","address":"Михалковская улица,дом 28","source_address":"ДТ\\Михалковская ул. 28","mno_type":"КП","container_count":"3","id":"584829","mno_id":"857056815"},"geometry":{"type":"Point","coordinates":[37.526033,55.840842]}},{"type":"Feature","id":"mno-814858303-1109","properties":{"category":"МНО","layer":"mno","district":"Коптево","section":"Участок 3","name":"Михалковская улица,дом 5","address":"Михалковская улица,дом 5","source_address":"ДТ\\Железняка Матроса бульв. 36; Михалковская ул. 5","mno_type":"КП","container_count":"4","id":"614627","mno_id":"814858303"},"geometry":{"type":"Point","coordinates":[37.533629,55.836888]}},{"type":"Feature","id":"mno-806525864-1110","properties":{"category":"МНО","layer":"mno","district":"Коптево","section":"Участок 4","name":"Михалковская улица,дом 8","address":"Михалковская улица,дом 8","source_address":"ДТ\\Михалковская ул. 6, 8","mno_type":"КП","container_count":"3","id":"614106","mno_id":"806525864"},"geometry":{"type":"Point","coordinates":[37.536591,55.837912]}},{"type":"Feature","id":"mno-913773140-1111","properties":{"category":"МНО","layer":"mno","district":"Коптево","section":"Участок 2","name":"Новопетровская улица,дом 1, корпус 4","address":"Новопетровская улица,дом 1, корпус 4","source_address":"ДТ\\Новопетровская ул. 1 к.4","mno_type":"КП","container_count":"5","id":"629139","mno_id":"913773140"},"geometry":{"type":"Point","coordinates":[37.519452,55.826917]}},{"type":"Feature","id":"mno-1286535478-1112","properties":{"category":"МНО","layer":"mno","district":"Коптево","section":"Участок 2","name":"Новопетровская улица,дом 3","address":"Новопетровская улица,дом 3","source_address":"ДТ\\Новопетровская ул. 3","mno_type":"КП","container_count":"7","id":"3299350","mno_id":"1286535478"},"geometry":{"type":"Point","coordinates":[37.52257,55.828111]}},{"type":"Feature","id":"mno-81486768-1113","properties":{"category":"МНО","layer":"mno","district":"Коптево","section":"Участок 4","name":"проезд Черепановых,дом 36","address":"проезд Черепановых,дом 36","source_address":"ДТ\\Михалковская ул. 26 к.1, 26 к.2; Черепановых пр. 30, 32, 36, 38 к.1","mno_type":"КП","container_count":"4","id":"583500","mno_id":"81486768"},"geometry":{"type":"Point","coordinates":[37.529779,55.839935]}},{"type":"Feature","id":"mno-814867683-1114","properties":{"category":"МНО","layer":"mno","district":"Коптево","section":"Участок 4","name":"проезд Черепановых,дом 36","address":"проезд Черепановых,дом 36","source_address":"ДТ\\Михалковская ул. 26 к.1, 26 к.2; Черепановых пр. 30, 32, 36, 38 к.1","mno_type":"БП","container_count":"4","id":"583500","mno_id":"814867683"},"geometry":{"type":"Point","coordinates":[37.529686,55.839915]}},{"type":"Feature","id":"mno-129005777-1115","properties":{"category":"МНО","layer":"mno","district":"Коптево","section":"Участок 4","name":"проезд Черепановых,дом 44","address":"проезд Черепановых,дом 44","source_address":"ДТ\\Черепановых пр. 44, 46А, 46Б","mno_type":"КП","container_count":"1","id":"570382","mno_id":"129005777"},"geometry":{"type":"Point","coordinates":[37.533871,55.842571]}},{"type":"Feature","id":"mno-12900577-1116","properties":{"category":"МНО","layer":"mno","district":"Коптево","section":"Участок 4","name":"проезд Черепановых,дом 46Б","address":"проезд Черепановых,дом 46Б","source_address":"ДТ\\Черепановых пр. 44, 46А, 46Б","mno_type":"КП","container_count":"1","id":"570382","mno_id":"12900577"},"geometry":{"type":"Point","coordinates":[37.53369,55.841746]}},{"type":"Feature","id":"mno-855331217-1117","properties":{"category":"МНО","layer":"mno","district":"Коптево","section":"Участок 4","name":"проезд Черепановых,дом 52А","address":"проезд Черепановых,дом 52А","source_address":"ДТ\\Черепановых пр. 48, 50, 50А, 52, 52А","mno_type":"КП","container_count":"3","id":"617512","mno_id":"855331217"},"geometry":{"type":"Point","coordinates":[37.537384,55.842879]}},{"type":"Feature","id":"mno-805978561-1118","properties":{"category":"МНО","layer":"mno","district":"Коптево","section":"Участок 4","name":"проезд Черепановых,дом 56","address":"проезд Черепановых,дом 56","source_address":"ДТ\\Черепановых пр. 56, 56 к.1","mno_type":"КП","container_count":"3","id":"635924","mno_id":"805978561"},"geometry":{"type":"Point","coordinates":[37.538547,55.843764]}},{"type":"Feature","id":"mno-79638043-1119","properties":{"category":"МНО","layer":"mno","district":"Коптево","section":"Участок 5","name":"проезд Черепановых,дом 64, корпус 2","address":"проезд Черепановых,дом 64, корпус 2","source_address":"ДТ\\Лихоборские Бугры ул. 14; Черепановых пр. 64 к.1, 64 к.2","mno_type":"КП","container_count":"4","id":"609675","mno_id":"79638043"},"geometry":{"type":"Point","coordinates":[37.550251,55.844487]}},{"type":"Feature","id":"mno-1196244876-1120","properties":{"category":"МНО","layer":"mno","district":"Коптево","section":"Участок 5","name":"проезд Черепановых,дом 72, корпус 1","address":"проезд Черепановых,дом 72, корпус 1","source_address":"ДТ\\Черепановых пр. 72 к.1, 74","mno_type":"БП","container_count":"1","id":"591804","mno_id":"1196244876"},"geometry":{"type":"Point","coordinates":[37.554882,55.845436]}},{"type":"Feature","id":"mno-119624487-1121","properties":{"category":"МНО","layer":"mno","district":"Коптево","section":"Участок 5","name":"проезд Черепановых,дом 72, корпус 1","address":"проезд Черепановых,дом 72, корпус 1","source_address":"ДТ\\Черепановых пр. 72 к.1, 74","mno_type":"КП","container_count":"1","id":"591804","mno_id":"119624487"},"geometry":{"type":"Point","coordinates":[37.554827,55.845491]}},{"type":"Feature","id":"mno-911823666-1122","properties":{"category":"МНО","layer":"mno","district":"Коптево","section":"Участок 3","name":"Соболевский проезд,дом 20А","address":"Соболевский проезд,дом 20А","source_address":"ДТ\\Соболевский пр. 20А","mno_type":"КП","container_count":"3","id":"566300","mno_id":"911823666"},"geometry":{"type":"Point","coordinates":[37.524967,55.837178]}},{"type":"Feature","id":"mno-1032749942-1123","properties":{"category":"МНО","layer":"mno","district":"Коптево","section":"Участок 3","name":"Соболевский проезд,дом 20Б","address":"Соболевский проезд,дом 20Б","source_address":"ДТ\\Соболевский пр. 20Б","mno_type":"КП","container_count":"2","id":"1032749850","mno_id":"1032749942"},"geometry":{"type":"Point","coordinates":[37.524697,55.83493]}},{"type":"Feature","id":"mno-806959701-1124","properties":{"category":"МНО","layer":"mno","district":"Коптево","section":"Участок 4","name":"улица Генерала Рычагова,дом 12","address":"улица Генерала Рычагова,дом 12","source_address":"ДТ\\Новомихалковский 3-й пр. 20; Рычагова Генерала ул. 12","mno_type":"КП","container_count":"2","id":"578792","mno_id":"806959701"},"geometry":{"type":"Point","coordinates":[37.535324,55.840762]}},{"type":"Feature","id":"mno-807663076-1125","properties":{"category":"МНО","layer":"mno","district":"Коптево","section":"Участок 4","name":"улица Генерала Рычагова,дом 14","address":"улица Генерала Рычагова,дом 14","source_address":"ДТ\\Рычагова Генерала ул. 14, 16","mno_type":"КП","container_count":"3","id":"635574","mno_id":"807663076"},"geometry":{"type":"Point","coordinates":[37.536154,55.841079]}},{"type":"Feature","id":"mno-806482063-1126","properties":{"category":"МНО","layer":"mno","district":"Коптево","section":"Участок 4","name":"улица Генерала Рычагова,дом 18","address":"улица Генерала Рычагова,дом 18","source_address":"ДТ\\Рычагова Генерала ул. 18","mno_type":"КП","container_count":"4","id":"623578","mno_id":"806482063"},"geometry":{"type":"Point","coordinates":[37.53881,55.840649]}},{"type":"Feature","id":"mno-973977111-1127","properties":{"category":"МНО","layer":"mno","district":"Коптево","section":"Участок 4","name":"улица Генерала Рычагова,дом 21","address":"улица Генерала Рычагова,дом 21","source_address":"ДТ\\Рычагова Генерала ул. 21","mno_type":"КП","container_count":"4","id":"1401089","mno_id":"973977111"},"geometry":{"type":"Point","coordinates":[37.541636,55.842841]}},{"type":"Feature","id":"mno-807725566-1128","properties":{"category":"МНО","layer":"mno","district":"Коптево","section":"Участок 4","name":"улица Генерала Рычагова,дом 3, корпус 1","address":"улица Генерала Рычагова,дом 3, корпус 1","source_address":"ДТ\\Новомихалковский 3-й пр. 15 к.1, 17, 17А; Рычагова Генерала ул. 3 к.1, 3 к.2","mno_type":"КП","container_count":"3","id":"582435","mno_id":"807725566"},"geometry":{"type":"Point","coordinates":[37.533162,55.839636]}},{"type":"Feature","id":"mno-1078451848-1129","properties":{"category":"МНО","layer":"mno","district":"Коптево","section":"Участок 4","name":"улица Генерала Рычагова,дом 6","address":"улица Генерала Рычагова,дом 6","source_address":"ДТ\\Новомихалковский 3-й пр. 13; Рычагова Генерала ул. 4, 6","mno_type":"КП","container_count":"2","id":"581907","mno_id":"1078451848"},"geometry":{"type":"Point","coordinates":[37.533482,55.839287]}},{"type":"Feature","id":"mno-855003603-1130","properties":{"category":"МНО","layer":"mno","district":"Коптево","section":"Участок 4","name":"улица Генерала Рычагова,дом 9","address":"улица Генерала Рычагова,дом 9","source_address":"ДТ\\Рычагова Генерала ул. 11, 9","mno_type":"КП","container_count":"3","id":"595229","mno_id":"855003603"},"geometry":{"type":"Point","coordinates":[37.535451,55.842143]}},{"type":"Feature","id":"mno-1052750377-1131","properties":{"category":"МНО","layer":"mno","district":"Коптево","section":"Участок 2","name":"улица Зои и Александра Космодемьянских,дом 29","address":"улица Зои и Александра Космодемьянских,дом 29","source_address":"ДТ\\Зои и Александра Космодемьянских ул. 27, 29","mno_type":"КП","container_count":"7","id":"618378","mno_id":"1052750377"},"geometry":{"type":"Point","coordinates":[37.519791,55.824561]}},{"type":"Feature","id":"mno-91340197-1132","properties":{"category":"МНО","layer":"mno","district":"Коптево","section":"Участок 2","name":"улица Зои и Александра Космодемьянских,дом 31, корпус 1","address":"улица Зои и Александра Космодемьянских,дом 31, корпус 1","source_address":"ДТ\\Зои и Александра Космодемьянских ул. 27, 29","mno_type":"КП","container_count":"2","id":"577974","mno_id":"91340197"},"geometry":{"type":"Point","coordinates":[37.522231,55.824868]}},{"type":"Feature","id":"mno-9134019-1133","properties":{"category":"МНО","layer":"mno","district":"Коптево","section":"Участок 1","name":"улица Зои и Александра Космодемьянских,дом 34Б","address":"улица Зои и Александра Космодемьянских,дом 34Б","source_address":"ДТ\\Зои и Александра Космодемьянских ул. 34А, 34Б","mno_type":"КП","container_count":"2","id":"577974","mno_id":"9134019"},"geometry":{"type":"Point","coordinates":[37.523872,55.823096]}},{"type":"Feature","id":"mno-80719264-1134","properties":{"category":"МНО","layer":"mno","district":"Коптево","section":"Участок 1","name":"улица Зои и Александра Космодемьянских,дом 38","address":"улица Зои и Александра Космодемьянских,дом 38","source_address":"ДТ\\Академическая Б. ул. 17; Зои и Александра Космодемьянских ул. 38, 40, 42","mno_type":"КП","container_count":"4","id":"609963","mno_id":"80719264"},"geometry":{"type":"Point","coordinates":[37.525935,55.824602]}},{"type":"Feature","id":"mno-807367661-1135","properties":{"category":"МНО","layer":"mno","district":"Коптево","section":"Участок 2","name":"улица Зои и Александра Космодемьянских,дом 39","address":"улица Зои и Александра Космодемьянских,дом 39","source_address":"ДТ\\Зои и Александра Космодемьянских ул. 37/2, 39","mno_type":"КП","container_count":"4","id":"610611","mno_id":"807367661"},"geometry":{"type":"Point","coordinates":[37.52839,55.826119]}},{"type":"Feature","id":"mno-807192644-1136","properties":{"category":"МНО","layer":"mno","district":"Коптево","section":"Участок 1","name":"улица Зои и Александра Космодемьянских,дом 40","address":"улица Зои и Александра Космодемьянских,дом 40","source_address":"ДТ\\Академическая Б. ул. 17; Зои и Александра Космодемьянских ул. 38, 40, 42","mno_type":"КП","container_count":"4","id":"609963","mno_id":"807192644"},"geometry":{"type":"Point","coordinates":[37.527942,55.824754]}},{"type":"Feature","id":"mno-1120788550-1137","properties":{"category":"МНО","layer":"mno","district":"Коптево","section":"Участок 1","name":"улица Клары Цеткин,дом 18Б, корпус 1","address":"улица Клары Цеткин,дом 18Б, корпус 1","source_address":"ДТ\\Клары Цеткин ул. 18Б к.1","mno_type":"КП","container_count":"3","id":"581677","mno_id":"1120788550"},"geometry":{"type":"Point","coordinates":[37.520233,55.821271]}},{"type":"Feature","id":"mno-807719023-1138","properties":{"category":"МНО","layer":"mno","district":"Коптево","section":"Участок 1","name":"улица Космонавта Волкова,дом 31, корпус 1","address":"улица Космонавта Волкова,дом 31, корпус 1","source_address":"ДТ\\Волкова Космонавта ул. 29 к.1, 31 к.1","mno_type":"КП","container_count":"3","id":"614851","mno_id":"807719023"},"geometry":{"type":"Point","coordinates":[37.526106,55.817699]}},{"type":"Feature","id":"mno-1285399816-1139","properties":{"category":"МНО","layer":"mno","district":"Коптево","section":"Участок 1","name":"улица Космонавта Волкова,дом 33","address":"улица Космонавта Волкова,дом 33","source_address":"ДТ\\Волкова Космонавта ул. 33; Приорова ул. 1, 3, 5","mno_type":"КП","container_count":"2","id":"633976","mno_id":"1285399816"},"geometry":{"type":"Point","coordinates":[37.529282,55.816277]}},{"type":"Feature","id":"mno-79637832-1140","properties":{"category":"МНО","layer":"mno","district":"Коптево","section":"Участок 5","name":"улица Лихоборские Бугры,дом 10, корпус 1","address":"улица Лихоборские Бугры,дом 10, корпус 1","source_address":"ДТ\\Лихоборские Бугры ул. 10 к.1, 12","mno_type":"КП","container_count":"2","id":"577055","mno_id":"79637832"},"geometry":{"type":"Point","coordinates":[37.549482,55.844094]}},{"type":"Feature","id":"mno-7963783-1141","properties":{"category":"МНО","layer":"mno","district":"Коптево","section":"Участок 5","name":"улица Лихоборские Бугры,дом 10, корпус 1","address":"улица Лихоборские Бугры,дом 10, корпус 1","source_address":"ДТ\\Лихоборские Бугры ул. 10 к.1, 12","mno_type":"БП","container_count":"2","id":"577055","mno_id":"7963783"},"geometry":{"type":"Point","coordinates":[37.549482,55.844094]}},{"type":"Feature","id":"mno-796378321-1142","properties":{"category":"МНО","layer":"mno","district":"Коптево","section":"Участок 5","name":"улица Лихоборские Бугры,дом 12","address":"улица Лихоборские Бугры,дом 12","source_address":"ДТ\\Лихоборские Бугры ул. 10 к.1, 12","mno_type":"КП","container_count":"2","id":"577055","mno_id":"796378321"},"geometry":{"type":"Point","coordinates":[37.547248,55.843312]}},{"type":"Feature","id":"mno-796380437-1143","properties":{"category":"МНО","layer":"mno","district":"Коптево","section":"Участок 5","name":"улица Лихоборские Бугры,дом 14","address":"улица Лихоборские Бугры,дом 14","source_address":"ДТ\\Лихоборские Бугры ул. 14; Черепановых пр. 64 к.1, 64 к.2","mno_type":"КП","container_count":"4","id":"609675","mno_id":"796380437"},"geometry":{"type":"Point","coordinates":[37.547016,55.844574]}},{"type":"Feature","id":"mno-854555628-1144","properties":{"category":"МНО","layer":"mno","district":"Коптево","section":"Участок 5","name":"улица Лихоборские Бугры,дом 3","address":"улица Лихоборские Бугры,дом 3","source_address":"ДТ\\Лихоборские Бугры ул. 3","mno_type":"КП","container_count":"3","id":"616071","mno_id":"854555628"},"geometry":{"type":"Point","coordinates":[37.548347,55.841333]}},{"type":"Feature","id":"mno-80268012-1145","properties":{"category":"МНО","layer":"mno","district":"Коптево","section":"Участок 5","name":"улица Лихоборские Бугры,дом 4, корпус 1","address":"улица Лихоборские Бугры,дом 4, корпус 1","source_address":"ДТ\\Лихоборские Бугры ул. 4 к.1","mno_type":"КП","container_count":"3","id":"3531489","mno_id":"80268012"},"geometry":{"type":"Point","coordinates":[37.548828,55.841514]}},{"type":"Feature","id":"mno-802680120-1146","properties":{"category":"МНО","layer":"mno","district":"Коптево","section":"Участок 5","name":"улица Лихоборские Бугры,дом 4, корпус 1","address":"улица Лихоборские Бугры,дом 4, корпус 1","source_address":"ДТ\\Лихоборские Бугры ул. 4 к.1","mno_type":"КП","container_count":"3","id":"3531489","mno_id":"802680120"},"geometry":{"type":"Point","coordinates":[37.549293,55.842288]}},{"type":"Feature","id":"mno-805229573-1147","properties":{"category":"МНО","layer":"mno","district":"Коптево","section":"Участок 5","name":"улица Лихоборские Бугры,дом 5","address":"улица Лихоборские Бугры,дом 5","source_address":"ДТ\\Лихоборские Бугры ул. 5","mno_type":"КП","container_count":"3","id":"623737","mno_id":"805229573"},"geometry":{"type":"Point","coordinates":[37.546831,55.841541]}},{"type":"Feature","id":"mno-807772747-1148","properties":{"category":"МНО","layer":"mno","district":"Коптево","section":"Участок 5","name":"улица Лихоборские Бугры,дом 8","address":"улица Лихоборские Бугры,дом 8","source_address":"ДТ\\Лихоборские Бугры ул. 6, 8","mno_type":"КП","container_count":"3","id":"627803","mno_id":"807772747"},"geometry":{"type":"Point","coordinates":[37.548272,55.842765]}},{"type":"Feature","id":"mno-80512191-1149","properties":{"category":"МНО","layer":"mno","district":"Коптево","section":"Участок 5","name":"улица Лихоборские Бугры,дом 9, корпус 1","address":"улица Лихоборские Бугры,дом 9, корпус 1","source_address":"ДТ\\Лихоборские Бугры ул. 9 к.1, 9 к.2","mno_type":"КП","container_count":"2","id":"610353","mno_id":"80512191"},"geometry":{"type":"Point","coordinates":[37.546056,55.84342]}},{"type":"Feature","id":"mno-8051219-1150","properties":{"category":"МНО","layer":"mno","district":"Коптево","section":"Участок 5","name":"улица Лихоборские Бугры,дом 9, корпус 2","address":"улица Лихоборские Бугры,дом 9, корпус 2","source_address":"ДТ\\Лихоборские Бугры ул. 9 к.1, 9 к.2","mno_type":"БП","container_count":"2","id":"610353","mno_id":"8051219"},"geometry":{"type":"Point","coordinates":[37.54584,55.842472]}},{"type":"Feature","id":"mno-805121918-1151","properties":{"category":"МНО","layer":"mno","district":"Коптево","section":"Участок 5","name":"улица Лихоборские Бугры,дом 9, корпус 2","address":"улица Лихоборские Бугры,дом 9, корпус 2","source_address":"ДТ\\Лихоборские Бугры ул. 9 к.1, 9 к.2","mno_type":"КП","container_count":"2","id":"610353","mno_id":"805121918"},"geometry":{"type":"Point","coordinates":[37.545005,55.843182]}},{"type":"Feature","id":"mno-128539981-1152","properties":{"category":"МНО","layer":"mno","district":"Коптево","section":"Участок 1","name":"улица Приорова,дом 1","address":"улица Приорова,дом 1","source_address":"ДТ\\Волкова Космонавта ул. 33; Приорова ул. 1, 3, 5","mno_type":"КП","container_count":"2","id":"633976","mno_id":"128539981"},"geometry":{"type":"Point","coordinates":[37.531231,55.817278]}},{"type":"Feature","id":"mno-807258258-1153","properties":{"category":"МНО","layer":"mno","district":"Коптево","section":"Участок 1","name":"улица Приорова,дом 11","address":"улица Приорова,дом 11","source_address":"ДТ\\Академическая Б. ул. 10/13, 8 к.1, 8 к.2; Приорова ул. 11","mno_type":"КП","container_count":"4","id":"617060","mno_id":"807258258"},"geometry":{"type":"Point","coordinates":[37.525899,55.81926]}},{"type":"Feature","id":"mno-822278799-1154","properties":{"category":"МНО","layer":"mno","district":"Коптево","section":"Участок 1","name":"улица Приорова,дом 16, корпус 1","address":"улица Приорова,дом 16, корпус 1","source_address":"ДТ\\Приорова ул. 14, 14А, 16 к.1, 16 к.3","mno_type":"КП","container_count":"5","id":"822277396","mno_id":"822278799"},"geometry":{"type":"Point","coordinates":[37.526661,55.820246]}},{"type":"Feature","id":"mno-807901403-1155","properties":{"category":"МНО","layer":"mno","district":"Коптево","section":"Участок 1","name":"улица Приорова,дом 22","address":"улица Приорова,дом 22","source_address":"ДТ\\Академическая Б. ул. 9/20; Приорова ул. 22","mno_type":"КП","container_count":"3","id":"603092","mno_id":"807901403"},"geometry":{"type":"Point","coordinates":[37.522856,55.821442]}},{"type":"Feature","id":"mno-807630687-1156","properties":{"category":"МНО","layer":"mno","district":"Коптево","section":"Участок 1","name":"улица Приорова,дом 2А","address":"улица Приорова,дом 2А","source_address":"ДТ\\Приорова ул. 2, 2А","mno_type":"КП","container_count":"4","id":"586787","mno_id":"807630687"},"geometry":{"type":"Point","coordinates":[37.532032,55.818738]}},{"type":"Feature","id":"mno-12853998-1157","properties":{"category":"МНО","layer":"mno","district":"Коптево","section":"Участок 1","name":"улица Приорова,дом 3","address":"улица Приорова,дом 3","source_address":"ДТ\\Волкова Космонавта ул. 33; Приорова ул. 1, 3, 5","mno_type":"КП","container_count":"2","id":"633976","mno_id":"12853998"},"geometry":{"type":"Point","coordinates":[37.530522,55.817693]}},{"type":"Feature","id":"mno-913125920-1158","properties":{"category":"МНО","layer":"mno","district":"Коптево","section":"Участок 1","name":"улица Приорова,дом 30","address":"улица Приорова,дом 30","source_address":"ДТ\\Зои и Александра Космодемьянских ул. 32; Приорова ул. 30","mno_type":"КП","container_count":"4","id":"601302","mno_id":"913125920"},"geometry":{"type":"Point","coordinates":[37.52113,55.822332]}},{"type":"Feature","id":"mno-77830828-1159","properties":{"category":"МНО","layer":"mno","district":"Коптево","section":"Участок 2","name":"улица Приорова,дом 38","address":"улица Приорова,дом 38","source_address":"ДТ\\Приорова ул. 38, 38А, 40, 40 к.2, 42","mno_type":"КП","container_count":"3","id":"596403","mno_id":"77830828"},"geometry":{"type":"Point","coordinates":[37.519455,55.824658]}},{"type":"Feature","id":"mno-778308287-1160","properties":{"category":"МНО","layer":"mno","district":"Коптево","section":"Участок 2","name":"улица Приорова,дом 38А","address":"улица Приорова,дом 38А","source_address":"ДТ\\Приорова ул. 38, 38А, 40, 40 к.2, 42","mno_type":"КП","container_count":"3","id":"596403","mno_id":"778308287"},"geometry":{"type":"Point","coordinates":[37.520342,55.825417]}},{"type":"Feature","id":"mno-1285399-1161","properties":{"category":"МНО","layer":"mno","district":"Коптево","section":"Участок 1","name":"улица Приорова,дом 5","address":"улица Приорова,дом 5","source_address":"ДТ\\Волкова Космонавта ул. 33; Приорова ул. 1, 3, 5","mno_type":"КП","container_count":"2","id":"633976","mno_id":"1285399"},"geometry":{"type":"Point","coordinates":[37.529844,55.818062]}},{"type":"Feature","id":"mno-1325658823-1162","properties":{"category":"МНО","layer":"mno","district":"Коптево","section":"Участок 3","name":"проезд Черепановых дом 10","address":"проезд Черепановых дом 10","source_address":"ДТ\\проезд Черепановых дом 10","mno_type":"КП","id":"1324759175","mno_id":"1325658823"},"geometry":{"type":"Point","coordinates":[37.515318,55.834212]}},{"type":"Feature","id":"mno-132565882-1163","properties":{"category":"МНО","layer":"mno","district":"Коптево","section":"Участок 3","name":"проезд Черепановых дом 10","address":"проезд Черепановых дом 10","source_address":"ДТ\\проезд Черепановых дом 10","mno_type":"КП","id":"1324759175","mno_id":"132565882"},"geometry":{"type":"Point","coordinates":[37.516199,55.835064]}},{"type":"Feature","id":"mno-13256588-1164","properties":{"category":"МНО","layer":"mno","district":"Коптево","section":"Участок 3","name":"проезд Черепановых дом 10","address":"проезд Черепановых дом 10","source_address":"ДТ\\проезд Черепановых дом 10","mno_type":"КП","id":"1324759175","mno_id":"13256588"},"geometry":{"type":"Point","coordinates":[37.51615,55.833864]}},{"type":"Feature","id":"mno-913401973-1165","properties":{"category":"МНО","layer":"mno","district":"Коптево","section":"Участок 1","name":"улица Зои и Александра Космодемьянских дом 34А","address":"улица Зои и Александра Космодемьянских дом 34А","source_address":"ДТ\\Зои и Александра Космодемьянских ул. 34А, 34Б","mno_type":"БП","container_count":"1","id":"577974","mno_id":"913401973"},"geometry":{"type":"Point","coordinates":[37.523907,55.823151]}},{"type":"Feature","id":"mno-1330010286-1166","properties":{"category":"МНО","layer":"mno","district":"Коптево","section":"Участок 3","name":"3-й Михалковский переулок дом 17","address":"3-й Михалковский переулок дом 17","source_address":"ДТ\\3-й Михалковский переулок дом 17","mno_type":"КП","container_count":"3","id":"1325376436","mno_id":"1330010286"},"geometry":{"type":"Point","coordinates":[37.524791,55.835177]}},{"type":"Feature","id":"mno-1330010399-1167","properties":{"category":"МНО","layer":"mno","district":"Коптево","section":"Участок 3","name":"3-й Михалковский переулок дом 17","address":"3-й Михалковский переулок дом 17","source_address":"ДТ\\3-й Михалковский переулок дом 17","mno_type":"КП","container_count":"3","id":"1325376436","mno_id":"1330010399"},"geometry":{"type":"Point","coordinates":[37.52416,55.836264]}},{"type":"Feature","id":"mno-1329997677-1168","properties":{"category":"МНО","layer":"mno","district":"Коптево","section":"Участок 2","name":"Новопетровская ул. 16А","address":"Новопетровская ул. 16А","source_address":"ДТ\\Новопетровская ул. 16А","mno_type":"КП","container_count":"3","id":"577158","mno_id":"1329997677"},"geometry":{"type":"Point","coordinates":[37.524413,55.827057]}},{"type":"Feature","id":"mno-1329687545-1169","properties":{"category":"МНО","layer":"mno","district":"Коптево","section":"Участок 3","name":"Коптевская улица, дом 26, корпус 4","address":"Коптевская улица, дом 26, корпус 4","source_address":"ДТ\\Коптевская ул. 26 к.1, 26 к.2, 26 к.3, 26 к.4, 26 к.5, 26 к.6","mno_type":"КП","container_count":"3","id":"613604","mno_id":"1329687545"},"geometry":{"type":"Point","coordinates":[37.523283,55.83466]}},{"type":"Feature","id":"mno-1331681109-1170","properties":{"category":"МНО","layer":"mno","district":"Коптево","section":"Участок 5","name":"проезд Черепановых, 68","address":"проезд Черепановых, 68","source_address":"ДТ\\Черепановых пр. 66, 68, 70","mno_type":"КП","container_count":"3","id":"624613","mno_id":"1331681109"},"geometry":{"type":"Point","coordinates":[37.55165,55.846137]}},{"type":"Feature","id":"mno-1331681419-1171","properties":{"category":"МНО","layer":"mno","district":"Коптево","section":"Участок 5","name":"проезд Черепановых,70","address":"проезд Черепановых,70","source_address":"ДТ\\Черепановых пр. 66, 68, 70","mno_type":"КП","container_count":"2","id":"624613","mno_id":"1331681419"},"geometry":{"type":"Point","coordinates":[37.553043,55.846583]}},{"type":"Feature","id":"mno-1330014584-1172","properties":{"category":"МНО","layer":"mno","district":"Коптево","section":"Участок 3","name":"3-й Михалковский переулок, 20к3","address":"3-й Михалковский переулок, 20к3","source_address":"ДТ\\Михалковский 3-й пер. 20 к.1, 20 к.2, 20 к.3","mno_type":"КП","container_count":"3","id":"582346","mno_id":"1330014584"},"geometry":{"type":"Point","coordinates":[37.52706,55.837525]}},{"type":"Feature","id":"mno-802307195-1173","properties":{"category":"МНО","layer":"mno","district":"Левобережный","section":"Участок 1","name":"Фестивальная улица,дом 23","address":"Фестивальная улица,дом 23","source_address":"ДТ\\Фестивальная ул. 23","mno_type":"КП","container_count":"5","id":"2351692","mno_id":"802307195"},"geometry":{"type":"Point","coordinates":[37.478017,55.857274]}},{"type":"Feature","id":"mno-767024649-1174","properties":{"category":"МНО","layer":"mno","district":"Левобережный","section":"Участок 1","name":"Беломорская улица,дом 10, корпус 3","address":"Беломорская улица,дом 10, корпус 3","source_address":"ДТ\\Беломорская ул. 10 к.3","mno_type":"КП","container_count":"2","id":"582134","mno_id":"767024649"},"geometry":{"type":"Point","coordinates":[37.472346,55.860595]}},{"type":"Feature","id":"mno-775166132-1175","properties":{"category":"МНО","layer":"mno","district":"Левобережный","section":"Участок 3","name":"Беломорская улица,дом 11, корпус 1","address":"Беломорская улица,дом 11, корпус 1","source_address":"ДТ\\Беломорская ул. 11 к.1","mno_type":"КП","container_count":"5","id":"224430293","mno_id":"775166132"},"geometry":{"type":"Point","coordinates":[37.47114,55.865697]}},{"type":"Feature","id":"mno-798086443-1176","properties":{"category":"МНО","layer":"mno","district":"Левобережный","section":"Участок 3","name":"Беломорская улица,дом 11, корпус 2","address":"Беломорская улица,дом 11, корпус 2","source_address":"ДТ\\Беломорская ул. 11 к.2","mno_type":"КП","container_count":"3","id":"590888","mno_id":"798086443"},"geometry":{"type":"Point","coordinates":[37.471502,55.866127]}},{"type":"Feature","id":"mno-798079549-1177","properties":{"category":"МНО","layer":"mno","district":"Левобережный","section":"Участок 1","name":"Беломорская улица,дом 12","address":"Беломорская улица,дом 12","source_address":"ДТ\\Беломорская ул. 12","mno_type":"КП","container_count":"2","id":"568238","mno_id":"798079549"},"geometry":{"type":"Point","coordinates":[37.468672,55.867297]}},{"type":"Feature","id":"mno-798114088-1178","properties":{"category":"МНО","layer":"mno","district":"Левобережный","section":"Участок 1","name":"Беломорская улица,дом 12, корпус 1","address":"Беломорская улица,дом 12, корпус 1","source_address":"ДТ\\Беломорская ул. 12 к.1","mno_type":"КП","container_count":"4","id":"2338206","mno_id":"798114088"},"geometry":{"type":"Point","coordinates":[37.47086,55.861655]}},{"type":"Feature","id":"mno-949502259-1179","properties":{"category":"МНО","layer":"mno","district":"Левобережный","section":"Участок 3","name":"Беломорская улица,дом 13, корпус 1","address":"Беломорская улица,дом 13, корпус 1","source_address":"ДТ\\Беломорская ул. 13 к.1","mno_type":"БП","container_count":"1","id":"3476410","mno_id":"949502259"},"geometry":{"type":"Point","coordinates":[37.473714,55.866639]}},{"type":"Feature","id":"mno-94950225-1180","properties":{"category":"МНО","layer":"mno","district":"Левобережный","section":"Участок 3","name":"Беломорская улица,дом 13, корпус 1","address":"Беломорская улица,дом 13, корпус 1","source_address":"ДТ\\Беломорская ул. 13 к.1","mno_type":"КП","container_count":"1","id":"3476410","mno_id":"94950225"},"geometry":{"type":"Point","coordinates":[37.473709,55.866655]}},{"type":"Feature","id":"mno-798397322-1181","properties":{"category":"МНО","layer":"mno","district":"Левобережный","section":"Участок 3","name":"Беломорская улица,дом 13, корпус 2","address":"Беломорская улица,дом 13, корпус 2","source_address":"ДТ\\Беломорская ул. 13 к.2","mno_type":"КП","container_count":"2","id":"596006","mno_id":"798397322"},"geometry":{"type":"Point","coordinates":[37.472549,55.866429]}},{"type":"Feature","id":"mno-798431596-1182","properties":{"category":"МНО","layer":"mno","district":"Левобережный","section":"Участок 2","name":"Беломорская улица,дом 16","address":"Беломорская улица,дом 16","source_address":"ДТ\\Беломорская ул. 16","mno_type":"КП","container_count":"4","id":"594685","mno_id":"798431596"},"geometry":{"type":"Point","coordinates":[37.473333,55.862214]}},{"type":"Feature","id":"mno-802235708-1183","properties":{"category":"МНО","layer":"mno","district":"Левобережный","section":"Участок 2","name":"Беломорская улица,дом 18А, корпус 2","address":"Беломорская улица,дом 18А, корпус 2","source_address":"ДТ\\Беломорская ул. 18А к.2","mno_type":"КП","container_count":"7","id":"206080364","mno_id":"802235708"},"geometry":{"type":"Point","coordinates":[37.473569,55.863543]}},{"type":"Feature","id":"mno-763132863-1184","properties":{"category":"МНО","layer":"mno","district":"Левобережный","section":"Участок 2","name":"Беломорская улица,дом 18, корпус 2","address":"Беломорская улица,дом 18, корпус 2","source_address":"ДТ\\Беломорская ул. 18 к.2","mno_type":"КП","container_count":"2","id":"620407","mno_id":"763132863"},"geometry":{"type":"Point","coordinates":[37.475332,55.86116]}},{"type":"Feature","id":"mno-825970118-1185","properties":{"category":"МНО","layer":"mno","district":"Левобережный","section":"Участок 2","name":"Беломорская улица,дом 18, корпус 3","address":"Беломорская улица,дом 18, корпус 3","source_address":"ДТ\\Беломорская ул. 18 к.3","mno_type":"КП","container_count":"2","id":"600275","mno_id":"825970118"},"geometry":{"type":"Point","coordinates":[37.475333,55.861149]}},{"type":"Feature","id":"mno-912651306-1186","properties":{"category":"МНО","layer":"mno","district":"Левобережный","section":"Участок 2","name":"Беломорская улица,дом 18, корпус 4","address":"Беломорская улица,дом 18, корпус 4","source_address":"ДТ\\Беломорская ул. 18 к.4","mno_type":"КП","container_count":"2","id":"580204","mno_id":"912651306"},"geometry":{"type":"Point","coordinates":[37.476909,55.860125]}},{"type":"Feature","id":"mno-802236414-1187","properties":{"category":"МНО","layer":"mno","district":"Левобережный","section":"Участок 2","name":"Беломорская улица,дом 20, корпус 1","address":"Беломорская улица,дом 20, корпус 1","source_address":"ДТ\\Беломорская ул. 20 к.1","mno_type":"КП","container_count":"2","id":"2345542","mno_id":"802236414"},"geometry":{"type":"Point","coordinates":[37.474865,55.862218]}},{"type":"Feature","id":"mno-802236814-1188","properties":{"category":"МНО","layer":"mno","district":"Левобережный","section":"Участок 2","name":"Беломорская улица,дом 20, корпус 2","address":"Беломорская улица,дом 20, корпус 2","source_address":"ДТ\\Беломорская ул. 20 к.2","mno_type":"КП","container_count":"2","id":"2339246","mno_id":"802236814"},"geometry":{"type":"Point","coordinates":[37.476866,55.86164]}},{"type":"Feature","id":"mno-802238799-1189","properties":{"category":"МНО","layer":"mno","district":"Левобережный","section":"Участок 2","name":"Беломорская улица,дом 20, корпус 3","address":"Беломорская улица,дом 20, корпус 3","source_address":"ДТ\\Беломорская ул. 20 к.3","mno_type":"КП","container_count":"2","id":"2339617","mno_id":"802238799"},"geometry":{"type":"Point","coordinates":[37.477961,55.861204]}},{"type":"Feature","id":"mno-909388067-1190","properties":{"category":"МНО","layer":"mno","district":"Левобережный","section":"Участок 2","name":"Беломорская улица,дом 22","address":"Беломорская улица,дом 22","source_address":"ДТ\\Беломорская ул. 22","mno_type":"КП","container_count":"5","id":"206384239","mno_id":"909388067"},"geometry":{"type":"Point","coordinates":[37.477961,55.861204]}},{"type":"Feature","id":"mno-802239447-1191","properties":{"category":"МНО","layer":"mno","district":"Левобережный","section":"Участок 2","name":"Беломорская улица,дом 24, корпус 3","address":"Беломорская улица,дом 24, корпус 3","source_address":"ДТ\\Беломорская ул. 24 к.3","mno_type":"КП","container_count":"3","id":"3555792","mno_id":"802239447"},"geometry":{"type":"Point","coordinates":[37.476845,55.861899]}},{"type":"Feature","id":"mno-912904642-1192","properties":{"category":"МНО","layer":"mno","district":"Левобережный","section":"Участок 2","name":"Беломорская улица,дом 26","address":"Беломорская улица,дом 26","source_address":"ДТ\\Беломорская ул. 26","mno_type":"КП","container_count":"4","id":"602787","mno_id":"912904642"},"geometry":{"type":"Point","coordinates":[37.47387,55.864226]}},{"type":"Feature","id":"mno-925088638-1193","properties":{"category":"МНО","layer":"mno","district":"Левобережный","section":"Участок 3","name":"Беломорская улица,дом 3, корпус 1","address":"Беломорская улица,дом 3, корпус 1","source_address":"ДТ\\Беломорская ул. 3 к.1","mno_type":"КП","container_count":"4","id":"2351242","mno_id":"925088638"},"geometry":{"type":"Point","coordinates":[37.469054,55.864264]}},{"type":"Feature","id":"mno-802167683-1194","properties":{"category":"МНО","layer":"mno","district":"Левобережный","section":"Участок 1","name":"Беломорская улица,дом 4","address":"Беломорская улица,дом 4","source_address":"ДТ\\Беломорская ул. 4","mno_type":"КП","container_count":"2","id":"2351753","mno_id":"802167683"},"geometry":{"type":"Point","coordinates":[37.468482,55.862005]}},{"type":"Feature","id":"mno-799316268-1195","properties":{"category":"МНО","layer":"mno","district":"Левобережный","section":"Участок 3","name":"Беломорская улица,дом 5, корпус 1","address":"Беломорская улица,дом 5, корпус 1","source_address":"ДТ\\Беломорская ул. 5 к.1","mno_type":"КП","container_count":"2","id":"611181","mno_id":"799316268"},"geometry":{"type":"Point","coordinates":[37.477625,55.864007]}},{"type":"Feature","id":"mno-925147995-1196","properties":{"category":"МНО","layer":"mno","district":"Левобережный","section":"Участок 3","name":"Беломорская улица,дом 5, корпус 2","address":"Беломорская улица,дом 5, корпус 2","source_address":"ДТ\\Беломорская ул. 5 к.2","mno_type":"КП","container_count":"3","id":"593480","mno_id":"925147995"},"geometry":{"type":"Point","coordinates":[37.470129,55.865937]}},{"type":"Feature","id":"mno-799149346-1197","properties":{"category":"МНО","layer":"mno","district":"Левобережный","section":"Участок 3","name":"Беломорская улица,дом 7, корпус 3","address":"Беломорская улица,дом 7, корпус 3","source_address":"ДТ\\Беломорская ул. 7 к.3","mno_type":"КП","container_count":"2","id":"615209","mno_id":"799149346"},"geometry":{"type":"Point","coordinates":[37.469198,55.867287]}},{"type":"Feature","id":"mno-1312271025-1198","properties":{"category":"МНО","layer":"mno","district":"Левобережный","section":"Участок 1","name":"Беломорская улица,дом 8","address":"Беломорская улица,дом 8","source_address":"ДТ\\Беломорская ул. 8","mno_type":"КП","container_count":"2","id":"609284","mno_id":"1312271025"},"geometry":{"type":"Point","coordinates":[37.46934,55.862212]}},{"type":"Feature","id":"mno-798319565-1199","properties":{"category":"МНО","layer":"mno","district":"Левобережный","section":"Участок 5","name":"Валдайский пр.,11","address":"Валдайский пр.,11","source_address":"ДТ\\Валдайский пр. 11","mno_type":"КП","container_count":"7","id":"584925","mno_id":"798319565"},"geometry":{"type":"Point","coordinates":[37.465293,55.870001]}},{"type":"Feature","id":"mno-799144615-1200","properties":{"category":"МНО","layer":"mno","district":"Левобережный","section":"Участок 3","name":"Валдайский пр.,12","address":"Валдайский пр.,12","source_address":"ДТ\\Валдайский пр. 12","mno_type":"КП","container_count":"2","id":"605082","mno_id":"799144615"},"geometry":{"type":"Point","coordinates":[37.468672,55.867297]}},{"type":"Feature","id":"mno-798024075-1201","properties":{"category":"МНО","layer":"mno","district":"Левобережный","section":"Участок 5","name":"Валдайский пр.,15","address":"Валдайский пр.,15","source_address":"ДТ\\Валдайский пр. 15","mno_type":"КП","container_count":"3","id":"612621","mno_id":"798024075"},"geometry":{"type":"Point","coordinates":[37.464517,55.871559]}},{"type":"Feature","id":"mno-802240114-1202","properties":{"category":"МНО","layer":"mno","district":"Левобережный","section":"Участок 5","name":"Валдайский пр.,22","address":"Валдайский пр.,22","source_address":"ДТ\\Валдайский пр. 22","mno_type":"КП","container_count":"2","id":"3475914","mno_id":"802240114"},"geometry":{"type":"Point","coordinates":[37.464961,55.8722]}},{"type":"Feature","id":"mno-799155613-1203","properties":{"category":"МНО","layer":"mno","district":"Левобережный","section":"Участок 3","name":"Валдайский пр.,4","address":"Валдайский пр.,4","source_address":"ДТ\\Валдайский пр. 4","mno_type":"КП","container_count":"2","id":"603191","mno_id":"799155613"},"geometry":{"type":"Point","coordinates":[37.469239,55.864801]}},{"type":"Feature","id":"mno-79832297-1204","properties":{"category":"МНО","layer":"mno","district":"Левобережный","section":"Участок 5","name":"Валдайский пр.,7","address":"Валдайский пр.,7","source_address":"ДТ\\Валдайский пр. 7","mno_type":"БП","container_count":"1","id":"3475017","mno_id":"79832297"},"geometry":{"type":"Point","coordinates":[37.466469,55.868545]}},{"type":"Feature","id":"mno-798322979-1205","properties":{"category":"МНО","layer":"mno","district":"Левобережный","section":"Участок 5","name":"Валдайский пр.,7","address":"Валдайский пр.,7","source_address":"ДТ\\Валдайский пр. 7","mno_type":"КП","container_count":"1","id":"3475017","mno_id":"798322979"},"geometry":{"type":"Point","coordinates":[37.466569,55.868572]}},{"type":"Feature","id":"mno-80235685-1206","properties":{"category":"МНО","layer":"mno","district":"Левобережный","section":"Участок 3","name":"Валдайский проезд,дом 10, корпус 1","address":"Валдайский проезд,дом 10, корпус 1","source_address":"ДТ\\Валдайский пр. 10 к.1","mno_type":"КП","container_count":"3","id":"2350320","mno_id":"80235685"},"geometry":{"type":"Point","coordinates":[37.468326,55.867324]}},{"type":"Feature","id":"mno-802356854-1207","properties":{"category":"МНО","layer":"mno","district":"Левобережный","section":"Участок 3","name":"Валдайский проезд,дом 10, корпус 1","address":"Валдайский проезд,дом 10, корпус 1","source_address":"ДТ\\Валдайский пр. 10 к.1","mno_type":"КП","container_count":"3","id":"2350320","mno_id":"802356854"},"geometry":{"type":"Point","coordinates":[37.468306,55.867502]}},{"type":"Feature","id":"mno-798077391-1208","properties":{"category":"МНО","layer":"mno","district":"Левобережный","section":"Участок 5","name":"Валдайский проезд,дом 21","address":"Валдайский проезд,дом 21","source_address":"ДТ\\Валдайский пр. 21","mno_type":"КП","container_count":"2","id":"625476","mno_id":"798077391"},"geometry":{"type":"Point","coordinates":[37.463682,55.873162]}},{"type":"Feature","id":"mno-774931871-1209","properties":{"category":"МНО","layer":"mno","district":"Левобережный","section":"Участок 1","name":"Ленинградское шоссе,100","address":"Ленинградское шоссе,100","source_address":"ДТ\\Ленинградское шоссе 100","mno_type":"КП","container_count":"4","id":"3478446","mno_id":"774931871"},"geometry":{"type":"Point","coordinates":[37.469628,55.857405]}},{"type":"Feature","id":"mno-774938383-1210","properties":{"category":"МНО","layer":"mno","district":"Левобережный","section":"Участок 1","name":"Ленинградское шоссе,102","address":"Ленинградское шоссе,102","source_address":"ДТ\\Ленинградское шоссе 102","mno_type":"КП","container_count":"2","id":"3478530","mno_id":"774938383"},"geometry":{"type":"Point","coordinates":[37.469315,55.8589]}},{"type":"Feature","id":"mno-801443766-1211","properties":{"category":"МНО","layer":"mno","district":"Левобережный","section":"Участок 5","name":"Ленинградское шоссе,112 к.2","address":"Ленинградское шоссе,112 к.2","source_address":"ДТ\\Ленинградское шоссе 112 к.2","mno_type":"КП","container_count":"4","id":"3478819","mno_id":"801443766"},"geometry":{"type":"Point","coordinates":[37.465517,55.864395]}},{"type":"Feature","id":"mno-762164782-1212","properties":{"category":"МНО","layer":"mno","district":"Левобережный","section":"Участок 5","name":"Ленинградское шоссе,112 к.3","address":"Ленинградское шоссе,112 к.3","source_address":"ДТ\\Ленинградское шоссе 112 к.3","mno_type":"КП","container_count":"3","id":"3478914","mno_id":"762164782"},"geometry":{"type":"Point","coordinates":[37.46763,55.865293]}},{"type":"Feature","id":"mno-801688429-1213","properties":{"category":"МНО","layer":"mno","district":"Левобережный","section":"Участок 5","name":"Ленинградское шоссе,112 к.4","address":"Ленинградское шоссе,112 к.4","source_address":"ДТ\\Ленинградское шоссе 112 к.4","mno_type":"КП","container_count":"2","id":"3478945","mno_id":"801688429"},"geometry":{"type":"Point","coordinates":[37.467345,55.865708]}},{"type":"Feature","id":"mno-774946454-1214","properties":{"category":"МНО","layer":"mno","district":"Левобережный","section":"Участок 5","name":"Ленинградское шоссе,114","address":"Ленинградское шоссе,114","source_address":"ДТ\\Ленинградское шоссе 114","mno_type":"КП","container_count":"5","id":"2339979","mno_id":"774946454"},"geometry":{"type":"Point","coordinates":[37.463628,55.865744]}},{"type":"Feature","id":"mno-464284249-1215","properties":{"category":"МНО","layer":"mno","district":"Левобережный","section":"Участок 5","name":"Ленинградское шоссе,120","address":"Ленинградское шоссе,120","source_address":"ДТ\\Ленинградское шоссе 120","mno_type":"КП","container_count":"3","id":"589480","mno_id":"464284249"},"geometry":{"type":"Point","coordinates":[37.462954,55.867421]}},{"type":"Feature","id":"mno-798735202-1216","properties":{"category":"МНО","layer":"mno","district":"Левобережный","section":"Участок 5","name":"Ленинградское шоссе,128","address":"Ленинградское шоссе,128","source_address":"ДТ\\Ленинградское шоссе 128","mno_type":"КП","container_count":"3","id":"630028","mno_id":"798735202"},"geometry":{"type":"Point","coordinates":[37.461537,55.869624]}},{"type":"Feature","id":"mno-941043638-1217","properties":{"category":"МНО","layer":"mno","district":"Левобережный","section":"Участок 1","name":"Ленинградское шоссе,94 к.3","address":"Ленинградское шоссе,94 к.3","source_address":"ДТ\\Ленинградское шоссе 94 к.3","mno_type":"БП","container_count":"1","id":"2356621","mno_id":"941043638"},"geometry":{"type":"Point","coordinates":[37.471908,55.856513]}},{"type":"Feature","id":"mno-94104363-1218","properties":{"category":"МНО","layer":"mno","district":"Левобережный","section":"Участок 1","name":"Ленинградское шоссе,94 к.3","address":"Ленинградское шоссе,94 к.3","source_address":"ДТ\\Ленинградское шоссе 94 к.3","mno_type":"КП","container_count":"1","id":"2356621","mno_id":"94104363"},"geometry":{"type":"Point","coordinates":[37.471908,55.856513]}},{"type":"Feature","id":"mno-921292425-1219","properties":{"category":"МНО","layer":"mno","district":"Левобережный","section":"Участок 1","name":"Ленинградское шоссе,96 к.4","address":"Ленинградское шоссе,96 к.4","source_address":"ДТ\\Ленинградское шоссе 96 к.4","mno_type":"КП","container_count":"4","id":"3477831","mno_id":"921292425"},"geometry":{"type":"Point","coordinates":[37.473798,55.857225]}},{"type":"Feature","id":"mno-828520070-1220","properties":{"category":"МНО","layer":"mno","district":"Левобережный","section":"Участок 1","name":"Ленинградское шоссе,98 к.3","address":"Ленинградское шоссе,98 к.3","source_address":"ДТ\\Ленинградское шоссе 98 к.3","mno_type":"КП","container_count":"4","id":"3478119","mno_id":"828520070"},"geometry":{"type":"Point","coordinates":[37.471477,55.858564]}},{"type":"Feature","id":"mno-802368228-1221","properties":{"category":"МНО","layer":"mno","district":"Левобережный","section":"Участок 1","name":"Ленинградское шоссе,дом 108","address":"Ленинградское шоссе,дом 108","source_address":"ДТ\\Ленинградское шоссе 108","mno_type":"КП","container_count":"4","id":"206371096","mno_id":"802368228"},"geometry":{"type":"Point","coordinates":[37.468509,55.860133]}},{"type":"Feature","id":"mno-804825906-1222","properties":{"category":"МНО","layer":"mno","district":"Левобережный","section":"Участок 1","name":"Ленинградское шоссе,дом 108, корпус 1","address":"Ленинградское шоссе,дом 108, корпус 1","source_address":"ДТ\\Ленинградское шоссе 108 к.1","mno_type":"КП","container_count":"4","id":"3555811","mno_id":"804825906"},"geometry":{"type":"Point","coordinates":[37.468194,55.860818]}},{"type":"Feature","id":"mno-802462289-1223","properties":{"category":"МНО","layer":"mno","district":"Левобережный","section":"Участок 1","name":"Ленинградское шоссе,дом 108, корпус 3","address":"Ленинградское шоссе,дом 108, корпус 3","source_address":"ДТ\\Ленинградское шоссе 108 к.3","mno_type":"КП","container_count":"2","id":"3555804","mno_id":"802462289"},"geometry":{"type":"Point","coordinates":[37.467886,55.861]}},{"type":"Feature","id":"mno-802179235-1224","properties":{"category":"МНО","layer":"mno","district":"Левобережный","section":"Участок 1","name":"Ленинградское шоссе,дом 110/2","address":"Ленинградское шоссе,дом 110/2","source_address":"ДТ\\Ленинградское шоссе 110/2","mno_type":"КП","container_count":"2","id":"3478645","mno_id":"802179235"},"geometry":{"type":"Point","coordinates":[37.467559,55.861606]}},{"type":"Feature","id":"mno-463894418-1225","properties":{"category":"МНО","layer":"mno","district":"Левобережный","section":"Участок 5","name":"Ленинградское шоссе,дом 112/1, корпус 1","address":"Ленинградское шоссе,дом 112/1, корпус 1","source_address":"ДТ\\Ленинградское шоссе 112/1 к.1","mno_type":"КП","container_count":"3","id":"3478763","mno_id":"463894418"},"geometry":{"type":"Point","coordinates":[37.466039,55.863759]}},{"type":"Feature","id":"mno-438829410-1226","properties":{"category":"МНО","layer":"mno","district":"Левобережный","section":"Участок 5","name":"Ленинградское шоссе,дом 118, корпус 1","address":"Ленинградское шоссе,дом 118, корпус 1","source_address":"ДТ\\Ленинградское шоссе 118 к.1","mno_type":"КП","container_count":"2","id":"2347324","mno_id":"438829410"},"geometry":{"type":"Point","coordinates":[37.463151,55.866677]}},{"type":"Feature","id":"mno-798704039-1227","properties":{"category":"МНО","layer":"mno","district":"Левобережный","section":"Участок 5","name":"Ленинградское шоссе,дом 120, корпус 3","address":"Ленинградское шоссе,дом 120, корпус 3","source_address":"ДТ\\Ленинградское шоссе 120 к.3","mno_type":"КП","container_count":"2","id":"2363598","mno_id":"798704039"},"geometry":{"type":"Point","coordinates":[37.464725,55.868117]}},{"type":"Feature","id":"mno-942172114-1228","properties":{"category":"МНО","layer":"mno","district":"Левобережный","section":"Участок 5","name":"Ленинградское шоссе,дом 124, корпус 1","address":"Ленинградское шоссе,дом 124, корпус 1","source_address":"ДТ\\Ленинградское шоссе 124 к.1","mno_type":"КП","container_count":"3","id":"2345940","mno_id":"942172114"},"geometry":{"type":"Point","coordinates":[37.462076,55.868184]}},{"type":"Feature","id":"mno-798731861-1229","properties":{"category":"МНО","layer":"mno","district":"Левобережный","section":"Участок 5","name":"Ленинградское шоссе,дом 124, корпус 3","address":"Ленинградское шоссе,дом 124, корпус 3","source_address":"ДТ\\Ленинградское шоссе 124 к.3","mno_type":"КП","container_count":"3","id":"2345858","mno_id":"798731861"},"geometry":{"type":"Point","coordinates":[37.464468,55.868452]}},{"type":"Feature","id":"mno-798376908-1230","properties":{"category":"МНО","layer":"mno","district":"Левобережный","section":"Участок 5","name":"Ленинградское шоссе,дом 128, корпус 2","address":"Ленинградское шоссе,дом 128, корпус 2","source_address":"ДТ\\Ленинградское шоссе 128 к.2","mno_type":"КП","container_count":"4","id":"2347938","mno_id":"798376908"},"geometry":{"type":"Point","coordinates":[37.464036,55.86929]}},{"type":"Feature","id":"mno-942175796-1231","properties":{"category":"МНО","layer":"mno","district":"Левобережный","section":"Участок 5","name":"Ленинградское шоссе,дом 130, корпус 1","address":"Ленинградское шоссе,дом 130, корпус 1","source_address":"ДТ\\Ленинградское шоссе 130 к.1","mno_type":"КП","container_count":"3","id":"2346492","mno_id":"942175796"},"geometry":{"type":"Point","coordinates":[37.463556,55.869879]}},{"type":"Feature","id":"mno-798026529-1232","properties":{"category":"МНО","layer":"mno","district":"Левобережный","section":"Участок 5","name":"Ленинградское шоссе,дом 130, корпус 3","address":"Ленинградское шоссе,дом 130, корпус 3","source_address":"ДТ\\Ленинградское шоссе 130 к.3","mno_type":"КП","container_count":"3","id":"2365210","mno_id":"798026529"},"geometry":{"type":"Point","coordinates":[37.462692,55.871165]}},{"type":"Feature","id":"mno-774839915-1233","properties":{"category":"МНО","layer":"mno","district":"Левобережный","section":"Участок 1","name":"Ленинградское шоссе,дом 92/1","address":"Ленинградское шоссе,дом 92/1","source_address":"ДТ\\Ленинградское шоссе 92/1","mno_type":"КП","container_count":"4","id":"3477372","mno_id":"774839915"},"geometry":{"type":"Point","coordinates":[37.47152,55.855387]}},{"type":"Feature","id":"mno-922979223-1234","properties":{"category":"МНО","layer":"mno","district":"Левобережный","section":"Участок 5","name":"Прибрежный проезд,дом 1","address":"Прибрежный проезд,дом 1","source_address":"ДТ\\Прибрежный пр. 1","mno_type":"КП","container_count":"2","id":"601897","mno_id":"922979223"},"geometry":{"type":"Point","coordinates":[37.460945,55.872842]}},{"type":"Feature","id":"mno-804749026-1235","properties":{"category":"МНО","layer":"mno","district":"Левобережный","section":"Участок 5","name":"Прибрежный проезд,дом 3","address":"Прибрежный проезд,дом 3","source_address":"ДТ\\Прибрежный пр. 3","mno_type":"КП","container_count":"2","id":"614737","mno_id":"804749026"},"geometry":{"type":"Point","coordinates":[37.461849,55.873169]}},{"type":"Feature","id":"mno-774968341-1236","properties":{"category":"МНО","layer":"mno","district":"Левобережный","section":"Участок 5","name":"Прибрежный проезд,дом 4","address":"Прибрежный проезд,дом 4","source_address":"ДТ\\Прибрежный пр. 4","mno_type":"КП","container_count":"4","id":"586124","mno_id":"774968341"},"geometry":{"type":"Point","coordinates":[37.461977,55.872075]}},{"type":"Feature","id":"mno-80474120-1237","properties":{"category":"МНО","layer":"mno","district":"Левобережный","section":"Участок 5","name":"Прибрежный проезд,дом 7","address":"Прибрежный проезд,дом 7","source_address":"ДТ\\Прибрежный пр. 7","mno_type":"КП","container_count":"4","id":"636174","mno_id":"80474120"},"geometry":{"type":"Point","coordinates":[37.463878,55.873811]}},{"type":"Feature","id":"mno-804741206-1238","properties":{"category":"МНО","layer":"mno","district":"Левобережный","section":"Участок 5","name":"Прибрежный проезд,дом 7","address":"Прибрежный проезд,дом 7","source_address":"ДТ\\Прибрежный пр. 7","mno_type":"КП","container_count":"4","id":"636174","mno_id":"804741206"},"geometry":{"type":"Point","coordinates":[37.467129,55.875136]}},{"type":"Feature","id":"mno-802262735-1239","properties":{"category":"МНО","layer":"mno","district":"Левобережный","section":"Участок 2","name":"Смольная улица,дом 29","address":"Смольная улица,дом 29","source_address":"ДТ\\Смольная ул. 29, 31","mno_type":"КП","container_count":"3","id":"579119","mno_id":"802262735"},"geometry":{"type":"Point","coordinates":[37.484402,55.858107]}},{"type":"Feature","id":"mno-912718041-1240","properties":{"category":"МНО","layer":"mno","district":"Левобережный","section":"Участок 2","name":"Смольная улица,дом 33","address":"Смольная улица,дом 33","source_address":"ДТ\\Смольная ул. 33","mno_type":"КП","container_count":"4","id":"567477","mno_id":"912718041"},"geometry":{"type":"Point","coordinates":[37.48164,55.860536]}},{"type":"Feature","id":"mno-799216893-1241","properties":{"category":"МНО","layer":"mno","district":"Левобережный","section":"Участок 2","name":"Смольная улица,дом 39","address":"Смольная улица,дом 39","source_address":"ДТ\\Смольная ул. 39","mno_type":"КП","container_count":"2","id":"624230","mno_id":"799216893"},"geometry":{"type":"Point","coordinates":[37.480885,55.861626]}},{"type":"Feature","id":"mno-912648847-1242","properties":{"category":"МНО","layer":"mno","district":"Левобережный","section":"Участок 2","name":"Смольная улица,дом 45","address":"Смольная улица,дом 45","source_address":"ДТ\\Смольная ул. 41, 43, 45","mno_type":"КП","container_count":"3","id":"617580","mno_id":"912648847"},"geometry":{"type":"Point","coordinates":[37.479026,55.862912]}},{"type":"Feature","id":"mno-80226575-1243","properties":{"category":"МНО","layer":"mno","district":"Левобережный","section":"Участок 2","name":"Смольная улица,дом 49","address":"Смольная улица,дом 49","source_address":"ДТ\\Смольная ул. 49","mno_type":"КП","container_count":"4","id":"224721993","mno_id":"80226575"},"geometry":{"type":"Point","coordinates":[37.477146,55.863458]}},{"type":"Feature","id":"mno-802265751-1244","properties":{"category":"МНО","layer":"mno","district":"Левобережный","section":"Участок 2","name":"Смольная улица,дом 49","address":"Смольная улица,дом 49","source_address":"ДТ\\Смольная ул. 49","mno_type":"КП","container_count":"4","id":"224721993","mno_id":"802265751"},"geometry":{"type":"Point","coordinates":[37.477225,55.86345]}},{"type":"Feature","id":"mno-802275077-1245","properties":{"category":"МНО","layer":"mno","district":"Левобережный","section":"Участок 2","name":"Смольная улица,дом 51, корпус 1","address":"Смольная улица,дом 51, корпус 1","source_address":"ДТ\\Смольная ул. 51 к.1","mno_type":"КП","container_count":"4","id":"3555823","mno_id":"802275077"},"geometry":{"type":"Point","coordinates":[37.477643,55.864005]}},{"type":"Feature","id":"mno-76705718-1246","properties":{"category":"МНО","layer":"mno","district":"Левобережный","section":"Участок 2","name":"Смольная улица,дом 51, корпус 2","address":"Смольная улица,дом 51, корпус 2","source_address":"ДТ\\Смольная ул. 51 к.2","mno_type":"КП","container_count":"3","id":"3555826","mno_id":"76705718"},"geometry":{"type":"Point","coordinates":[37.47669,55.863545]}},{"type":"Feature","id":"mno-767057182-1247","properties":{"category":"МНО","layer":"mno","district":"Левобережный","section":"Участок 2","name":"Смольная улица,дом 51, корпус 2","address":"Смольная улица,дом 51, корпус 2","source_address":"ДТ\\Смольная ул. 51 к.2","mno_type":"БП","container_count":"3","id":"3555826","mno_id":"767057182"},"geometry":{"type":"Point","coordinates":[37.476645,55.863524]}},{"type":"Feature","id":"mno-439048777-1248","properties":{"category":"МНО","layer":"mno","district":"Левобережный","section":"Участок 2","name":"Смольная улица,дом 51, корпус 3","address":"Смольная улица,дом 51, корпус 3","source_address":"ДТ\\Смольная ул. 51 к.3","mno_type":"КП","container_count":"3","id":"3555807","mno_id":"439048777"},"geometry":{"type":"Point","coordinates":[37.475673,55.863098]}},{"type":"Feature","id":"mno-78698895-1249","properties":{"category":"МНО","layer":"mno","district":"Левобережный","section":"Участок 3","name":"Смольная улица,дом 57, корпус 1","address":"Смольная улица,дом 57, корпус 1","source_address":"ДТ\\Смольная ул. 57 к.1","mno_type":"КП","container_count":"2","id":"786988731","mno_id":"78698895"},"geometry":{"type":"Point","coordinates":[37.473811,55.867486]}},{"type":"Feature","id":"mno-786988951-1250","properties":{"category":"МНО","layer":"mno","district":"Левобережный","section":"Участок 3","name":"Смольная улица,дом 57, корпус 1","address":"Смольная улица,дом 57, корпус 1","source_address":"ДТ\\Смольная ул. 57 к.1","mno_type":"КП","container_count":"2","id":"786988731","mno_id":"786988951"},"geometry":{"type":"Point","coordinates":[37.474021,55.867673]}},{"type":"Feature","id":"mno-1143605098-1251","properties":{"category":"МНО","layer":"mno","district":"Левобережный","section":"Участок 3","name":"Смольная улица,дом 61, корпус 1","address":"Смольная улица,дом 61, корпус 1","source_address":"ДТ\\Смольная ул. 61 к.1","mno_type":"КП","container_count":"3","id":"80510437","mno_id":"1143605098"},"geometry":{"type":"Point","coordinates":[37.472333,55.867513]}},{"type":"Feature","id":"mno-114360509-1252","properties":{"category":"МНО","layer":"mno","district":"Левобережный","section":"Участок 3","name":"Смольная улица,дом 61, корпус 1","address":"Смольная улица,дом 61, корпус 1","source_address":"ДТ\\Смольная ул. 61 к.1","mno_type":"БП","container_count":"3","id":"80510437","mno_id":"114360509"},"geometry":{"type":"Point","coordinates":[37.473089,55.868802]}},{"type":"Feature","id":"mno-11436050-1253","properties":{"category":"МНО","layer":"mno","district":"Левобережный","section":"Участок 3","name":"Смольная улица,дом 61, корпус 1","address":"Смольная улица,дом 61, корпус 1","source_address":"ДТ\\Смольная ул. 61 к.1","mno_type":"КП","container_count":"3","id":"80510437","mno_id":"11436050"},"geometry":{"type":"Point","coordinates":[37.473112,55.868845]}},{"type":"Feature","id":"mno-802279533-1254","properties":{"category":"МНО","layer":"mno","district":"Левобережный","section":"Участок 3","name":"Смольная улица,дом 63","address":"Смольная улица,дом 63","source_address":"ДТ\\Смольная ул. 63","mno_type":"КП","container_count":"3","id":"610922","mno_id":"802279533"},"geometry":{"type":"Point","coordinates":[37.470877,55.869832]}},{"type":"Feature","id":"mno-802288959-1255","properties":{"category":"МНО","layer":"mno","district":"Левобережный","section":"Участок 3","name":"Смольная улица,дом 65","address":"Смольная улица,дом 65","source_address":"ДТ\\Смольная ул. 65","mno_type":"КП","container_count":"2","id":"612456","mno_id":"802288959"},"geometry":{"type":"Point","coordinates":[37.469383,55.871303]}},{"type":"Feature","id":"mno-942174270-1256","properties":{"category":"МНО","layer":"mno","district":"Левобережный","section":"Участок 3","name":"Смольная улица,дом 67, корпус 1","address":"Смольная улица,дом 67, корпус 1","source_address":"ДТ\\Смольная ул. 67 к.1","mno_type":"КП","container_count":"2","id":"584953","mno_id":"942174270"},"geometry":{"type":"Point","coordinates":[37.470048,55.871952]}},{"type":"Feature","id":"mno-949066785-1257","properties":{"category":"МНО","layer":"mno","district":"Левобережный","section":"Участок 3","name":"Смольная улица,дом 67, корпус 2","address":"Смольная улица,дом 67, корпус 2","source_address":"ДТ\\Смольная ул. 67 к.2","mno_type":"КП","container_count":"3","id":"608189","mno_id":"949066785"},"geometry":{"type":"Point","coordinates":[37.467575,55.871468]}},{"type":"Feature","id":"mno-802291861-1258","properties":{"category":"МНО","layer":"mno","district":"Левобережный","section":"Участок 3","name":"Смольная улица,дом 69","address":"Смольная улица,дом 69","source_address":"ДТ\\Смольная ул. 69","mno_type":"КП","container_count":"2","id":"589911","mno_id":"802291861"},"geometry":{"type":"Point","coordinates":[37.469591,55.872361]}},{"type":"Feature","id":"mno-802292239-1259","properties":{"category":"МНО","layer":"mno","district":"Левобережный","section":"Участок 3","name":"Смольная улица,дом 71","address":"Смольная улица,дом 71","source_address":"ДТ\\Смольная ул. 71","mno_type":"КП","container_count":"2","id":"581203","mno_id":"802292239"},"geometry":{"type":"Point","coordinates":[37.46919,55.87278]}},{"type":"Feature","id":"mno-802292739-1260","properties":{"category":"МНО","layer":"mno","district":"Левобережный","section":"Участок 3","name":"Смольная улица,дом 73","address":"Смольная улица,дом 73","source_address":"ДТ\\Смольная ул. 73","mno_type":"КП","container_count":"2","id":"584220","mno_id":"802292739"},"geometry":{"type":"Point","coordinates":[37.467055,55.872197]}},{"type":"Feature","id":"mno-802304675-1261","properties":{"category":"МНО","layer":"mno","district":"Левобережный","section":"Участок 1","name":"Фестивальная улица,дом 13, корпус 3","address":"Фестивальная улица,дом 13, корпус 3","source_address":"ДТ\\Фестивальная ул. 13 к.3","mno_type":"КП","container_count":"2","id":"614893","mno_id":"802304675"},"geometry":{"type":"Point","coordinates":[37.474868,55.857441]}},{"type":"Feature","id":"mno-912621956-1262","properties":{"category":"МНО","layer":"mno","district":"Левобережный","section":"Участок 1","name":"Фестивальная улица,дом 15, корпус 1","address":"Фестивальная улица,дом 15, корпус 1","source_address":"ДТ\\Фестивальная ул. 15 к.1","mno_type":"КП","container_count":"2","id":"565790","mno_id":"912621956"},"geometry":{"type":"Point","coordinates":[37.474531,55.857815]}},{"type":"Feature","id":"mno-936651630-1263","properties":{"category":"МНО","layer":"mno","district":"Левобережный","section":"Участок 1","name":"Фестивальная улица,дом 15, корпус 3","address":"Фестивальная улица,дом 15, корпус 3","source_address":"ДТ\\Фестивальная ул. 15 к.3","mno_type":"КП","container_count":"2","id":"566573","mno_id":"936651630"},"geometry":{"type":"Point","coordinates":[37.473406,55.859186]}},{"type":"Feature","id":"mno-936847177-1264","properties":{"category":"МНО","layer":"mno","district":"Левобережный","section":"Участок 2","name":"Фестивальная улица,дом 27","address":"Фестивальная улица,дом 27","source_address":"ДТ\\Фестивальная ул. 27","mno_type":"КП","container_count":"2","id":"2351775","mno_id":"936847177"},"geometry":{"type":"Point","coordinates":[37.480428,55.856752]}},{"type":"Feature","id":"mno-774991826-1265","properties":{"category":"МНО","layer":"mno","district":"Левобережный","section":"Участок 2","name":"Фестивальная улица,дом 39, корпус 1","address":"Фестивальная улица,дом 39, корпус 1","source_address":"ДТ\\Фестивальная ул. 39 к.1","mno_type":"КП","container_count":"2","id":"618918","mno_id":"774991826"},"geometry":{"type":"Point","coordinates":[37.48216,55.857382]}},{"type":"Feature","id":"mno-767084677-1266","properties":{"category":"МНО","layer":"mno","district":"Левобережный","section":"Участок 2","name":"Фестивальная улица,дом 4","address":"Фестивальная улица,дом 4","source_address":"ДТ\\Фестивальная ул. 4","mno_type":"КП","container_count":"3","id":"621249","mno_id":"767084677"},"geometry":{"type":"Point","coordinates":[37.484609,55.855945]}},{"type":"Feature","id":"mno-468333841-1267","properties":{"category":"МНО","layer":"mno","district":"Левобережный","section":"Участок 2","name":"Фестивальная улица,дом 41, корпус 1","address":"Фестивальная улица,дом 41, корпус 1","source_address":"ДТ\\Фестивальная ул. 41 к.1","mno_type":"КП","container_count":"2","id":"206090185","mno_id":"468333841"},"geometry":{"type":"Point","coordinates":[37.483264,55.857813]}},{"type":"Feature","id":"mno-922306846-1268","properties":{"category":"МНО","layer":"mno","district":"Левобережный","section":"Участок 2","name":"Фестивальная улица,дом 41, корпус 2","address":"Фестивальная улица,дом 41, корпус 2","source_address":"ДТ\\Фестивальная ул. 41 к.2","mno_type":"КП","container_count":"4","id":"2347837","mno_id":"922306846"},"geometry":{"type":"Point","coordinates":[37.482504,55.858372]}},{"type":"Feature","id":"mno-456465993-1269","properties":{"category":"МНО","layer":"mno","district":"Левобережный","section":"Участок 2","name":"Фестивальная улица,дом 41, корпус 4","address":"Фестивальная улица,дом 41, корпус 4","source_address":"ДТ\\Фестивальная ул. 41 к.4","mno_type":"КП","container_count":"3","id":"206129718","mno_id":"456465993"},"geometry":{"type":"Point","coordinates":[37.480815,55.860218]}},{"type":"Feature","id":"mno-774986535-1270","properties":{"category":"МНО","layer":"mno","district":"Левобережный","section":"Участок 1","name":"Фестивальная улица,дом 5","address":"Фестивальная улица,дом 5","source_address":"ДТ\\Фестивальная ул. 5","mno_type":"КП","container_count":"4","id":"618945","mno_id":"774986535"},"geometry":{"type":"Point","coordinates":[37.472783,55.855667]}},{"type":"Feature","id":"mno-936612045-1271","properties":{"category":"МНО","layer":"mno","district":"Левобережный","section":"Участок 1","name":"Фестивальная улица,дом 9","address":"Фестивальная улица,дом 9","source_address":"ДТ\\Фестивальная ул. 9","mno_type":"КП","container_count":"4","id":"599966","mno_id":"936612045"},"geometry":{"type":"Point","coordinates":[37.474245,55.856325]}},{"type":"Feature","id":"mno-1090852378-1272","properties":{"category":"МНО","layer":"mno","district":"Молжаниновский","section":"Участок 1","name":"Бурцевская ул.,1","address":"Бурцевская ул.,1","source_address":"ДТ\\Лужская ул. 1","mno_type":"КП","container_count":"3","id":"907745","mno_id":"1090852378"},"geometry":{"type":"Point","coordinates":[37.382602,55.94399]}},{"type":"Feature","id":"mno-109085237-1273","properties":{"category":"МНО","layer":"mno","district":"Молжаниновский","section":"Участок 1","name":"Колпинская ул.,50 стр.1","address":"Колпинская ул.,50 стр.1","source_address":"ДТ\\Лужская ул. 1","mno_type":"КП","container_count":"3","id":"907745","mno_id":"109085237"},"geometry":{"type":"Point","coordinates":[37.352369,55.945714]}},{"type":"Feature","id":"mno-79454903-1274","properties":{"category":"МНО","layer":"mno","district":"Молжаниновский","section":"Участок 1","name":"Синявинская улица,дом 11, корпус 1","address":"Синявинская улица,дом 11, корпус 1","source_address":"ДТ\\Синявинская ул. 11 к.1, 11 к.2","mno_type":"КП","container_count":"5","id":"264880623","mno_id":"79454903"},"geometry":{"type":"Point","coordinates":[37.345325,55.949314]}},{"type":"Feature","id":"mno-82414150-1275","properties":{"category":"МНО","layer":"mno","district":"Молжаниновский","section":"Участок 1","name":"Синявинская улица,дом 11, корпус 10","address":"Синявинская улица,дом 11, корпус 10","source_address":"ДТ\\Синявинская ул. 11 к.10, 11 к.4","mno_type":"БП","container_count":"1","id":"264881985","mno_id":"82414150"},"geometry":{"type":"Point","coordinates":[37.348189,55.947449]}},{"type":"Feature","id":"mno-8241415-1276","properties":{"category":"МНО","layer":"mno","district":"Молжаниновский","section":"Участок 1","name":"Синявинская улица,дом 11, корпус 10","address":"Синявинская улица,дом 11, корпус 10","source_address":"ДТ\\Синявинская ул. 11 к.10, 11 к.4","mno_type":"КП","container_count":"1","id":"264881985","mno_id":"8241415"},"geometry":{"type":"Point","coordinates":[37.348199,55.947477]}},{"type":"Feature","id":"mno-1195939317-1277","properties":{"category":"МНО","layer":"mno","district":"Молжаниновский","section":"Участок 1","name":"Синявинская улица,дом 11, корпус 13","address":"Синявинская улица,дом 11, корпус 13","source_address":"ДТ\\Синявинская ул. 11 к.11, 11 к.12, 11 к.13","mno_type":"КП","container_count":"7","id":"264883760","mno_id":"1195939317"},"geometry":{"type":"Point","coordinates":[37.34979,55.946404]}},{"type":"Feature","id":"mno-79648039-1278","properties":{"category":"МНО","layer":"mno","district":"Молжаниновский","section":"Участок 1","name":"Синявинская улица дом 11, корпус 15, дом 11, корпус 16","address":"Синявинская улица дом 11, корпус 15, дом 11, корпус 16","source_address":"ДТ\\Синявинская ул. 11 к.15, 11 к.16","mno_type":"КП","container_count":"5","id":"264884303","mno_id":"79648039"},"geometry":{"type":"Point","coordinates":[37.349913,55.944478]}},{"type":"Feature","id":"mno-796480392-1279","properties":{"category":"МНО","layer":"mno","district":"Молжаниновский","section":"Участок 1","name":"Синявинская улица дом 11, корпус 15, дом 11, корпус 16","address":"Синявинская улица дом 11, корпус 15, дом 11, корпус 16","source_address":"ДТ\\Синявинская ул. 11 к.15, 11 к.16","mno_type":"КП","container_count":"5","id":"264884303","mno_id":"796480392"},"geometry":{"type":"Point","coordinates":[37.346234,55.94439]}},{"type":"Feature","id":"mno-794549036-1280","properties":{"category":"МНО","layer":"mno","district":"Молжаниновский","section":"Участок 1","name":"Синявинская улица,дом 11, корпус 2","address":"Синявинская улица,дом 11, корпус 2","source_address":"ДТ\\Синявинская ул. 11 к.1, 11 к.2","mno_type":"КП","container_count":"5","id":"264880623","mno_id":"794549036"},"geometry":{"type":"Point","coordinates":[37.345164,55.94861]}},{"type":"Feature","id":"mno-824141501-1281","properties":{"category":"МНО","layer":"mno","district":"Молжаниновский","section":"Участок 1","name":"Синявинская улица,дом 11, корпус 4","address":"Синявинская улица,дом 11, корпус 4","source_address":"ДТ\\Синявинская ул. 11 к.10, 11 к.4","mno_type":"КП","container_count":"1","id":"264881985","mno_id":"824141501"},"geometry":{"type":"Point","coordinates":[37.345039,55.948022]}},{"type":"Feature","id":"mno-794861313-1282","properties":{"category":"МНО","layer":"mno","district":"Молжаниновский","section":"Участок 1","name":"Синявинская улица,дом 11, корпус 5","address":"Синявинская улица,дом 11, корпус 5","source_address":"ДТ\\Синявинская ул. 11 к.5","mno_type":"КП","container_count":"6","id":"264882579","mno_id":"794861313"},"geometry":{"type":"Point","coordinates":[37.342633,55.946653]}},{"type":"Feature","id":"mno-827009163-1283","properties":{"category":"МНО","layer":"mno","district":"Молжаниновский","section":"Участок 1","name":"Синявинская улица,дом 11, корпус 6","address":"Синявинская улица,дом 11, корпус 6","source_address":"ДТ\\Синявинская ул. 11 к.6, 11 к.7, 11 к.8, 11 к.9","mno_type":"КП","container_count":"12","id":"264883166","mno_id":"827009163"},"geometry":{"type":"Point","coordinates":[37.344884,55.945669]}},{"type":"Feature","id":"mno-10908523-1284","properties":{"category":"МНО","layer":"mno","district":"Молжаниновский","section":"Участок 1","name":"Охтинский проезд,дом 6","address":"Охтинский проезд,дом 6","source_address":"ДТ\\Лужская ул. 1","mno_type":"КП","container_count":"3","id":"907745","mno_id":"10908523"},"geometry":{"type":"Point","coordinates":[37.387845,55.926522]}},{"type":"Feature","id":"mno-1090852-1285","properties":{"category":"МНО","layer":"mno","district":"Молжаниновский","section":"Участок 1","name":"Ленинградское шоссе,дом 171А, строение 1","address":"Ленинградское шоссе,дом 171А, строение 1","source_address":"ДТ\\Лужская ул. 1","mno_type":"КП","container_count":"3","id":"907745","mno_id":"1090852"},"geometry":{"type":"Point","coordinates":[37.376308,55.930924]}},{"type":"Feature","id":"mno-109085-1286","properties":{"category":"МНО","layer":"mno","district":"Молжаниновский","section":"Участок 1","name":"3-я Подрезковская улица,дом 24","address":"3-я Подрезковская улица,дом 24","source_address":"ДТ\\Лужская ул. 1","mno_type":"КП","container_count":"3","id":"907745","mno_id":"109085"},"geometry":{"type":"Point","coordinates":[37.352427,55.9416]}},{"type":"Feature","id":"mno-10908-1287","properties":{"category":"МНО","layer":"mno","district":"Молжаниновский","section":"Участок 1","name":"Ленинградское шоссе,248","address":"Ленинградское шоссе,248","source_address":"ДТ\\Лужская ул. 1","mno_type":"КП","container_count":"3","id":"907745","mno_id":"10908"},"geometry":{"type":"Point","coordinates":[37.375493,55.934476]}},{"type":"Feature","id":"mno-803745458-1288","properties":{"category":"МНО","layer":"mno","district":"Савеловский","section":"Участок 4","name":"1-я Хуторская улица,дом 16/26, корпус 5","address":"1-я Хуторская улица,дом 16/26, корпус 5","source_address":"ДТ\\Хуторская 1-я ул. 16/26 к.4, 16/26 к.5, 16/26 к.6","mno_type":"КП","container_count":"5","id":"367031","mno_id":"803745458"},"geometry":{"type":"Point","coordinates":[37.575726,55.805534]}},{"type":"Feature","id":"mno-820784008-1289","properties":{"category":"МНО","layer":"mno","district":"Савеловский","section":"Участок 3","name":"1-я Хуторская улица,дом 4, корпус 1","address":"1-я Хуторская улица,дом 4, корпус 1","source_address":"ДТ\\Хуторская 1-я ул. 4 к.1","mno_type":"КП","container_count":"5","id":"471774","mno_id":"820784008"},"geometry":{"type":"Point","coordinates":[37.567737,55.801818]}},{"type":"Feature","id":"mno-804970200-1290","properties":{"category":"МНО","layer":"mno","district":"Савеловский","section":"Участок 3","name":"1-я Хуторская улица,дом 5","address":"1-я Хуторская улица,дом 5","source_address":"ДТ\\Хуторская 1-я ул. 5, 5А","mno_type":"КП","container_count":"3","id":"464923","mno_id":"804970200"},"geometry":{"type":"Point","coordinates":[37.571324,55.80368]}},{"type":"Feature","id":"mno-931757025-1291","properties":{"category":"МНО","layer":"mno","district":"Савеловский","section":"Участок 3","name":"1-я Хуторская улица,дом 8, корпус 3","address":"1-я Хуторская улица,дом 8, корпус 3","source_address":"ДТ\\Хуторская 1-я ул. 8 к.3","mno_type":"КП","container_count":"5","id":"4248855","mno_id":"931757025"},"geometry":{"type":"Point","coordinates":[37.572971,55.803666]}},{"type":"Feature","id":"mno-1289780877-1292","properties":{"category":"МНО","layer":"mno","district":"Савеловский","section":"Участок 1","name":"2-я Квесисская улица,дом 11","address":"2-я Квесисская улица,дом 11","source_address":"ДТ\\Квесисская 2-я ул. 11, 13","mno_type":"БП","container_count":"1","id":"374389","mno_id":"1289780877"},"geometry":{"type":"Point","coordinates":[37.580869,55.794195]}},{"type":"Feature","id":"mno-128978087-1293","properties":{"category":"МНО","layer":"mno","district":"Савеловский","section":"Участок 1","name":"2-я Квесисская улица,дом 13","address":"2-я Квесисская улица,дом 13","source_address":"ДТ\\Квесисская 2-я ул. 11, 13","mno_type":"КП","container_count":"1","id":"374389","mno_id":"128978087"},"geometry":{"type":"Point","coordinates":[37.580878,55.79396]}},{"type":"Feature","id":"mno-439924175-1294","properties":{"category":"МНО","layer":"mno","district":"Савеловский","section":"Участок 1","name":"2-я Квесисская улица,дом 21","address":"2-я Квесисская улица,дом 21","source_address":"ДТ\\Квесисская 2-я ул. 21","mno_type":"КП","container_count":"5","id":"582479","mno_id":"439924175"},"geometry":{"type":"Point","coordinates":[37.57716,55.794692]}},{"type":"Feature","id":"mno-836150154-1295","properties":{"category":"МНО","layer":"mno","district":"Савеловский","section":"Участок 1","name":"2-я улица Бебеля,дом 38, корпус 3","address":"2-я улица Бебеля,дом 38, корпус 3","source_address":"ДТ\\Бебеля 2-я ул. 38 к.1, 38 к.2, 38 к.3","mno_type":"КП","container_count":"5","id":"474121","mno_id":"836150154"},"geometry":{"type":"Point","coordinates":[37.570312,55.796087]}},{"type":"Feature","id":"mno-820784784-1296","properties":{"category":"МНО","layer":"mno","district":"Савеловский","section":"Участок 4","name":"2-я Хуторская улица,дом 11","address":"2-я Хуторская улица,дом 11","source_address":"ДТ\\Хуторская 2-я ул. 11","mno_type":"КП","container_count":"2","id":"401781","mno_id":"820784784"},"geometry":{"type":"Point","coordinates":[37.578243,55.806446]}},{"type":"Feature","id":"mno-89198085-1297","properties":{"category":"МНО","layer":"mno","district":"Савеловский","section":"Участок 4","name":"2-я Хуторская улица,дом 18, корпус 2","address":"2-я Хуторская улица,дом 18, корпус 2","source_address":"ДТ\\Хуторская 2-я ул. 18 к.1, 18 к.2, 20","mno_type":"КП","container_count":"3","id":"426406","mno_id":"89198085"},"geometry":{"type":"Point","coordinates":[37.574096,55.806819]}},{"type":"Feature","id":"mno-891980853-1298","properties":{"category":"МНО","layer":"mno","district":"Савеловский","section":"Участок 4","name":"2-я Хуторская улица,дом 18, корпус 2","address":"2-я Хуторская улица,дом 18, корпус 2","source_address":"ДТ\\Хуторская 2-я ул. 18 к.1, 18 к.2, 20","mno_type":"БП","container_count":"3","id":"426406","mno_id":"891980853"},"geometry":{"type":"Point","coordinates":[37.574245,55.806853]}},{"type":"Feature","id":"mno-83112144-1299","properties":{"category":"МНО","layer":"mno","district":"Савеловский","section":"Участок 3","name":"2-я Хуторская улица,дом 27","address":"2-я Хуторская улица,дом 27","source_address":"ДТ\\Башиловская ул. 29; Хуторская 2-я ул. 27","mno_type":"БП","container_count":"1","id":"2325681","mno_id":"83112144"},"geometry":{"type":"Point","coordinates":[37.570881,55.804903]}},{"type":"Feature","id":"mno-831121442-1300","properties":{"category":"МНО","layer":"mno","district":"Савеловский","section":"Участок 3","name":"2-я Хуторская улица,дом 27","address":"2-я Хуторская улица,дом 27","source_address":"ДТ\\Башиловская ул. 29; Хуторская 2-я ул. 27","mno_type":"КП","container_count":"1","id":"2325681","mno_id":"831121442"},"geometry":{"type":"Point","coordinates":[37.570923,55.80489]}},{"type":"Feature","id":"mno-804741802-1301","properties":{"category":"МНО","layer":"mno","district":"Савеловский","section":"Участок 3","name":"4-й Вятский переулок,дом 16, корпус 2","address":"4-й Вятский переулок,дом 16, корпус 2","source_address":"ДТ\\Вятский 4-й пер. 16 к.1, 16 к.2","mno_type":"КП","container_count":"3","id":"3773306","mno_id":"804741802"},"geometry":{"type":"Point","coordinates":[37.570959,55.801198]}},{"type":"Feature","id":"mno-803213461-1302","properties":{"category":"МНО","layer":"mno","district":"Савеловский","section":"Участок 3","name":"4-й Вятский переулок,дом 18, корпус 3","address":"4-й Вятский переулок,дом 18, корпус 3","source_address":"ДТ\\Вятский 4-й пер. 18 к.3, 18 к.4","mno_type":"КП","container_count":"3","id":"3947793","mno_id":"803213461"},"geometry":{"type":"Point","coordinates":[37.569562,55.802228]}},{"type":"Feature","id":"mno-801585428-1303","properties":{"category":"МНО","layer":"mno","district":"Савеловский","section":"Участок 3","name":"4-й Вятский переулок,дом 20","address":"4-й Вятский переулок,дом 20","source_address":"ДТ\\Вятский 4-й пер. 20","mno_type":"КП","container_count":"5","id":"569882","mno_id":"801585428"},"geometry":{"type":"Point","coordinates":[37.570337,55.800383]}},{"type":"Feature","id":"mno-804778372-1304","properties":{"category":"МНО","layer":"mno","district":"Савеловский","section":"Участок 3","name":"4-й Вятский переулок,дом 37","address":"4-й Вятский переулок,дом 37","source_address":"ДТ\\Вятский 4-й пер. 33/47, 35, 37","mno_type":"КП","container_count":"5","id":"584298","mno_id":"804778372"},"geometry":{"type":"Point","coordinates":[37.570237,55.800197]}},{"type":"Feature","id":"mno-831118853-1305","properties":{"category":"МНО","layer":"mno","district":"Савеловский","section":"Участок 1","name":"Башиловская улица,дом 10","address":"Башиловская улица,дом 10","source_address":"ДТ\\Башиловская ул. 10","mno_type":"КП","container_count":"3","id":"427152","mno_id":"831118853"},"geometry":{"type":"Point","coordinates":[37.577552,55.796769]}},{"type":"Feature","id":"mno-806632873-1306","properties":{"category":"МНО","layer":"mno","district":"Савеловский","section":"Участок 1","name":"Башиловская улица,дом 14, корпус 2","address":"Башиловская улица,дом 14, корпус 2","source_address":"ДТ\\Башиловская ул. 14 к.1, 14 к.2","mno_type":"КП","container_count":"4","id":"462079","mno_id":"806632873"},"geometry":{"type":"Point","coordinates":[37.577386,55.797757]}},{"type":"Feature","id":"mno-825029812-1307","properties":{"category":"МНО","layer":"mno","district":"Савеловский","section":"Участок 3","name":"Башиловская улица,дом 23, корпус 1","address":"Башиловская улица,дом 23, корпус 1","source_address":"ДТ\\Башиловская ул. 23 к.1","mno_type":"КП","container_count":"4","id":"403583","mno_id":"825029812"},"geometry":{"type":"Point","coordinates":[37.573797,55.801967]}},{"type":"Feature","id":"mno-804245716-1308","properties":{"category":"МНО","layer":"mno","district":"Савеловский","section":"Участок 3","name":"Башиловская улица,дом 23, корпус 4","address":"Башиловская улица,дом 23, корпус 4","source_address":"ДТ\\Башиловская ул. 23 к.4","mno_type":"КП","container_count":"3","id":"2327474","mno_id":"804245716"},"geometry":{"type":"Point","coordinates":[37.571968,55.801973]}},{"type":"Feature","id":"mno-832729581-1309","properties":{"category":"МНО","layer":"mno","district":"Савеловский","section":"Участок 4","name":"Башиловская улица,дом 28","address":"Башиловская улица,дом 28","source_address":"ДТ\\Башиловская ул. 26, 28","mno_type":"КП","container_count":"2","id":"436957","mno_id":"832729581"},"geometry":{"type":"Point","coordinates":[37.574145,55.80544]}},{"type":"Feature","id":"mno-801168246-1310","properties":{"category":"МНО","layer":"mno","district":"Савеловский","section":"Участок 1","name":"Башиловская улица,дом 3, корпус 1","address":"Башиловская улица,дом 3, корпус 1","source_address":"ДТ\\Башиловская ул. 3 к.1, 3 к.2","mno_type":"КП","container_count":"2","id":"612087","mno_id":"801168246"},"geometry":{"type":"Point","coordinates":[37.575904,55.793596]}},{"type":"Feature","id":"mno-820733534-1311","properties":{"category":"МНО","layer":"mno","district":"Савеловский","section":"Участок 1","name":"Бутырская улица,дом 15","address":"Бутырская улица,дом 15","source_address":"ДТ\\Бутырская ул. 15","mno_type":"КП","container_count":"11","id":"425259","mno_id":"820733534"},"geometry":{"type":"Point","coordinates":[37.58229,55.797728]}},{"type":"Feature","id":"mno-816971707-1312","properties":{"category":"МНО","layer":"mno","district":"Савеловский","section":"Участок 4","name":"Бутырская улица,дом 21","address":"Бутырская улица,дом 21","source_address":"ДТ\\Бутырская ул. 17А, 21","mno_type":"КП","container_count":"7","id":"376931","mno_id":"816971707"},"geometry":{"type":"Point","coordinates":[37.582448,55.799422]}},{"type":"Feature","id":"mno-804711147-1313","properties":{"category":"МНО","layer":"mno","district":"Савеловский","section":"Участок 1","name":"Бутырская улица,дом 3","address":"Бутырская улица,дом 3","source_address":"ДТ\\Бутырская ул. 3, 5","mno_type":"КП","container_count":"5","id":"616255","mno_id":"804711147"},"geometry":{"type":"Point","coordinates":[37.582689,55.793658]}},{"type":"Feature","id":"mno-820778307-1314","properties":{"category":"МНО","layer":"mno","district":"Савеловский","section":"Участок 4","name":"Бутырская улица,дом 53, корпус 2","address":"Бутырская улица,дом 53, корпус 2","source_address":"ДТ\\Бутырская ул. 53 к.1, 53 к.2, 53 к.3","mno_type":"КП","container_count":"12","id":"428729","mno_id":"820778307"},"geometry":{"type":"Point","coordinates":[37.582196,55.800202]}},{"type":"Feature","id":"mno-831121770-1315","properties":{"category":"МНО","layer":"mno","district":"Савеловский","section":"Участок 4","name":"Бутырская улица,дом 65/68","address":"Бутырская улица,дом 65/68","source_address":"ДТ\\Бутырская ул. 65/68","mno_type":"КП","container_count":"6","id":"390440","mno_id":"831121770"},"geometry":{"type":"Point","coordinates":[37.581799,55.801946]}},{"type":"Feature","id":"mno-798627838-1316","properties":{"category":"МНО","layer":"mno","district":"Савеловский","section":"Участок 4","name":"Бутырская улица,дом 79","address":"Бутырская улица,дом 79","source_address":"ДТ\\Бутырская ул. 79","mno_type":"КП","container_count":"8","id":"3946383","mno_id":"798627838"},"geometry":{"type":"Point","coordinates":[37.580983,55.804759]}},{"type":"Feature","id":"mno-801176944-1317","properties":{"category":"МНО","layer":"mno","district":"Савеловский","section":"Участок 4","name":"Бутырская улица,дом 91","address":"Бутырская улица,дом 91","source_address":"ДТ\\Бутырская ул. 89, 91","mno_type":"КП","container_count":"6","id":"481042","mno_id":"801176944"},"geometry":{"type":"Point","coordinates":[37.580242,55.806133]}},{"type":"Feature","id":"mno-80493515-1318","properties":{"category":"МНО","layer":"mno","district":"Савеловский","section":"Участок 4","name":"Бутырская улица,дом 97","address":"Бутырская улица,дом 97","source_address":"ДТ\\Бутырская ул. 97","mno_type":"БП","container_count":"1","id":"466696","mno_id":"80493515"},"geometry":{"type":"Point","coordinates":[37.57805,55.807604]}},{"type":"Feature","id":"mno-804935157-1319","properties":{"category":"МНО","layer":"mno","district":"Савеловский","section":"Участок 4","name":"Бутырская улица,дом 97","address":"Бутырская улица,дом 97","source_address":"ДТ\\Бутырская ул. 97","mno_type":"КП","container_count":"1","id":"466696","mno_id":"804935157"},"geometry":{"type":"Point","coordinates":[37.577916,55.807601]}},{"type":"Feature","id":"mno-830469702-1320","properties":{"category":"МНО","layer":"mno","district":"Савеловский","section":"Участок 1","name":"Вятская улица,дом 16","address":"Вятская улица,дом 16","source_address":"ДТ\\Бутырская ул. 7, 9 к.1; Вятская ул. 16","mno_type":"КП","container_count":"3","id":"625677","mno_id":"830469702"},"geometry":{"type":"Point","coordinates":[37.582723,55.794617]}},{"type":"Feature","id":"mno-804738778-1321","properties":{"category":"МНО","layer":"mno","district":"Савеловский","section":"Участок 4","name":"Вятская улица,дом 51","address":"Вятская улица,дом 51","source_address":"ДТ\\Вятская ул. 51; Хуторской 1-й пер. 4","mno_type":"КП","container_count":"5","id":"348794","mno_id":"804738778"},"geometry":{"type":"Point","coordinates":[37.579294,55.805988]}},{"type":"Feature","id":"mno-81695837-1322","properties":{"category":"МНО","layer":"mno","district":"Савеловский","section":"Участок 2","name":"Мирской переулок,дом 8, корпус 2","address":"Мирской переулок,дом 8, корпус 2","source_address":"ДТ\\Мирской пер. 4, 8 к.1, 8 к.2, 8 к.3; Петровско-Разумовский пр. 17, 17А","mno_type":"КП","container_count":"6","id":"634209","mno_id":"81695837"},"geometry":{"type":"Point","coordinates":[37.565284,55.798243]}},{"type":"Feature","id":"mno-816958376-1323","properties":{"category":"МНО","layer":"mno","district":"Савеловский","section":"Участок 2","name":"Мирской переулок,дом 8, корпус 3","address":"Мирской переулок,дом 8, корпус 3","source_address":"ДТ\\Мирской пер. 4, 8 к.1, 8 к.2, 8 к.3; Петровско-Разумовский пр. 17, 17А","mno_type":"БП","container_count":"6","id":"634209","mno_id":"816958376"},"geometry":{"type":"Point","coordinates":[37.565236,55.798364]}},{"type":"Feature","id":"mno-816964682-1324","properties":{"category":"МНО","layer":"mno","district":"Савеловский","section":"Участок 2","name":"Мишина улица,дом 26","address":"Мишина улица,дом 26","source_address":"ДТ\\Мишина ул. 26","mno_type":"КП","container_count":"2","id":"3944632","mno_id":"816964682"},"geometry":{"type":"Point","coordinates":[37.564825,55.79532]}},{"type":"Feature","id":"mno-816967972-1325","properties":{"category":"МНО","layer":"mno","district":"Савеловский","section":"Участок 2","name":"Мишина улица,дом 27","address":"Мишина улица,дом 27","source_address":"ДТ\\Мишина ул. 27, 29","mno_type":"КП","container_count":"3","id":"353231","mno_id":"816967972"},"geometry":{"type":"Point","coordinates":[37.564814,55.794682]}},{"type":"Feature","id":"mno-931973402-1326","properties":{"category":"МНО","layer":"mno","district":"Савеловский","section":"Участок 2","name":"Мишина улица,дом 34, корпус 2","address":"Мишина улица,дом 34, корпус 2","source_address":"ДТ\\Мишина ул. 34 к.1, 34 к.2","mno_type":"КП","container_count":"4","id":"629650","mno_id":"931973402"},"geometry":{"type":"Point","coordinates":[37.564079,55.796115]}},{"type":"Feature","id":"mno-832860183-1327","properties":{"category":"МНО","layer":"mno","district":"Савеловский","section":"Участок 2","name":"Мишина улица,дом 39","address":"Мишина улица,дом 39","source_address":"ДТ\\Мишина ул. 39","mno_type":"КП","container_count":"3","id":"566505","mno_id":"832860183"},"geometry":{"type":"Point","coordinates":[37.56077,55.798117]}},{"type":"Feature","id":"mno-816961828-1328","properties":{"category":"МНО","layer":"mno","district":"Савеловский","section":"Участок 2","name":"Мишина улица,дом 4","address":"Мишина улица,дом 4","source_address":"ДТ\\Мишина ул. 4","mno_type":"КП","container_count":"3","id":"2327867","mno_id":"816961828"},"geometry":{"type":"Point","coordinates":[37.567004,55.794029]}},{"type":"Feature","id":"mno-766475910-1329","properties":{"category":"МНО","layer":"mno","district":"Савеловский","section":"Участок 1","name":"Петровско-Разумовский проезд,дом 10","address":"Петровско-Разумовский проезд,дом 10","source_address":"ДТ\\Петровско-Разумовский пр. 10","mno_type":"КП","container_count":"2","id":"398682","mno_id":"766475910"},"geometry":{"type":"Point","coordinates":[37.570474,55.794682]}},{"type":"Feature","id":"mno-821066038-1330","properties":{"category":"МНО","layer":"mno","district":"Савеловский","section":"Участок 2","name":"Петровско-Разумовский проезд,дом 11А","address":"Петровско-Разумовский проезд,дом 11А","source_address":"ДТ\\Петровско-Разумовский пр. 11А","mno_type":"КП","container_count":"3","id":"474756","mno_id":"821066038"},"geometry":{"type":"Point","coordinates":[37.567783,55.79666]}},{"type":"Feature","id":"mno-1198536506-1331","properties":{"category":"МНО","layer":"mno","district":"Савеловский","section":"Участок 3","name":"Петровско-Разумовский проезд,дом 16","address":"Петровско-Разумовский проезд,дом 16","source_address":"ДТ\\Петровско-Разумовский пр. 16, 16 к.2","mno_type":"КП","container_count":"2","id":"478061","mno_id":"1198536506"},"geometry":{"type":"Point","coordinates":[37.570229,55.798357]}},{"type":"Feature","id":"mno-119853650-1332","properties":{"category":"МНО","layer":"mno","district":"Савеловский","section":"Участок 3","name":"Петровско-Разумовский проезд,дом 16","address":"Петровско-Разумовский проезд,дом 16","source_address":"ДТ\\Петровско-Разумовский пр. 16, 16 к.2","mno_type":"КП","container_count":"2","id":"478061","mno_id":"119853650"},"geometry":{"type":"Point","coordinates":[37.568532,55.798828]}},{"type":"Feature","id":"mno-80490265-1333","properties":{"category":"МНО","layer":"mno","district":"Савеловский","section":"Участок 1","name":"Петровско-Разумовский проезд,дом 2","address":"Петровско-Разумовский проезд,дом 2","source_address":"ДТ\\Масловка Нижн. ул. 18, 20; Петровско-Разумовский пр. 2","mno_type":"КП","container_count":"4","id":"596552","mno_id":"80490265"},"geometry":{"type":"Point","coordinates":[37.57064,55.792187]}},{"type":"Feature","id":"mno-804926043-1334","properties":{"category":"МНО","layer":"mno","district":"Савеловский","section":"Участок 3","name":"Петровско-Разумовский проезд,дом 20","address":"Петровско-Разумовский проезд,дом 20","source_address":"ДТ\\Петровско-Разумовский пр. 20","mno_type":"КП","container_count":"2","id":"462870","mno_id":"804926043"},"geometry":{"type":"Point","coordinates":[37.567113,55.799851]}},{"type":"Feature","id":"mno-1030678528-1335","properties":{"category":"МНО","layer":"mno","district":"Савеловский","section":"Участок 3","name":"Петровско-Разумовский проезд,дом 22, корпус 8","address":"Петровско-Разумовский проезд,дом 22, корпус 8","source_address":"ДТ\\Вятский 4-й пер. 24 к.3; Петровско-Разумовский пр. 22 к.11, 22 к.8","mno_type":"БП","container_count":"1","id":"592765","mno_id":"1030678528"},"geometry":{"type":"Point","coordinates":[37.566523,55.800836]}},{"type":"Feature","id":"mno-103067852-1336","properties":{"category":"МНО","layer":"mno","district":"Савеловский","section":"Участок 3","name":"Петровско-Разумовский проезд,дом 22, корпус 8","address":"Петровско-Разумовский проезд,дом 22, корпус 8","source_address":"ДТ\\Вятский 4-й пер. 24 к.3; Петровско-Разумовский пр. 22 к.11, 22 к.8","mno_type":"КП","container_count":"1","id":"592765","mno_id":"103067852"},"geometry":{"type":"Point","coordinates":[37.566726,55.800948]}},{"type":"Feature","id":"mno-766494080-1337","properties":{"category":"МНО","layer":"mno","district":"Савеловский","section":"Участок 3","name":"Петровско-Разумовский проезд,дом 24, корпус 15","address":"Петровско-Разумовский проезд,дом 24, корпус 15","source_address":"ДТ\\Петровско-Разумовский пр. 24 к.15","mno_type":"КП","container_count":"4","id":"354040","mno_id":"766494080"},"geometry":{"type":"Point","coordinates":[37.565487,55.80261]}},{"type":"Feature","id":"mno-80668439-1338","properties":{"category":"МНО","layer":"mno","district":"Савеловский","section":"Участок 3","name":"Петровско-Разумовский проезд,дом 24, корпус 19","address":"Петровско-Разумовский проезд,дом 24, корпус 19","source_address":"ДТ\\Петровско-Разумовский пр. 24 к.17, 24 к.18, 24 к.19","mno_type":"КП","container_count":"2","id":"2327101","mno_id":"80668439"},"geometry":{"type":"Point","coordinates":[37.567735,55.803314]}},{"type":"Feature","id":"mno-8066843-1339","properties":{"category":"МНО","layer":"mno","district":"Савеловский","section":"Участок 3","name":"Петровско-Разумовский проезд,дом 24, корпус 19","address":"Петровско-Разумовский проезд,дом 24, корпус 19","source_address":"ДТ\\Петровско-Разумовский пр. 24 к.17, 24 к.18, 24 к.19","mno_type":"КП","container_count":"2","id":"2327101","mno_id":"8066843"},"geometry":{"type":"Point","coordinates":[37.566484,55.803932]}},{"type":"Feature","id":"mno-806684397-1340","properties":{"category":"МНО","layer":"mno","district":"Савеловский","section":"Участок 3","name":"Петровско-Разумовский проезд,дом 24, корпус 19","address":"Петровско-Разумовский проезд,дом 24, корпус 19","source_address":"ДТ\\Петровско-Разумовский пр. 24 к.17, 24 к.18, 24 к.19","mno_type":"БП","container_count":"2","id":"2327101","mno_id":"806684397"},"geometry":{"type":"Point","coordinates":[37.566382,55.803998]}},{"type":"Feature","id":"mno-804963738-1341","properties":{"category":"МНО","layer":"mno","district":"Савеловский","section":"Участок 3","name":"Петровско-Разумовский проезд,дом 24, корпус 4","address":"Петровско-Разумовский проезд,дом 24, корпус 4","source_address":"ДТ\\Петровско-Разумовский пр. 24 к.4, 24 к.5","mno_type":"КП","container_count":"2","id":"385803","mno_id":"804963738"},"geometry":{"type":"Point","coordinates":[37.564676,55.803264]}},{"type":"Feature","id":"mno-80669375-1342","properties":{"category":"МНО","layer":"mno","district":"Савеловский","section":"Участок 2","name":"Петровско-Разумовский проезд,дом 25А","address":"Петровско-Разумовский проезд,дом 25А","source_address":"ДТ\\Петровско-Разумовский пр. 25А","mno_type":"БП","container_count":"1","id":"4245878","mno_id":"80669375"},"geometry":{"type":"Point","coordinates":[37.562258,55.80235]}},{"type":"Feature","id":"mno-806693751-1343","properties":{"category":"МНО","layer":"mno","district":"Савеловский","section":"Участок 2","name":"Петровско-Разумовский проезд,дом 25А","address":"Петровско-Разумовский проезд,дом 25А","source_address":"ДТ\\Петровско-Разумовский пр. 25А","mno_type":"КП","container_count":"1","id":"4245878","mno_id":"806693751"},"geometry":{"type":"Point","coordinates":[37.56228,55.802339]}},{"type":"Feature","id":"mno-931017565-1344","properties":{"category":"МНО","layer":"mno","district":"Савеловский","section":"Участок 2","name":"Петровско-Разумовский проезд,дом 3/1","address":"Петровско-Разумовский проезд,дом 3/1","source_address":"ДТ\\Масловка Верхн. ул. 2; Петровско-Разумовский пр. 3/1","mno_type":"КП","container_count":"2","id":"599337","mno_id":"931017565"},"geometry":{"type":"Point","coordinates":[37.568166,55.793396]}},{"type":"Feature","id":"mno-93101756-1345","properties":{"category":"МНО","layer":"mno","district":"Савеловский","section":"Участок 2","name":"Петровско-Разумовский проезд,дом 3/1","address":"Петровско-Разумовский проезд,дом 3/1","source_address":"ДТ\\Масловка Верхн. ул. 2; Петровско-Разумовский пр. 3/1","mno_type":"КП","container_count":"2","id":"599337","mno_id":"93101756"},"geometry":{"type":"Point","coordinates":[37.568122,55.792168]}},{"type":"Feature","id":"mno-931750775-1346","properties":{"category":"МНО","layer":"mno","district":"Савеловский","section":"Участок 2","name":"Петровско-Разумовский проезд,дом 9, строение 1","address":"Петровско-Разумовский проезд,дом 9, строение 1","source_address":"ДТ\\Петровско-Разумовский пр. 9 стр.1","mno_type":"КП","container_count":"4","id":"355344","mno_id":"931750775"},"geometry":{"type":"Point","coordinates":[37.567634,55.795088]}},{"type":"Feature","id":"mno-80116950-1347","properties":{"category":"МНО","layer":"mno","district":"Савеловский","section":"Участок 3","name":"Писцовая улица,дом 14","address":"Писцовая улица,дом 14","source_address":"ДТ\\Башиловская ул. 15, 17; Писцовая ул. 14","mno_type":"КП","container_count":"5","id":"3585566","mno_id":"80116950"},"geometry":{"type":"Point","coordinates":[37.574552,55.797855]}},{"type":"Feature","id":"mno-801169508-1348","properties":{"category":"МНО","layer":"mno","district":"Савеловский","section":"Участок 3","name":"Писцовая улица,дом 14","address":"Писцовая улица,дом 14","source_address":"ДТ\\Башиловская ул. 15, 17; Писцовая ул. 14","mno_type":"КП","container_count":"5","id":"3585566","mno_id":"801169508"},"geometry":{"type":"Point","coordinates":[37.575206,55.797813]}},{"type":"Feature","id":"mno-806697215-1349","properties":{"category":"МНО","layer":"mno","district":"Савеловский","section":"Участок 3","name":"Писцовая улица,дом 16, корпус 3","address":"Писцовая улица,дом 16, корпус 3","source_address":"ДТ\\Писцовая ул. 16 к.3, 16 к.4","mno_type":"КП","container_count":"4","id":"448636","mno_id":"806697215"},"geometry":{"type":"Point","coordinates":[37.571357,55.798507]}},{"type":"Feature","id":"mno-836162489-1350","properties":{"category":"МНО","layer":"mno","district":"Савеловский","section":"Участок 1","name":"Писцовая улица,дом 9-11","address":"Писцовая улица,дом 9-11","source_address":"ДТ\\Писцовая ул. 9-11","mno_type":"КП","container_count":"2","id":"352862","mno_id":"836162489"},"geometry":{"type":"Point","coordinates":[37.571639,55.79747]}},{"type":"Feature","id":"mno-804747722-1351","properties":{"category":"МНО","layer":"mno","district":"Савеловский","section":"Участок 3","name":"Полтавская улица,дом 18","address":"Полтавская улица,дом 18","source_address":"ДТ\\Вятский 4-й пер. 23; Полтавская ул. 18","mno_type":"КП","container_count":"4","id":"394659","mno_id":"804747722"},"geometry":{"type":"Point","coordinates":[37.572654,55.800134]}},{"type":"Feature","id":"mno-944713223-1352","properties":{"category":"МНО","layer":"mno","district":"Савеловский","section":"Участок 1","name":"Полтавская улица,дом 35","address":"Полтавская улица,дом 35","source_address":"ДТ\\Полтавская ул. 35","mno_type":"КП","container_count":"3","id":"455925","mno_id":"944713223"},"geometry":{"type":"Point","coordinates":[37.571779,55.795976]}},{"type":"Feature","id":"mno-942012069-1353","properties":{"category":"МНО","layer":"mno","district":"Савеловский","section":"Участок 1","name":"Полтавская улица,дом 4","address":"Полтавская улица,дом 4","source_address":"ДТ\\Квесисская 2-я ул. 23; Полтавская ул. 4","mno_type":"КП","container_count":"3","id":"622864","mno_id":"942012069"},"geometry":{"type":"Point","coordinates":[37.574153,55.793456]}},{"type":"Feature","id":"mno-804967522-1354","properties":{"category":"МНО","layer":"mno","district":"Савеловский","section":"Участок 3","name":"Полтавская улица,дом 47, строение 2","address":"Полтавская улица,дом 47, строение 2","source_address":"ДТ\\Полтавская ул. 47 к.1, 47 к.2","mno_type":"КП","container_count":"2","id":"3940657","mno_id":"804967522"},"geometry":{"type":"Point","coordinates":[37.571274,55.7996]}},{"type":"Feature","id":"mno-816959575-1355","properties":{"category":"МНО","layer":"mno","district":"Савеловский","section":"Участок 1","name":"Полтавская улица,дом 6","address":"Полтавская улица,дом 6","source_address":"ДТ\\Квесисская 2-я ул. 22; Полтавская ул. 6","mno_type":"КП","container_count":"4","id":"476186","mno_id":"816959575"},"geometry":{"type":"Point","coordinates":[37.574399,55.795849]}},{"type":"Feature","id":"mno-801635551-1356","properties":{"category":"МНО","layer":"mno","district":"Савеловский","section":"Участок 2","name":"Старый Петровско-Разумовский проезд,дом 5-13","address":"Старый Петровско-Разумовский проезд,дом 5-13","source_address":"ДТ\\Петровско-Разумовский Стар. пр. 5-13","mno_type":"КП","container_count":"3","id":"3581273","mno_id":"801635551"},"geometry":{"type":"Point","coordinates":[37.561249,55.799715]}},{"type":"Feature","id":"mno-820741000-1357","properties":{"category":"МНО","layer":"mno","district":"Савеловский","section":"Участок 2","name":"Старый Петровско-Разумовский проезд,дом 6, корпус 3","address":"Старый Петровско-Разумовский проезд,дом 6, корпус 3","source_address":"ДТ\\Петровско-Разумовский Стар. пр. 6 к.2, 6 к.3","mno_type":"КП","container_count":"4","id":"595580","mno_id":"820741000"},"geometry":{"type":"Point","coordinates":[37.55946,55.800859]}},{"type":"Feature","id":"mno-79863927-1358","properties":{"category":"МНО","layer":"mno","district":"Савеловский","section":"Участок 2","name":"улица 8 Марта,дом 2/10, корпус 2","address":"улица 8 Марта,дом 2/10, корпус 2","source_address":"ДТ\\8 Марта улица Аэропорт 2/10 к.1, 2/10 к.2, 2/10 к.3","mno_type":"КП","container_count":"2","id":"580875","mno_id":"79863927"},"geometry":{"type":"Point","coordinates":[37.557818,55.799916]}},{"type":"Feature","id":"mno-798639277-1359","properties":{"category":"МНО","layer":"mno","district":"Савеловский","section":"Участок 2","name":"улица 8 Марта,дом 2/10, корпус 2","address":"улица 8 Марта,дом 2/10, корпус 2","source_address":"ДТ\\8 Марта улица Аэропорт 2/10 к.1, 2/10 к.2, 2/10 к.3","mno_type":"БП","container_count":"2","id":"580875","mno_id":"798639277"},"geometry":{"type":"Point","coordinates":[37.557796,55.799935]}},{"type":"Feature","id":"mno-820776210-1360","properties":{"category":"МНО","layer":"mno","district":"Савеловский","section":"Участок 2","name":"улица 8 Марта,дом 8, корпус 1","address":"улица 8 Марта,дом 8, корпус 1","source_address":"ДТ\\8 Марта улица Аэропорт 8 к.1, 8 к.2","mno_type":"КП","container_count":"4","id":"578535","mno_id":"820776210"},"geometry":{"type":"Point","coordinates":[37.555358,55.802956]}},{"type":"Feature","id":"mno-803228259-1361","properties":{"category":"МНО","layer":"mno","district":"Савеловский","section":"Участок 2","name":"улица Верхняя Масловка,дом 12","address":"улица Верхняя Масловка,дом 12","source_address":"ДТ\\Масловка Верхн. ул. 10, 12, 8","mno_type":"КП","container_count":"2","id":"595644","mno_id":"803228259"},"geometry":{"type":"Point","coordinates":[37.565349,55.794113]}},{"type":"Feature","id":"mno-816040305-1362","properties":{"category":"МНО","layer":"mno","district":"Савеловский","section":"Участок 2","name":"улица Верхняя Масловка,дом 20","address":"улица Верхняя Масловка,дом 20","source_address":"ДТ\\Масловка Верхн. ул. 20","mno_type":"КП","container_count":"4","id":"3923618","mno_id":"816040305"},"geometry":{"type":"Point","coordinates":[37.563034,55.795478]}},{"type":"Feature","id":"mno-804801286-1363","properties":{"category":"МНО","layer":"mno","district":"Савеловский","section":"Участок 2","name":"улица Верхняя Масловка,дом 22","address":"улица Верхняя Масловка,дом 22","source_address":"ДТ\\Масловка Верхн. ул. 22","mno_type":"КП","container_count":"3","id":"631016","mno_id":"804801286"},"geometry":{"type":"Point","coordinates":[37.560808,55.796961]}},{"type":"Feature","id":"mno-833012890-1364","properties":{"category":"МНО","layer":"mno","district":"Савеловский","section":"Участок 2","name":"улица Верхняя Масловка,дом 28","address":"улица Верхняя Масловка,дом 28","source_address":"ДТ\\Масловка Верхн. ул. 28","mno_type":"КП","container_count":"4","id":"3932854","mno_id":"833012890"},"geometry":{"type":"Point","coordinates":[37.559918,55.799302]}},{"type":"Feature","id":"mno-81504703-1365","properties":{"category":"МНО","layer":"mno","district":"Савеловский","section":"Участок 2","name":"улица Верхняя Масловка,дом 28, корпус 2","address":"улица Верхняя Масловка,дом 28, корпус 2","source_address":"ДТ\\Масловка Верхн. ул. 28 к.2","mno_type":"КП","container_count":"5","id":"3933862","mno_id":"81504703"},"geometry":{"type":"Point","coordinates":[37.559108,55.798646]}},{"type":"Feature","id":"mno-815047035-1366","properties":{"category":"МНО","layer":"mno","district":"Савеловский","section":"Участок 2","name":"улица Верхняя Масловка,дом 28, корпус 2","address":"улица Верхняя Масловка,дом 28, корпус 2","source_address":"ДТ\\Масловка Верхн. ул. 28 к.2","mno_type":"КП","container_count":"5","id":"3933862","mno_id":"815047035"},"geometry":{"type":"Point","coordinates":[37.557837,55.799143]}},{"type":"Feature","id":"mno-804902653-1367","properties":{"category":"МНО","layer":"mno","district":"Савеловский","section":"Участок 1","name":"улица Нижняя Масловка,дом 18","address":"улица Нижняя Масловка,дом 18","source_address":"ДТ\\Масловка Нижн. ул. 18, 20; Петровско-Разумовский пр. 2","mno_type":"КП","container_count":"4","id":"596552","mno_id":"804902653"},"geometry":{"type":"Point","coordinates":[37.572521,55.792362]}},{"type":"Feature","id":"mno-82073947-1368","properties":{"category":"МНО","layer":"mno","district":"Савеловский","section":"Участок 1","name":"улица Нижняя Масловка,дом 6, корпус 2","address":"улица Нижняя Масловка,дом 6, корпус 2","source_address":"ДТ\\Вятская ул. 1, 3; Масловка Нижн. ул. 6 к.1, 6 к.2","mno_type":"КП","container_count":"6","id":"567687","mno_id":"82073947"},"geometry":{"type":"Point","coordinates":[37.581104,55.793233]}},{"type":"Feature","id":"mno-8207394-1369","properties":{"category":"МНО","layer":"mno","district":"Савеловский","section":"Участок 1","name":"улица Нижняя Масловка,дом 6, корпус 2","address":"улица Нижняя Масловка,дом 6, корпус 2","source_address":"ДТ\\Вятская ул. 1, 3; Масловка Нижн. ул. 6 к.1, 6 к.2","mno_type":"БП","container_count":"6","id":"567687","mno_id":"8207394"},"geometry":{"type":"Point","coordinates":[37.5812,55.79277]}},{"type":"Feature","id":"mno-820739-1370","properties":{"category":"МНО","layer":"mno","district":"Савеловский","section":"Участок 1","name":"улица Нижняя Масловка,дом 6, корпус 2","address":"улица Нижняя Масловка,дом 6, корпус 2","source_address":"ДТ\\Вятская ул. 1, 3; Масловка Нижн. ул. 6 к.1, 6 к.2","mno_type":"КП","container_count":"6","id":"567687","mno_id":"820739"},"geometry":{"type":"Point","coordinates":[37.581211,55.79281]}},{"type":"Feature","id":"mno-820739476-1371","properties":{"category":"МНО","layer":"mno","district":"Савеловский","section":"Участок 1","name":"улица Нижняя Масловка,дом 6, корпус 2","address":"улица Нижняя Масловка,дом 6, корпус 2","source_address":"ДТ\\Вятская ул. 1, 3; Масловка Нижн. ул. 6 к.1, 6 к.2","mno_type":"КП","container_count":"6","id":"567687","mno_id":"820739476"},"geometry":{"type":"Point","coordinates":[37.579693,55.792801]}},{"type":"Feature","id":"mno-821069246-1372","properties":{"category":"МНО","layer":"mno","district":"Савеловский","section":"Участок 2","name":"улица Юннатов,дом 14А","address":"улица Юннатов,дом 14А","source_address":"ДТ\\Юннатов ул. 14, 14А","mno_type":"КП","container_count":"2","id":"426615","mno_id":"821069246"},"geometry":{"type":"Point","coordinates":[37.560217,55.801964]}},{"type":"Feature","id":"mno-788419899-1373","properties":{"category":"МНО","layer":"mno","district":"Савеловский","section":"Участок 2","name":"улица Юннатов,дом 17, корпус 2","address":"улица Юннатов,дом 17, корпус 2","source_address":"ДТ\\Юннатов ул. 17 к.1, 17 к.2, 17 к.3, 17 к.4","mno_type":"КП","container_count":"4","id":"600763","mno_id":"788419899"},"geometry":{"type":"Point","coordinates":[37.558452,55.802674]}},{"type":"Feature","id":"mno-944742560-1374","properties":{"category":"МНО","layer":"mno","district":"Савеловский","section":"Участок 2","name":"улица Юннатов,дом 6, корпус 1","address":"улица Юннатов,дом 6, корпус 1","source_address":"ДТ\\Юннатов ул. 6 к.1, 6 к.2","mno_type":"КП","container_count":"3","id":"582413","mno_id":"944742560"},"geometry":{"type":"Point","coordinates":[37.562336,55.799665]}},{"type":"Feature","id":"mno-44103337-1375","properties":{"category":"МНО","layer":"mno","district":"Савеловский","section":"Участок 2","name":"улица Юннатов,дом 7","address":"улица Юннатов,дом 7","source_address":"ДТ\\Юннатов ул. 7","mno_type":"БП","container_count":"1","id":"612970","mno_id":"44103337"},"geometry":{"type":"Point","coordinates":[37.56137,55.798312]}},{"type":"Feature","id":"mno-441033371-1376","properties":{"category":"МНО","layer":"mno","district":"Савеловский","section":"Участок 2","name":"улица Юннатов,дом 7","address":"улица Юннатов,дом 7","source_address":"ДТ\\Юннатов ул. 7","mno_type":"КП","container_count":"1","id":"612970","mno_id":"441033371"},"geometry":{"type":"Point","coordinates":[37.56188,55.79882]}},{"type":"Feature","id":"mno-10004-1377","properties":{"category":"МНО","layer":"mno","district":"Савеловский","section":"Участок 3","name":"Башиловская ул. 19; Вятский 4-й пер. 21","address":"Башиловская ул. 19; Вятский 4-й пер. 21","source_address":"ДТ\\Башиловская ул. 19; Вятский 4-й пер. 21","mno_type":"КП","container_count":"4","id":"459029","mno_id":"10004"},"geometry":{"type":"Point","coordinates":[37.574541,55.799342]}},{"type":"Feature","id":"mno-10005-1378","properties":{"category":"МНО","layer":"mno","district":"Савеловский","section":"Участок 1","name":"Бебеля 1-я ул. 7, 7А","address":"Бебеля 1-я ул. 7, 7А","source_address":"ДТ\\Бебеля 1-я ул. 7, 7А","mno_type":"КП","container_count":"3","id":"614982","mno_id":"10005"},"geometry":{"type":"Point","coordinates":[37.572088,55.793641]}},{"type":"Feature","id":"mno-10006-1379","properties":{"category":"МНО","layer":"mno","district":"Савеловский","section":"Участок 1","name":"Бутырская ул. 19","address":"Бутырская ул. 19","source_address":"ДТ\\Бутырская ул. 19","mno_type":"КП","container_count":"3","id":"370948","mno_id":"10006"},"geometry":{"type":"Point","coordinates":[37.582956,55.796424]}},{"type":"Feature","id":"mno-10007-1380","properties":{"category":"МНО","layer":"mno","district":"Савеловский","section":"Участок 1","name":"Масловка Нижн. ул. 14; Полтавская ул. 2","address":"Масловка Нижн. ул. 14; Полтавская ул. 2","source_address":"ДТ\\Масловка Нижн. ул. 14; Полтавская ул. 2","mno_type":"КП","container_count":"3","id":"618522","mno_id":"10007"},"geometry":{"type":"Point","coordinates":[37.575781,55.79256]}},{"type":"Feature","id":"mno-10008-1381","properties":{"category":"МНО","layer":"mno","district":"Савеловский","section":"Участок 2","name":"Мишина ул. 38","address":"Мишина ул. 38","source_address":"ДТ\\Мишина ул. 38","mno_type":"КП","container_count":"2","id":"632756","mno_id":"10008"},"geometry":{"type":"Point","coordinates":[37.562567,55.797141]}},{"type":"Feature","id":"mno-77501448-1382","properties":{"category":"МНО","layer":"mno","district":"Сокол","section":"Участок 1","name":"2-я Песчаная улица,дом 3","address":"2-я Песчаная улица,дом 3","source_address":"ДТ\\Песчаная 2-я ул. 3","mno_type":"КП","container_count":"5","id":"573660","mno_id":"77501448"},"geometry":{"type":"Point","coordinates":[37.517273,55.796731]}},{"type":"Feature","id":"mno-7750144-1383","properties":{"category":"МНО","layer":"mno","district":"Сокол","section":"Участок 1","name":"2-я Песчаная улица,дом 3","address":"2-я Песчаная улица,дом 3","source_address":"ДТ\\Песчаная 2-я ул. 3","mno_type":"КП","container_count":"5","id":"573660","mno_id":"7750144"},"geometry":{"type":"Point","coordinates":[37.515835,55.796995]}},{"type":"Feature","id":"mno-775014481-1384","properties":{"category":"МНО","layer":"mno","district":"Сокол","section":"Участок 1","name":"2-я Песчаная улица,дом 3","address":"2-я Песчаная улица,дом 3","source_address":"ДТ\\Песчаная 2-я ул. 3","mno_type":"БП","container_count":"5","id":"573660","mno_id":"775014481"},"geometry":{"type":"Point","coordinates":[37.515835,55.796995]}},{"type":"Feature","id":"mno-896286349-1385","properties":{"category":"МНО","layer":"mno","district":"Сокол","section":"Участок 1","name":"2-я Песчаная улица,дом 4","address":"2-я Песчаная улица,дом 4","source_address":"ДТ\\Песчаная 2-я ул. 4","mno_type":"КП","container_count":"5","id":"609141","mno_id":"896286349"},"geometry":{"type":"Point","coordinates":[37.517153,55.794312]}},{"type":"Feature","id":"mno-1992254-1386","properties":{"category":"МНО","layer":"mno","district":"Сокол","section":"Участок 1","name":"2-я Песчаная улица,дом 6, корпус 3","address":"2-я Песчаная улица,дом 6, корпус 3","source_address":"ДТ\\Песчаная 2-я ул. 6 к.1, 6 к.2, 6 к.3, 6 к.4, 6 к.5","mno_type":"КП","container_count":"4","id":"569760","mno_id":"1992254"},"geometry":{"type":"Point","coordinates":[37.515453,55.794029]}},{"type":"Feature","id":"mno-797152066-1387","properties":{"category":"МНО","layer":"mno","district":"Сокол","section":"Участок 1","name":"3-я Песчаная улица,дом 5, корпус 1","address":"3-я Песчаная улица,дом 5, корпус 1","source_address":"ДТ\\Песчаная 3-я ул. 5 к.1, 5 к.2, 5 к.3, 5 к.4","mno_type":"КП","container_count":"5","id":"581591","mno_id":"797152066"},"geometry":{"type":"Point","coordinates":[37.514684,55.793438]}},{"type":"Feature","id":"mno-889017797-1388","properties":{"category":"МНО","layer":"mno","district":"Сокол","section":"Участок 3","name":"Волоколамское шоссе,дом 10","address":"Волоколамское шоссе,дом 10","source_address":"ДТ\\Волоколамское шоссе 10","mno_type":"КП","container_count":"4","id":"613855","mno_id":"889017797"},"geometry":{"type":"Point","coordinates":[37.498338,55.809002]}},{"type":"Feature","id":"mno-776418909-1389","properties":{"category":"МНО","layer":"mno","district":"Сокол","section":"Участок 3","name":"Волоколамское шоссе,дом 13","address":"Волоколамское шоссе,дом 13","source_address":"ДТ\\Волоколамское шоссе 13; Панфилова ул. 18А","mno_type":"КП","container_count":"6","id":"585580","mno_id":"776418909"},"geometry":{"type":"Point","coordinates":[37.495328,55.807458]}},{"type":"Feature","id":"mno-80570223-1390","properties":{"category":"МНО","layer":"mno","district":"Сокол","section":"Участок 3","name":"Волоколамское шоссе,дом 14","address":"Волоколамское шоссе,дом 14","source_address":"ДТ\\Волоколамское шоссе 14, 16","mno_type":"КП","container_count":"3","id":"594145","mno_id":"80570223"},"geometry":{"type":"Point","coordinates":[37.494409,55.809897]}},{"type":"Feature","id":"mno-925353447-1391","properties":{"category":"МНО","layer":"mno","district":"Сокол","section":"Участок 3","name":"Волоколамское шоссе,дом 15/22","address":"Волоколамское шоссе,дом 15/22","source_address":"ДТ\\Волоколамское шоссе 15/22","mno_type":"КП","container_count":"5","id":"583650","mno_id":"925353447"},"geometry":{"type":"Point","coordinates":[37.493237,55.8082]}},{"type":"Feature","id":"mno-92535344-1392","properties":{"category":"МНО","layer":"mno","district":"Сокол","section":"Участок 3","name":"Волоколамское шоссе,дом 15/22","address":"Волоколамское шоссе,дом 15/22","source_address":"ДТ\\Волоколамское шоссе 15/22","mno_type":"БП","container_count":"5","id":"583650","mno_id":"92535344"},"geometry":{"type":"Point","coordinates":[37.493237,55.8082]}},{"type":"Feature","id":"mno-805702230-1393","properties":{"category":"МНО","layer":"mno","district":"Сокол","section":"Участок 3","name":"Волоколамское шоссе,дом 16","address":"Волоколамское шоссе,дом 16","source_address":"ДТ\\Волоколамское шоссе 14, 16","mno_type":"КП","container_count":"3","id":"594145","mno_id":"805702230"},"geometry":{"type":"Point","coordinates":[37.492048,55.810122]}},{"type":"Feature","id":"mno-883896443-1394","properties":{"category":"МНО","layer":"mno","district":"Сокол","section":"Участок 3","name":"Волоколамское шоссе,дом 18","address":"Волоколамское шоссе,дом 18","source_address":"ДТ\\Волоколамское шоссе 18","mno_type":"КП","container_count":"2","id":"585926","mno_id":"883896443"},"geometry":{"type":"Point","coordinates":[37.491388,55.810402]}},{"type":"Feature","id":"mno-1281968852-1395","properties":{"category":"МНО","layer":"mno","district":"Сокол","section":"Участок 3","name":"Волоколамское шоссе,дом 1, корпус Б","address":"Волоколамское шоссе,дом 1, корпус Б","source_address":"ДТ\\Волоколамское шоссе дом 1, корпус А, дом 1, корпус Б","mno_type":"КП","container_count":"3","id":"569423","mno_id":"1281968852"},"geometry":{"type":"Point","coordinates":[37.503687,55.80538]}},{"type":"Feature","id":"mno-128196885-1396","properties":{"category":"МНО","layer":"mno","district":"Сокол","section":"Участок 3","name":"Волоколамское шоссе,дом 1, корпус Б","address":"Волоколамское шоссе,дом 1, корпус Б","source_address":"ДТ\\Волоколамское шоссе дом 1, корпус А, дом 1, корпус Б","mno_type":"КП","container_count":"3","id":"569423","mno_id":"128196885"},"geometry":{"type":"Point","coordinates":[37.504265,55.805718]}},{"type":"Feature","id":"mno-883703332-1397","properties":{"category":"МНО","layer":"mno","district":"Сокол","section":"Участок 3","name":"Волоколамское шоссе,дом 20/2","address":"Волоколамское шоссе,дом 20/2","source_address":"ДТ\\Волоколамское шоссе 20/2","mno_type":"КП","container_count":"3","id":"623026","mno_id":"883703332"},"geometry":{"type":"Point","coordinates":[37.490403,55.810542]}},{"type":"Feature","id":"mno-885612364-1398","properties":{"category":"МНО","layer":"mno","district":"Сокол","section":"Участок 3","name":"Волоколамское шоссе,дом 3","address":"Волоколамское шоссе,дом 3","source_address":"ДТ\\Волоколамское шоссе 3","mno_type":"КП","container_count":"3","id":"606470","mno_id":"885612364"},"geometry":{"type":"Point","coordinates":[37.501241,55.806777]}},{"type":"Feature","id":"mno-1988755-1399","properties":{"category":"МНО","layer":"mno","district":"Сокол","section":"Участок 3","name":"Волоколамское шоссе,дом 6","address":"Волоколамское шоссе,дом 6","source_address":"ДТ\\Волоколамское шоссе 6","mno_type":"КП","container_count":"4","id":"600448","mno_id":"1988755"},"geometry":{"type":"Point","coordinates":[37.500586,55.808964]}},{"type":"Feature","id":"mno-198875-1400","properties":{"category":"МНО","layer":"mno","district":"Сокол","section":"Участок 3","name":"Волоколамское шоссе,дом 6","address":"Волоколамское шоссе,дом 6","source_address":"ДТ\\Волоколамское шоссе 6","mno_type":"БП","container_count":"4","id":"600448","mno_id":"198875"},"geometry":{"type":"Point","coordinates":[37.500704,55.808884]}},{"type":"Feature","id":"mno-888792809-1401","properties":{"category":"МНО","layer":"mno","district":"Сокол","section":"Участок 3","name":"Волоколамское шоссе,дом 7А","address":"Волоколамское шоссе,дом 7А","source_address":"ДТ\\Волоколамское шоссе 7, 7А, 7Б","mno_type":"КП","container_count":"3","id":"576874","mno_id":"888792809"},"geometry":{"type":"Point","coordinates":[37.49949,55.807091]}},{"type":"Feature","id":"mno-799362303-1402","properties":{"category":"МНО","layer":"mno","district":"Сокол","section":"Участок 1","name":"Ленинградский проспект,дом 67, корпус 1","address":"Ленинградский проспект,дом 67, корпус 1","source_address":"ДТ\\Ленинградский просп. 65, 67 к.1","mno_type":"КП","container_count":"3","id":"607869","mno_id":"799362303"},"geometry":{"type":"Point","coordinates":[37.519019,55.802616]}},{"type":"Feature","id":"mno-929830807-1403","properties":{"category":"МНО","layer":"mno","district":"Сокол","section":"Участок 1","name":"Ленинградский проспект,дом 69, строение 1","address":"Ленинградский проспект,дом 69, строение 1","source_address":"ДТ\\Ленинградский просп. 69 стр.1, 69 стр.2; Новопесчаная ул. 2А","mno_type":"КП","container_count":"4","id":"576959","mno_id":"929830807"},"geometry":{"type":"Point","coordinates":[37.51711,55.80316]}},{"type":"Feature","id":"mno-926886148-1404","properties":{"category":"МНО","layer":"mno","district":"Сокол","section":"Участок 2","name":"Ленинградский проспект,дом 75А","address":"Ленинградский проспект,дом 75А","source_address":"ДТ\\Ленинградский просп. 75А, 75Б, 75 к.1, 75 к.1А, 75 к.1Б","mno_type":"КП","container_count":"2","id":"608353","mno_id":"926886148"},"geometry":{"type":"Point","coordinates":[37.512051,55.803079]}},{"type":"Feature","id":"mno-92688614-1405","properties":{"category":"МНО","layer":"mno","district":"Сокол","section":"Участок 2","name":"Ленинградский проспект,дом 75, корпус 1Б","address":"Ленинградский проспект,дом 75, корпус 1Б","source_address":"ДТ\\Ленинградский просп. 75А, 75Б, 75 к.1, 75 к.1А, 75 к.1Б","mno_type":"БП","container_count":"2","id":"608353","mno_id":"92688614"},"geometry":{"type":"Point","coordinates":[37.51085,55.804554]}},{"type":"Feature","id":"mno-9268861-1406","properties":{"category":"МНО","layer":"mno","district":"Сокол","section":"Участок 2","name":"Ленинградский проспект,дом 75, корпус 1Б","address":"Ленинградский проспект,дом 75, корпус 1Б","source_address":"ДТ\\Ленинградский просп. 75А, 75Б, 75 к.1, 75 к.1А, 75 к.1Б","mno_type":"КП","container_count":"2","id":"608353","mno_id":"9268861"},"geometry":{"type":"Point","coordinates":[37.51085,55.804554]}},{"type":"Feature","id":"mno-926886-1407","properties":{"category":"МНО","layer":"mno","district":"Сокол","section":"Участок 2","name":"Ленинградский проспект,дом 75, корпус 1Б","address":"Ленинградский проспект,дом 75, корпус 1Б","source_address":"ДТ\\Ленинградский просп. 75А, 75Б, 75 к.1, 75 к.1А, 75 к.1Б","mno_type":"КП","container_count":"2","id":"608353","mno_id":"926886"},"geometry":{"type":"Point","coordinates":[37.510357,55.803719]}},{"type":"Feature","id":"mno-79854589-1408","properties":{"category":"МНО","layer":"mno","district":"Сокол","section":"Участок 3","name":"Ленинградский проспект,дом 77, корпус 1","address":"Ленинградский проспект,дом 77, корпус 1","source_address":"ДТ\\Ленинградский просп. 77 к.1, 77 к.2, 77 к.3, 77 к.4","mno_type":"КП","container_count":"6","id":"632507","mno_id":"79854589"},"geometry":{"type":"Point","coordinates":[37.508852,55.805216]}},{"type":"Feature","id":"mno-798545891-1409","properties":{"category":"МНО","layer":"mno","district":"Сокол","section":"Участок 3","name":"Ленинградский проспект,дом 77, корпус 4","address":"Ленинградский проспект,дом 77, корпус 4","source_address":"ДТ\\Ленинградский просп. 77 к.1, 77 к.2, 77 к.3, 77 к.4","mno_type":"КП","container_count":"6","id":"632507","mno_id":"798545891"},"geometry":{"type":"Point","coordinates":[37.506741,55.805782]}},{"type":"Feature","id":"mno-789018520-1410","properties":{"category":"МНО","layer":"mno","district":"Сокол","section":"Участок 3","name":"Ленинградское шоссе,дом 3, строение 1","address":"Ленинградское шоссе,дом 3, строение 1","source_address":"ДТ\\Ленинградское шоссе 3 к.1, 3 стр.1","mno_type":"КП","container_count":"3","id":"589211","mno_id":"789018520"},"geometry":{"type":"Point","coordinates":[37.504121,55.809059]}},{"type":"Feature","id":"mno-76408188-1411","properties":{"category":"МНО","layer":"mno","district":"Сокол","section":"Участок 3","name":"Малый Песчаный переулок,дом 2","address":"Малый Песчаный переулок,дом 2","source_address":"ДТ\\Песчаный М. пер. 2, 4, 6, 8","mno_type":"КП","container_count":"2","id":"601780","mno_id":"76408188"},"geometry":{"type":"Point","coordinates":[37.506718,55.803117]}},{"type":"Feature","id":"mno-764081888-1412","properties":{"category":"МНО","layer":"mno","district":"Сокол","section":"Участок 3","name":"Малый Песчаный переулок,дом 6","address":"Малый Песчаный переулок,дом 6","source_address":"ДТ\\Песчаный М. пер. 2, 4, 6, 8","mno_type":"КП","container_count":"2","id":"601780","mno_id":"764081888"},"geometry":{"type":"Point","coordinates":[37.504961,55.804657]}},{"type":"Feature","id":"mno-770318846-1413","properties":{"category":"МНО","layer":"mno","district":"Сокол","section":"Участок 1","name":"Новопесчаная улица,дом 11/6","address":"Новопесчаная улица,дом 11/6","source_address":"ДТ\\Новопесчаная ул. 11/6, 5, 7, 9","mno_type":"КП","container_count":"4","id":"594722","mno_id":"770318846"},"geometry":{"type":"Point","coordinates":[37.517268,55.800191]}},{"type":"Feature","id":"mno-932762369-1414","properties":{"category":"МНО","layer":"mno","district":"Сокол","section":"Участок 2","name":"Новопесчаная улица,дом 14","address":"Новопесчаная улица,дом 14","source_address":"ДТ\\Новопесчаная ул. 14","mno_type":"КП","container_count":"2","id":"586092","mno_id":"932762369"},"geometry":{"type":"Point","coordinates":[37.51242,55.797159]}},{"type":"Feature","id":"mno-90953996-1415","properties":{"category":"МНО","layer":"mno","district":"Сокол","section":"Участок 2","name":"Новопесчаная улица,дом 16, корпус 2","address":"Новопесчаная улица,дом 16, корпус 2","source_address":"ДТ\\Новопесчаная ул. 16 к.1, 16 к.2, 18; Сальвадора Альенде ул. 1, 3, 5","mno_type":"КП","container_count":"7","id":"633897","mno_id":"90953996"},"geometry":{"type":"Point","coordinates":[37.510148,55.795416]}},{"type":"Feature","id":"mno-909539964-1416","properties":{"category":"МНО","layer":"mno","district":"Сокол","section":"Участок 2","name":"Новопесчаная улица,дом 16, корпус 2","address":"Новопесчаная улица,дом 16, корпус 2","source_address":"ДТ\\Новопесчаная ул. 16 к.1, 16 к.2, 18; Сальвадора Альенде ул. 1, 3, 5","mno_type":"БП","container_count":"7","id":"633897","mno_id":"909539964"},"geometry":{"type":"Point","coordinates":[37.510148,55.795416]}},{"type":"Feature","id":"mno-907533442-1417","properties":{"category":"МНО","layer":"mno","district":"Сокол","section":"Участок 1","name":"Новопесчаная улица,дом 19, корпус 4","address":"Новопесчаная улица,дом 19, корпус 4","source_address":"ДТ\\Новопесчаная ул. 19 к.1, 19 к.2, 19 к.3, 19 к.4; Песчаная 2-я ул. 8","mno_type":"КП","container_count":"5","id":"619066","mno_id":"907533442"},"geometry":{"type":"Point","coordinates":[37.513884,55.795123]}},{"type":"Feature","id":"mno-907720183-1418","properties":{"category":"МНО","layer":"mno","district":"Сокол","section":"Участок 1","name":"Новопесчаная улица,дом 21, корпус 1","address":"Новопесчаная улица,дом 21, корпус 1","source_address":"ДТ\\Новопесчаная ул. 21 к.1, 21 к.2","mno_type":"КП","container_count":"3","id":"625574","mno_id":"907720183"},"geometry":{"type":"Point","coordinates":[37.512467,55.794627]}},{"type":"Feature","id":"mno-1994903-1419","properties":{"category":"МНО","layer":"mno","district":"Сокол","section":"Участок 2","name":"Новопесчаная улица,дом 22","address":"Новопесчаная улица,дом 22","source_address":"ДТ\\Куусинена ул. 25; Новопесчаная ул. 22, 24; Сальвадора Альенде ул. 7","mno_type":"КП","container_count":"3","id":"568264","mno_id":"1994903"},"geometry":{"type":"Point","coordinates":[37.507848,55.793677]}},{"type":"Feature","id":"mno-199490-1420","properties":{"category":"МНО","layer":"mno","district":"Сокол","section":"Участок 2","name":"Новопесчаная улица,дом 22","address":"Новопесчаная улица,дом 22","source_address":"ДТ\\Куусинена ул. 25; Новопесчаная ул. 22, 24; Сальвадора Альенде ул. 7","mno_type":"БП","container_count":"3","id":"568264","mno_id":"199490"},"geometry":{"type":"Point","coordinates":[37.507848,55.793677]}},{"type":"Feature","id":"mno-1030008615-1421","properties":{"category":"МНО","layer":"mno","district":"Сокол","section":"Участок 1","name":"Новопесчаная улица,дом 23, корпус 1","address":"Новопесчаная улица,дом 23, корпус 1","source_address":"ДТ\\Новопесчаная ул. 23 к.1, 23 к.2, 23 к.3, 23 к.4, 23 к.5, 23 к.6, 23 к.7","mno_type":"КП","container_count":"4","id":"1030008009","mno_id":"1030008615"},"geometry":{"type":"Point","coordinates":[37.512555,55.793418]}},{"type":"Feature","id":"mno-103000861-1422","properties":{"category":"МНО","layer":"mno","district":"Сокол","section":"Участок 1","name":"Новопесчаная улица,дом 23, корпус 1","address":"Новопесчаная улица,дом 23, корпус 1","source_address":"ДТ\\Новопесчаная ул. 23 к.1, 23 к.2, 23 к.3, 23 к.4, 23 к.5, 23 к.6, 23 к.7","mno_type":"БП","container_count":"4","id":"1030008009","mno_id":"103000861"},"geometry":{"type":"Point","coordinates":[37.512555,55.793418]}},{"type":"Feature","id":"mno-950447752-1423","properties":{"category":"МНО","layer":"mno","district":"Сокол","section":"Участок 2","name":"Новопесчаная улица,дом 25, корпус 2","address":"Новопесчаная улица,дом 25, корпус 2","source_address":"ДТ\\Куусинена ул. 23 к.2; Новопесчаная ул. 25/23, 25 к.2","mno_type":"КП","container_count":"5","id":"591745","mno_id":"950447752"},"geometry":{"type":"Point","coordinates":[37.507758,55.792594]}},{"type":"Feature","id":"mno-907742848-1424","properties":{"category":"МНО","layer":"mno","district":"Сокол","section":"Участок 2","name":"Новопесчаная улица,дом 26","address":"Новопесчаная улица,дом 26","source_address":"ДТ\\Новопесчаная ул. 26","mno_type":"КП","container_count":"3","id":"593603","mno_id":"907742848"},"geometry":{"type":"Point","coordinates":[37.505804,55.793239]}},{"type":"Feature","id":"mno-1988357-1425","properties":{"category":"МНО","layer":"mno","district":"Сокол","section":"Участок 1","name":"Новопесчаная улица,дом 6, корпус 2","address":"Новопесчаная улица,дом 6, корпус 2","source_address":"ДТ\\Новопесчаная улица дом 4, корпус 1, дом 4, корпус 2, дом 6, корпус 1, дом 6, корпус 2","mno_type":"КП","container_count":"3","id":"611879","mno_id":"1988357"},"geometry":{"type":"Point","coordinates":[37.515597,55.80169]}},{"type":"Feature","id":"mno-89248967-1426","properties":{"category":"МНО","layer":"mno","district":"Сокол","section":"Участок 1","name":"Новопесчаная улица,дом 8, корпус 3","address":"Новопесчаная улица,дом 8, корпус 3","source_address":"ДТ\\Новопесчаная ул. 8 к.1, 8 к.2, 8 к.3","mno_type":"КП","container_count":"2","id":"615105","mno_id":"89248967"},"geometry":{"type":"Point","coordinates":[37.515234,55.800616]}},{"type":"Feature","id":"mno-892489675-1427","properties":{"category":"МНО","layer":"mno","district":"Сокол","section":"Участок 1","name":"Новопесчаная улица,дом 8, корпус 3","address":"Новопесчаная улица,дом 8, корпус 3","source_address":"ДТ\\Новопесчаная ул. 8 к.1, 8 к.2, 8 к.3","mno_type":"БП","container_count":"2","id":"615105","mno_id":"892489675"},"geometry":{"type":"Point","coordinates":[37.515234,55.800616]}},{"type":"Feature","id":"mno-929524643-1428","properties":{"category":"МНО","layer":"mno","district":"Сокол","section":"Участок 2","name":"Песчаная улица,дом 10","address":"Песчаная улица,дом 10","source_address":"ДТ\\Алабяна ул. 3 к.1, 3 к.2, 3 к.3, 5; Песчаная ул. 10, 12","mno_type":"КП","container_count":"2","id":"610804","mno_id":"929524643"},"geometry":{"type":"Point","coordinates":[37.512886,55.802052]}},{"type":"Feature","id":"mno-92952464-1429","properties":{"category":"МНО","layer":"mno","district":"Сокол","section":"Участок 2","name":"Песчаная улица,дом 12","address":"Песчаная улица,дом 12","source_address":"ДТ\\Алабяна ул. 3 к.1, 3 к.2, 3 к.3, 5; Песчаная ул. 10, 12","mno_type":"КП","container_count":"2","id":"610804","mno_id":"92952464"},"geometry":{"type":"Point","coordinates":[37.510948,55.801813]}},{"type":"Feature","id":"mno-90607045-1430","properties":{"category":"МНО","layer":"mno","district":"Сокол","section":"Участок 2","name":"Песчаная улица,дом 15","address":"Песчаная улица,дом 15","source_address":"ДТ\\Песчаная ул. 13, 15; Песчаный пер. 2/11, 4","mno_type":"КП","container_count":"2","id":"605338","mno_id":"90607045"},"geometry":{"type":"Point","coordinates":[37.507398,55.800348]}},{"type":"Feature","id":"mno-1997065-1431","properties":{"category":"МНО","layer":"mno","district":"Сокол","section":"Участок 1","name":"Песчаная улица,дом 4А","address":"Песчаная улица,дом 4А","source_address":"ДТ\\Песчаная ул. 4, 4А, 6","mno_type":"КП","container_count":"6","id":"624021","mno_id":"1997065"},"geometry":{"type":"Point","coordinates":[37.515744,55.80306]}},{"type":"Feature","id":"mno-77502841-1432","properties":{"category":"МНО","layer":"mno","district":"Сокол","section":"Участок 2","name":"Песчаный переулок,дом 10, корпус 2","address":"Песчаный переулок,дом 10, корпус 2","source_address":"ДТ\\Песчаный переулок дом 10, корпус 1, дом 10, корпус 2, дом 12, дом 8","mno_type":"КП","container_count":"4","id":"566106","mno_id":"77502841"},"geometry":{"type":"Point","coordinates":[37.507551,55.798573]}},{"type":"Feature","id":"mno-775028417-1433","properties":{"category":"МНО","layer":"mno","district":"Сокол","section":"Участок 2","name":"Песчаный переулок,дом 10, корпус 2","address":"Песчаный переулок,дом 10, корпус 2","source_address":"ДТ\\Песчаный переулок дом 10, корпус 1, дом 10, корпус 2, дом 12, дом 8","mno_type":"КП","container_count":"4","id":"566106","mno_id":"775028417"},"geometry":{"type":"Point","coordinates":[37.509209,55.799488]}},{"type":"Feature","id":"mno-949508866-1434","properties":{"category":"МНО","layer":"mno","district":"Сокол","section":"Участок 2","name":"Песчаный переулок,дом 14, корпус 1","address":"Песчаный переулок,дом 14, корпус 1","source_address":"ДТ\\Песчаный пер. 14 к.1, 14 к.2, 16","mno_type":"КП","container_count":"4","id":"621491","mno_id":"949508866"},"geometry":{"type":"Point","coordinates":[37.510193,55.798098]}},{"type":"Feature","id":"mno-90807931-1435","properties":{"category":"МНО","layer":"mno","district":"Сокол","section":"Участок 2","name":"Песчаный переулок,дом 14, корпус 3","address":"Песчаный переулок,дом 14, корпус 3","source_address":"ДТ\\Песчаный пер. 14 к.3, 14 к.4","mno_type":"КП","container_count":"2","id":"606885","mno_id":"90807931"},"geometry":{"type":"Point","coordinates":[37.507149,55.796837]}},{"type":"Feature","id":"mno-908079319-1436","properties":{"category":"МНО","layer":"mno","district":"Сокол","section":"Участок 2","name":"Песчаный переулок,дом 14, корпус 3","address":"Песчаный переулок,дом 14, корпус 3","source_address":"ДТ\\Песчаный пер. 14 к.3, 14 к.4","mno_type":"БП","container_count":"2","id":"606885","mno_id":"908079319"},"geometry":{"type":"Point","coordinates":[37.507149,55.796837]}},{"type":"Feature","id":"mno-94950886-1437","properties":{"category":"МНО","layer":"mno","district":"Сокол","section":"Участок 2","name":"Песчаный переулок,дом 16","address":"Песчаный переулок,дом 16","source_address":"ДТ\\Песчаный пер. 14 к.1, 14 к.2, 16","mno_type":"КП","container_count":"4","id":"621491","mno_id":"94950886"},"geometry":{"type":"Point","coordinates":[37.509773,55.797396]}},{"type":"Feature","id":"mno-9060704-1438","properties":{"category":"МНО","layer":"mno","district":"Сокол","section":"Участок 2","name":"Песчаный переулок,дом 2/11","address":"Песчаный переулок,дом 2/11","source_address":"ДТ\\Песчаная ул. 13, 15; Песчаный пер. 2/11, 4","mno_type":"КП","container_count":"2","id":"605338","mno_id":"9060704"},"geometry":{"type":"Point","coordinates":[37.508572,55.801024]}},{"type":"Feature","id":"mno-906070451-1439","properties":{"category":"МНО","layer":"mno","district":"Сокол","section":"Участок 2","name":"Песчаный переулок,дом 4","address":"Песчаный переулок,дом 4","source_address":"ДТ\\Песчаная ул. 13, 15; Песчаный пер. 2/11, 4","mno_type":"КП","container_count":"2","id":"605338","mno_id":"906070451"},"geometry":{"type":"Point","coordinates":[37.510182,55.799908]}},{"type":"Feature","id":"mno-929856433-1440","properties":{"category":"МНО","layer":"mno","district":"Сокол","section":"Участок 3","name":"Светлый проезд,дом 10, корпус 2","address":"Светлый проезд,дом 10, корпус 2","source_address":"ДТ\\Светлый пр. 10 к.1, 10 к.2, 8 к.1, 8 к.2","mno_type":"КП","container_count":"3","id":"637239","mno_id":"929856433"},"geometry":{"type":"Point","coordinates":[37.489462,55.814324]}},{"type":"Feature","id":"mno-1061333791-1441","properties":{"category":"МНО","layer":"mno","district":"Сокол","section":"Участок 3","name":"Светлый проезд,дом 4, корпус 1","address":"Светлый проезд,дом 4, корпус 1","source_address":"ДТ\\Светлый проезд дом 4, корпус 1, дом 4, корпус 2, дом 6, корпус 1, дом 6, корпус 2","mno_type":"КП","container_count":"2","id":"1061333555","mno_id":"1061333791"},"geometry":{"type":"Point","coordinates":[37.488889,55.812286]}},{"type":"Feature","id":"mno-1063047607-1442","properties":{"category":"МНО","layer":"mno","district":"Сокол","section":"Участок 3","name":"Светлый проезд,дом 4, корпус 3","address":"Светлый проезд,дом 4, корпус 3","source_address":"ДТ\\Светлый пр. 4 к.3, 4 к.4, 6 к.3","mno_type":"КП","container_count":"2","id":"1063045651","mno_id":"1063047607"},"geometry":{"type":"Point","coordinates":[37.491663,55.812821]}},{"type":"Feature","id":"mno-884127018-1443","properties":{"category":"МНО","layer":"mno","district":"Сокол","section":"Участок 3","name":"Светлый проезд,дом 6, корпус 4","address":"Светлый проезд,дом 6, корпус 4","source_address":"ДТ\\Светлый пр. 6 к.4","mno_type":"КП","container_count":"2","id":"608644","mno_id":"884127018"},"geometry":{"type":"Point","coordinates":[37.491986,55.814247]}},{"type":"Feature","id":"mno-993094556-1444","properties":{"category":"МНО","layer":"mno","district":"Сокол","section":"Участок 3","name":"улица Алабяна,дом 10, корпус 3","address":"улица Алабяна,дом 10, корпус 3","source_address":"ДТ\\Алабяна ул. 10 к.1, 10 к.2, 10 к.3, 10 к.4, 10 к.5, 10 к.6","mno_type":"КП","container_count":"6","id":"993093542","mno_id":"993094556"},"geometry":{"type":"Point","coordinates":[37.502828,55.800143]}},{"type":"Feature","id":"mno-94952948-1445","properties":{"category":"МНО","layer":"mno","district":"Сокол","section":"Участок 3","name":"улица Алабяна,дом 12, корпус 4","address":"улица Алабяна,дом 12, корпус 4","source_address":"ДТ\\Алабяна ул. 12 к.1, 12 к.2, 12 к.3, 12 к.4; Панфилова ул. 2 к.1, 2 к.2, 2 к.3, 2 к.4","mno_type":"КП","container_count":"1","id":"577278","mno_id":"94952948"},"geometry":{"type":"Point","coordinates":[37.501125,55.799939]}},{"type":"Feature","id":"mno-90941522-1446","properties":{"category":"МНО","layer":"mno","district":"Сокол","section":"Участок 2","name":"улица Алабяна,дом 13, корпус 1","address":"улица Алабяна,дом 13, корпус 1","source_address":"ДТ\\Алабяна ул. 13 к.1","mno_type":"КП","container_count":"2","id":"909414979","mno_id":"90941522"},"geometry":{"type":"Point","coordinates":[37.50561,55.799209]}},{"type":"Feature","id":"mno-9094152-1447","properties":{"category":"МНО","layer":"mno","district":"Сокол","section":"Участок 2","name":"улица Алабяна,дом 13, корпус 1","address":"улица Алабяна,дом 13, корпус 1","source_address":"ДТ\\Алабяна ул. 13 к.1","mno_type":"КП","container_count":"2","id":"909414979","mno_id":"9094152"},"geometry":{"type":"Point","coordinates":[37.506554,55.799766]}},{"type":"Feature","id":"mno-909415222-1448","properties":{"category":"МНО","layer":"mno","district":"Сокол","section":"Участок 2","name":"улица Алабяна,дом 13, корпус 1","address":"улица Алабяна,дом 13, корпус 1","source_address":"ДТ\\Алабяна ул. 13 к.1","mno_type":"КП","container_count":"2","id":"909414979","mno_id":"909415222"},"geometry":{"type":"Point","coordinates":[37.504659,55.799575]}},{"type":"Feature","id":"mno-909500551-1449","properties":{"category":"МНО","layer":"mno","district":"Сокол","section":"Участок 2","name":"улица Алабяна,дом 13, корпус 2","address":"улица Алабяна,дом 13, корпус 2","source_address":"ДТ\\Алабяна ул. 13 к.2","mno_type":"КП","container_count":"3","id":"909500427","mno_id":"909500551"},"geometry":{"type":"Point","coordinates":[37.506176,55.799333]}},{"type":"Feature","id":"mno-929527949-1450","properties":{"category":"МНО","layer":"mno","district":"Сокол","section":"Участок 2","name":"улица Алабяна,дом 15","address":"улица Алабяна,дом 15","source_address":"ДТ\\Алабяна ул. 15","mno_type":"КП","container_count":"4","id":"599308","mno_id":"929527949"},"geometry":{"type":"Point","coordinates":[37.504782,55.797694]}},{"type":"Feature","id":"mno-918468662-1451","properties":{"category":"МНО","layer":"mno","district":"Сокол","section":"Участок 2","name":"улица Алабяна,дом 17, корпус 1","address":"улица Алабяна,дом 17, корпус 1","source_address":"ДТ\\Алабяна ул. 17 к.1, 17 к.2","mno_type":"КП","container_count":"4","id":"633141","mno_id":"918468662"},"geometry":{"type":"Point","coordinates":[37.50418,55.799026]}},{"type":"Feature","id":"mno-909369129-1452","properties":{"category":"МНО","layer":"mno","district":"Сокол","section":"Участок 2","name":"улица Алабяна,дом 21, корпус 2","address":"улица Алабяна,дом 21, корпус 2","source_address":"ДТ\\Алабяна ул. 21 к.1, 21 к.2","mno_type":"КП","container_count":"2","id":"586810","mno_id":"909369129"},"geometry":{"type":"Point","coordinates":[37.502764,55.797969]}},{"type":"Feature","id":"mno-9295246-1453","properties":{"category":"МНО","layer":"mno","district":"Сокол","section":"Участок 2","name":"улица Алабяна,дом 5","address":"улица Алабяна,дом 5","source_address":"ДТ\\Алабяна ул. 3 к.1, 3 к.2, 3 к.3, 5; Песчаная ул. 10, 12","mno_type":"КП","container_count":"2","id":"610804","mno_id":"9295246"},"geometry":{"type":"Point","coordinates":[37.510353,55.801997]}},{"type":"Feature","id":"mno-929524-1454","properties":{"category":"МНО","layer":"mno","district":"Сокол","section":"Участок 2","name":"улица Алабяна,дом 5","address":"улица Алабяна,дом 5","source_address":"ДТ\\Алабяна ул. 3 к.1, 3 к.2, 3 к.3, 5; Песчаная ул. 10, 12","mno_type":"БП","container_count":"2","id":"610804","mno_id":"929524"},"geometry":{"type":"Point","coordinates":[37.510353,55.801997]}},{"type":"Feature","id":"mno-885246206-1455","properties":{"category":"МНО","layer":"mno","district":"Сокол","section":"Участок 3","name":"улица Врубеля,дом 10","address":"улица Врубеля,дом 10","source_address":"ДТ\\Врубеля ул. 10","mno_type":"КП","container_count":"3","id":"589966","mno_id":"885246206"},"geometry":{"type":"Point","coordinates":[37.499515,55.804811]}},{"type":"Feature","id":"mno-884632911-1456","properties":{"category":"МНО","layer":"mno","district":"Сокол","section":"Участок 3","name":"улица Врубеля,дом 13","address":"улица Врубеля,дом 13","source_address":"ДТ\\Врубеля ул. 13","mno_type":"КП","container_count":"3","id":"613760","mno_id":"884632911"},"geometry":{"type":"Point","coordinates":[37.498457,55.804114]}},{"type":"Feature","id":"mno-885016390-1457","properties":{"category":"МНО","layer":"mno","district":"Сокол","section":"Участок 2","name":"улица Зорге,дом 28","address":"улица Зорге,дом 28","source_address":"ДТ\\Зорге ул. 28","mno_type":"КП","container_count":"3","id":"604621","mno_id":"885016390"},"geometry":{"type":"Point","coordinates":[37.506453,55.792997]}},{"type":"Feature","id":"mno-463849576-1458","properties":{"category":"МНО","layer":"mno","district":"Сокол","section":"Участок 2","name":"улица Зорге,дом 34","address":"улица Зорге,дом 34","source_address":"ДТ\\Зорге ул. 32, 34","mno_type":"КП","container_count":"3","id":"630229","mno_id":"463849576"},"geometry":{"type":"Point","coordinates":[37.504005,55.795795]}},{"type":"Feature","id":"mno-1320265594-1459","properties":{"category":"МНО","layer":"mno","district":"Сокол","section":"Участок 3","name":"улица Константина Царёва,дом 14","address":"улица Константина Царёва,дом 14","source_address":"ДТ\\Константина Царева ул. 14, 18","mno_type":"КП","container_count":"4","id":"634953","mno_id":"1320265594"},"geometry":{"type":"Point","coordinates":[37.495737,55.812976]}},{"type":"Feature","id":"mno-132026559-1460","properties":{"category":"МНО","layer":"mno","district":"Сокол","section":"Участок 3","name":"улица Константина Царёва,дом 18","address":"улица Константина Царёва,дом 18","source_address":"ДТ\\Константина Царева ул. 14, 18","mno_type":"КП","container_count":"4","id":"634953","mno_id":"132026559"},"geometry":{"type":"Point","coordinates":[37.497983,55.813015]}},{"type":"Feature","id":"mno-918465870-1461","properties":{"category":"МНО","layer":"mno","district":"Сокол","section":"Участок 3","name":"улица Константина Царёва,дом 6","address":"улица Константина Царёва,дом 6","source_address":"ДТ\\Волоколамское шоссе 16Б к.2, 16Б к.3; Константина Царева ул. 4, 6","mno_type":"КП","container_count":"3","id":"568078","mno_id":"918465870"},"geometry":{"type":"Point","coordinates":[37.493767,55.811584]}},{"type":"Feature","id":"mno-882736466-1462","properties":{"category":"МНО","layer":"mno","district":"Сокол","section":"Участок 3","name":"улица Панфилова,дом 10","address":"улица Панфилова,дом 10","source_address":"ДТ\\Панфилова ул. 10, 8","mno_type":"КП","container_count":"2","id":"596990","mno_id":"882736466"},"geometry":{"type":"Point","coordinates":[37.497332,55.80351]}},{"type":"Feature","id":"mno-885465804-1463","properties":{"category":"МНО","layer":"mno","district":"Сокол","section":"Участок 3","name":"улица Панфилова,дом 12","address":"улица Панфилова,дом 12","source_address":"ДТ\\Панфилова ул. 12","mno_type":"КП","container_count":"3","id":"613348","mno_id":"885465804"},"geometry":{"type":"Point","coordinates":[37.496504,55.804489]}},{"type":"Feature","id":"mno-9495294-1464","properties":{"category":"МНО","layer":"mno","district":"Сокол","section":"Участок 3","name":"улица Панфилова,дом 2, корпус 1","address":"улица Панфилова,дом 2, корпус 1","source_address":"ДТ\\Алабяна ул. 12 к.1, 12 к.2, 12 к.3, 12 к.4; Панфилова ул. 2 к.1, 2 к.2, 2 к.3, 2 к.4","mno_type":"КП","container_count":"1","id":"577278","mno_id":"9495294"},"geometry":{"type":"Point","coordinates":[37.500613,55.799068]}},{"type":"Feature","id":"mno-988384192-1465","properties":{"category":"МНО","layer":"mno","district":"Сокол","section":"Участок 3","name":"улица Панфилова,дом 4, корпус 2","address":"улица Панфилова,дом 4, корпус 2","source_address":"ДТ\\Панфилова ул. 4 к.1, 4 к.2, 4 к.3","mno_type":"КП","container_count":"3","id":"988383814","mno_id":"988384192"},"geometry":{"type":"Point","coordinates":[37.498631,55.801185]}},{"type":"Feature","id":"mno-890475767-1466","properties":{"category":"МНО","layer":"mno","district":"Сокол","section":"Участок 2","name":"улица Сальвадора Альенде,дом 4, корпус 1","address":"улица Сальвадора Альенде,дом 4, корпус 1","source_address":"ДТ\\Сальвадора Альенде ул. 4 к.1","mno_type":"КП","container_count":"2","id":"573926","mno_id":"890475767"},"geometry":{"type":"Point","coordinates":[37.506287,55.795496]}},{"type":"Feature","id":"mno-940270316-1467","properties":{"category":"МНО","layer":"mno","district":"Сокол","section":"Участок 3","name":"Факультетский переулок,дом 3","address":"Факультетский переулок,дом 3","source_address":"ДТ\\Факультетский пер. 3, 8","mno_type":"КП","container_count":"3","id":"600753","mno_id":"940270316"},"geometry":{"type":"Point","coordinates":[37.494658,55.810789]}},{"type":"Feature","id":"mno-905994844-1468","properties":{"category":"МНО","layer":"mno","district":"Сокол","section":"Участок 3","name":"Факультетский переулок,дом 6","address":"Факультетский переулок,дом 6","source_address":"ДТ\\Факультетский пер. 4, 6","mno_type":"КП","container_count":"3","id":"610319","mno_id":"905994844"},"geometry":{"type":"Point","coordinates":[37.496239,55.811321]}},{"type":"Feature","id":"mno-884998110-1469","properties":{"category":"МНО","layer":"mno","district":"Сокол","section":"Участок 3","name":"Факультетский переулок,дом 7","address":"Факультетский переулок,дом 7","source_address":"ДТ\\Факультетский пер. 7","mno_type":"КП","container_count":"4","id":"575237","mno_id":"884998110"},"geometry":{"type":"Point","coordinates":[37.492312,55.811594]}},{"type":"Feature","id":"mno-770338075-1470","properties":{"category":"МНО","layer":"mno","district":"Сокол","section":"Участок 1","name":"Чапаевский переулок,дом 10/2","address":"Чапаевский переулок,дом 10/2","source_address":"ДТ\\Луиджи Лонго ул. 4; Чапаевский пер. 10/2, 8","mno_type":"КП","container_count":"5","id":"591994","mno_id":"770338075"},"geometry":{"type":"Point","coordinates":[37.518713,55.79991]}},{"type":"Feature","id":"mno-1027673377-1471","properties":{"category":"МНО","layer":"mno","district":"Сокол","section":"Участок 1","name":"Чапаевский переулок,дом 12, корпус 4","address":"Чапаевский переулок,дом 12, корпус 4","source_address":"ДТ\\Чапаевский пер. 12 к.1, 12 к.2, 12 к.3, 12 к.4","mno_type":"КП","container_count":"5","id":"1027673037","mno_id":"1027673377"},"geometry":{"type":"Point","coordinates":[37.517345,55.798809]}},{"type":"Feature","id":"mno-102767337-1472","properties":{"category":"МНО","layer":"mno","district":"Сокол","section":"Участок 1","name":"Чапаевский переулок,дом 12, корпус 4","address":"Чапаевский переулок,дом 12, корпус 4","source_address":"ДТ\\Чапаевский пер. 12 к.1, 12 к.2, 12 к.3, 12 к.4","mno_type":"БП","container_count":"5","id":"1027673037","mno_id":"102767337"},"geometry":{"type":"Point","coordinates":[37.517345,55.798809]}},{"type":"Feature","id":"mno-816313743-1473","properties":{"category":"МНО","layer":"mno","district":"Тимирязевский","section":"Участок 3","name":"3-й Нижнелихоборский проезд,дом 11","address":"3-й Нижнелихоборский проезд,дом 11","source_address":"ДТ\\Дмитровское шоссе 52 к.1, 52 к.2, 54 к.2; Нижнелихоборский 3-й пр. 11","mno_type":"КП","container_count":"4","id":"2270029","mno_id":"816313743"},"geometry":{"type":"Point","coordinates":[37.570055,55.84702]}},{"type":"Feature","id":"mno-959998705-1474","properties":{"category":"МНО","layer":"mno","district":"Тимирязевский","section":"Участок 3","name":"3-й Нижнелихоборский проезд,дом 8","address":"3-й Нижнелихоборский проезд,дом 8","source_address":"ДТ\\Дмитровское шоссе 59 к.1; Нижнелихоборский 3-й пр. 6, 8, 8А","mno_type":"КП","container_count":"4","id":"2271358","mno_id":"959998705"},"geometry":{"type":"Point","coordinates":[37.56696,55.845508]}},{"type":"Feature","id":"mno-939806355-1475","properties":{"category":"МНО","layer":"mno","district":"Тимирязевский","section":"Участок 4","name":"Астрадамская улица,дом 11, корпус 4","address":"Астрадамская улица,дом 11, корпус 4","source_address":"ДТ\\Астрадамская ул. 11 к.2, 11 к.3, 11 к.4","mno_type":"КП","container_count":"3","id":"2270948","mno_id":"939806355"},"geometry":{"type":"Point","coordinates":[37.561184,55.813559]}},{"type":"Feature","id":"mno-806945711-1476","properties":{"category":"МНО","layer":"mno","district":"Тимирязевский","section":"Участок 4","name":"Астрадамская улица,дом 13","address":"Астрадамская улица,дом 13","source_address":"ДТ\\Астрадамская ул. 13, 15","mno_type":"КП","container_count":"2","id":"1171021","mno_id":"806945711"},"geometry":{"type":"Point","coordinates":[37.562427,55.813888]}},{"type":"Feature","id":"mno-806294784-1477","properties":{"category":"МНО","layer":"mno","district":"Тимирязевский","section":"Участок 4","name":"Астрадамская улица,дом 1, корпус 2","address":"Астрадамская улица,дом 1, корпус 2","source_address":"ДТ\\Астрадамская ул. 1 к.1, 1 к.2, 1 к.3; Соломенной Сторожки пр. 6","mno_type":"КП","container_count":"2","id":"2270249","mno_id":"806294784"},"geometry":{"type":"Point","coordinates":[37.564534,55.811058]}},{"type":"Feature","id":"mno-799016895-1478","properties":{"category":"МНО","layer":"mno","district":"Тимирязевский","section":"Участок 4","name":"Астрадамская улица,дом 5","address":"Астрадамская улица,дом 5","source_address":"ДТ\\Астрадамская ул. 3, 5","mno_type":"КП","container_count":"3","id":"1167699","mno_id":"799016895"},"geometry":{"type":"Point","coordinates":[37.564518,55.811961]}},{"type":"Feature","id":"mno-806911804-1479","properties":{"category":"МНО","layer":"mno","district":"Тимирязевский","section":"Участок 4","name":"Астрадамская улица,дом 7А","address":"Астрадамская улица,дом 7А","source_address":"ДТ\\Астрадамская ул. 5А, 7А, 7Б","mno_type":"КП","container_count":"4","id":"1168374","mno_id":"806911804"},"geometry":{"type":"Point","coordinates":[37.563492,55.811912]}},{"type":"Feature","id":"mno-1267236557-1480","properties":{"category":"МНО","layer":"mno","district":"Тимирязевский","section":"Участок 4","name":"Астрадамский проезд дом 4А, корпус 1, дом 4А, корпус 2","address":"Астрадамский проезд дом 4А, корпус 1, дом 4А, корпус 2","source_address":"ДТ\\Астрадамский пр. 4А к.1, 4А к.2","mno_type":"КП","container_count":"3","id":"915005151","mno_id":"1267236557"},"geometry":{"type":"Point","coordinates":[37.560936,55.811372]}},{"type":"Feature","id":"mno-915193486-1481","properties":{"category":"МНО","layer":"mno","district":"Тимирязевский","section":"Участок 4","name":"Астрадамский проезд,дом 9","address":"Астрадамский проезд,дом 9","source_address":"ДТ\\Астрадамский пр. 9","mno_type":"КП","container_count":"2","id":"915193414","mno_id":"915193486"},"geometry":{"type":"Point","coordinates":[37.562062,55.812915]}},{"type":"Feature","id":"mno-927654809-1482","properties":{"category":"МНО","layer":"mno","district":"Тимирязевский","section":"Участок 1","name":"Дмитровский проезд,дом 16","address":"Дмитровский проезд,дом 16","source_address":"ДТ\\Дмитровский пр. 16","mno_type":"КП","container_count":"5","id":"2271297","mno_id":"927654809"},"geometry":{"type":"Point","coordinates":[37.567806,55.808466]}},{"type":"Feature","id":"mno-92765480-1483","properties":{"category":"МНО","layer":"mno","district":"Тимирязевский","section":"Участок 1","name":"Дмитровский проезд,дом 16","address":"Дмитровский проезд,дом 16","source_address":"ДТ\\Дмитровский пр. 16","mno_type":"БП","container_count":"5","id":"2271297","mno_id":"92765480"},"geometry":{"type":"Point","coordinates":[37.567806,55.808466]}},{"type":"Feature","id":"mno-809005088-1484","properties":{"category":"МНО","layer":"mno","district":"Тимирязевский","section":"Участок 1","name":"Дмитровский проезд,дом 20, корпус 1","address":"Дмитровский проезд,дом 20, корпус 1","source_address":"ДТ\\Дмитровский пр. 20 к.1, 20 к.2","mno_type":"КП","container_count":"4","id":"1168091","mno_id":"809005088"},"geometry":{"type":"Point","coordinates":[37.56304,55.807818]}},{"type":"Feature","id":"mno-806747648-1485","properties":{"category":"МНО","layer":"mno","district":"Тимирязевский","section":"Участок 1","name":"Дмитровский проезд,дом 4, корпус 2","address":"Дмитровский проезд,дом 4, корпус 2","source_address":"ДТ\\Дмитровский пр. 4, 4А, 4 к.2, 4 к.3, 4 к.4; Дмитровское шоссе 1 к.1","mno_type":"КП","container_count":"4","id":"2271739","mno_id":"806747648"},"geometry":{"type":"Point","coordinates":[37.577919,55.81049]}},{"type":"Feature","id":"mno-807255632-1486","properties":{"category":"МНО","layer":"mno","district":"Тимирязевский","section":"Участок 1","name":"Дмитровский проезд,дом 6, корпус 2","address":"Дмитровский проезд,дом 6, корпус 2","source_address":"ДТ\\Дмитровский пр. 6 к.1, 6 к.2; Костякова ул. 2/6","mno_type":"КП","container_count":"3","id":"2272850","mno_id":"807255632"},"geometry":{"type":"Point","coordinates":[37.576497,55.80968]}},{"type":"Feature","id":"mno-808005948-1487","properties":{"category":"МНО","layer":"mno","district":"Тимирязевский","section":"Участок 1","name":"Дмитровский проезд,дом 8","address":"Дмитровский проезд,дом 8","source_address":"ДТ\\Дмитровский пр. 8","mno_type":"КП","container_count":"3","id":"2272629","mno_id":"808005948"},"geometry":{"type":"Point","coordinates":[37.572881,55.809792]}},{"type":"Feature","id":"mno-799335082-1488","properties":{"category":"МНО","layer":"mno","district":"Тимирязевский","section":"Участок 2","name":"Дмитровское шоссе,15 к.2","address":"Дмитровское шоссе,15 к.2","source_address":"ДТ\\Дмитровское шоссе 15 к.1, 15 к.2","mno_type":"КП","container_count":"2","id":"1167424","mno_id":"799335082"},"geometry":{"type":"Point","coordinates":[37.572251,55.818642]}},{"type":"Feature","id":"mno-799220919-1489","properties":{"category":"МНО","layer":"mno","district":"Тимирязевский","section":"Участок 2","name":"Дмитровское шоссе,17 к.1","address":"Дмитровское шоссе,17 к.1","source_address":"ДТ\\Дмитровское шоссе 17 к.1, 17 к.2","mno_type":"КП","container_count":"2","id":"2271063","mno_id":"799220919"},"geometry":{"type":"Point","coordinates":[37.571872,55.819712]}},{"type":"Feature","id":"mno-788720138-1490","properties":{"category":"МНО","layer":"mno","district":"Тимирязевский","section":"Участок 6","name":"Дмитровское шоссе,27 к.2","address":"Дмитровское шоссе,27 к.2","source_address":"ДТ\\Дмитровское шоссе 27 к.2, 27 к.3, 27 к.4","mno_type":"КП","container_count":"3","id":"1167667","mno_id":"788720138"},"geometry":{"type":"Point","coordinates":[37.571394,55.828596]}},{"type":"Feature","id":"mno-942541744-1491","properties":{"category":"МНО","layer":"mno","district":"Тимирязевский","section":"Участок 1","name":"Дмитровское шоссе,3 к.1","address":"Дмитровское шоссе,3 к.1","source_address":"ДТ\\Дмитровское шоссе 3 к.1, 3 к.2","mno_type":"КП","container_count":"6","id":"2272447","mno_id":"942541744"},"geometry":{"type":"Point","coordinates":[37.576143,55.811241]}},{"type":"Feature","id":"mno-94254174-1492","properties":{"category":"МНО","layer":"mno","district":"Тимирязевский","section":"Участок 1","name":"Дмитровское шоссе,3 к.1","address":"Дмитровское шоссе,3 к.1","source_address":"ДТ\\Дмитровское шоссе 3 к.1, 3 к.2","mno_type":"БП","container_count":"6","id":"2272447","mno_id":"94254174"},"geometry":{"type":"Point","coordinates":[37.576143,55.811241]}},{"type":"Feature","id":"mno-816311921-1493","properties":{"category":"МНО","layer":"mno","district":"Тимирязевский","section":"Участок 1","name":"Дмитровское шоссе,5 к.1","address":"Дмитровское шоссе,5 к.1","source_address":"ДТ\\Дмитровское шоссе 5 к.1","mno_type":"КП","container_count":"4","id":"2272335","mno_id":"816311921"},"geometry":{"type":"Point","coordinates":[37.576517,55.812849]}},{"type":"Feature","id":"mno-44606544-1494","properties":{"category":"МНО","layer":"mno","district":"Тимирязевский","section":"Участок 3","name":"Дмитровское шоссе,61 к.1","address":"Дмитровское шоссе,61 к.1","source_address":"ДТ\\Дмитровское шоссе 61 к.1, 63 к.1, 63 к.2, 65 к.1, 65 к.2","mno_type":"КП","container_count":"3","id":"2272394","mno_id":"44606544"},"geometry":{"type":"Point","coordinates":[37.567107,55.846254]}},{"type":"Feature","id":"mno-446065443-1495","properties":{"category":"МНО","layer":"mno","district":"Тимирязевский","section":"Участок 3","name":"Дмитровское шоссе,63 к.1","address":"Дмитровское шоссе,63 к.1","source_address":"ДТ\\Дмитровское шоссе 61 к.1, 63 к.1, 63 к.2, 65 к.1, 65 к.2","mno_type":"КП","container_count":"3","id":"2272394","mno_id":"446065443"},"geometry":{"type":"Point","coordinates":[37.56682,55.847228]}},{"type":"Feature","id":"mno-788704750-1496","properties":{"category":"МНО","layer":"mno","district":"Тимирязевский","section":"Участок 2","name":"Дмитровское шоссе,дом 19, корпус 1","address":"Дмитровское шоссе,дом 19, корпус 1","source_address":"ДТ\\Дмитровское шоссе 19 к.1; Ивановская ул. 20","mno_type":"КП","container_count":"3","id":"2271264","mno_id":"788704750"},"geometry":{"type":"Point","coordinates":[37.572095,55.821039]}},{"type":"Feature","id":"mno-788711204-1497","properties":{"category":"МНО","layer":"mno","district":"Тимирязевский","section":"Участок 2","name":"Дмитровское шоссе,дом 21, корпус 2","address":"Дмитровское шоссе,дом 21, корпус 2","source_address":"ДТ\\Дмитровское шоссе 21 к.2","mno_type":"КП","container_count":"2","id":"2271492","mno_id":"788711204"},"geometry":{"type":"Point","coordinates":[37.571584,55.823303]}},{"type":"Feature","id":"mno-81039446-1498","properties":{"category":"МНО","layer":"mno","district":"Тимирязевский","section":"Участок 2","name":"Дмитровское шоссе,дом 23, корпус 1","address":"Дмитровское шоссе,дом 23, корпус 1","source_address":"ДТ\\Дмитровское шоссе 23 к.1; Ивановская ул. 26","mno_type":"КП","container_count":"3","id":"2271918","mno_id":"81039446"},"geometry":{"type":"Point","coordinates":[37.570814,55.823986]}},{"type":"Feature","id":"mno-78871479-1499","properties":{"category":"МНО","layer":"mno","district":"Тимирязевский","section":"Участок 2","name":"Дмитровское шоссе,дом 25, корпус 1","address":"Дмитровское шоссе,дом 25, корпус 1","source_address":"ДТ\\Дмитровское шоссе 25 к.1; Ивановская ул. 32, 34, 36; Красностуденческий пр. 1; Немчинова ул. 2","mno_type":"КП","container_count":"3","id":"2271992","mno_id":"78871479"},"geometry":{"type":"Point","coordinates":[37.571024,55.824522]}},{"type":"Feature","id":"mno-78872356-1500","properties":{"category":"МНО","layer":"mno","district":"Тимирязевский","section":"Участок 6","name":"Дмитровское шоссе,дом 29, корпус 1","address":"Дмитровское шоссе,дом 29, корпус 1","source_address":"ДТ\\Дмитровское шоссе 29 к.1, 31, 33 к.1","mno_type":"КП","container_count":"3","id":"2270623","mno_id":"78872356"},"geometry":{"type":"Point","coordinates":[37.571402,55.828586]}},{"type":"Feature","id":"mno-788717886-1501","properties":{"category":"МНО","layer":"mno","district":"Тимирязевский","section":"Участок 2","name":"Дмитровское шоссе,дом 30, корпус 1","address":"Дмитровское шоссе,дом 30, корпус 1","source_address":"ДТ\\Дмитровское шоссе 28, 30 к.1, 32 к.1","mno_type":"КП","container_count":"2","id":"1167805","mno_id":"788717886"},"geometry":{"type":"Point","coordinates":[37.574619,55.838941]}},{"type":"Feature","id":"mno-788723562-1502","properties":{"category":"МНО","layer":"mno","district":"Тимирязевский","section":"Участок 6","name":"Дмитровское шоссе,дом 33, корпус 1","address":"Дмитровское шоссе,дом 33, корпус 1","source_address":"ДТ\\Дмитровское шоссе 29 к.1, 31, 33 к.1","mno_type":"КП","container_count":"3","id":"2270623","mno_id":"788723562"},"geometry":{"type":"Point","coordinates":[37.571403,55.828578]}},{"type":"Feature","id":"mno-808263664-1503","properties":{"category":"МНО","layer":"mno","district":"Тимирязевский","section":"Участок 6","name":"Дмитровское шоссе,дом 33, корпус 6","address":"Дмитровское шоссе,дом 33, корпус 6","source_address":"ДТ\\Дмитровское шоссе 33 к.4, 33 к.5, 33 к.6, 33 к.7","mno_type":"КП","container_count":"6","id":"2270523","mno_id":"808263664"},"geometry":{"type":"Point","coordinates":[37.567323,55.829323]}},{"type":"Feature","id":"mno-78873969-1504","properties":{"category":"МНО","layer":"mno","district":"Тимирязевский","section":"Участок 6","name":"Дмитровское шоссе,дом 35, корпус 1","address":"Дмитровское шоссе,дом 35, корпус 1","source_address":"ДТ\\Дмитровское шоссе 33 к.2, 35 к.1, 37 к.1, 39 к.1, 39 к.2","mno_type":"КП","container_count":"5","id":"2270461","mno_id":"78873969"},"geometry":{"type":"Point","coordinates":[37.571403,55.828583]}},{"type":"Feature","id":"mno-7887396-1505","properties":{"category":"МНО","layer":"mno","district":"Тимирязевский","section":"Участок 6","name":"Дмитровское шоссе,дом 37, корпус 1","address":"Дмитровское шоссе,дом 37, корпус 1","source_address":"ДТ\\Дмитровское шоссе 33 к.2, 35 к.1, 37 к.1, 39 к.1, 39 к.2","mno_type":"КП","container_count":"5","id":"2270461","mno_id":"7887396"},"geometry":{"type":"Point","coordinates":[37.571221,55.83118]}},{"type":"Feature","id":"mno-788729598-1506","properties":{"category":"МНО","layer":"mno","district":"Тимирязевский","section":"Участок 3","name":"Дмитровское шоссе,дом 38, корпус 1","address":"Дмитровское шоссе,дом 38, корпус 1","source_address":"ДТ\\Дмитровское шоссе 38 к.1","mno_type":"КП","container_count":"4","id":"2272247","mno_id":"788729598"},"geometry":{"type":"Point","coordinates":[37.572282,55.840814]}},{"type":"Feature","id":"mno-788739-1507","properties":{"category":"МНО","layer":"mno","district":"Тимирязевский","section":"Участок 6","name":"Дмитровское шоссе,дом 39, корпус 1","address":"Дмитровское шоссе,дом 39, корпус 1","source_address":"ДТ\\Дмитровское шоссе 33 к.2, 35 к.1, 37 к.1, 39 к.1, 39 к.2","mno_type":"КП","container_count":"5","id":"2270461","mno_id":"788739"},"geometry":{"type":"Point","coordinates":[37.571045,55.831252]}},{"type":"Feature","id":"mno-78873-1508","properties":{"category":"МНО","layer":"mno","district":"Тимирязевский","section":"Участок 6","name":"Дмитровское шоссе,дом 39, корпус 1","address":"Дмитровское шоссе,дом 39, корпус 1","source_address":"ДТ\\Дмитровское шоссе 33 к.2, 35 к.1, 37 к.1, 39 к.1, 39 к.2","mno_type":"БП","container_count":"5","id":"2270461","mno_id":"78873"},"geometry":{"type":"Point","coordinates":[37.571045,55.831252]}},{"type":"Feature","id":"mno-788739698-1509","properties":{"category":"МНО","layer":"mno","district":"Тимирязевский","section":"Участок 6","name":"Дмитровское шоссе,дом 39, корпус 1","address":"Дмитровское шоссе,дом 39, корпус 1","source_address":"ДТ\\Дмитровское шоссе 33 к.2, 35 к.1, 37 к.1, 39 к.1, 39 к.2","mno_type":"КП","container_count":"5","id":"2270461","mno_id":"788739698"},"geometry":{"type":"Point","coordinates":[37.571153,55.831163]}},{"type":"Feature","id":"mno-80846700-1510","properties":{"category":"МНО","layer":"mno","district":"Тимирязевский","section":"Участок 6","name":"Дмитровское шоссе,дом 41, корпус 1","address":"Дмитровское шоссе,дом 41, корпус 1","source_address":"ДТ\\Дмитровское шоссе 41 к.1, 41 к.2, 45 к.1, 45 к.2, 45 к.3","mno_type":"КП","container_count":"2","id":"2270850","mno_id":"80846700"},"geometry":{"type":"Point","coordinates":[37.570173,55.832106]}},{"type":"Feature","id":"mno-78874760-1511","properties":{"category":"МНО","layer":"mno","district":"Тимирязевский","section":"Участок 3","name":"Дмитровское шоссе,дом 42","address":"Дмитровское шоссе,дом 42","source_address":"ДТ\\Дмитровское шоссе 42","mno_type":"КП","container_count":"3","id":"2272134","mno_id":"78874760"},"geometry":{"type":"Point","coordinates":[37.572913,55.84237]}},{"type":"Feature","id":"mno-788747609-1512","properties":{"category":"МНО","layer":"mno","district":"Тимирязевский","section":"Участок 3","name":"Дмитровское шоссе,дом 42","address":"Дмитровское шоссе,дом 42","source_address":"ДТ\\Дмитровское шоссе 42","mno_type":"БП","container_count":"3","id":"2272134","mno_id":"788747609"},"geometry":{"type":"Point","coordinates":[37.572913,55.84237]}},{"type":"Feature","id":"mno-798742608-1513","properties":{"category":"МНО","layer":"mno","district":"Тимирязевский","section":"Участок 6","name":"Дмитровское шоссе,дом 43, корпус 1","address":"Дмитровское шоссе,дом 43, корпус 1","source_address":"ДТ\\Дмитровское шоссе 43 к.1","mno_type":"КП","container_count":"2","id":"2270741","mno_id":"798742608"},"geometry":{"type":"Point","coordinates":[37.571317,55.833572]}},{"type":"Feature","id":"mno-8084670-1514","properties":{"category":"МНО","layer":"mno","district":"Тимирязевский","section":"Участок 6","name":"Дмитровское шоссе,дом 45, корпус 2","address":"Дмитровское шоссе,дом 45, корпус 2","source_address":"ДТ\\Дмитровское шоссе 41 к.1, 41 к.2, 45 к.1, 45 к.2, 45 к.3","mno_type":"КП","container_count":"2","id":"2270850","mno_id":"8084670"},"geometry":{"type":"Point","coordinates":[37.568185,55.833843]}},{"type":"Feature","id":"mno-808467002-1515","properties":{"category":"МНО","layer":"mno","district":"Тимирязевский","section":"Участок 6","name":"Дмитровское шоссе,дом 45, корпус 2","address":"Дмитровское шоссе,дом 45, корпус 2","source_address":"ДТ\\Дмитровское шоссе 41 к.1, 41 к.2, 45 к.1, 45 к.2, 45 к.3","mno_type":"БП","container_count":"2","id":"2270850","mno_id":"808467002"},"geometry":{"type":"Point","coordinates":[37.569188,55.833945]}},{"type":"Feature","id":"mno-1139860567-1516","properties":{"category":"МНО","layer":"mno","district":"Тимирязевский","section":"Участок 3","name":"Дмитровское шоссе,дом 48, корпус 2","address":"Дмитровское шоссе,дом 48, корпус 2","source_address":"ДТ\\Дмитровское шоссе 48 к.1, 48 к.2, 50 к.1; Нижнелихоборский 3-й пр. 14","mno_type":"КП","container_count":"3","id":"1167769","mno_id":"1139860567"},"geometry":{"type":"Point","coordinates":[37.571242,55.845045]}},{"type":"Feature","id":"mno-113986056-1517","properties":{"category":"МНО","layer":"mno","district":"Тимирязевский","section":"Участок 3","name":"Дмитровское шоссе,дом 48, корпус 2","address":"Дмитровское шоссе,дом 48, корпус 2","source_address":"ДТ\\Дмитровское шоссе 48 к.1, 48 к.2, 50 к.1; Нижнелихоборский 3-й пр. 14","mno_type":"КП","container_count":"3","id":"1167769","mno_id":"113986056"},"geometry":{"type":"Point","coordinates":[37.571217,55.845039]}},{"type":"Feature","id":"mno-11398605-1518","properties":{"category":"МНО","layer":"mno","district":"Тимирязевский","section":"Участок 3","name":"Дмитровское шоссе,дом 50, корпус 1","address":"Дмитровское шоссе,дом 50, корпус 1","source_address":"ДТ\\Дмитровское шоссе 48 к.1, 48 к.2, 50 к.1; Нижнелихоборский 3-й пр. 14","mno_type":"КП","container_count":"3","id":"1167769","mno_id":"11398605"},"geometry":{"type":"Point","coordinates":[37.569976,55.845953]}},{"type":"Feature","id":"mno-80680175-1519","properties":{"category":"МНО","layer":"mno","district":"Тимирязевский","section":"Участок 3","name":"Дмитровское шоссе,дом 51, корпус 1","address":"Дмитровское шоссе,дом 51, корпус 1","source_address":"ДТ\\Дмитровское шоссе 51 к.1","mno_type":"КП","container_count":"5","id":"1167853","mno_id":"80680175"},"geometry":{"type":"Point","coordinates":[37.568074,55.842419]}},{"type":"Feature","id":"mno-806801751-1520","properties":{"category":"МНО","layer":"mno","district":"Тимирязевский","section":"Участок 3","name":"Дмитровское шоссе,дом 51, корпус 1","address":"Дмитровское шоссе,дом 51, корпус 1","source_address":"ДТ\\Дмитровское шоссе 51 к.1","mno_type":"БП","container_count":"5","id":"1167853","mno_id":"806801751"},"geometry":{"type":"Point","coordinates":[37.568092,55.842355]}},{"type":"Feature","id":"mno-915004541-1521","properties":{"category":"МНО","layer":"mno","district":"Тимирязевский","section":"Участок 3","name":"Дмитровское шоссе,дом 55","address":"Дмитровское шоссе,дом 55","source_address":"ДТ\\Дмитровское шоссе 55","mno_type":"КП","container_count":"5","id":"915004437","mno_id":"915004541"},"geometry":{"type":"Point","coordinates":[37.566847,55.843369]}},{"type":"Feature","id":"mno-816317008-1522","properties":{"category":"МНО","layer":"mno","district":"Тимирязевский","section":"Участок 1","name":"Дмитровское шоссе,дом 7, корпус 2","address":"Дмитровское шоссе,дом 7, корпус 2","source_address":"ДТ\\Дмитровское шоссе дом 7, корпус 2","mno_type":"КП","container_count":"3","id":"2272765","mno_id":"816317008"},"geometry":{"type":"Point","coordinates":[37.576091,55.81369]}},{"type":"Feature","id":"mno-810394467-1523","properties":{"category":"МНО","layer":"mno","district":"Тимирязевский","section":"Участок 2","name":"Ивановская улица,дом 26","address":"Ивановская улица,дом 26","source_address":"ДТ\\Дмитровское шоссе 23 к.1; Ивановская ул. 26","mno_type":"КП","container_count":"3","id":"2271918","mno_id":"810394467"},"geometry":{"type":"Point","coordinates":[37.5705,55.823269]}},{"type":"Feature","id":"mno-7887147-1524","properties":{"category":"МНО","layer":"mno","district":"Тимирязевский","section":"Участок 2","name":"Ивановская улица,дом 34","address":"Ивановская улица,дом 34","source_address":"ДТ\\Дмитровское шоссе 25 к.1; Ивановская ул. 32, 34, 36; Красностуденческий пр. 1; Немчинова ул. 2","mno_type":"КП","container_count":"3","id":"2271992","mno_id":"7887147"},"geometry":{"type":"Point","coordinates":[37.569813,55.824867]}},{"type":"Feature","id":"mno-788714790-1525","properties":{"category":"МНО","layer":"mno","district":"Тимирязевский","section":"Участок 2","name":"Красностуденческий проезд,дом 1","address":"Красностуденческий проезд,дом 1","source_address":"ДТ\\Дмитровское шоссе 25 к.1; Ивановская ул. 32, 34, 36; Красностуденческий пр. 1; Немчинова ул. 2","mno_type":"КП","container_count":"3","id":"2271992","mno_id":"788714790"},"geometry":{"type":"Point","coordinates":[37.570753,55.825331]}},{"type":"Feature","id":"mno-81632300-1526","properties":{"category":"МНО","layer":"mno","district":"Тимирязевский","section":"Участок 2","name":"Красностуденческий проезд,дом 13","address":"Красностуденческий проезд,дом 13","source_address":"ДТ\\Красностуденческий пр. 13, 17","mno_type":"КП","container_count":"2","id":"2271515","mno_id":"81632300"},"geometry":{"type":"Point","coordinates":[37.563728,55.824341]}},{"type":"Feature","id":"mno-816323009-1527","properties":{"category":"МНО","layer":"mno","district":"Тимирязевский","section":"Участок 2","name":"Красностуденческий проезд,дом 17","address":"Красностуденческий проезд,дом 17","source_address":"ДТ\\Красностуденческий пр. 13, 17","mno_type":"КП","container_count":"2","id":"2271515","mno_id":"816323009"},"geometry":{"type":"Point","coordinates":[37.563108,55.82419]}},{"type":"Feature","id":"mno-78269437-1528","properties":{"category":"МНО","layer":"mno","district":"Тимирязевский","section":"Участок 2","name":"Красностуденческий проезд,дом 19","address":"Красностуденческий проезд,дом 19","source_address":"ДТ\\Красностуденческий пр. 19, 21, 23","mno_type":"КП","container_count":"2","id":"1168308","mno_id":"78269437"},"geometry":{"type":"Point","coordinates":[37.561522,55.823985]}},{"type":"Feature","id":"mno-782709533-1529","properties":{"category":"МНО","layer":"mno","district":"Тимирязевский","section":"Участок 6","name":"Красностуденческий проезд,дом 2","address":"Красностуденческий проезд,дом 2","source_address":"ДТ\\Красностуденческий пр. 2","mno_type":"КП","container_count":"2","id":"2270774","mno_id":"782709533"},"geometry":{"type":"Point","coordinates":[37.569108,55.826298]}},{"type":"Feature","id":"mno-782694370-1530","properties":{"category":"МНО","layer":"mno","district":"Тимирязевский","section":"Участок 2","name":"Красностуденческий проезд,дом 21","address":"Красностуденческий проезд,дом 21","source_address":"ДТ\\Красностуденческий пр. 19, 21, 23","mno_type":"КП","container_count":"2","id":"1168308","mno_id":"782694370"},"geometry":{"type":"Point","coordinates":[37.560667,55.823603]}},{"type":"Feature","id":"mno-924992471-1531","properties":{"category":"МНО","layer":"mno","district":"Тимирязевский","section":"Участок 2","name":"Красностуденческий проезд,дом 3","address":"Красностуденческий проезд,дом 3","source_address":"ДТ\\Красностуденческий пр. 3, 5","mno_type":"КП","container_count":"2","id":"1171220","mno_id":"924992471"},"geometry":{"type":"Point","coordinates":[37.567527,55.82489]}},{"type":"Feature","id":"mno-810724511-1532","properties":{"category":"МНО","layer":"mno","district":"Тимирязевский","section":"Участок 6","name":"Красностуденческий проезд,дом 4","address":"Красностуденческий проезд,дом 4","source_address":"ДТ\\Красностуденческий пр. 4","mno_type":"КП","container_count":"3","id":"2270573","mno_id":"810724511"},"geometry":{"type":"Point","coordinates":[37.562563,55.82506]}},{"type":"Feature","id":"mno-92499247-1533","properties":{"category":"МНО","layer":"mno","district":"Тимирязевский","section":"Участок 2","name":"Красностуденческий проезд,дом 5","address":"Красностуденческий проезд,дом 5","source_address":"ДТ\\Красностуденческий пр. 3, 5","mno_type":"КП","container_count":"2","id":"1171220","mno_id":"92499247"},"geometry":{"type":"Point","coordinates":[37.567066,55.82506]}},{"type":"Feature","id":"mno-80548307-1534","properties":{"category":"МНО","layer":"mno","district":"Тимирязевский","section":"Участок 3","name":"Линейный проезд,дом 1","address":"Линейный проезд,дом 1","source_address":"ДТ\\Линейный пр. 1, 3","mno_type":"БП","container_count":"1","id":"2271645","mno_id":"80548307"},"geometry":{"type":"Point","coordinates":[37.568154,55.842218]}},{"type":"Feature","id":"mno-805483070-1535","properties":{"category":"МНО","layer":"mno","district":"Тимирязевский","section":"Участок 3","name":"Линейный проезд,дом 1","address":"Линейный проезд,дом 1","source_address":"ДТ\\Линейный пр. 1, 3","mno_type":"КП","container_count":"1","id":"2271645","mno_id":"805483070"},"geometry":{"type":"Point","coordinates":[37.568154,55.842218]}},{"type":"Feature","id":"mno-939841691-1536","properties":{"category":"МНО","layer":"mno","district":"Тимирязевский","section":"Участок 3","name":"Линейный проезд,дом 6","address":"Линейный проезд,дом 6","source_address":"ДТ\\Дмитровское шоссе 36 к.2, 40 к.1; Линейный пр. 6, 6А","mno_type":"КП","container_count":"2","id":"2270091","mno_id":"939841691"},"geometry":{"type":"Point","coordinates":[37.573875,55.841509]}},{"type":"Feature","id":"mno-808438742-1537","properties":{"category":"МНО","layer":"mno","district":"Тимирязевский","section":"Участок 3","name":"Локомотивный проезд,дом 11/10","address":"Локомотивный проезд,дом 11/10","source_address":"ДТ\\Линейный пр. 8; Локомотивный пр. 11/10","mno_type":"КП","container_count":"4","id":"2271948","mno_id":"808438742"},"geometry":{"type":"Point","coordinates":[37.575697,55.8412]}},{"type":"Feature","id":"mno-942156018-1538","properties":{"category":"МНО","layer":"mno","district":"Тимирязевский","section":"Участок 3","name":"Локомотивный проезд,дом 15","address":"Локомотивный проезд,дом 15","source_address":"ДТ\\Локомотивный пр. 15, 15 к.2, 19А","mno_type":"КП","container_count":"5","id":"2270167","mno_id":"942156018"},"geometry":{"type":"Point","coordinates":[37.574275,55.843082]}},{"type":"Feature","id":"mno-94215601-1539","properties":{"category":"МНО","layer":"mno","district":"Тимирязевский","section":"Участок 3","name":"Локомотивный проезд,дом 15, корпус 2","address":"Локомотивный проезд,дом 15, корпус 2","source_address":"ДТ\\Локомотивный пр. 15, 15 к.2, 19А","mno_type":"КП","container_count":"5","id":"2270167","mno_id":"94215601"},"geometry":{"type":"Point","coordinates":[37.573603,55.843526]}},{"type":"Feature","id":"mno-799173701-1540","properties":{"category":"МНО","layer":"mno","district":"Тимирязевский","section":"Участок 3","name":"Локомотивный проезд,дом 31","address":"Локомотивный проезд,дом 31","source_address":"ДТ\\Локомотивный пр. 29, 31","mno_type":"КП","container_count":"5","id":"2271125","mno_id":"799173701"},"geometry":{"type":"Point","coordinates":[37.571416,55.84813]}},{"type":"Feature","id":"mno-806696819-1541","properties":{"category":"МНО","layer":"mno","district":"Тимирязевский","section":"Участок 3","name":"Локомотивный проезд,дом 5","address":"Локомотивный проезд,дом 5","source_address":"ДТ\\Локомотивный пр. 5","mno_type":"КП","container_count":"3","id":"1167648","mno_id":"806696819"},"geometry":{"type":"Point","coordinates":[37.576596,55.838986]}},{"type":"Feature","id":"mno-808338455-1542","properties":{"category":"МНО","layer":"mno","district":"Тимирязевский","section":"Участок 4","name":"проезд Соломенной Сторожки,дом 12А","address":"проезд Соломенной Сторожки,дом 12А","source_address":"ДТ\\Вучетича ул. 8; Соломенной Сторожки пр. 12А","mno_type":"КП","container_count":"3","id":"2271028","mno_id":"808338455"},"geometry":{"type":"Point","coordinates":[37.561551,55.809476]}},{"type":"Feature","id":"mno-79183226-1543","properties":{"category":"МНО","layer":"mno","district":"Тимирязевский","section":"Участок 1","name":"проезд Соломенной Сторожки,дом 5","address":"проезд Соломенной Сторожки,дом 5","source_address":"ДТ\\Соломенной Сторожки пр. 3, 3А, 5, 5А","mno_type":"КП","container_count":"4","id":"2269904","mno_id":"79183226"},"geometry":{"type":"Point","coordinates":[37.566775,55.808952]}},{"type":"Feature","id":"mno-791832268-1544","properties":{"category":"МНО","layer":"mno","district":"Тимирязевский","section":"Участок 1","name":"проезд Соломенной Сторожки,дом 5","address":"проезд Соломенной Сторожки,дом 5","source_address":"ДТ\\Соломенной Сторожки пр. 3, 3А, 5, 5А","mno_type":"БП","container_count":"4","id":"2269904","mno_id":"791832268"},"geometry":{"type":"Point","coordinates":[37.566775,55.808952]}},{"type":"Feature","id":"mno-782985171-1545","properties":{"category":"МНО","layer":"mno","district":"Тимирязевский","section":"Участок 4","name":"проезд Соломенной Сторожки,дом 8","address":"проезд Соломенной Сторожки,дом 8","source_address":"ДТ\\Соломенной Сторожки пр. 10, 10А, 8","mno_type":"КП","container_count":"2","id":"2271083","mno_id":"782985171"},"geometry":{"type":"Point","coordinates":[37.563456,55.809528]}},{"type":"Feature","id":"mno-783160788-1546","properties":{"category":"МНО","layer":"mno","district":"Тимирязевский","section":"Участок 1","name":"Тимирязевская улица,дом 10/12","address":"Тимирязевская улица,дом 10/12","source_address":"ДТ\\Тимирязевская ул. 10/12","mno_type":"КП","container_count":"1","id":"1168219","mno_id":"783160788"},"geometry":{"type":"Point","coordinates":[37.569009,55.812463]}},{"type":"Feature","id":"mno-934426356-1547","properties":{"category":"МНО","layer":"mno","district":"Тимирязевский","section":"Участок 1","name":"Тимирязевская улица,дом 11, корпус 1","address":"Тимирязевская улица,дом 11, корпус 1","source_address":"ДТ\\Дмитровский пр. 14; Тимирязевская ул. 11, 11 к.1, 7, 9","mno_type":"БП","container_count":"1","id":"2272577","mno_id":"934426356"},"geometry":{"type":"Point","coordinates":[37.56839,55.809677]}},{"type":"Feature","id":"mno-93442635-1548","properties":{"category":"МНО","layer":"mno","district":"Тимирязевский","section":"Участок 1","name":"Тимирязевская улица,дом 11, корпус 1","address":"Тимирязевская улица,дом 11, корпус 1","source_address":"ДТ\\Дмитровский пр. 14; Тимирязевская ул. 11, 11 к.1, 7, 9","mno_type":"КП","container_count":"1","id":"2272577","mno_id":"93442635"},"geometry":{"type":"Point","coordinates":[37.568347,55.809711]}},{"type":"Feature","id":"mno-910748018-1549","properties":{"category":"МНО","layer":"mno","district":"Тимирязевский","section":"Участок 1","name":"Тимирязевская улица,дом 12","address":"Тимирязевская улица,дом 12","source_address":"ДТ\\Тимирязевская ул. 12","mno_type":"КП","container_count":"3","id":"2269963","mno_id":"910748018"},"geometry":{"type":"Point","coordinates":[37.568224,55.812954]}},{"type":"Feature","id":"mno-910768919-1550","properties":{"category":"МНО","layer":"mno","district":"Тимирязевский","section":"Участок 1","name":"Тимирязевская улица,дом 14","address":"Тимирязевская улица,дом 14","source_address":"ДТ\\Тимирязевская ул. 14","mno_type":"КП","container_count":"1","id":"1167281","mno_id":"910768919"},"geometry":{"type":"Point","coordinates":[37.56701,55.813872]}},{"type":"Feature","id":"mno-81066046-1551","properties":{"category":"МНО","layer":"mno","district":"Тимирязевский","section":"Участок 4","name":"Тимирязевская улица,дом 17, корпус 1","address":"Тимирязевская улица,дом 17, корпус 1","source_address":"ДТ\\Астрадамская ул. 4; Тимирязевская ул. 17А, 17 к.1, 19","mno_type":"КП","container_count":"4","id":"2272538","mno_id":"81066046"},"geometry":{"type":"Point","coordinates":[37.565917,55.812513]}},{"type":"Feature","id":"mno-810660469-1552","properties":{"category":"МНО","layer":"mno","district":"Тимирязевский","section":"Участок 4","name":"Тимирязевская улица,дом 17, корпус 1","address":"Тимирязевская улица,дом 17, корпус 1","source_address":"ДТ\\Астрадамская ул. 4; Тимирязевская ул. 17А, 17 к.1, 19","mno_type":"БП","container_count":"4","id":"2272538","mno_id":"810660469"},"geometry":{"type":"Point","coordinates":[37.565917,55.812513]}},{"type":"Feature","id":"mno-81068628-1553","properties":{"category":"МНО","layer":"mno","district":"Тимирязевский","section":"Участок 2","name":"Тимирязевская улица,дом 18, корпус 2","address":"Тимирязевская улица,дом 18, корпус 2","source_address":"ДТ\\Тимирязевская ул. 18 к.1, 18 к.2","mno_type":"БП","container_count":"1","id":"1168167","mno_id":"81068628"},"geometry":{"type":"Point","coordinates":[37.565104,55.816479]}},{"type":"Feature","id":"mno-810686280-1554","properties":{"category":"МНО","layer":"mno","district":"Тимирязевский","section":"Участок 2","name":"Тимирязевская улица,дом 18, корпус 2","address":"Тимирязевская улица,дом 18, корпус 2","source_address":"ДТ\\Тимирязевская ул. 18 к.1, 18 к.2","mno_type":"КП","container_count":"1","id":"1168167","mno_id":"810686280"},"geometry":{"type":"Point","coordinates":[37.564989,55.816541]}},{"type":"Feature","id":"mno-79980077-1555","properties":{"category":"МНО","layer":"mno","district":"Тимирязевский","section":"Участок 4","name":"Тимирязевская улица,дом 23","address":"Тимирязевская улица,дом 23","source_address":"ДТ\\Астрадамская ул. 6, 6 к.1; Тимирязевская ул. 23, 25, 25 к.2","mno_type":"КП","container_count":"3","id":"2271180","mno_id":"79980077"},"geometry":{"type":"Point","coordinates":[37.565024,55.81369]}},{"type":"Feature","id":"mno-799800777-1556","properties":{"category":"МНО","layer":"mno","district":"Тимирязевский","section":"Участок 4","name":"Тимирязевская улица,дом 25","address":"Тимирязевская улица,дом 25","source_address":"ДТ\\Астрадамская ул. 6, 6 к.1; Тимирязевская ул. 23, 25, 25 к.2","mno_type":"КП","container_count":"3","id":"2271180","mno_id":"799800777"},"geometry":{"type":"Point","coordinates":[37.563234,55.814392]}},{"type":"Feature","id":"mno-78327928-1557","properties":{"category":"МНО","layer":"mno","district":"Тимирязевский","section":"Участок 2","name":"Тимирязевская улица,дом 30, корпус 1","address":"Тимирязевская улица,дом 30, корпус 1","source_address":"ДТ\\Тимирязевская ул. 30 к.1, 30 к.2, 32 к.1, 32 к.2","mno_type":"КП","container_count":"3","id":"1168056","mno_id":"78327928"},"geometry":{"type":"Point","coordinates":[37.561419,55.820654]}},{"type":"Feature","id":"mno-783279281-1558","properties":{"category":"МНО","layer":"mno","district":"Тимирязевский","section":"Участок 2","name":"Тимирязевская улица,дом 32, корпус 1","address":"Тимирязевская улица,дом 32, корпус 1","source_address":"ДТ\\Тимирязевская ул. 30 к.1, 30 к.2, 32 к.1, 32 к.2","mno_type":"КП","container_count":"3","id":"1168056","mno_id":"783279281"},"geometry":{"type":"Point","coordinates":[37.56009,55.821519]}},{"type":"Feature","id":"mno-783337388-1559","properties":{"category":"МНО","layer":"mno","district":"Тимирязевский","section":"Участок 3","name":"Тимирязевская улица,дом 34, корпус 1","address":"Тимирязевская улица,дом 34, корпус 1","source_address":"ДТ\\Тимирязевская улица дом 34, корпус 1, дом 34, корпус 2","mno_type":"КП","container_count":"2","id":"2272096","mno_id":"783337388"},"geometry":{"type":"Point","coordinates":[37.559633,55.822155]}},{"type":"Feature","id":"mno-91003478-1560","properties":{"category":"МНО","layer":"mno","district":"Тимирязевский","section":"Участок 1","name":"Тимирязевская улица,дом 4/12","address":"Тимирязевская улица,дом 4/12","source_address":"ДТ\\Тимирязевская ул. 4/12","mno_type":"БП","container_count":"1","id":"2271680","mno_id":"91003478"},"geometry":{"type":"Point","coordinates":[37.570912,55.809534]}},{"type":"Feature","id":"mno-910034782-1561","properties":{"category":"МНО","layer":"mno","district":"Тимирязевский","section":"Участок 1","name":"Тимирязевская улица,дом 4/12","address":"Тимирязевская улица,дом 4/12","source_address":"ДТ\\Тимирязевская ул. 4/12","mno_type":"КП","container_count":"1","id":"2271680","mno_id":"910034782"},"geometry":{"type":"Point","coordinates":[37.570912,55.809534]}},{"type":"Feature","id":"mno-810723607-1562","properties":{"category":"МНО","layer":"mno","district":"Тимирязевский","section":"Участок 1","name":"Тимирязевская улица,дом 6","address":"Тимирязевская улица,дом 6","source_address":"ДТ\\Тимирязевская ул. 6","mno_type":"КП","container_count":"4","id":"2272683","mno_id":"810723607"},"geometry":{"type":"Point","coordinates":[37.570006,55.810721]}},{"type":"Feature","id":"mno-8043462-1563","properties":{"category":"МНО","layer":"mno","district":"Тимирязевский","section":"Участок 4","name":"улица Вучетича,дом 11, корпус 1","address":"улица Вучетича,дом 11, корпус 1","source_address":"ДТ\\Вучетича ул. 11 к.1, 11 к.2, 9 к.1, 9 к.2","mno_type":"БП","container_count":"1","id":"1167945","mno_id":"8043462"},"geometry":{"type":"Point","coordinates":[37.557485,55.80992]}},{"type":"Feature","id":"mno-804346241-1564","properties":{"category":"МНО","layer":"mno","district":"Тимирязевский","section":"Участок 4","name":"улица Вучетича,дом 11, корпус 1","address":"улица Вучетича,дом 11, корпус 1","source_address":"ДТ\\Вучетича ул. 11 к.1, 11 к.2, 9 к.1, 9 к.2","mno_type":"КП","container_count":"1","id":"1167945","mno_id":"804346241"},"geometry":{"type":"Point","coordinates":[37.558353,55.8101]}},{"type":"Feature","id":"mno-799214607-1565","properties":{"category":"МНО","layer":"mno","district":"Тимирязевский","section":"Участок 4","name":"улица Вучетича,дом 15, корпус 1","address":"улица Вучетича,дом 15, корпус 1","source_address":"ДТ\\Вучетича ул. 15 к.1, 17 к.1","mno_type":"КП","container_count":"3","id":"2271457","mno_id":"799214607"},"geometry":{"type":"Point","coordinates":[37.557027,55.810725]}},{"type":"Feature","id":"mno-811632039-1566","properties":{"category":"МНО","layer":"mno","district":"Тимирязевский","section":"Участок 4","name":"улица Вучетича,дом 16, корпус 1","address":"улица Вучетича,дом 16, корпус 1","source_address":"ДТ\\Вучетича ул. 16, 16 к.1","mno_type":"КП","container_count":"2","id":"2271778","mno_id":"811632039"},"geometry":{"type":"Point","coordinates":[37.559727,55.810517]}},{"type":"Feature","id":"mno-807990049-1567","properties":{"category":"МНО","layer":"mno","district":"Тимирязевский","section":"Участок 4","name":"улица Вучетича,дом 19","address":"улица Вучетича,дом 19","source_address":"ДТ\\Вучетича ул. 19","mno_type":"КП","container_count":"2","id":"2270811","mno_id":"807990049"},"geometry":{"type":"Point","coordinates":[37.556821,55.812317]}},{"type":"Feature","id":"mno-806302240-1568","properties":{"category":"МНО","layer":"mno","district":"Тимирязевский","section":"Участок 4","name":"улица Вучетича,дом 22","address":"улица Вучетича,дом 22","source_address":"ДТ\\Астрадамский пр. 1, 3; Вучетича ул. 22","mno_type":"КП","container_count":"2","id":"2271558","mno_id":"806302240"},"geometry":{"type":"Point","coordinates":[37.558554,55.811471]}},{"type":"Feature","id":"mno-805783435-1569","properties":{"category":"МНО","layer":"mno","district":"Тимирязевский","section":"Участок 4","name":"улица Вучетича,дом 28, корпус 1","address":"улица Вучетича,дом 28, корпус 1","source_address":"ДТ\\Вучетича ул. 28 к.1, 28 к.2, 28 к.3, 28 к.4","mno_type":"КП","container_count":"3","id":"2270319","mno_id":"805783435"},"geometry":{"type":"Point","coordinates":[37.558226,55.812895]}},{"type":"Feature","id":"mno-806905194-1570","properties":{"category":"МНО","layer":"mno","district":"Тимирязевский","section":"Участок 4","name":"улица Вучетича,дом 28, корпус 5","address":"улица Вучетича,дом 28, корпус 5","source_address":"ДТ\\Вучетича ул. 28 к.5","mno_type":"КП","container_count":"3","id":"2271625","mno_id":"806905194"},"geometry":{"type":"Point","coordinates":[37.559858,55.813947]}},{"type":"Feature","id":"mno-1059606162-1571","properties":{"category":"МНО","layer":"mno","district":"Тимирязевский","section":"Участок 4","name":"улица Вучетича,дом 4","address":"улица Вучетича,дом 4","source_address":"ДТ\\Вучетича ул. 4","mno_type":"КП","container_count":"4","id":"1167485","mno_id":"1059606162"},"geometry":{"type":"Point","coordinates":[37.560589,55.807957]}},{"type":"Feature","id":"mno-788730390-1572","properties":{"category":"МНО","layer":"mno","district":"Тимирязевский","section":"Участок 2","name":"улица Дубки,дом 11","address":"улица Дубки,дом 11","source_address":"ДТ\\Дубки ул. 11, 13","mno_type":"КП","container_count":"2","id":"1168183","mno_id":"788730390"},"geometry":{"type":"Point","coordinates":[37.562646,55.822665]}},{"type":"Feature","id":"mno-911030906-1573","properties":{"category":"МНО","layer":"mno","district":"Тимирязевский","section":"Участок 2","name":"улица Дубки,дом 12","address":"улица Дубки,дом 12","source_address":"ДТ\\Дубки ул. 12","mno_type":"КП","container_count":"2","id":"1167471","mno_id":"911030906"},"geometry":{"type":"Point","coordinates":[37.564138,55.823071]}},{"type":"Feature","id":"mno-782529531-1574","properties":{"category":"МНО","layer":"mno","district":"Тимирязевский","section":"Участок 2","name":"улица Дубки,дом 2","address":"улица Дубки,дом 2","source_address":"ДТ\\Дубки ул. 2","mno_type":"КП","container_count":"3","id":"2271840","mno_id":"782529531"},"geometry":{"type":"Point","coordinates":[37.568113,55.816923]}},{"type":"Feature","id":"mno-78253025-1575","properties":{"category":"МНО","layer":"mno","district":"Тимирязевский","section":"Участок 2","name":"улица Дубки,дом 2А","address":"улица Дубки,дом 2А","source_address":"ДТ\\Дубки ул. 2А, 4А","mno_type":"КП","container_count":"3","id":"1168399","mno_id":"78253025"},"geometry":{"type":"Point","coordinates":[37.568667,55.81727]}},{"type":"Feature","id":"mno-441264848-1576","properties":{"category":"МНО","layer":"mno","district":"Тимирязевский","section":"Участок 2","name":"улица Дубки,дом 4","address":"улица Дубки,дом 4","source_address":"ДТ\\улица Дубки дом 4","mno_type":"КП","container_count":"2","id":"1168677","mno_id":"441264848"},"geometry":{"type":"Point","coordinates":[37.566801,55.817495]}},{"type":"Feature","id":"mno-7825302-1577","properties":{"category":"МНО","layer":"mno","district":"Тимирязевский","section":"Участок 2","name":"улица Дубки,дом 4А","address":"улица Дубки,дом 4А","source_address":"ДТ\\Дубки ул. 2А, 4А","mno_type":"КП","container_count":"3","id":"1168399","mno_id":"7825302"},"geometry":{"type":"Point","coordinates":[37.566699,55.817518]}},{"type":"Feature","id":"mno-782530255-1578","properties":{"category":"МНО","layer":"mno","district":"Тимирязевский","section":"Участок 2","name":"улица Дубки,дом 4А","address":"улица Дубки,дом 4А","source_address":"ДТ\\Дубки ул. 2А, 4А","mno_type":"КП","container_count":"3","id":"1168399","mno_id":"782530255"},"geometry":{"type":"Point","coordinates":[37.566188,55.817625]}},{"type":"Feature","id":"mno-782531165-1579","properties":{"category":"МНО","layer":"mno","district":"Тимирязевский","section":"Участок 2","name":"улица Дубки,дом 7","address":"улица Дубки,дом 7","source_address":"ДТ\\Дубки ул. 7","mno_type":"КП","container_count":"4","id":"1168608","mno_id":"782531165"},"geometry":{"type":"Point","coordinates":[37.562186,55.819034]}},{"type":"Feature","id":"mno-44126284-1580","properties":{"category":"МНО","layer":"mno","district":"Тимирязевский","section":"Участок 1","name":"улица Костякова,дом 10","address":"улица Костякова,дом 10","source_address":"ДТ\\Костякова ул. 10","mno_type":"БП","container_count":"5","id":"2270903","mno_id":"44126284"},"geometry":{"type":"Point","coordinates":[37.572394,55.814955]}},{"type":"Feature","id":"mno-441262842-1581","properties":{"category":"МНО","layer":"mno","district":"Тимирязевский","section":"Участок 1","name":"улица Костякова,дом 10","address":"улица Костякова,дом 10","source_address":"ДТ\\Костякова ул. 10","mno_type":"КП","container_count":"5","id":"2270903","mno_id":"441262842"},"geometry":{"type":"Point","coordinates":[37.572394,55.814955]}},{"type":"Feature","id":"mno-782555897-1582","properties":{"category":"МНО","layer":"mno","district":"Тимирязевский","section":"Участок 1","name":"улица Костякова,дом 11, корпус 1","address":"улица Костякова,дом 11, корпус 1","source_address":"ДТ\\Костякова ул. 11, 11 к.1, 13","mno_type":"КП","container_count":"2","id":"1168721","mno_id":"782555897"},"geometry":{"type":"Point","coordinates":[37.56907,55.812472]}},{"type":"Feature","id":"mno-441261078-1583","properties":{"category":"МНО","layer":"mno","district":"Тимирязевский","section":"Участок 1","name":"улица Костякова,дом 7/7","address":"улица Костякова,дом 7/7","source_address":"ДТ\\Костякова ул. 7/7","mno_type":"КП","container_count":"2","id":"2270362","mno_id":"441261078"},"geometry":{"type":"Point","coordinates":[37.57003,55.810745]}},{"type":"Feature","id":"mno-78266292-1584","properties":{"category":"МНО","layer":"mno","district":"Тимирязевский","section":"Участок 1","name":"улица Костякова,дом 8","address":"улица Костякова,дом 8","source_address":"ДТ\\Костякова ул. 8","mno_type":"БП","container_count":"1","id":"1167340","mno_id":"78266292"},"geometry":{"type":"Point","coordinates":[37.572516,55.812691]}},{"type":"Feature","id":"mno-782662928-1585","properties":{"category":"МНО","layer":"mno","district":"Тимирязевский","section":"Участок 1","name":"улица Костякова,дом 8","address":"улица Костякова,дом 8","source_address":"ДТ\\Костякова ул. 8","mno_type":"КП","container_count":"1","id":"1167340","mno_id":"782662928"},"geometry":{"type":"Point","coordinates":[37.572516,55.812691]}},{"type":"Feature","id":"mno-798576896-1586","properties":{"category":"МНО","layer":"mno","district":"Тимирязевский","section":"Участок 1","name":"улица Костякова,дом 9","address":"улица Костякова,дом 9","source_address":"ДТ\\Всеволода Вишневского ул. 8; Костякова ул. 9","mno_type":"КП","container_count":"4","id":"2272885","mno_id":"798576896"},"geometry":{"type":"Point","coordinates":[37.569176,55.812503]}},{"type":"Feature","id":"mno-816324657-1587","properties":{"category":"МНО","layer":"mno","district":"Тимирязевский","section":"Участок 3","name":"улица Линии Октябрьской Железной Дороги,дом 12","address":"улица Линии Октябрьской Железной Дороги,дом 12","source_address":"ДТ\\Линии Октябрьской Железной Дороги ул. 10, 10А, 12; Нижнелихоборский 3-й пр. 2 к.1, 4, 4А","mno_type":"КП","container_count":"6","id":"2272040","mno_id":"816324657"},"geometry":{"type":"Point","coordinates":[37.562828,55.845162]}},{"type":"Feature","id":"mno-802545102-1588","properties":{"category":"МНО","layer":"mno","district":"Тимирязевский","section":"Участок 3","name":"улица Линии Октябрьской Железной Дороги,дом 6","address":"улица Линии Октябрьской Железной Дороги,дом 6","source_address":"ДТ\\Дмитровское шоссе дом 51, корпус 2; улица Линии Октябрьской Железной Дороги дом 6, дом 6А","mno_type":"КП","container_count":"2","id":"2271880","mno_id":"802545102"},"geometry":{"type":"Point","coordinates":[37.562839,55.845087]}},{"type":"Feature","id":"mno-782982423-1589","properties":{"category":"МНО","layer":"mno","district":"Тимирязевский","section":"Участок 2","name":"улица Немчинова,дом 1/25","address":"улица Немчинова,дом 1/25","source_address":"ДТ\\Немчинова ул. 1/25","mno_type":"КП","container_count":"2","id":"2270978","mno_id":"782982423"},"geometry":{"type":"Point","coordinates":[37.56948,55.82295]}},{"type":"Feature","id":"mno-806787216-1590","properties":{"category":"МНО","layer":"mno","district":"Тимирязевский","section":"Участок 2","name":"улица Немчинова,дом 4","address":"улица Немчинова,дом 4","source_address":"ДТ\\Немчинова ул. 4","mno_type":"КП","container_count":"2","id":"1168539","mno_id":"806787216"},"geometry":{"type":"Point","coordinates":[37.569031,55.824084]}},{"type":"Feature","id":"mno-79923578-1591","properties":{"category":"МНО","layer":"mno","district":"Тимирязевский","section":"Участок 4","name":"Чуксин тупик,дом 2","address":"Чуксин тупик,дом 2","source_address":"ДТ\\Вучетича ул. 5, 7; Чуксин туп. 2, 4","mno_type":"КП","container_count":"4","id":"2272816","mno_id":"79923578"},"geometry":{"type":"Point","coordinates":[37.558813,55.807639]}},{"type":"Feature","id":"mno-799235782-1592","properties":{"category":"МНО","layer":"mno","district":"Тимирязевский","section":"Участок 4","name":"Чуксин тупик,дом 4","address":"Чуксин тупик,дом 4","source_address":"ДТ\\Вучетича ул. 5, 7; Чуксин туп. 2, 4","mno_type":"КП","container_count":"4","id":"2272816","mno_id":"799235782"},"geometry":{"type":"Point","coordinates":[37.558827,55.807678]}},{"type":"Feature","id":"mno-822200788-1593","properties":{"category":"МНО","layer":"mno","district":"Ховрино","section":"Участок 6","name":"Зеленоградская ул.,19","address":"Зеленоградская ул.,19","source_address":"ДТ\\Зеленоградская ул. 19","mno_type":"КП","container_count":"2","id":"712560","mno_id":"822200788"},"geometry":{"type":"Point","coordinates":[37.498217,55.872503]}},{"type":"Feature","id":"mno-1189838679-1594","properties":{"category":"МНО","layer":"mno","district":"Ховрино","section":"Участок 6","name":"Зеленоградская ул.,31 к.6","address":"Зеленоградская ул.,31 к.6","source_address":"ДТ\\Зеленоградская ул. 31 к.6","mno_type":"КП","container_count":"2","id":"690664","mno_id":"1189838679"},"geometry":{"type":"Point","coordinates":[37.490599,55.875567]}},{"type":"Feature","id":"mno-798272766-1595","properties":{"category":"МНО","layer":"mno","district":"Ховрино","section":"Участок 6","name":"Зеленоградская ул.,33 к.2","address":"Зеленоградская ул.,33 к.2","source_address":"ДТ\\Зеленоградская ул. 33 к.2","mno_type":"КП","container_count":"3","id":"722802","mno_id":"798272766"},"geometry":{"type":"Point","coordinates":[37.489143,55.874422]}},{"type":"Feature","id":"mno-788076735-1596","properties":{"category":"МНО","layer":"mno","district":"Ховрино","section":"Участок 5","name":"Зеленоградская ул.,33 к.3","address":"Зеленоградская ул.,33 к.3","source_address":"ДТ\\Зеленоградская ул. 33 к.3","mno_type":"КП","container_count":"2","id":"576793","mno_id":"788076735"},"geometry":{"type":"Point","coordinates":[37.488966,55.872272]}},{"type":"Feature","id":"mno-950326138-1597","properties":{"category":"МНО","layer":"mno","district":"Ховрино","section":"Участок 6","name":"Зеленоградская ул.,37","address":"Зеленоградская ул.,37","source_address":"ДТ\\Зеленоградская ул. 37","mno_type":"КП","container_count":"2","id":"698464","mno_id":"950326138"},"geometry":{"type":"Point","coordinates":[37.487657,55.872742]}},{"type":"Feature","id":"mno-1997152-1598","properties":{"category":"МНО","layer":"mno","district":"Ховрино","section":"Участок 6","name":"Зеленоградская улица,дом 17","address":"Зеленоградская улица,дом 17","source_address":"ДТ\\Зеленоградская ул. 17, 17 к.4","mno_type":"КП","container_count":"4","id":"690637","mno_id":"1997152"},"geometry":{"type":"Point","coordinates":[37.501585,55.869892]}},{"type":"Feature","id":"mno-199715-1599","properties":{"category":"МНО","layer":"mno","district":"Ховрино","section":"Участок 6","name":"Зеленоградская улица,дом 17","address":"Зеленоградская улица,дом 17","source_address":"ДТ\\Зеленоградская ул. 17, 17 к.4","mno_type":"КП","container_count":"4","id":"690637","mno_id":"199715"},"geometry":{"type":"Point","coordinates":[37.501041,55.871367]}},{"type":"Feature","id":"mno-77705180-1600","properties":{"category":"МНО","layer":"mno","district":"Ховрино","section":"Участок 6","name":"Зеленоградская улица,дом 23А","address":"Зеленоградская улица,дом 23А","source_address":"ДТ\\Зеленоградская ул. 23А","mno_type":"БП","container_count":"1","id":"713833","mno_id":"77705180"},"geometry":{"type":"Point","coordinates":[37.496334,55.873489]}},{"type":"Feature","id":"mno-777051806-1601","properties":{"category":"МНО","layer":"mno","district":"Ховрино","section":"Участок 6","name":"Зеленоградская улица,дом 23А","address":"Зеленоградская улица,дом 23А","source_address":"ДТ\\Зеленоградская ул. 23А","mno_type":"КП","container_count":"1","id":"713833","mno_id":"777051806"},"geometry":{"type":"Point","coordinates":[37.496334,55.873489]}},{"type":"Feature","id":"mno-798028845-1602","properties":{"category":"МНО","layer":"mno","district":"Ховрино","section":"Участок 6","name":"Зеленоградская улица,дом 23, корпус 1","address":"Зеленоградская улица,дом 23, корпус 1","source_address":"ДТ\\Зеленоградская ул. 23 к.1","mno_type":"КП","container_count":"5","id":"696494","mno_id":"798028845"},"geometry":{"type":"Point","coordinates":[37.495921,55.873086]}},{"type":"Feature","id":"mno-797693360-1603","properties":{"category":"МНО","layer":"mno","district":"Ховрино","section":"Участок 6","name":"Зеленоградская улица,дом 25А","address":"Зеленоградская улица,дом 25А","source_address":"ДТ\\Зеленоградская ул. 25А","mno_type":"КП","container_count":"2","id":"708718","mno_id":"797693360"},"geometry":{"type":"Point","coordinates":[37.495424,55.874379]}},{"type":"Feature","id":"mno-797704390-1604","properties":{"category":"МНО","layer":"mno","district":"Ховрино","section":"Участок 6","name":"Зеленоградская улица,дом 25, корпус 1","address":"Зеленоградская улица,дом 25, корпус 1","source_address":"ДТ\\Зеленоградская ул. 25 к.1","mno_type":"КП","container_count":"4","id":"2890359","mno_id":"797704390"},"geometry":{"type":"Point","coordinates":[37.49403,55.873529]}},{"type":"Feature","id":"mno-901977368-1605","properties":{"category":"МНО","layer":"mno","district":"Ховрино","section":"Участок 6","name":"Зеленоградская улица,дом 25, корпус 4","address":"Зеленоградская улица,дом 25, корпус 4","source_address":"ДТ\\Зеленоградская ул. 25 к.4","mno_type":"КП","container_count":"3","id":"690858","mno_id":"901977368"},"geometry":{"type":"Point","coordinates":[37.492988,55.872305]}},{"type":"Feature","id":"mno-792773180-1606","properties":{"category":"МНО","layer":"mno","district":"Ховрино","section":"Участок 6","name":"Зеленоградская улица,дом 27А","address":"Зеленоградская улица,дом 27А","source_address":"ДТ\\Зеленоградская ул. 27А","mno_type":"КП","container_count":"2","id":"705778","mno_id":"792773180"},"geometry":{"type":"Point","coordinates":[37.495006,55.874627]}},{"type":"Feature","id":"mno-918130270-1607","properties":{"category":"МНО","layer":"mno","district":"Ховрино","section":"Участок 6","name":"Зеленоградская улица,дом 27, корпус 2","address":"Зеленоградская улица,дом 27, корпус 2","source_address":"ДТ\\Зеленоградская ул. 27 к.2, 27 к.4","mno_type":"КП","container_count":"4","id":"700598","mno_id":"918130270"},"geometry":{"type":"Point","coordinates":[37.491799,55.872534]}},{"type":"Feature","id":"mno-91813027-1608","properties":{"category":"МНО","layer":"mno","district":"Ховрино","section":"Участок 6","name":"Зеленоградская улица,дом 27, корпус 4","address":"Зеленоградская улица,дом 27, корпус 4","source_address":"ДТ\\Зеленоградская ул. 27 к.2, 27 к.4","mno_type":"КП","container_count":"4","id":"700598","mno_id":"91813027"},"geometry":{"type":"Point","coordinates":[37.490668,55.872901]}},{"type":"Feature","id":"mno-799162897-1609","properties":{"category":"МНО","layer":"mno","district":"Ховрино","section":"Участок 6","name":"Зеленоградская улица,дом 31, корпус 1","address":"Зеленоградская улица,дом 31, корпус 1","source_address":"ДТ\\Зеленоградская ул. 31 к.1","mno_type":"КП","container_count":"2","id":"705145","mno_id":"799162897"},"geometry":{"type":"Point","coordinates":[37.493716,55.875204]}},{"type":"Feature","id":"mno-918920752-1610","properties":{"category":"МНО","layer":"mno","district":"Ховрино","section":"Участок 6","name":"Зеленоградская улица,дом 31, корпус 2","address":"Зеленоградская улица,дом 31, корпус 2","source_address":"ДТ\\Зеленоградская ул. 31 к.2","mno_type":"КП","container_count":"2","id":"707126","mno_id":"918920752"},"geometry":{"type":"Point","coordinates":[37.492797,55.874179]}},{"type":"Feature","id":"mno-797933404-1611","properties":{"category":"МНО","layer":"mno","district":"Ховрино","section":"Участок 6","name":"Зеленоградская улица,дом 31, корпус 3","address":"Зеленоградская улица,дом 31, корпус 3","source_address":"ДТ\\Зеленоградская ул. 31 к.3","mno_type":"КП","container_count":"3","id":"719936","mno_id":"797933404"},"geometry":{"type":"Point","coordinates":[37.491593,55.874865]}},{"type":"Feature","id":"mno-792788980-1612","properties":{"category":"МНО","layer":"mno","district":"Ховрино","section":"Участок 6","name":"Зеленоградская улица,дом 33, корпус 1","address":"Зеленоградская улица,дом 33, корпус 1","source_address":"ДТ\\Зеленоградская ул. 33 к.1","mno_type":"БП","container_count":"1","id":"683289","mno_id":"792788980"},"geometry":{"type":"Point","coordinates":[37.491973,55.875539]}},{"type":"Feature","id":"mno-798226419-1613","properties":{"category":"МНО","layer":"mno","district":"Ховрино","section":"Участок 5","name":"Зеленоградская улица,дом 33, корпус 6","address":"Зеленоградская улица,дом 33, корпус 6","source_address":"ДТ\\Зеленоградская ул. 33 к.6","mno_type":"КП","container_count":"2","id":"4062683","mno_id":"798226419"},"geometry":{"type":"Point","coordinates":[37.488966,55.872272]}},{"type":"Feature","id":"mno-789825292-1614","properties":{"category":"МНО","layer":"mno","district":"Ховрино","section":"Участок 5","name":"Зеленоградская улица,дом 33, корпус 7","address":"Зеленоградская улица,дом 33, корпус 7","source_address":"ДТ\\Зеленоградская ул. 33 к.7","mno_type":"КП","container_count":"3","id":"592947","mno_id":"789825292"},"geometry":{"type":"Point","coordinates":[37.487657,55.872742]}},{"type":"Feature","id":"mno-1189971253-1615","properties":{"category":"МНО","layer":"mno","district":"Ховрино","section":"Участок 6","name":"Зеленоградская улица,дом 35, корпус 1","address":"Зеленоградская улица,дом 35, корпус 1","source_address":"ДТ\\Зеленоградская ул. 35 к.1","mno_type":"КП","container_count":"2","id":"692905","mno_id":"1189971253"},"geometry":{"type":"Point","coordinates":[37.489374,55.876868]}},{"type":"Feature","id":"mno-118997125-1616","properties":{"category":"МНО","layer":"mno","district":"Ховрино","section":"Участок 6","name":"Зеленоградская улица,дом 35, корпус 1","address":"Зеленоградская улица,дом 35, корпус 1","source_address":"ДТ\\Зеленоградская ул. 35 к.1","mno_type":"КП","container_count":"2","id":"692905","mno_id":"118997125"},"geometry":{"type":"Point","coordinates":[37.489422,55.876162]}},{"type":"Feature","id":"mno-1156904269-1617","properties":{"category":"МНО","layer":"mno","district":"Ховрино","section":"Участок 6","name":"Зеленоградская улица,дом 35, корпус 4","address":"Зеленоградская улица,дом 35, корпус 4","source_address":"ДТ\\Зеленоградская ул. 35 к.4","mno_type":"КП","container_count":"3","id":"687026","mno_id":"1156904269"},"geometry":{"type":"Point","coordinates":[37.488551,55.875044]}},{"type":"Feature","id":"mno-764548682-1618","properties":{"category":"МНО","layer":"mno","district":"Ховрино","section":"Участок 6","name":"Зеленоградская улица,дом 39, корпус 1","address":"Зеленоградская улица,дом 39, корпус 1","source_address":"ДТ\\Зеленоградская ул. 39 к.1","mno_type":"КП","container_count":"3","id":"4066783","mno_id":"764548682"},"geometry":{"type":"Point","coordinates":[37.486321,55.877592]}},{"type":"Feature","id":"mno-790310685-1619","properties":{"category":"МНО","layer":"mno","district":"Ховрино","section":"Участок 6","name":"Зеленоградская улица,дом 43","address":"Зеленоградская улица,дом 43","source_address":"ДТ\\Зеленоградская ул. 43","mno_type":"КП","container_count":"2","id":"707708","mno_id":"790310685"},"geometry":{"type":"Point","coordinates":[37.486187,55.878272]}},{"type":"Feature","id":"mno-790311715-1620","properties":{"category":"МНО","layer":"mno","district":"Ховрино","section":"Участок 6","name":"Зеленоградская улица,дом 45","address":"Зеленоградская улица,дом 45","source_address":"ДТ\\Зеленоградская ул. 45","mno_type":"КП","container_count":"2","id":"685269","mno_id":"790311715"},"geometry":{"type":"Point","coordinates":[37.484367,55.878892]}},{"type":"Feature","id":"mno-897122163-1621","properties":{"category":"МНО","layer":"mno","district":"Ховрино","section":"Участок 6","name":"Клинская ул.,10 к.3","address":"Клинская ул.,10 к.3","source_address":"ДТ\\Клинская ул. 10 к.3","mno_type":"КП","container_count":"2","id":"702705","mno_id":"897122163"},"geometry":{"type":"Point","coordinates":[37.497527,55.870864]}},{"type":"Feature","id":"mno-952251314-1622","properties":{"category":"МНО","layer":"mno","district":"Ховрино","section":"Участок 5","name":"Клинская ул.,11","address":"Клинская ул.,11","source_address":"ДТ\\Клинская ул. 11","mno_type":"КП","container_count":"3","id":"623208","mno_id":"952251314"},"geometry":{"type":"Point","coordinates":[37.499779,55.867206]}},{"type":"Feature","id":"mno-949602901-1623","properties":{"category":"МНО","layer":"mno","district":"Ховрино","section":"Участок 6","name":"Клинская ул.,12","address":"Клинская ул.,12","source_address":"ДТ\\Клинская ул. 12","mno_type":"КП","container_count":"3","id":"711433","mno_id":"949602901"},"geometry":{"type":"Point","coordinates":[37.494884,55.869232]}},{"type":"Feature","id":"mno-950366532-1624","properties":{"category":"МНО","layer":"mno","district":"Ховрино","section":"Участок 5","name":"Клинская ул.,15","address":"Клинская ул.,15","source_address":"ДТ\\Клинская ул. 15","mno_type":"КП","container_count":"3","id":"600427","mno_id":"950366532"},"geometry":{"type":"Point","coordinates":[37.496674,55.868268]}},{"type":"Feature","id":"mno-951320374-1625","properties":{"category":"МНО","layer":"mno","district":"Ховрино","section":"Участок 5","name":"Клинская ул.,19","address":"Клинская ул.,19","source_address":"ДТ\\Клинская ул. 19","mno_type":"КП","container_count":"3","id":"610706","mno_id":"951320374"},"geometry":{"type":"Point","coordinates":[37.495289,55.868399]}},{"type":"Feature","id":"mno-897084946-1626","properties":{"category":"МНО","layer":"mno","district":"Ховрино","section":"Участок 5","name":"Клинская ул.,4 к.1","address":"Клинская ул.,4 к.1","source_address":"ДТ\\Клинская ул. 4 к.1","mno_type":"КП","container_count":"3","id":"618320","mno_id":"897084946"},"geometry":{"type":"Point","coordinates":[37.498773,55.867892]}},{"type":"Feature","id":"mno-949606165-1627","properties":{"category":"МНО","layer":"mno","district":"Ховрино","section":"Участок 6","name":"Клинская ул.,4 к.2","address":"Клинская ул.,4 к.2","source_address":"ДТ\\Клинская ул. 4 к.2, 4 к.3","mno_type":"БП","container_count":"1","id":"691239","mno_id":"949606165"},"geometry":{"type":"Point","coordinates":[37.50083,55.869514]}},{"type":"Feature","id":"mno-94960616-1628","properties":{"category":"МНО","layer":"mno","district":"Ховрино","section":"Участок 6","name":"Клинская ул.,4 к.2","address":"Клинская ул.,4 к.2","source_address":"ДТ\\Клинская ул. 4 к.2, 4 к.3","mno_type":"КП","container_count":"1","id":"691239","mno_id":"94960616"},"geometry":{"type":"Point","coordinates":[37.499324,55.869445]}},{"type":"Feature","id":"mno-949053863-1629","properties":{"category":"МНО","layer":"mno","district":"Ховрино","section":"Участок 5","name":"Клинская ул.,5","address":"Клинская ул.,5","source_address":"ДТ\\Клинская ул. 5","mno_type":"КП","container_count":"2","id":"573409","mno_id":"949053863"},"geometry":{"type":"Point","coordinates":[37.503183,55.865996]}},{"type":"Feature","id":"mno-904478357-1630","properties":{"category":"МНО","layer":"mno","district":"Ховрино","section":"Участок 6","name":"Клинская улица,дом 10, корпус 1","address":"Клинская улица,дом 10, корпус 1","source_address":"ДТ\\Клинская ул. 10 к.1","mno_type":"КП","container_count":"3","id":"4152295","mno_id":"904478357"},"geometry":{"type":"Point","coordinates":[37.496759,55.86976]}},{"type":"Feature","id":"mno-917666190-1631","properties":{"category":"МНО","layer":"mno","district":"Ховрино","section":"Участок 6","name":"Клинская улица,дом 10, корпус 2","address":"Клинская улица,дом 10, корпус 2","source_address":"ДТ\\Клинская ул. 10 к.2","mno_type":"КП","container_count":"3","id":"715719","mno_id":"917666190"},"geometry":{"type":"Point","coordinates":[37.497219,55.869733]}},{"type":"Feature","id":"mno-931955822-1632","properties":{"category":"МНО","layer":"mno","district":"Ховрино","section":"Участок 6","name":"Клинская улица,дом 14, корпус 1","address":"Клинская улица,дом 14, корпус 1","source_address":"ДТ\\Клинская ул. 14 к.1","mno_type":"КП","container_count":"5","id":"4178254","mno_id":"931955822"},"geometry":{"type":"Point","coordinates":[37.494366,55.870895]}},{"type":"Feature","id":"mno-950349113-1633","properties":{"category":"МНО","layer":"mno","district":"Ховрино","section":"Участок 6","name":"Клинская улица,дом 16, корпус 1","address":"Клинская улица,дом 16, корпус 1","source_address":"ДТ\\Клинская ул. 16 к.1","mno_type":"КП","container_count":"2","id":"2896374","mno_id":"950349113"},"geometry":{"type":"Point","coordinates":[37.494344,55.869674]}},{"type":"Feature","id":"mno-931926193-1634","properties":{"category":"МНО","layer":"mno","district":"Ховрино","section":"Участок 6","name":"Клинская улица,дом 18, корпус 2","address":"Клинская улица,дом 18, корпус 2","source_address":"ДТ\\Клинская ул. 18 к.1, 18 к.2","mno_type":"КП","container_count":"3","id":"709125","mno_id":"931926193"},"geometry":{"type":"Point","coordinates":[37.491713,55.872425]}},{"type":"Feature","id":"mno-952314480-1635","properties":{"category":"МНО","layer":"mno","district":"Ховрино","section":"Участок 5","name":"Клинская улица,дом 21","address":"Клинская улица,дом 21","source_address":"ДТ\\Клинская ул. 21","mno_type":"КП","container_count":"2","id":"611596","mno_id":"952314480"},"geometry":{"type":"Point","coordinates":[37.492175,55.868814]}},{"type":"Feature","id":"mno-1320099735-1636","properties":{"category":"МНО","layer":"mno","district":"Ховрино","section":"Участок 8","name":"Клинская улица,дом 2А","address":"Клинская улица,дом 2А","source_address":"ДТ\\Клинская ул. 2А","mno_type":"КП","container_count":"4","id":"1268881849","mno_id":"1320099735"},"geometry":{"type":"Point","coordinates":[37.505216,55.868841]}},{"type":"Feature","id":"mno-1033395908-1637","properties":{"category":"МНО","layer":"mno","district":"Ховрино","section":"Участок 8","name":"Клинская улица,дом 2А, корпус 7","address":"Клинская улица,дом 2А, корпус 7","source_address":"ДТ\\Клинская ул. 2А к.7","mno_type":"КП","container_count":"2","id":"1033395726","mno_id":"1033395908"},"geometry":{"type":"Point","coordinates":[37.501405,55.866941]}},{"type":"Feature","id":"mno-103339590-1638","properties":{"category":"МНО","layer":"mno","district":"Ховрино","section":"Участок 8","name":"Клинская улица,дом 2А, корпус 7","address":"Клинская улица,дом 2А, корпус 7","source_address":"ДТ\\Клинская ул. 2А к.7","mno_type":"КП","container_count":"2","id":"1033395726","mno_id":"103339590"},"geometry":{"type":"Point","coordinates":[37.502887,55.869887]}},{"type":"Feature","id":"mno-932476164-1639","properties":{"category":"МНО","layer":"mno","district":"Ховрино","section":"Участок 5","name":"Клинская улица,дом 3, корпус 1","address":"Клинская улица,дом 3, корпус 1","source_address":"ДТ\\Клинская ул. 3 к.1","mno_type":"КП","container_count":"4","id":"4131847","mno_id":"932476164"},"geometry":{"type":"Point","coordinates":[37.503183,55.865996]}},{"type":"Feature","id":"mno-949051553-1640","properties":{"category":"МНО","layer":"mno","district":"Ховрино","section":"Участок 5","name":"Клинская улица,дом 7, строение 1","address":"Клинская улица,дом 7, строение 1","source_address":"ДТ\\Клинская ул. 9","mno_type":"КП","container_count":"2","id":"605617","mno_id":"949051553"},"geometry":{"type":"Point","coordinates":[37.501459,55.866086]}},{"type":"Feature","id":"mno-890409838-1641","properties":{"category":"МНО","layer":"mno","district":"Ховрино","section":"Участок 7","name":"Левобережная улица,дом 4, корпус 1","address":"Левобережная улица,дом 4, корпус 1","source_address":"ДТ\\Левобережная ул. 4 к.1","mno_type":"КП","container_count":"3","id":"598850","mno_id":"890409838"},"geometry":{"type":"Point","coordinates":[37.478105,55.868112]}},{"type":"Feature","id":"mno-88981983-1642","properties":{"category":"МНО","layer":"mno","district":"Ховрино","section":"Участок 7","name":"Левобережная улица,дом 4, корпус 11","address":"Левобережная улица,дом 4, корпус 11","source_address":"ДТ\\Левобережная ул. 4 к.11, 4 к.12, 4 к.18, 4 к.22","mno_type":"КП","container_count":"13","id":"889819496","mno_id":"88981983"},"geometry":{"type":"Point","coordinates":[37.479913,55.86973]}},{"type":"Feature","id":"mno-89007733-1643","properties":{"category":"МНО","layer":"mno","district":"Ховрино","section":"Участок 7","name":"Левобережная улица,дом 4, корпус 15","address":"Левобережная улица,дом 4, корпус 15","source_address":"ДТ\\Левобережная ул. 4 к.10, 4 к.14, 4 к.15, 4 к.9","mno_type":"КП","container_count":"5","id":"890076987","mno_id":"89007733"},"geometry":{"type":"Point","coordinates":[37.479914,55.869731]}},{"type":"Feature","id":"mno-889819838-1644","properties":{"category":"МНО","layer":"mno","district":"Ховрино","section":"Участок 7","name":"Левобережная улица,дом 4, корпус 22","address":"Левобережная улица,дом 4, корпус 22","source_address":"ДТ\\Левобережная ул. 4 к.11, 4 к.12, 4 к.18, 4 к.22","mno_type":"КП","container_count":"13","id":"889819496","mno_id":"889819838"},"geometry":{"type":"Point","coordinates":[37.481565,55.868377]}},{"type":"Feature","id":"mno-88948808-1645","properties":{"category":"МНО","layer":"mno","district":"Ховрино","section":"Участок 7","name":"Левобережная улица,дом 4, корпус 6","address":"Левобережная улица,дом 4, корпус 6","source_address":"ДТ\\Левобережная ул. 4 к.16, 4 к.2, 4 к.3, 4 к.5, 4 к.6","mno_type":"КП","container_count":"17","id":"889487714","mno_id":"88948808"},"geometry":{"type":"Point","coordinates":[37.476663,55.870321]}},{"type":"Feature","id":"mno-889488086-1646","properties":{"category":"МНО","layer":"mno","district":"Ховрино","section":"Участок 7","name":"Левобережная улица,дом 4, корпус 6","address":"Левобережная улица,дом 4, корпус 6","source_address":"ДТ\\Левобережная ул. 4 к.16, 4 к.2, 4 к.3, 4 к.5, 4 к.6","mno_type":"БП","container_count":"17","id":"889487714","mno_id":"889488086"},"geometry":{"type":"Point","coordinates":[37.476584,55.870438]}},{"type":"Feature","id":"mno-889818518-1647","properties":{"category":"МНО","layer":"mno","district":"Ховрино","section":"Участок 7","name":"Левобережная улица,дом 4, корпус 7","address":"Левобережная улица,дом 4, корпус 7","source_address":"ДТ\\Левобережная ул. 4 к.7","mno_type":"КП","container_count":"6","id":"889818410","mno_id":"889818518"},"geometry":{"type":"Point","coordinates":[37.477442,55.872025]}},{"type":"Feature","id":"mno-890077335-1648","properties":{"category":"МНО","layer":"mno","district":"Ховрино","section":"Участок 7","name":"Левобережная улица,дом 4, корпус 9","address":"Левобережная улица,дом 4, корпус 9","source_address":"ДТ\\Левобережная ул. 4 к.10, 4 к.14, 4 к.15, 4 к.9","mno_type":"КП","container_count":"5","id":"890076987","mno_id":"890077335"},"geometry":{"type":"Point","coordinates":[37.481354,55.870638]}},{"type":"Feature","id":"mno-808142659-1649","properties":{"category":"МНО","layer":"mno","district":"Ховрино","section":"Участок 3","name":"Онежская улица,дом 45/19","address":"Онежская улица,дом 45/19","source_address":"ДТ\\Онежская ул. 45/19","mno_type":"КП","container_count":"3","id":"4135064","mno_id":"808142659"},"geometry":{"type":"Point","coordinates":[37.507975,55.857084]}},{"type":"Feature","id":"mno-1289779336-1650","properties":{"category":"МНО","layer":"mno","district":"Ховрино","section":"Участок 3","name":"Онежская улица,дом 47","address":"Онежская улица,дом 47","source_address":"ДТ\\Онежская ул. 47","mno_type":"КП","container_count":"3","id":"693682","mno_id":"1289779336"},"geometry":{"type":"Point","coordinates":[37.507941,55.857626]}},{"type":"Feature","id":"mno-808160737-1651","properties":{"category":"МНО","layer":"mno","district":"Ховрино","section":"Участок 3","name":"Онежская улица,дом 49","address":"Онежская улица,дом 49","source_address":"ДТ\\Онежская ул. 49","mno_type":"КП","container_count":"3","id":"712239","mno_id":"808160737"},"geometry":{"type":"Point","coordinates":[37.507364,55.858193]}},{"type":"Feature","id":"mno-944039182-1652","properties":{"category":"МНО","layer":"mno","district":"Ховрино","section":"Участок 3","name":"Онежская улица,дом 51, корпус 1","address":"Онежская улица,дом 51, корпус 1","source_address":"ДТ\\Онежская ул. 51 к.1","mno_type":"КП","container_count":"3","id":"2942625","mno_id":"944039182"},"geometry":{"type":"Point","coordinates":[37.507229,55.858597]}},{"type":"Feature","id":"mno-931770318-1653","properties":{"category":"МНО","layer":"mno","district":"Ховрино","section":"Участок 3","name":"Онежская улица,дом 53, корпус 1","address":"Онежская улица,дом 53, корпус 1","source_address":"ДТ\\Онежская ул. 53 к.1","mno_type":"КП","container_count":"3","id":"594833","mno_id":"931770318"},"geometry":{"type":"Point","coordinates":[37.506628,55.860441]}},{"type":"Feature","id":"mno-931805169-1654","properties":{"category":"МНО","layer":"mno","district":"Ховрино","section":"Участок 3","name":"Онежская улица,дом 53, корпус 4","address":"Онежская улица,дом 53, корпус 4","source_address":"ДТ\\Онежская ул. 53 к.4","mno_type":"КП","container_count":"2","id":"694070","mno_id":"931805169"},"geometry":{"type":"Point","coordinates":[37.504579,55.859268]}},{"type":"Feature","id":"mno-93180516-1655","properties":{"category":"МНО","layer":"mno","district":"Ховрино","section":"Участок 3","name":"Онежская улица,дом 53, корпус 4","address":"Онежская улица,дом 53, корпус 4","source_address":"ДТ\\Онежская ул. 53 к.4","mno_type":"КП","container_count":"2","id":"694070","mno_id":"93180516"},"geometry":{"type":"Point","coordinates":[37.505149,55.859664]}},{"type":"Feature","id":"mno-946126488-1656","properties":{"category":"МНО","layer":"mno","district":"Ховрино","section":"Участок 3","name":"Онежская улица,дом 57/34","address":"Онежская улица,дом 57/34","source_address":"ДТ\\Онежская ул. 57/34","mno_type":"КП","container_count":"3","id":"4062795","mno_id":"946126488"},"geometry":{"type":"Point","coordinates":[37.504799,55.86172]}},{"type":"Feature","id":"mno-917701810-1657","properties":{"category":"МНО","layer":"mno","district":"Ховрино","section":"Участок 5","name":"Петрозаводская ул.,16","address":"Петрозаводская ул.,16","source_address":"ДТ\\Петрозаводская ул. 16","mno_type":"КП","container_count":"3","id":"4174399","mno_id":"917701810"},"geometry":{"type":"Point","coordinates":[37.500841,55.864592]}},{"type":"Feature","id":"mno-917639709-1658","properties":{"category":"МНО","layer":"mno","district":"Ховрино","section":"Участок 5","name":"Петрозаводская ул.,18","address":"Петрозаводская ул.,18","source_address":"ДТ\\Петрозаводская ул. 18","mno_type":"КП","container_count":"4","id":"694676","mno_id":"917639709"},"geometry":{"type":"Point","coordinates":[37.497545,55.865944]}},{"type":"Feature","id":"mno-918656866-1659","properties":{"category":"МНО","layer":"mno","district":"Ховрино","section":"Участок 5","name":"Петрозаводская ул.,28 к.2","address":"Петрозаводская ул.,28 к.2","source_address":"ДТ\\Петрозаводская ул. 28 к.2","mno_type":"КП","container_count":"3","id":"4110834","mno_id":"918656866"},"geometry":{"type":"Point","coordinates":[37.490939,55.869758]}},{"type":"Feature","id":"mno-1146115453-1660","properties":{"category":"МНО","layer":"mno","district":"Ховрино","section":"Участок 5","name":"Петрозаводская ул.,28 к.5","address":"Петрозаводская ул.,28 к.5","source_address":"ДТ\\Петрозаводская ул. 28 к.5","mno_type":"КП","container_count":"3","id":"623689","mno_id":"1146115453"},"geometry":{"type":"Point","coordinates":[37.489987,55.87107]}},{"type":"Feature","id":"mno-946343647-1661","properties":{"category":"МНО","layer":"mno","district":"Ховрино","section":"Участок 4","name":"Петрозаводская улица,дом 1","address":"Петрозаводская улица,дом 1","source_address":"ДТ\\Петрозаводская ул. 1","mno_type":"КП","container_count":"3","id":"586950","mno_id":"946343647"},"geometry":{"type":"Point","coordinates":[37.501179,55.864085]}},{"type":"Feature","id":"mno-918662188-1662","properties":{"category":"МНО","layer":"mno","district":"Ховрино","section":"Участок 4","name":"Петрозаводская улица,дом 11, корпус 1","address":"Петрозаводская улица,дом 11, корпус 1","source_address":"ДТ\\Петрозаводская ул. 11 к.1, 13 к.1, 13 к.2","mno_type":"КП","container_count":"5","id":"603587","mno_id":"918662188"},"geometry":{"type":"Point","coordinates":[37.494478,55.866137]}},{"type":"Feature","id":"mno-941769854-1663","properties":{"category":"МНО","layer":"mno","district":"Ховрино","section":"Участок 5","name":"Петрозаводская улица,дом 12, корпус 1","address":"Петрозаводская улица,дом 12, корпус 1","source_address":"ДТ\\Петрозаводская ул. 12 к.1","mno_type":"КП","container_count":"7","id":"4195485","mno_id":"941769854"},"geometry":{"type":"Point","coordinates":[37.501412,55.86457]}},{"type":"Feature","id":"mno-91866218-1664","properties":{"category":"МНО","layer":"mno","district":"Ховрино","section":"Участок 4","name":"Петрозаводская улица,дом 13, корпус 1","address":"Петрозаводская улица,дом 13, корпус 1","source_address":"ДТ\\Петрозаводская ул. 11 к.1, 13 к.1, 13 к.2","mno_type":"КП","container_count":"5","id":"603587","mno_id":"91866218"},"geometry":{"type":"Point","coordinates":[37.493329,55.866344]}},{"type":"Feature","id":"mno-796695808-1665","properties":{"category":"МНО","layer":"mno","district":"Ховрино","section":"Участок 4","name":"Петрозаводская улица,дом 15, корпус 3","address":"Петрозаводская улица,дом 15, корпус 3","source_address":"ДТ\\Петрозаводская ул. 15 к.3","mno_type":"КП","container_count":"4","id":"618575","mno_id":"796695808"},"geometry":{"type":"Point","coordinates":[37.492274,55.863477]}},{"type":"Feature","id":"mno-951748886-1666","properties":{"category":"МНО","layer":"mno","district":"Ховрино","section":"Участок 4","name":"Петрозаводская улица,дом 15, корпус 5","address":"Петрозаводская улица,дом 15, корпус 5","source_address":"ДТ\\Петрозаводская ул. 15 к.5","mno_type":"КП","container_count":"3","id":"4069050","mno_id":"951748886"},"geometry":{"type":"Point","coordinates":[37.493838,55.863707]}},{"type":"Feature","id":"mno-950939688-1667","properties":{"category":"МНО","layer":"mno","district":"Ховрино","section":"Участок 4","name":"Петрозаводская улица,дом 17, корпус 1","address":"Петрозаводская улица,дом 17, корпус 1","source_address":"ДТ\\Петрозаводская ул. 17 к.1","mno_type":"КП","container_count":"4","id":"594992","mno_id":"950939688"},"geometry":{"type":"Point","coordinates":[37.490904,55.866205]}},{"type":"Feature","id":"mno-951698475-1668","properties":{"category":"МНО","layer":"mno","district":"Ховрино","section":"Участок 4","name":"Петрозаводская улица,дом 17, корпус 2","address":"Петрозаводская улица,дом 17, корпус 2","source_address":"ДТ\\Петрозаводская ул. 17 к.2","mno_type":"БП","container_count":"1","id":"4140182","mno_id":"951698475"},"geometry":{"type":"Point","coordinates":[37.489276,55.864703]}},{"type":"Feature","id":"mno-95169847-1669","properties":{"category":"МНО","layer":"mno","district":"Ховрино","section":"Участок 4","name":"Петрозаводская улица,дом 17, корпус 2","address":"Петрозаводская улица,дом 17, корпус 2","source_address":"ДТ\\Петрозаводская ул. 17 к.2","mno_type":"КП","container_count":"1","id":"4140182","mno_id":"95169847"},"geometry":{"type":"Point","coordinates":[37.489276,55.864703]}},{"type":"Feature","id":"mno-918621884-1670","properties":{"category":"МНО","layer":"mno","district":"Ховрино","section":"Участок 5","name":"Петрозаводская улица,дом 18, корпус 1","address":"Петрозаводская улица,дом 18, корпус 1","source_address":"ДТ\\Петрозаводская ул. 18 к.1","mno_type":"КП","container_count":"3","id":"4176693","mno_id":"918621884"},"geometry":{"type":"Point","coordinates":[37.498153,55.865574]}},{"type":"Feature","id":"mno-952318216-1671","properties":{"category":"МНО","layer":"mno","district":"Ховрино","section":"Участок 4","name":"Петрозаводская улица,дом 19, корпус 1","address":"Петрозаводская улица,дом 19, корпус 1","source_address":"ДТ\\Петрозаводская ул. 19 к.1","mno_type":"КП","container_count":"3","id":"611762","mno_id":"952318216"},"geometry":{"type":"Point","coordinates":[37.491809,55.866514]}},{"type":"Feature","id":"mno-894474545-1672","properties":{"category":"МНО","layer":"mno","district":"Ховрино","section":"Участок 4","name":"Петрозаводская улица,дом 19, корпус 2","address":"Петрозаводская улица,дом 19, корпус 2","source_address":"ДТ\\Петрозаводская ул. 19 к.2","mno_type":"КП","container_count":"4","id":"592440","mno_id":"894474545"},"geometry":{"type":"Point","coordinates":[37.487808,55.866696]}},{"type":"Feature","id":"mno-946385216-1673","properties":{"category":"МНО","layer":"mno","district":"Ховрино","section":"Участок 5","name":"Петрозаводская улица,дом 22, корпус 1","address":"Петрозаводская улица,дом 22, корпус 1","source_address":"ДТ\\Петрозаводская ул. 22 к.1","mno_type":"КП","container_count":"3","id":"4184746","mno_id":"946385216"},"geometry":{"type":"Point","coordinates":[37.495034,55.866837]}},{"type":"Feature","id":"mno-927574822-1674","properties":{"category":"МНО","layer":"mno","district":"Ховрино","section":"Участок 5","name":"Петрозаводская улица,дом 24, корпус 2","address":"Петрозаводская улица,дом 24, корпус 2","source_address":"ДТ\\Петрозаводская ул. 24 к.2","mno_type":"КП","container_count":"6","id":"2936562","mno_id":"927574822"},"geometry":{"type":"Point","coordinates":[37.494535,55.868567]}},{"type":"Feature","id":"mno-813407513-1675","properties":{"category":"МНО","layer":"mno","district":"Ховрино","section":"Участок 5","name":"Петрозаводская улица,дом 28, корпус 1","address":"Петрозаводская улица,дом 28, корпус 1","source_address":"ДТ\\Петрозаводская ул. 28 к.1","mno_type":"КП","container_count":"4","id":"4150955","mno_id":"813407513"},"geometry":{"type":"Point","coordinates":[37.490339,55.868305]}},{"type":"Feature","id":"mno-918627497-1676","properties":{"category":"МНО","layer":"mno","district":"Ховрино","section":"Участок 5","name":"Петрозаводская улица,дом 28, корпус 4","address":"Петрозаводская улица,дом 28, корпус 4","source_address":"ДТ\\Петрозаводская ул. 28 к.3, 28 к.4","mno_type":"БП","container_count":"1","id":"615236","mno_id":"918627497"},"geometry":{"type":"Point","coordinates":[37.488941,55.86953]}},{"type":"Feature","id":"mno-946261950-1677","properties":{"category":"МНО","layer":"mno","district":"Ховрино","section":"Участок 4","name":"Петрозаводская улица,дом 3","address":"Петрозаводская улица,дом 3","source_address":"ДТ\\Петрозаводская ул. 3","mno_type":"КП","container_count":"3","id":"2902997","mno_id":"946261950"},"geometry":{"type":"Point","coordinates":[37.501972,55.8631]}},{"type":"Feature","id":"mno-952282295-1678","properties":{"category":"МНО","layer":"mno","district":"Ховрино","section":"Участок 5","name":"Петрозаводская улица,дом 30","address":"Петрозаводская улица,дом 30","source_address":"ДТ\\Петрозаводская ул. 30","mno_type":"КП","container_count":"2","id":"4120753","mno_id":"952282295"},"geometry":{"type":"Point","coordinates":[37.491587,55.867244]}},{"type":"Feature","id":"mno-795944956-1679","properties":{"category":"МНО","layer":"mno","district":"Ховрино","section":"Участок 5","name":"Петрозаводская улица,дом 32, корпус 2","address":"Петрозаводская улица,дом 32, корпус 2","source_address":"ДТ\\Петрозаводская ул. 32 к.2","mno_type":"КП","container_count":"2","id":"574665","mno_id":"795944956"},"geometry":{"type":"Point","coordinates":[37.490675,55.868878]}},{"type":"Feature","id":"mno-796795183-1680","properties":{"category":"МНО","layer":"mno","district":"Ховрино","section":"Участок 5","name":"Петрозаводская улица,дом 36","address":"Петрозаводская улица,дом 36","source_address":"ДТ\\Петрозаводская ул. 36","mno_type":"КП","container_count":"2","id":"575266","mno_id":"796795183"},"geometry":{"type":"Point","coordinates":[37.488527,55.867267]}},{"type":"Feature","id":"mno-952184103-1681","properties":{"category":"МНО","layer":"mno","district":"Ховрино","section":"Участок 4","name":"Петрозаводская улица,дом 3, корпус 2","address":"Петрозаводская улица,дом 3, корпус 2","source_address":"ДТ\\Петрозаводская ул. 3 к.2","mno_type":"КП","container_count":"2","id":"4078311","mno_id":"952184103"},"geometry":{"type":"Point","coordinates":[37.499136,55.864568]}},{"type":"Feature","id":"mno-797402812-1682","properties":{"category":"МНО","layer":"mno","district":"Ховрино","section":"Участок 5","name":"Петрозаводская улица,дом 4","address":"Петрозаводская улица,дом 4","source_address":"ДТ\\Петрозаводская ул. 4","mno_type":"КП","container_count":"4","id":"632341","mno_id":"797402812"},"geometry":{"type":"Point","coordinates":[37.499136,55.864568]}},{"type":"Feature","id":"mno-949570875-1683","properties":{"category":"МНО","layer":"mno","district":"Ховрино","section":"Участок 4","name":"Петрозаводская улица,дом 5, корпус 4","address":"Петрозаводская улица,дом 5, корпус 4","source_address":"ДТ\\Петрозаводская ул. 5 к.4","mno_type":"КП","container_count":"4","id":"632393","mno_id":"949570875"},"geometry":{"type":"Point","coordinates":[37.495927,55.864038]}},{"type":"Feature","id":"mno-946072351-1684","properties":{"category":"МНО","layer":"mno","district":"Ховрино","section":"Участок 4","name":"Петрозаводская улица,дом 7","address":"Петрозаводская улица,дом 7","source_address":"ДТ\\Петрозаводская ул. 7","mno_type":"КП","container_count":"5","id":"629373","mno_id":"946072351"},"geometry":{"type":"Point","coordinates":[37.49773,55.864691]}},{"type":"Feature","id":"mno-918162967-1685","properties":{"category":"МНО","layer":"mno","district":"Ховрино","section":"Участок 4","name":"Петрозаводская улица,дом 9, корпус 2","address":"Петрозаводская улица,дом 9, корпус 2","source_address":"ДТ\\Петрозаводская ул. 9 к.2","mno_type":"КП","container_count":"4","id":"581343","mno_id":"918162967"},"geometry":{"type":"Point","coordinates":[37.495123,55.865475]}},{"type":"Feature","id":"mno-894470015-1686","properties":{"category":"МНО","layer":"mno","district":"Ховрино","section":"Участок 5","name":"улица Дыбенко,дом 12","address":"улица Дыбенко,дом 12","source_address":"ДТ\\Дыбенко ул. 12","mno_type":"КП","container_count":"2","id":"4127338","mno_id":"894470015"},"geometry":{"type":"Point","coordinates":[37.484515,55.86989]}},{"type":"Feature","id":"mno-928776126-1687","properties":{"category":"МНО","layer":"mno","district":"Ховрино","section":"Участок 5","name":"улица Дыбенко,дом 14, корпус 1","address":"улица Дыбенко,дом 14, корпус 1","source_address":"ДТ\\Дыбенко ул. 14 к.1, 14 к.2, 16 к.1","mno_type":"КП","container_count":"5","id":"2946441","mno_id":"928776126"},"geometry":{"type":"Point","coordinates":[37.484266,55.87122]}},{"type":"Feature","id":"mno-913027868-1688","properties":{"category":"МНО","layer":"mno","district":"Ховрино","section":"Участок 5","name":"улица Дыбенко,дом 18, корпус 1","address":"улица Дыбенко,дом 18, корпус 1","source_address":"ДТ\\Дыбенко ул. 18 к.1","mno_type":"КП","container_count":"3","id":"693102","mno_id":"913027868"},"geometry":{"type":"Point","coordinates":[37.487936,55.872006]}},{"type":"Feature","id":"mno-801042008-1689","properties":{"category":"МНО","layer":"mno","district":"Ховрино","section":"Участок 5","name":"улица Дыбенко,дом 2","address":"улица Дыбенко,дом 2","source_address":"ДТ\\Дыбенко ул. 2","mno_type":"КП","container_count":"4","id":"616453","mno_id":"801042008"},"geometry":{"type":"Point","coordinates":[37.485667,55.867643]}},{"type":"Feature","id":"mno-917604241-1690","properties":{"category":"МНО","layer":"mno","district":"Ховрино","section":"Участок 5","name":"улица Дыбенко,дом 20","address":"улица Дыбенко,дом 20","source_address":"ДТ\\Дыбенко ул. 20","mno_type":"КП","container_count":"3","id":"4177127","mno_id":"917604241"},"geometry":{"type":"Point","coordinates":[37.484163,55.871354]}},{"type":"Feature","id":"mno-951241163-1691","properties":{"category":"МНО","layer":"mno","district":"Ховрино","section":"Участок 5","name":"улица Дыбенко,дом 22, корпус 1","address":"улица Дыбенко,дом 22, корпус 1","source_address":"ДТ\\Дыбенко ул. 22 к.1, 22 к.2","mno_type":"КП","container_count":"4","id":"695696","mno_id":"951241163"},"geometry":{"type":"Point","coordinates":[37.483732,55.872978]}},{"type":"Feature","id":"mno-794923501-1692","properties":{"category":"МНО","layer":"mno","district":"Ховрино","section":"Участок 6","name":"улица Дыбенко,дом 26, корпус 1","address":"улица Дыбенко,дом 26, корпус 1","source_address":"ДТ\\Дыбенко ул. 26 к.1","mno_type":"КП","container_count":"6","id":"703598","mno_id":"794923501"},"geometry":{"type":"Point","coordinates":[37.486316,55.874232]}},{"type":"Feature","id":"mno-794807929-1693","properties":{"category":"МНО","layer":"mno","district":"Ховрино","section":"Участок 5","name":"улица Дыбенко,дом 2, корпус 1","address":"улица Дыбенко,дом 2, корпус 1","source_address":"ДТ\\Дыбенко ул. 2 к.1","mno_type":"КП","container_count":"6","id":"575139","mno_id":"794807929"},"geometry":{"type":"Point","coordinates":[37.487175,55.868839]}},{"type":"Feature","id":"mno-788429223-1694","properties":{"category":"МНО","layer":"mno","district":"Ховрино","section":"Участок 6","name":"улица Дыбенко,дом 36, корпус 3","address":"улица Дыбенко,дом 36, корпус 3","source_address":"ДТ\\Дыбенко ул. 36 к.3, 36 к.4","mno_type":"КП","container_count":"5","id":"683023","mno_id":"788429223"},"geometry":{"type":"Point","coordinates":[37.485975,55.876123]}},{"type":"Feature","id":"mno-919085034-1695","properties":{"category":"МНО","layer":"mno","district":"Ховрино","section":"Участок 6","name":"улица Дыбенко,дом 42","address":"улица Дыбенко,дом 42","source_address":"ДТ\\Дыбенко ул. 42","mno_type":"КП","container_count":"2","id":"686899","mno_id":"919085034"},"geometry":{"type":"Point","coordinates":[37.483103,55.877103]}},{"type":"Feature","id":"mno-801430995-1696","properties":{"category":"МНО","layer":"mno","district":"Ховрино","section":"Участок 6","name":"улица Дыбенко,дом 44","address":"улица Дыбенко,дом 44","source_address":"ДТ\\Дыбенко ул. 44","mno_type":"БП","container_count":"1","id":"708963","mno_id":"801430995"},"geometry":{"type":"Point","coordinates":[37.484369,55.878015]}},{"type":"Feature","id":"mno-764537172-1697","properties":{"category":"МНО","layer":"mno","district":"Ховрино","section":"Участок 5","name":"улица Дыбенко,дом 6, корпус 1","address":"улица Дыбенко,дом 6, корпус 1","source_address":"ДТ\\Дыбенко ул. 6 к.1, 6 к.2","mno_type":"КП","container_count":"2","id":"577485","mno_id":"764537172"},"geometry":{"type":"Point","coordinates":[37.484813,55.869205]}},{"type":"Feature","id":"mno-917603293-1698","properties":{"category":"МНО","layer":"mno","district":"Ховрино","section":"Участок 5","name":"улица Дыбенко,дом 6, корпус 3","address":"улица Дыбенко,дом 6, корпус 3","source_address":"ДТ\\Дыбенко ул. 6 к.3","mno_type":"КП","container_count":"2","id":"4140699","mno_id":"917603293"},"geometry":{"type":"Point","coordinates":[37.488414,55.869562]}},{"type":"Feature","id":"mno-795984486-1699","properties":{"category":"МНО","layer":"mno","district":"Ховрино","section":"Участок 4","name":"улица Лавочкина,дом 42","address":"улица Лавочкина,дом 42","source_address":"ДТ\\Лавочкина ул. 42","mno_type":"КП","container_count":"2","id":"4237506","mno_id":"795984486"},"geometry":{"type":"Point","coordinates":[37.489828,55.860222]}},{"type":"Feature","id":"mno-763285020-1700","properties":{"category":"МНО","layer":"mno","district":"Ховрино","section":"Участок 4","name":"улица Лавочкина,дом 44, корпус 1","address":"улица Лавочкина,дом 44, корпус 1","source_address":"ДТ\\Лавочкина ул. 44 к.1","mno_type":"КП","container_count":"3","id":"602181","mno_id":"763285020"},"geometry":{"type":"Point","coordinates":[37.49063,55.860868]}},{"type":"Feature","id":"mno-786886439-1701","properties":{"category":"МНО","layer":"mno","district":"Ховрино","section":"Участок 4","name":"улица Лавочкина,дом 44, корпус 2","address":"улица Лавочкина,дом 44, корпус 2","source_address":"ДТ\\Лавочкина ул. 44 к.2","mno_type":"КП","container_count":"5","id":"570110","mno_id":"786886439"},"geometry":{"type":"Point","coordinates":[37.49034,55.861699]}},{"type":"Feature","id":"mno-795365696-1702","properties":{"category":"МНО","layer":"mno","district":"Ховрино","section":"Участок 4","name":"улица Лавочкина,дом 46, корпус 1","address":"улица Лавочкина,дом 46, корпус 1","source_address":"ДТ\\Лавочкина ул. 46 к.1, 46 к.2","mno_type":"КП","container_count":"3","id":"602843","mno_id":"795365696"},"geometry":{"type":"Point","coordinates":[37.489059,55.861903]}},{"type":"Feature","id":"mno-802267865-1703","properties":{"category":"МНО","layer":"mno","district":"Ховрино","section":"Участок 4","name":"улица Лавочкина,дом 48, корпус 2","address":"улица Лавочкина,дом 48, корпус 2","source_address":"ДТ\\Лавочкина ул. 48 к.2","mno_type":"КП","container_count":"3","id":"625711","mno_id":"802267865"},"geometry":{"type":"Point","coordinates":[37.489816,55.862821]}},{"type":"Feature","id":"mno-949591685-1704","properties":{"category":"МНО","layer":"mno","district":"Ховрино","section":"Участок 4","name":"улица Лавочкина,дом 50, корпус 1","address":"улица Лавочкина,дом 50, корпус 1","source_address":"ДТ\\Лавочкина ул. 50 к.1","mno_type":"КП","container_count":"4","id":"635909","mno_id":"949591685"},"geometry":{"type":"Point","coordinates":[37.488438,55.863386]}},{"type":"Feature","id":"mno-963488748-1705","properties":{"category":"МНО","layer":"mno","district":"Ховрино","section":"Участок 4","name":"улица Лавочкина,дом 50, корпус 2","address":"улица Лавочкина,дом 50, корпус 2","source_address":"ДТ\\Лавочкина ул. 50 к.2","mno_type":"КП","container_count":"1","id":"4235405","mno_id":"963488748"},"geometry":{"type":"Point","coordinates":[37.4881,55.863688]}},{"type":"Feature","id":"mno-951657072-1706","properties":{"category":"МНО","layer":"mno","district":"Ховрино","section":"Участок 4","name":"улица Лавочкина,дом 52","address":"улица Лавочкина,дом 52","source_address":"ДТ\\Лавочкина ул. 52","mno_type":"КП","container_count":"2","id":"616598","mno_id":"951657072"},"geometry":{"type":"Point","coordinates":[37.48953,55.863839]}},{"type":"Feature","id":"mno-95165707-1707","properties":{"category":"МНО","layer":"mno","district":"Ховрино","section":"Участок 4","name":"улица Лавочкина,дом 52","address":"улица Лавочкина,дом 52","source_address":"ДТ\\Лавочкина ул. 52","mno_type":"КП","container_count":"2","id":"616598","mno_id":"95165707"},"geometry":{"type":"Point","coordinates":[37.488841,55.864417]}},{"type":"Feature","id":"mno-949574731-1708","properties":{"category":"МНО","layer":"mno","district":"Ховрино","section":"Участок 4","name":"улица Лавочкина,дом 54, корпус 1","address":"улица Лавочкина,дом 54, корпус 1","source_address":"ДТ\\Лавочкина ул. 54 к.1","mno_type":"КП","container_count":"2","id":"633372","mno_id":"949574731"},"geometry":{"type":"Point","coordinates":[37.487897,55.865062]}},{"type":"Feature","id":"mno-205811939-1709","properties":{"category":"МНО","layer":"mno","district":"Ховрино","section":"Участок 4","name":"улица Лавочкина,дом 54, корпус 2, строение 7","address":"улица Лавочкина,дом 54, корпус 2, строение 7","source_address":"ДТ\\Лавочкина ул. 54 к.2","mno_type":"КП","container_count":"2","id":"4236043","mno_id":"205811939"},"geometry":{"type":"Point","coordinates":[37.487596,55.86518]}},{"type":"Feature","id":"mno-764722760-1710","properties":{"category":"МНО","layer":"mno","district":"Ховрино","section":"Участок 3","name":"улица Ляпидевского,дом 10","address":"улица Ляпидевского,дом 10","source_address":"ДТ\\Ляпидевского ул. 10","mno_type":"КП","container_count":"4","id":"4060689","mno_id":"764722760"},"geometry":{"type":"Point","coordinates":[37.496345,55.856644]}},{"type":"Feature","id":"mno-794702615-1711","properties":{"category":"МНО","layer":"mno","district":"Ховрино","section":"Участок 3","name":"улица Ляпидевского,дом 10, корпус 2","address":"улица Ляпидевского,дом 10, корпус 2","source_address":"ДТ\\Ляпидевского ул. 10 к.2","mno_type":"КП","container_count":"3","id":"4147912","mno_id":"794702615"},"geometry":{"type":"Point","coordinates":[37.498305,55.857452]}},{"type":"Feature","id":"mno-788510939-1712","properties":{"category":"МНО","layer":"mno","district":"Ховрино","section":"Участок 3","name":"улица Ляпидевского,дом 10, корпус 3","address":"улица Ляпидевского,дом 10, корпус 3","source_address":"ДТ\\Ляпидевского ул. 10 к.3","mno_type":"КП","container_count":"4","id":"575344","mno_id":"788510939"},"geometry":{"type":"Point","coordinates":[37.500097,55.85815]}},{"type":"Feature","id":"mno-788550685-1713","properties":{"category":"МНО","layer":"mno","district":"Ховрино","section":"Участок 3","name":"улица Ляпидевского,дом 14","address":"улица Ляпидевского,дом 14","source_address":"ДТ\\Ляпидевского ул. 14","mno_type":"КП","container_count":"3","id":"4152732","mno_id":"788550685"},"geometry":{"type":"Point","coordinates":[37.495524,55.857656]}},{"type":"Feature","id":"mno-764750174-1714","properties":{"category":"МНО","layer":"mno","district":"Ховрино","section":"Участок 3","name":"улица Ляпидевского,дом 16","address":"улица Ляпидевского,дом 16","source_address":"ДТ\\Ляпидевского ул. 16","mno_type":"КП","container_count":"7","id":"2930916","mno_id":"764750174"},"geometry":{"type":"Point","coordinates":[37.494742,55.85821]}},{"type":"Feature","id":"mno-797529394-1715","properties":{"category":"МНО","layer":"mno","district":"Ховрино","section":"Участок 3","name":"улица Ляпидевского,дом 18","address":"улица Ляпидевского,дом 18","source_address":"ДТ\\Ляпидевского ул. 18","mno_type":"КП","container_count":"2","id":"617535","mno_id":"797529394"},"geometry":{"type":"Point","coordinates":[37.495091,55.858989]}},{"type":"Feature","id":"mno-905098424-1716","properties":{"category":"МНО","layer":"mno","district":"Ховрино","section":"Участок 3","name":"улица Ляпидевского,дом 22","address":"улица Ляпидевского,дом 22","source_address":"ДТ\\Ляпидевского ул. 22","mno_type":"КП","container_count":"3","id":"905098260","mno_id":"905098424"},"geometry":{"type":"Point","coordinates":[37.49419,55.859659]}},{"type":"Feature","id":"mno-79794441-1717","properties":{"category":"МНО","layer":"mno","district":"Ховрино","section":"Участок 3","name":"улица Ляпидевского,дом 2, корпус 1","address":"улица Ляпидевского,дом 2, корпус 1","source_address":"ДТ\\Ляпидевского ул. 2, 2 к.1; Флотская ул. 9 к.1","mno_type":"КП","container_count":"3","id":"697089","mno_id":"79794441"},"geometry":{"type":"Point","coordinates":[37.498868,55.85479]}},{"type":"Feature","id":"mno-794573395-1718","properties":{"category":"МНО","layer":"mno","district":"Ховрино","section":"Участок 3","name":"улица Ляпидевского,дом 6, корпус 1","address":"улица Ляпидевского,дом 6, корпус 1","source_address":"ДТ\\Ляпидевского ул. 6 к.1","mno_type":"КП","container_count":"4","id":"620015","mno_id":"794573395"},"geometry":{"type":"Point","coordinates":[37.498393,55.855042]}},{"type":"Feature","id":"mno-918832871-1719","properties":{"category":"МНО","layer":"mno","district":"Ховрино","section":"Участок 3","name":"улица Ляпидевского,дом 6, корпус 3","address":"улица Ляпидевского,дом 6, корпус 3","source_address":"ДТ\\Ляпидевского ул. 6 к.3","mno_type":"КП","container_count":"4","id":"581956","mno_id":"918832871"},"geometry":{"type":"Point","coordinates":[37.501587,55.856514]}},{"type":"Feature","id":"mno-793865463-1720","properties":{"category":"МНО","layer":"mno","district":"Ховрино","section":"Участок 3","name":"улица Ляпидевского,дом 8, корпус 1","address":"улица Ляпидевского,дом 8, корпус 1","source_address":"ДТ\\Ляпидевского ул. 8 к.1","mno_type":"КП","container_count":"4","id":"4145175","mno_id":"793865463"},"geometry":{"type":"Point","coordinates":[37.497466,55.856046]}},{"type":"Feature","id":"mno-931972028-1721","properties":{"category":"МНО","layer":"mno","district":"Ховрино","section":"Участок 5","name":"Фестивальная ул.,75","address":"Фестивальная ул.,75","source_address":"ДТ\\Фестивальная ул. 75","mno_type":"КП","container_count":"4","id":"604049","mno_id":"931972028"},"geometry":{"type":"Point","coordinates":[37.505541,55.864779]}},{"type":"Feature","id":"mno-947352498-1722","properties":{"category":"МНО","layer":"mno","district":"Ховрино","section":"Участок 3","name":"Фестивальная улица,дом 14","address":"Фестивальная улица,дом 14","source_address":"ДТ\\Фестивальная ул. 14","mno_type":"КП","container_count":"4","id":"707509","mno_id":"947352498"},"geometry":{"type":"Point","coordinates":[37.495466,55.860012]}},{"type":"Feature","id":"mno-947353548-1723","properties":{"category":"МНО","layer":"mno","district":"Ховрино","section":"Участок 3","name":"Фестивальная улица,дом 20","address":"Фестивальная улица,дом 20","source_address":"ДТ\\Фестивальная ул. 18, 20","mno_type":"КП","container_count":"2","id":"701285","mno_id":"947353548"},"geometry":{"type":"Point","coordinates":[37.497942,55.859886]}},{"type":"Feature","id":"mno-934266304-1724","properties":{"category":"МНО","layer":"mno","district":"Ховрино","section":"Участок 3","name":"Фестивальная улица,дом 22, корпус 1","address":"Фестивальная улица,дом 22, корпус 1","source_address":"ДТ\\Фестивальная ул. 22 к.1","mno_type":"КП","container_count":"4","id":"4186924","mno_id":"934266304"},"geometry":{"type":"Point","coordinates":[37.49976,55.860236]}},{"type":"Feature","id":"mno-934215246-1725","properties":{"category":"МНО","layer":"mno","district":"Ховрино","section":"Участок 3","name":"Фестивальная улица,дом 22, корпус 2","address":"Фестивальная улица,дом 22, корпус 2","source_address":"ДТ\\Фестивальная ул. 22 к.2","mno_type":"КП","container_count":"6","id":"4186278","mno_id":"934215246"},"geometry":{"type":"Point","coordinates":[37.498996,55.859081]}},{"type":"Feature","id":"mno-934193236-1726","properties":{"category":"МНО","layer":"mno","district":"Ховрино","section":"Участок 3","name":"Фестивальная улица,дом 22, корпус 3","address":"Фестивальная улица,дом 22, корпус 3","source_address":"ДТ\\Фестивальная ул. 22 к.3","mno_type":"КП","container_count":"3","id":"4145758","mno_id":"934193236"},"geometry":{"type":"Point","coordinates":[37.501679,55.858817]}},{"type":"Feature","id":"mno-934682188-1727","properties":{"category":"МНО","layer":"mno","district":"Ховрино","section":"Участок 3","name":"Фестивальная улица,дом 22, корпус 4","address":"Фестивальная улица,дом 22, корпус 4","source_address":"ДТ\\Фестивальная ул. 22 к.4","mno_type":"КП","container_count":"5","id":"4093174","mno_id":"934682188"},"geometry":{"type":"Point","coordinates":[37.500943,55.857397]}},{"type":"Feature","id":"mno-934084126-1728","properties":{"category":"МНО","layer":"mno","district":"Ховрино","section":"Участок 3","name":"Фестивальная улица,дом 22, корпус 8","address":"Фестивальная улица,дом 22, корпус 8","source_address":"ДТ\\Фестивальная ул. 22 к.8","mno_type":"КП","container_count":"3","id":"4136882","mno_id":"934084126"},"geometry":{"type":"Point","coordinates":[37.501679,55.858817]}},{"type":"Feature","id":"mno-917700516-1729","properties":{"category":"МНО","layer":"mno","district":"Ховрино","section":"Участок 3","name":"Фестивальная улица,дом 24А","address":"Фестивальная улица,дом 24А","source_address":"ДТ\\Фестивальная ул. 24А","mno_type":"КП","container_count":"5","id":"4174382","mno_id":"917700516"},"geometry":{"type":"Point","coordinates":[37.500329,55.860766]}},{"type":"Feature","id":"mno-934655784-1730","properties":{"category":"МНО","layer":"mno","district":"Ховрино","section":"Участок 3","name":"Фестивальная улица,дом 28","address":"Фестивальная улица,дом 28","source_address":"ДТ\\Фестивальная ул. 28, 30","mno_type":"КП","container_count":"2","id":"592992","mno_id":"934655784"},"geometry":{"type":"Point","coordinates":[37.50336,55.860148]}},{"type":"Feature","id":"mno-93465578-1731","properties":{"category":"МНО","layer":"mno","district":"Ховрино","section":"Участок 3","name":"Фестивальная улица,дом 30","address":"Фестивальная улица,дом 30","source_address":"ДТ\\Фестивальная ул. 28, 30","mno_type":"КП","container_count":"2","id":"592992","mno_id":"93465578"},"geometry":{"type":"Point","coordinates":[37.50336,55.860148]}},{"type":"Feature","id":"mno-933950161-1732","properties":{"category":"МНО","layer":"mno","district":"Ховрино","section":"Участок 3","name":"Фестивальная улица,дом 30, корпус 2","address":"Фестивальная улица,дом 30, корпус 2","source_address":"ДТ\\Фестивальная ул. 30 к.2","mno_type":"КП","container_count":"2","id":"2963044","mno_id":"933950161"},"geometry":{"type":"Point","coordinates":[37.503902,55.859615]}},{"type":"Feature","id":"mno-933926786-1733","properties":{"category":"МНО","layer":"mno","district":"Ховрино","section":"Участок 3","name":"Фестивальная улица,дом 32, корпус 1","address":"Фестивальная улица,дом 32, корпус 1","source_address":"ДТ\\Фестивальная ул. 32 к.1","mno_type":"КП","container_count":"2","id":"2878810","mno_id":"933926786"},"geometry":{"type":"Point","coordinates":[37.503818,55.861563]}},{"type":"Feature","id":"mno-777157030-1734","properties":{"category":"МНО","layer":"mno","district":"Ховрино","section":"Участок 4","name":"Фестивальная улица,дом 47","address":"Фестивальная улица,дом 47","source_address":"ДТ\\Фестивальная ул. 47","mno_type":"КП","container_count":"2","id":"4068278","mno_id":"777157030"},"geometry":{"type":"Point","coordinates":[37.487175,55.858789]}},{"type":"Feature","id":"mno-4399929-1735","properties":{"category":"МНО","layer":"mno","district":"Ховрино","section":"Участок 4","name":"Фестивальная улица,дом 51, корпус 1","address":"Фестивальная улица,дом 51, корпус 1","source_address":"ДТ\\Фестивальная ул. 51 к.1","mno_type":"КП","container_count":"4","id":"4118181","mno_id":"4399929"},"geometry":{"type":"Point","coordinates":[37.493703,55.860721]}},{"type":"Feature","id":"mno-796115068-1736","properties":{"category":"МНО","layer":"mno","district":"Ховрино","section":"Участок 4","name":"Фестивальная улица,дом 53, корпус 2","address":"Фестивальная улица,дом 53, корпус 2","source_address":"ДТ\\Фестивальная ул. 53 к.2","mno_type":"КП","container_count":"3","id":"595047","mno_id":"796115068"},"geometry":{"type":"Point","coordinates":[37.493457,55.861416]}},{"type":"Feature","id":"mno-917542176-1737","properties":{"category":"МНО","layer":"mno","district":"Ховрино","section":"Участок 4","name":"Фестивальная улица,дом 53, корпус 4","address":"Фестивальная улица,дом 53, корпус 4","source_address":"ДТ\\Фестивальная ул. 53 к.4","mno_type":"КП","container_count":"4","id":"4174312","mno_id":"917542176"},"geometry":{"type":"Point","coordinates":[37.493543,55.862503]}},{"type":"Feature","id":"mno-795870584-1738","properties":{"category":"МНО","layer":"mno","district":"Ховрино","section":"Участок 4","name":"Фестивальная улица,дом 55","address":"Фестивальная улица,дом 55","source_address":"ДТ\\Фестивальная ул. 55, 57","mno_type":"КП","container_count":"2","id":"588697","mno_id":"795870584"},"geometry":{"type":"Point","coordinates":[37.49638,55.860588]}},{"type":"Feature","id":"mno-794574174-1739","properties":{"category":"МНО","layer":"mno","district":"Ховрино","section":"Участок 4","name":"Фестивальная улица,дом 59, корпус 2","address":"Фестивальная улица,дом 59, корпус 2","source_address":"ДТ\\Фестивальная ул. 59 к.1, 59 к.2, 59 к.3","mno_type":"КП","container_count":"3","id":"584082","mno_id":"794574174"},"geometry":{"type":"Point","coordinates":[37.496459,55.862592]}},{"type":"Feature","id":"mno-947351408-1740","properties":{"category":"МНО","layer":"mno","district":"Ховрино","section":"Участок 4","name":"Фестивальная улица,дом 63, корпус 3","address":"Фестивальная улица,дом 63, корпус 3","source_address":"ДТ\\Фестивальная ул. 63 к.3","mno_type":"КП","container_count":"4","id":"2938583","mno_id":"947351408"},"geometry":{"type":"Point","coordinates":[37.498251,55.862602]}},{"type":"Feature","id":"mno-94735140-1741","properties":{"category":"МНО","layer":"mno","district":"Ховрино","section":"Участок 4","name":"Фестивальная улица,дом 63, корпус 3","address":"Фестивальная улица,дом 63, корпус 3","source_address":"ДТ\\Фестивальная ул. 63 к.3","mno_type":"КП","container_count":"4","id":"2938583","mno_id":"94735140"},"geometry":{"type":"Point","coordinates":[37.497601,55.863226]}},{"type":"Feature","id":"mno-918747109-1742","properties":{"category":"МНО","layer":"mno","district":"Ховрино","section":"Участок 4","name":"Фестивальная улица,дом 67","address":"Фестивальная улица,дом 67","source_address":"ДТ\\Фестивальная ул. 67","mno_type":"КП","container_count":"4","id":"574691","mno_id":"918747109"},"geometry":{"type":"Point","coordinates":[37.501657,55.861547]}},{"type":"Feature","id":"mno-917564998-1743","properties":{"category":"МНО","layer":"mno","district":"Ховрино","section":"Участок 5","name":"Фестивальная улица,дом 73, корпус 1","address":"Фестивальная улица,дом 73, корпус 1","source_address":"ДТ\\Фестивальная ул. 73 к.1, 73 к.2","mno_type":"КП","container_count":"3","id":"4175425","mno_id":"917564998"},"geometry":{"type":"Point","coordinates":[37.506357,55.863139]}},{"type":"Feature","id":"mno-917559407-1744","properties":{"category":"МНО","layer":"mno","district":"Ховрино","section":"Участок 5","name":"Фестивальная улица,дом 73, корпус 3","address":"Фестивальная улица,дом 73, корпус 3","source_address":"ДТ\\Фестивальная ул. 73 к.3","mno_type":"КП","container_count":"4","id":"4153101","mno_id":"917559407"},"geometry":{"type":"Point","coordinates":[37.505732,55.864566]}},{"type":"Feature","id":"mno-90816621-1745","properties":{"category":"МНО","layer":"mno","district":"Ховрино","section":"Участок 3","name":"Флотская улица,дом 13, корпус 1","address":"Флотская улица,дом 13, корпус 1","source_address":"ДТ\\Флотская ул. 13 к.1","mno_type":"КП","container_count":"2","id":"575224","mno_id":"90816621"},"geometry":{"type":"Point","coordinates":[37.503147,55.855964]}},{"type":"Feature","id":"mno-908166210-1746","properties":{"category":"МНО","layer":"mno","district":"Ховрино","section":"Участок 3","name":"Флотская улица,дом 13, корпус 1","address":"Флотская улица,дом 13, корпус 1","source_address":"ДТ\\Флотская ул. 13 к.1","mno_type":"БП","container_count":"2","id":"575224","mno_id":"908166210"},"geometry":{"type":"Point","coordinates":[37.503147,55.855964]}},{"type":"Feature","id":"mno-932022343-1747","properties":{"category":"МНО","layer":"mno","district":"Ховрино","section":"Участок 3","name":"Флотская улица,дом 13, корпус 3","address":"Флотская улица,дом 13, корпус 3","source_address":"ДТ\\Флотская ул. 13 к.3","mno_type":"КП","container_count":"2","id":"576314","mno_id":"932022343"},"geometry":{"type":"Point","coordinates":[37.502959,55.856185]}},{"type":"Feature","id":"mno-913350514-1748","properties":{"category":"МНО","layer":"mno","district":"Ховрино","section":"Участок 3","name":"Флотская улица,дом 13, корпус 5","address":"Флотская улица,дом 13, корпус 5","source_address":"ДТ\\Флотская ул. 13 к.5","mno_type":"КП","container_count":"3","id":"4147889","mno_id":"913350514"},"geometry":{"type":"Point","coordinates":[37.502903,55.85689]}},{"type":"Feature","id":"mno-797944416-1749","properties":{"category":"МНО","layer":"mno","district":"Ховрино","section":"Участок 3","name":"Флотская улица,дом 9, корпус 1","address":"Флотская улица,дом 9, корпус 1","source_address":"ДТ\\Ляпидевского ул. 2, 2 к.1; Флотская ул. 9 к.1","mno_type":"КП","container_count":"3","id":"697089","mno_id":"797944416"},"geometry":{"type":"Point","coordinates":[37.500626,55.854706]}},{"type":"Feature","id":"mno-798781678-1750","properties":{"category":"МНО","layer":"mno","district":"Хорошевский","section":"Участок 6","name":"1-й Хорошёвский проезд,дом 10, корпус 2","address":"1-й Хорошёвский проезд,дом 10, корпус 2","source_address":"ДТ\\Хорошевский 1-й пр. 10 к.1, 10 к.2","mno_type":"КП","container_count":"3","id":"461828","mno_id":"798781678"},"geometry":{"type":"Point","coordinates":[37.54654,55.7762]}},{"type":"Feature","id":"mno-800100618-1751","properties":{"category":"МНО","layer":"mno","district":"Хорошевский","section":"Участок 6","name":"1-й Хорошёвский проезд,дом 4, корпус 2","address":"1-й Хорошёвский проезд,дом 4, корпус 2","source_address":"ДТ\\Хорошевский 1-й пр. 2/17, 4 к.1, 4 к.2, 4 к.3, 6","mno_type":"КП","container_count":"3","id":"433330484","mno_id":"800100618"},"geometry":{"type":"Point","coordinates":[37.54786,55.77717]}},{"type":"Feature","id":"mno-797667498-1752","properties":{"category":"МНО","layer":"mno","district":"Хорошевский","section":"Участок 5","name":"1-я Магистральная улица,дом 22, корпус 1","address":"1-я Магистральная улица,дом 22, корпус 1","source_address":"ДТ\\Магистральная 1-я ул. 22 к.1, 22 к.2","mno_type":"КП","container_count":"2","id":"413493","mno_id":"797667498"},"geometry":{"type":"Point","coordinates":[37.51608,55.772348]}},{"type":"Feature","id":"mno-79933175-1753","properties":{"category":"МНО","layer":"mno","district":"Хорошевский","section":"Участок 5","name":"2-й Хорошёвский проезд,дом 3","address":"2-й Хорошёвский проезд,дом 3","source_address":"ДТ\\Хорошевский 2-й пр. 3; Хорошевский 3-й пр. 10","mno_type":"БП","container_count":"1","id":"344099","mno_id":"79933175"},"geometry":{"type":"Point","coordinates":[37.535466,55.774087]}},{"type":"Feature","id":"mno-799331750-1754","properties":{"category":"МНО","layer":"mno","district":"Хорошевский","section":"Участок 5","name":"2-й Хорошёвский проезд,дом 3","address":"2-й Хорошёвский проезд,дом 3","source_address":"ДТ\\Хорошевский 2-й пр. 3; Хорошевский 3-й пр. 10","mno_type":"КП","container_count":"1","id":"344099","mno_id":"799331750"},"geometry":{"type":"Point","coordinates":[37.535398,55.774018]}},{"type":"Feature","id":"mno-799382195-1755","properties":{"category":"МНО","layer":"mno","district":"Хорошевский","section":"Участок 5","name":"2-й Хорошёвский проезд,дом 7А","address":"2-й Хорошёвский проезд,дом 7А","source_address":"ДТ\\Хорошевский 2-й пр. 7А, 7Б","mno_type":"КП","container_count":"2","id":"439477","mno_id":"799382195"},"geometry":{"type":"Point","coordinates":[37.533448,55.773932]}},{"type":"Feature","id":"mno-993443606-1756","properties":{"category":"МНО","layer":"mno","district":"Хорошевский","section":"Участок 5","name":"3-й Хорошёвский проезд,дом 4","address":"3-й Хорошёвский проезд,дом 4","source_address":"ДТ\\Хорошевский 3-й пр. 4","mno_type":"Выкатные","container_count":"2","id":"403935","mno_id":"993443606"},"geometry":{"type":"Point","coordinates":[37.54051,55.77354]}},{"type":"Feature","id":"mno-934406269-1757","properties":{"category":"МНО","layer":"mno","district":"Хорошевский","section":"Участок 5","name":"3-я Магистральная улица,дом 20Б","address":"3-я Магистральная улица,дом 20Б","source_address":"ДТ\\Магистральная 3-я ул. 20Б, 26Б","mno_type":"КП","container_count":"2","id":"4237117","mno_id":"934406269"},"geometry":{"type":"Point","coordinates":[37.51959,55.76734]}},{"type":"Feature","id":"mno-799680225-1758","properties":{"category":"МНО","layer":"mno","district":"Хорошевский","section":"Участок 5","name":"5-я Магистральная улица,дом 14, корпус 2","address":"5-я Магистральная улица,дом 14, корпус 2","source_address":"ДТ\\Магистральная 5-я ул. 14 к.2, 14 стр.1, 16","mno_type":"КП","container_count":"4","id":"471115","mno_id":"799680225"},"geometry":{"type":"Point","coordinates":[37.52787,55.7734]}},{"type":"Feature","id":"mno-799262002-1759","properties":{"category":"МНО","layer":"mno","district":"Хорошевский","section":"Участок 5","name":"5-я Магистральная улица,дом 20","address":"5-я Магистральная улица,дом 20","source_address":"ДТ\\Магистральная 5-я ул. 18, 20","mno_type":"КП","container_count":"2","id":"355218","mno_id":"799262002"},"geometry":{"type":"Point","coordinates":[37.529398,55.774633]}},{"type":"Feature","id":"mno-799824186-1760","properties":{"category":"МНО","layer":"mno","district":"Хорошевский","section":"Участок 5","name":"5-я Магистральная улица,дом 8","address":"5-я Магистральная улица,дом 8","source_address":"ДТ\\Магистральная 5-я ул. 10, 12, 8","mno_type":"КП","container_count":"2","id":"455025","mno_id":"799824186"},"geometry":{"type":"Point","coordinates":[37.525837,55.77132]}},{"type":"Feature","id":"mno-1254576863-1761","properties":{"category":"МНО","layer":"mno","district":"Хорошевский","section":"Участок 1","name":"Ленинградский проспект,дом 43, корпус 1","address":"Ленинградский проспект,дом 43, корпус 1","source_address":"ДТ\\Ленинградский просп. 43 к.1, 43 к.2","mno_type":"КП","container_count":"5","id":"442875","mno_id":"1254576863"},"geometry":{"type":"Point","coordinates":[37.534836,55.797832]}},{"type":"Feature","id":"mno-936498755-1762","properties":{"category":"МНО","layer":"mno","district":"Хорошевский","section":"Участок 1","name":"Ленинградский проспект,дом 45, корпус 1","address":"Ленинградский проспект,дом 45, корпус 1","source_address":"ДТ\\Ленинградский просп. 45 к.1, 45 к.2, 45 к.3","mno_type":"КП","container_count":"4","id":"443938","mno_id":"936498755"},"geometry":{"type":"Point","coordinates":[37.5332,55.79899]}},{"type":"Feature","id":"mno-933813472-1763","properties":{"category":"МНО","layer":"mno","district":"Хорошевский","section":"Участок 1","name":"Ленинградский проспект,дом 45, корпус 5","address":"Ленинградский проспект,дом 45, корпус 5","source_address":"ДТ\\Ленинградский просп. 45 к.4, 45 к.5","mno_type":"КП","container_count":"2","id":"370965","mno_id":"933813472"},"geometry":{"type":"Point","coordinates":[37.53176,55.7981]}},{"type":"Feature","id":"mno-91672402-1764","properties":{"category":"МНО","layer":"mno","district":"Хорошевский","section":"Участок 1","name":"Ленинградский проспект,дом 57","address":"Ленинградский проспект,дом 57","source_address":"ДТ\\Ленинградский просп. 57; Острякова ул. 8","mno_type":"КП","container_count":"3","id":"477137","mno_id":"91672402"},"geometry":{"type":"Point","coordinates":[37.525792,55.800635]}},{"type":"Feature","id":"mno-883146581-1765","properties":{"category":"МНО","layer":"mno","district":"Хорошевский","section":"Участок 1","name":"Ленинградский проспект,дом 59","address":"Ленинградский проспект,дом 59","source_address":"ДТ\\Ленинградский просп. 59","mno_type":"КП","container_count":"2","id":"380126","mno_id":"883146581"},"geometry":{"type":"Point","coordinates":[37.52383,55.8011]}},{"type":"Feature","id":"mno-933834855-1766","properties":{"category":"МНО","layer":"mno","district":"Хорошевский","section":"Участок 5","name":"Магистральный переулок,дом 5","address":"Магистральный переулок,дом 5","source_address":"ДТ\\Магистральный пер. 5, 5А","mno_type":"КП","container_count":"3","id":"356413","mno_id":"933834855"},"geometry":{"type":"Point","coordinates":[37.5247,55.77378]}},{"type":"Feature","id":"mno-799730231-1767","properties":{"category":"МНО","layer":"mno","district":"Хорошевский","section":"Участок 1","name":"проезд Аэропорта,дом 6","address":"проезд Аэропорта,дом 6","source_address":"ДТ\\Аэропорта пр. 6","mno_type":"КП","container_count":"3","id":"395822","mno_id":"799730231"},"geometry":{"type":"Point","coordinates":[37.52279,55.79707]}},{"type":"Feature","id":"mno-950856985-1768","properties":{"category":"МНО","layer":"mno","district":"Хорошевский","section":"Участок 10","name":"проезд Берёзовой Рощи,дом 10","address":"проезд Берёзовой Рощи,дом 10","source_address":"ДТ\\Березовой Рощи пр. 10; Ходынский бульв. 19","mno_type":"КП","container_count":"12","id":"4588803","mno_id":"950856985"},"geometry":{"type":"Point","coordinates":[37.5193,55.7881]}},{"type":"Feature","id":"mno-920644246-1769","properties":{"category":"МНО","layer":"mno","district":"Хорошевский","section":"Участок 10","name":"проезд Берёзовой Рощи,дом 12","address":"проезд Берёзовой Рощи,дом 12","source_address":"ДТ\\Березовой Рощи пр. 12","mno_type":"КП","container_count":"5","id":"4212595","mno_id":"920644246"},"geometry":{"type":"Point","coordinates":[37.519864,55.7912]}},{"type":"Feature","id":"mno-932708069-1770","properties":{"category":"МНО","layer":"mno","district":"Хорошевский","section":"Участок 10","name":"проезд Берёзовой Рощи,дом 3, корпус 1","address":"проезд Берёзовой Рощи,дом 3, корпус 1","source_address":"ДТ\\Березовой Рощи пр. 3 к.1, 3 к.2","mno_type":"КП","container_count":"2","id":"4213845","mno_id":"932708069"},"geometry":{"type":"Point","coordinates":[37.5197,55.7857]}},{"type":"Feature","id":"mno-9327080-1771","properties":{"category":"МНО","layer":"mno","district":"Хорошевский","section":"Участок 10","name":"проезд Берёзовой Рощи,дом 3, корпус 2","address":"проезд Берёзовой Рощи,дом 3, корпус 2","source_address":"ДТ\\Березовой Рощи пр. 3 к.1, 3 к.2","mno_type":"КП","container_count":"2","id":"4213845","mno_id":"9327080"},"geometry":{"type":"Point","coordinates":[37.5185,55.78776]}},{"type":"Feature","id":"mno-1189567171-1772","properties":{"category":"МНО","layer":"mno","district":"Хорошевский","section":"Участок 10","name":"улица Авиаконструктора Микояна,дом 14, корпус 2","address":"улица Авиаконструктора Микояна,дом 14, корпус 2","source_address":"ДТ\\Микояна Авиаконструктора ул. 14 к.1, 14 к.2","mno_type":"КП","container_count":"9","id":"4206722","mno_id":"1189567171"},"geometry":{"type":"Point","coordinates":[37.52476,55.79411]}},{"type":"Feature","id":"mno-1098923769-1773","properties":{"category":"МНО","layer":"mno","district":"Хорошевский","section":"Участок 10","name":"улица Авиаконструктора Микояна,дом 14, корпус 4","address":"улица Авиаконструктора Микояна,дом 14, корпус 4","source_address":"ДТ\\Микояна Авиаконструктора ул. 14 к.3, 14 к.4","mno_type":"КП","container_count":"5","id":"1098923717","mno_id":"1098923769"},"geometry":{"type":"Point","coordinates":[37.522745,55.793317]}},{"type":"Feature","id":"mno-1310858564-1774","properties":{"category":"МНО","layer":"mno","district":"Хорошевский","section":"Участок 1","name":"улица Викторенко,дом 11","address":"улица Викторенко,дом 11","source_address":"ДТ\\Викторенко ул. 11","mno_type":"КП","container_count":"3","id":"1310857032","mno_id":"1310858564"},"geometry":{"type":"Point","coordinates":[37.525049,55.795234]}},{"type":"Feature","id":"mno-920040603-1775","properties":{"category":"МНО","layer":"mno","district":"Хорошевский","section":"Участок 1","name":"улица Викторенко,дом 12","address":"улица Викторенко,дом 12","source_address":"ДТ\\Аэропорта пр. 3; Викторенко ул. 12, 12/1, 14","mno_type":"КП","container_count":"3","id":"397163","mno_id":"920040603"},"geometry":{"type":"Point","coordinates":[37.52496,55.79565]}},{"type":"Feature","id":"mno-1199424679-1776","properties":{"category":"МНО","layer":"mno","district":"Хорошевский","section":"Участок 1","name":"улица Викторенко,дом 2/1","address":"улица Викторенко,дом 2/1","source_address":"ДТ\\Викторенко ул. 2/1","mno_type":"КП","container_count":"2","id":"412068","mno_id":"1199424679"},"geometry":{"type":"Point","coordinates":[37.52756,55.79955]}},{"type":"Feature","id":"mno-876815432-1777","properties":{"category":"МНО","layer":"mno","district":"Хорошевский","section":"Участок 1","name":"улица Викторенко,дом 3","address":"улица Викторенко,дом 3","source_address":"ДТ\\Викторенко ул. 3","mno_type":"КП","container_count":"3","id":"346255","mno_id":"876815432"},"geometry":{"type":"Point","coordinates":[37.52832,55.79813]}},{"type":"Feature","id":"mno-5746613-1778","properties":{"category":"МНО","layer":"mno","district":"Хорошевский","section":"Участок 1","name":"улица Викторенко,дом 4, корпус 1","address":"улица Викторенко,дом 4, корпус 1","source_address":"ДТ\\Викторенко ул. 4 к.1","mno_type":"КП","container_count":"5","id":"4217659","mno_id":"5746613"},"geometry":{"type":"Point","coordinates":[37.52665,55.79864]}},{"type":"Feature","id":"mno-917881765-1779","properties":{"category":"МНО","layer":"mno","district":"Хорошевский","section":"Участок 7","name":"улица Гризодубовой,дом 1, корпус 3","address":"улица Гризодубовой,дом 1, корпус 3","source_address":"ДТ\\Гризодубовой ул. 1А, 1 к.1, 1 к.2, 1 к.3, 1 к.4, 1 к.5","mno_type":"КП","container_count":"2","id":"2489105","mno_id":"917881765"},"geometry":{"type":"Point","coordinates":[37.53283,55.78144]}},{"type":"Feature","id":"mno-917734142-1780","properties":{"category":"МНО","layer":"mno","district":"Хорошевский","section":"Участок 10","name":"улица Гризодубовой,дом 2","address":"улица Гризодубовой,дом 2","source_address":"ДТ\\Гризодубовой ул. 2; Ходынский бульв. 5 к.1, 5 к.2, 5 к.3, 5 к.4","mno_type":"КП","container_count":"8","id":"4204660","mno_id":"917734142"},"geometry":{"type":"Point","coordinates":[37.5332,55.7829]}},{"type":"Feature","id":"mno-927369673-1781","properties":{"category":"МНО","layer":"mno","district":"Хорошевский","section":"Участок 10","name":"улица Гризодубовой,дом 4, корпус 4","address":"улица Гризодубовой,дом 4, корпус 4","source_address":"ДТ\\Гризодубовой ул. 4 к.4; Ходынский бульв. 15","mno_type":"КП","container_count":"8","id":"4588785","mno_id":"927369673"},"geometry":{"type":"Point","coordinates":[37.52248,55.785435]}},{"type":"Feature","id":"mno-79872449-1782","properties":{"category":"МНО","layer":"mno","district":"Хорошевский","section":"Участок 3","name":"улица Зорге,дом 10, корпус 3","address":"улица Зорге,дом 10, корпус 3","source_address":"ДТ\\Зорге ул. 10 к.1, 10 к.2, 10 к.3; Куусинена ул. 11 к.1, 11 к.2, 11 к.3","mno_type":"КП","container_count":"4","id":"2488606","mno_id":"79872449"},"geometry":{"type":"Point","coordinates":[37.512417,55.782532]}},{"type":"Feature","id":"mno-79612682-1783","properties":{"category":"МНО","layer":"mno","district":"Хорошевский","section":"Участок 3","name":"улица Зорге,дом 14, корпус 2","address":"улица Зорге,дом 14, корпус 2","source_address":"ДТ\\Зорге ул. 14 к.1, 14 к.2, 14 к.3; Куусинена ул. 15 к.1, 15 к.2, 15 к.3","mno_type":"КП","container_count":"5","id":"377766","mno_id":"79612682"},"geometry":{"type":"Point","coordinates":[37.5116,55.7847]}},{"type":"Feature","id":"mno-7961268-1784","properties":{"category":"МНО","layer":"mno","district":"Хорошевский","section":"Участок 3","name":"улица Зорге,дом 14, корпус 2","address":"улица Зорге,дом 14, корпус 2","source_address":"ДТ\\Зорге ул. 14 к.1, 14 к.2, 14 к.3; Куусинена ул. 15 к.1, 15 к.2, 15 к.3","mno_type":"КП","container_count":"5","id":"377766","mno_id":"7961268"},"geometry":{"type":"Point","coordinates":[37.51216,55.784303]}},{"type":"Feature","id":"mno-79836662-1785","properties":{"category":"МНО","layer":"mno","district":"Хорошевский","section":"Участок 3","name":"улица Зорге,дом 18, корпус 2","address":"улица Зорге,дом 18, корпус 2","source_address":"ДТ\\Зорге ул. 18 к.1, 18 к.2, 18 к.3; Куусинена ул. 19 к.1, 19 к.2, 19 к.3","mno_type":"КП","container_count":"4","id":"369431","mno_id":"79836662"},"geometry":{"type":"Point","coordinates":[37.5107,55.78644]}},{"type":"Feature","id":"mno-798366624-1786","properties":{"category":"МНО","layer":"mno","district":"Хорошевский","section":"Участок 3","name":"улица Зорге,дом 18, корпус 2","address":"улица Зорге,дом 18, корпус 2","source_address":"ДТ\\Зорге ул. 18 к.1, 18 к.2, 18 к.3; Куусинена ул. 19 к.1, 19 к.2, 19 к.3","mno_type":"КП","container_count":"4","id":"369431","mno_id":"798366624"},"geometry":{"type":"Point","coordinates":[37.51063,55.78685]}},{"type":"Feature","id":"mno-805563849-1787","properties":{"category":"МНО","layer":"mno","district":"Хорошевский","section":"Участок 3","name":"улица Зорге,дом 20","address":"улица Зорге,дом 20","source_address":"ДТ\\Зорге ул. 20","mno_type":"КП","container_count":"2","id":"417547","mno_id":"805563849"},"geometry":{"type":"Point","coordinates":[37.50969,55.78728]}},{"type":"Feature","id":"mno-80101982-1788","properties":{"category":"МНО","layer":"mno","district":"Хорошевский","section":"Участок 3","name":"улица Зорге,дом 6, корпус 1","address":"улица Зорге,дом 6, корпус 1","source_address":"ДТ\\Зорге ул. 6 к.1, 6 к.2, 6 к.3; Куусинена ул. 7 к.1, 7 к.2, 7 к.3","mno_type":"КП","container_count":"5","id":"482971","mno_id":"80101982"},"geometry":{"type":"Point","coordinates":[37.514,55.780333]}},{"type":"Feature","id":"mno-8010198-1789","properties":{"category":"МНО","layer":"mno","district":"Хорошевский","section":"Участок 3","name":"улица Зорге,дом 6, корпус 1","address":"улица Зорге,дом 6, корпус 1","source_address":"ДТ\\Зорге ул. 6 к.1, 6 к.2, 6 к.3; Куусинена ул. 7 к.1, 7 к.2, 7 к.3","mno_type":"КП","container_count":"5","id":"482971","mno_id":"8010198"},"geometry":{"type":"Point","coordinates":[37.513942,55.78033]}},{"type":"Feature","id":"mno-801019821-1790","properties":{"category":"МНО","layer":"mno","district":"Хорошевский","section":"Участок 3","name":"улица Зорге,дом 6, корпус 1","address":"улица Зорге,дом 6, корпус 1","source_address":"ДТ\\Зорге ул. 6 к.1, 6 к.2, 6 к.3; Куусинена ул. 7 к.1, 7 к.2, 7 к.3","mno_type":"КП","container_count":"5","id":"482971","mno_id":"801019821"},"geometry":{"type":"Point","coordinates":[37.514,55.780333]}},{"type":"Feature","id":"mno-798724499-1791","properties":{"category":"МНО","layer":"mno","district":"Хорошевский","section":"Участок 3","name":"улица Куусинена,дом 11, корпус 2","address":"улица Куусинена,дом 11, корпус 2","source_address":"ДТ\\Зорге ул. 10 к.1, 10 к.2, 10 к.3; Куусинена ул. 11 к.1, 11 к.2, 11 к.3","mno_type":"КП","container_count":"4","id":"2488606","mno_id":"798724499"},"geometry":{"type":"Point","coordinates":[37.51332,55.7828]}},{"type":"Feature","id":"mno-932730501-1792","properties":{"category":"МНО","layer":"mno","district":"Хорошевский","section":"Участок 3","name":"улица Куусинена,дом 17, корпус 1","address":"улица Куусинена,дом 17, корпус 1","source_address":"ДТ\\Зорге ул. 16; Куусинена ул. 17 к.1, 17 к.2, 17 к.3","mno_type":"КП","container_count":"4","id":"480822","mno_id":"932730501"},"geometry":{"type":"Point","coordinates":[37.51114,55.785178]}},{"type":"Feature","id":"mno-93273050-1793","properties":{"category":"МНО","layer":"mno","district":"Хорошевский","section":"Участок 3","name":"улица Куусинена,дом 17, корпус 3","address":"улица Куусинена,дом 17, корпус 3","source_address":"ДТ\\Зорге ул. 16; Куусинена ул. 17 к.1, 17 к.2, 17 к.3","mno_type":"КП","container_count":"4","id":"480822","mno_id":"93273050"},"geometry":{"type":"Point","coordinates":[37.51108,55.78592]}},{"type":"Feature","id":"mno-91277565-1794","properties":{"category":"МНО","layer":"mno","district":"Хорошевский","section":"Участок 3","name":"улица Куусинена,дом 21","address":"улица Куусинена,дом 21","source_address":"ДТ\\Куусинена ул. 21","mno_type":"КП","container_count":"2","id":"4499247","mno_id":"91277565"},"geometry":{"type":"Point","coordinates":[37.509059,55.790085]}},{"type":"Feature","id":"mno-872057683-1795","properties":{"category":"МНО","layer":"mno","district":"Хорошевский","section":"Участок 3","name":"улица Куусинена,дом 21А","address":"улица Куусинена,дом 21А","source_address":"ДТ\\Куусинена ул. 21А","mno_type":"КП","container_count":"5","id":"872057363","mno_id":"872057683"},"geometry":{"type":"Point","coordinates":[37.509208,55.788621]}},{"type":"Feature","id":"mno-912775655-1796","properties":{"category":"МНО","layer":"mno","district":"Хорошевский","section":"Участок 3","name":"улица Куусинена,дом 21, строение 2","address":"улица Куусинена,дом 21, строение 2","source_address":"ДТ\\Куусинена ул. 21","mno_type":"КП","container_count":"2","id":"4499247","mno_id":"912775655"},"geometry":{"type":"Point","coordinates":[37.509059,55.790085]}},{"type":"Feature","id":"mno-1256173889-1797","properties":{"category":"МНО","layer":"mno","district":"Хорошевский","section":"Участок 4","name":"улица Куусинена,дом 4А, корпус 1","address":"улица Куусинена,дом 4А, корпус 1","source_address":"ДТ\\Куусинена ул. 4А к.1, 4А к.2","mno_type":"КП","container_count":"5","id":"415100","mno_id":"1256173889"},"geometry":{"type":"Point","coordinates":[37.51672,55.78089]}},{"type":"Feature","id":"mno-125617388-1798","properties":{"category":"МНО","layer":"mno","district":"Хорошевский","section":"Участок 4","name":"улица Куусинена,дом 4А, корпус 1","address":"улица Куусинена,дом 4А, корпус 1","source_address":"ДТ\\Куусинена ул. 4А к.1, 4А к.2","mno_type":"БП","container_count":"5","id":"415100","mno_id":"125617388"},"geometry":{"type":"Point","coordinates":[37.51672,55.78089]}},{"type":"Feature","id":"mno-78018558-1799","properties":{"category":"МНО","layer":"mno","district":"Хорошевский","section":"Участок 4","name":"улица Куусинена,дом 4А, корпус 3","address":"улица Куусинена,дом 4А, корпус 3","source_address":"ДТ\\Куусинена ул. 4А к.3, 4А к.4","mno_type":"КП","container_count":"3","id":"363646","mno_id":"78018558"},"geometry":{"type":"Point","coordinates":[37.51884,55.78106]}},{"type":"Feature","id":"mno-780185585-1800","properties":{"category":"МНО","layer":"mno","district":"Хорошевский","section":"Участок 4","name":"улица Куусинена,дом 4А, корпус 3","address":"улица Куусинена,дом 4А, корпус 3","source_address":"ДТ\\Куусинена ул. 4А к.3, 4А к.4","mno_type":"КП","container_count":"3","id":"363646","mno_id":"780185585"},"geometry":{"type":"Point","coordinates":[37.51967,55.78124]}},{"type":"Feature","id":"mno-928339875-1801","properties":{"category":"МНО","layer":"mno","district":"Хорошевский","section":"Участок 4","name":"улица Куусинена,дом 4, корпус 1","address":"улица Куусинена,дом 4, корпус 1","source_address":"ДТ\\Куусинена ул. 4 к.1, 4 к.2, 4 к.3","mno_type":"КП","container_count":"2","id":"411719","mno_id":"928339875"},"geometry":{"type":"Point","coordinates":[37.5176,55.7786]}},{"type":"Feature","id":"mno-890060753-1802","properties":{"category":"МНО","layer":"mno","district":"Хорошевский","section":"Участок 4","name":"улица Куусинена,дом 6А, корпус 1","address":"улица Куусинена,дом 6А, корпус 1","source_address":"ДТ\\Куусинена ул. 6А к.1, 6 к.13, 6 к.9","mno_type":"КП","container_count":"3","id":"2488542","mno_id":"890060753"},"geometry":{"type":"Point","coordinates":[37.5198,55.78278]}},{"type":"Feature","id":"mno-864760983-1803","properties":{"category":"МНО","layer":"mno","district":"Хорошевский","section":"Участок 4","name":"улица Куусинена,дом 6, корпус 1","address":"улица Куусинена,дом 6, корпус 1","source_address":"ДТ\\Куусинена ул. 6 к.1, 6 к.2, 6 к.3","mno_type":"КП","container_count":"3","id":"2488359","mno_id":"864760983"},"geometry":{"type":"Point","coordinates":[37.516553,55.782276]}},{"type":"Feature","id":"mno-780187985-1804","properties":{"category":"МНО","layer":"mno","district":"Хорошевский","section":"Участок 4","name":"улица Куусинена,дом 6, корпус 10","address":"улица Куусинена,дом 6, корпус 10","source_address":"ДТ\\Куусинена ул. 4А к.5, 6 к.10, 6 к.11, 6 к.12","mno_type":"КП","container_count":"3","id":"4668419","mno_id":"780187985"},"geometry":{"type":"Point","coordinates":[37.5206,55.7814]}},{"type":"Feature","id":"mno-889396286-1805","properties":{"category":"МНО","layer":"mno","district":"Хорошевский","section":"Участок 4","name":"улица Куусинена,дом 6, корпус 5","address":"улица Куусинена,дом 6, корпус 5","source_address":"ДТ\\Куусинена ул. 6 к.4, 6 к.5, 6 к.6, 6 к.7","mno_type":"КП","container_count":"2","id":"428170","mno_id":"889396286"},"geometry":{"type":"Point","coordinates":[37.5171,55.7827]}},{"type":"Feature","id":"mno-920625107-1806","properties":{"category":"МНО","layer":"mno","district":"Хорошевский","section":"Участок 4","name":"улица Куусинена,дом 6, корпус 8","address":"улица Куусинена,дом 6, корпус 8","source_address":"ДТ\\Куусинена ул. 6 к.8","mno_type":"КП","container_count":"2","id":"447979","mno_id":"920625107"},"geometry":{"type":"Point","coordinates":[37.517894,55.782867]}},{"type":"Feature","id":"mno-92062510-1807","properties":{"category":"МНО","layer":"mno","district":"Хорошевский","section":"Участок 4","name":"улица Куусинена,дом 6, корпус 8","address":"улица Куусинена,дом 6, корпус 8","source_address":"ДТ\\Куусинена ул. 6 к.8","mno_type":"БП","container_count":"2","id":"447979","mno_id":"92062510"},"geometry":{"type":"Point","coordinates":[37.517894,55.782867]}},{"type":"Feature","id":"mno-799799423-1808","properties":{"category":"МНО","layer":"mno","district":"Хорошевский","section":"Участок 3","name":"улица Куусинена,дом 9, корпус 2","address":"улица Куусинена,дом 9, корпус 2","source_address":"ДТ\\Куусинена ул. 9 к.1, 9 к.2, 9 к.3","mno_type":"КП","container_count":"4","id":"365444","mno_id":"799799423"},"geometry":{"type":"Point","coordinates":[37.513259,55.781341]}},{"type":"Feature","id":"mno-798745046-1809","properties":{"category":"МНО","layer":"mno","district":"Хорошевский","section":"Участок 1","name":"улица Острякова,дом 6","address":"улица Острякова,дом 6","source_address":"ДТ\\Острякова ул. 6","mno_type":"КП","container_count":"2","id":"460685","mno_id":"798745046"},"geometry":{"type":"Point","coordinates":[37.52741,55.79974]}},{"type":"Feature","id":"mno-916724027-1810","properties":{"category":"МНО","layer":"mno","district":"Хорошевский","section":"Участок 1","name":"улица Острякова,дом 8","address":"улица Острякова,дом 8","source_address":"ДТ\\Ленинградский просп. 57; Острякова ул. 8","mno_type":"БП","container_count":"3","id":"477137","mno_id":"916724027"},"geometry":{"type":"Point","coordinates":[37.52382,55.80088]}},{"type":"Feature","id":"mno-79967706-1811","properties":{"category":"МНО","layer":"mno","district":"Хорошевский","section":"Участок 1","name":"улица Острякова,дом 9","address":"улица Острякова,дом 9","source_address":"ДТ\\Острякова ул. 11, 9","mno_type":"КП","container_count":"3","id":"342040","mno_id":"79967706"},"geometry":{"type":"Point","coordinates":[37.52282,55.79947]}},{"type":"Feature","id":"mno-799677060-1812","properties":{"category":"МНО","layer":"mno","district":"Хорошевский","section":"Участок 1","name":"улица Острякова,дом 9","address":"улица Острякова,дом 9","source_address":"ДТ\\Острякова ул. 11, 9","mno_type":"КП","container_count":"3","id":"342040","mno_id":"799677060"},"geometry":{"type":"Point","coordinates":[37.523905,55.799374]}},{"type":"Feature","id":"mno-799014631-1813","properties":{"category":"МНО","layer":"mno","district":"Хорошевский","section":"Участок 6","name":"улица Поликарпова,дом 11","address":"улица Поликарпова,дом 11","source_address":"ДТ\\Поликарпова ул. 11","mno_type":"КП","container_count":"2","id":"473450","mno_id":"799014631"},"geometry":{"type":"Point","coordinates":[37.55003,55.77679]}},{"type":"Feature","id":"mno-1283907916-1814","properties":{"category":"МНО","layer":"mno","district":"Хорошевский","section":"Участок 6","name":"улица Поликарпова,дом 19, корпус 1","address":"улица Поликарпова,дом 19, корпус 1","source_address":"ДТ\\Поликарпова ул. 19 к.1, 19 к.2","mno_type":"Выкатные","container_count":"1","id":"426886","mno_id":"1283907916"},"geometry":{"type":"Point","coordinates":[37.54806,55.7786]}},{"type":"Feature","id":"mno-128390791-1815","properties":{"category":"МНО","layer":"mno","district":"Хорошевский","section":"Участок 6","name":"улица Поликарпова,дом 19, корпус 2","address":"улица Поликарпова,дом 19, корпус 2","source_address":"ДТ\\Поликарпова ул. 19 к.1, 19 к.2","mno_type":"КП","container_count":"1","id":"426886","mno_id":"128390791"},"geometry":{"type":"Point","coordinates":[37.54717,55.77931]}},{"type":"Feature","id":"mno-799037650-1816","properties":{"category":"МНО","layer":"mno","district":"Хорошевский","section":"Участок 6","name":"улица Поликарпова,дом 23","address":"улица Поликарпова,дом 23","source_address":"ДТ\\Поликарпова ул. 23","mno_type":"КП","container_count":"2","id":"369748","mno_id":"799037650"},"geometry":{"type":"Point","coordinates":[37.54571,55.77912]}},{"type":"Feature","id":"mno-979086273-1817","properties":{"category":"МНО","layer":"mno","district":"Хорошевский","section":"Участок 7","name":"улица Полины Осипенко,дом 10, корпус 1","address":"улица Полины Осипенко,дом 10, корпус 1","source_address":"ДТ\\Полины Осипенко ул. 10 к.1","mno_type":"КП","container_count":"7","id":"4208716","mno_id":"979086273"},"geometry":{"type":"Point","coordinates":[37.533783,55.77929]}},{"type":"Feature","id":"mno-904490392-1818","properties":{"category":"МНО","layer":"mno","district":"Хорошевский","section":"Участок 7","name":"улица Полины Осипенко,дом 14, корпус 1","address":"улица Полины Осипенко,дом 14, корпус 1","source_address":"ДТ\\Полины Осипенко ул. 14 к.1","mno_type":"КП","container_count":"3","id":"441547","mno_id":"904490392"},"geometry":{"type":"Point","coordinates":[37.53324,55.77928]}},{"type":"Feature","id":"mno-993486104-1819","properties":{"category":"МНО","layer":"mno","district":"Хорошевский","section":"Участок 7","name":"улица Полины Осипенко,дом 22, корпус 1","address":"улица Полины Осипенко,дом 22, корпус 1","source_address":"ДТ\\Полины Осипенко ул. 22 к.1, 22 к.2, 22 к.3, 22 к.4","mno_type":"БП","container_count":"1","id":"453031","mno_id":"993486104"},"geometry":{"type":"Point","coordinates":[37.52776,55.78083]}},{"type":"Feature","id":"mno-91272956-1820","properties":{"category":"МНО","layer":"mno","district":"Хорошевский","section":"Участок 7","name":"улица Полины Осипенко,дом 2, корпус 1","address":"улица Полины Осипенко,дом 2, корпус 1","source_address":"ДТ\\Полины Осипенко ул. 2, 2 к.1, 2 к.2","mno_type":"КП","container_count":"6","id":"912729435","mno_id":"91272956"},"geometry":{"type":"Point","coordinates":[37.537718,55.7779]}},{"type":"Feature","id":"mno-9127295-1821","properties":{"category":"МНО","layer":"mno","district":"Хорошевский","section":"Участок 7","name":"улица Полины Осипенко,дом 2, корпус 1","address":"улица Полины Осипенко,дом 2, корпус 1","source_address":"ДТ\\Полины Осипенко ул. 2, 2 к.1, 2 к.2","mno_type":"КП","container_count":"6","id":"912729435","mno_id":"9127295"},"geometry":{"type":"Point","coordinates":[37.53795,55.77814]}},{"type":"Feature","id":"mno-912729563-1822","properties":{"category":"МНО","layer":"mno","district":"Хорошевский","section":"Участок 7","name":"улица Полины Осипенко,дом 2, корпус 2","address":"улица Полины Осипенко,дом 2, корпус 2","source_address":"ДТ\\Полины Осипенко ул. 2, 2 к.1, 2 к.2","mno_type":"КП","container_count":"6","id":"912729435","mno_id":"912729563"},"geometry":{"type":"Point","coordinates":[37.540923,55.778639]}},{"type":"Feature","id":"mno-995444846-1823","properties":{"category":"МНО","layer":"mno","district":"Хорошевский","section":"Участок 7","name":"улица Полины Осипенко,дом 8","address":"улица Полины Осипенко,дом 8","source_address":"ДТ\\Полины Осипенко ул. 8, 8 к.3","mno_type":"КП","container_count":"7","id":"912902394","mno_id":"995444846"},"geometry":{"type":"Point","coordinates":[37.53653,55.77953]}},{"type":"Feature","id":"mno-848662847-1824","properties":{"category":"МНО","layer":"mno","district":"Хорошевский","section":"Участок 7","name":"улица Полины Осипенко,дом 8, корпус 2","address":"улица Полины Осипенко,дом 8, корпус 2","source_address":"ДТ\\Полины Осипенко ул. 8 к.1, 8 к.2","mno_type":"КП","container_count":"7","id":"848662591","mno_id":"848662847"},"geometry":{"type":"Point","coordinates":[37.5363,55.78111]}},{"type":"Feature","id":"mno-798806762-1825","properties":{"category":"МНО","layer":"mno","district":"Хорошевский","section":"Участок 10","name":"Ходынский бульвар,дом 11","address":"Ходынский бульвар,дом 11","source_address":"ДТ\\Ходынский бульв. 11","mno_type":"КП","container_count":"3","id":"4215733","mno_id":"798806762"},"geometry":{"type":"Point","coordinates":[37.526219,55.785276]}},{"type":"Feature","id":"mno-939182484-1826","properties":{"category":"МНО","layer":"mno","district":"Хорошевский","section":"Участок 10","name":"Ходынский бульвар,дом 13","address":"Ходынский бульвар,дом 13","source_address":"ДТ\\Гризодубовой ул. 4 к.3; Ходынский бульв. 13","mno_type":"КП","container_count":"5","id":"4499460","mno_id":"939182484"},"geometry":{"type":"Point","coordinates":[37.5239,55.78622]}},{"type":"Feature","id":"mno-92736967-1827","properties":{"category":"МНО","layer":"mno","district":"Хорошевский","section":"Участок 10","name":"Ходынский бульвар,дом 15","address":"Ходынский бульвар,дом 15","source_address":"ДТ\\Гризодубовой ул. 4 к.4; Ходынский бульв. 15","mno_type":"КП","container_count":"8","id":"4588785","mno_id":"92736967"},"geometry":{"type":"Point","coordinates":[37.52397,55.78618]}},{"type":"Feature","id":"mno-931590026-1828","properties":{"category":"МНО","layer":"mno","district":"Хорошевский","section":"Участок 10","name":"Ходынский бульвар,дом 17","address":"Ходынский бульвар,дом 17","source_address":"ДТ\\Березовой Рощи пр. 4, 6, 8; Ходынский бульв. 17","mno_type":"КП","container_count":"2","id":"4598583","mno_id":"931590026"},"geometry":{"type":"Point","coordinates":[37.5223,55.7882]}},{"type":"Feature","id":"mno-95085698-1829","properties":{"category":"МНО","layer":"mno","district":"Хорошевский","section":"Участок 10","name":"Ходынский бульвар,дом 19","address":"Ходынский бульвар,дом 19","source_address":"ДТ\\Березовой Рощи пр. 10; Ходынский бульв. 19","mno_type":"КП","container_count":"12","id":"4588803","mno_id":"95085698"},"geometry":{"type":"Point","coordinates":[37.5218,55.7892]}},{"type":"Feature","id":"mno-91773414-1830","properties":{"category":"МНО","layer":"mno","district":"Хорошевский","section":"Участок 10","name":"Ходынский бульвар,дом 5, корпус 1","address":"Ходынский бульвар,дом 5, корпус 1","source_address":"ДТ\\Гризодубовой ул. 2; Ходынский бульв. 5 к.1, 5 к.2, 5 к.3, 5 к.4","mno_type":"КП","container_count":"8","id":"4204660","mno_id":"91773414"},"geometry":{"type":"Point","coordinates":[37.5348,55.7847]}},{"type":"Feature","id":"mno-9177341-1831","properties":{"category":"МНО","layer":"mno","district":"Хорошевский","section":"Участок 10","name":"Ходынский бульвар,дом 5, корпус 3","address":"Ходынский бульвар,дом 5, корпус 3","source_address":"ДТ\\Гризодубовой ул. 2; Ходынский бульв. 5 к.1, 5 к.2, 5 к.3, 5 к.4","mno_type":"КП","container_count":"8","id":"4204660","mno_id":"9177341"},"geometry":{"type":"Point","coordinates":[37.5342,55.7838]}},{"type":"Feature","id":"mno-931693359-1832","properties":{"category":"МНО","layer":"mno","district":"Хорошевский","section":"Участок 10","name":"Ходынский бульвар,дом 9","address":"Ходынский бульвар,дом 9","source_address":"ДТ\\Гризодубовой ул. 4 к.1; Ходынский бульв. 9","mno_type":"КП","container_count":"8","id":"4587931","mno_id":"931693359"},"geometry":{"type":"Point","coordinates":[37.52799,55.78471]}},{"type":"Feature","id":"mno-80008195-1833","properties":{"category":"МНО","layer":"mno","district":"Хорошевский","section":"Участок 2","name":"Хорошёвский тупик,дом 7","address":"Хорошёвский тупик,дом 7","source_address":"ДТ\\Хорошевский туп. 7; Хорошевское шоссе 66","mno_type":"КП","container_count":"3","id":"429533","mno_id":"80008195"},"geometry":{"type":"Point","coordinates":[37.52854,55.77862]}},{"type":"Feature","id":"mno-799033710-1834","properties":{"category":"МНО","layer":"mno","district":"Хорошевский","section":"Участок 5","name":"Хорошёвское шоссе,дом 1","address":"Хорошёвское шоссе,дом 1","source_address":"ДТ\\Хорошевское шоссе 1","mno_type":"КП","container_count":"3","id":"352601","mno_id":"799033710"},"geometry":{"type":"Point","coordinates":[37.542783,55.773447]}},{"type":"Feature","id":"mno-91654726-1835","properties":{"category":"МНО","layer":"mno","district":"Хорошевский","section":"Участок 5","name":"Хорошёвское шоссе,дом 11","address":"Хорошёвское шоссе,дом 11","source_address":"ДТ\\Хорошевское шоссе 11","mno_type":"БП","container_count":"1","id":"452494","mno_id":"91654726"},"geometry":{"type":"Point","coordinates":[37.53366,55.7751]}},{"type":"Feature","id":"mno-916547265-1836","properties":{"category":"МНО","layer":"mno","district":"Хорошевский","section":"Участок 5","name":"Хорошёвское шоссе,дом 11","address":"Хорошёвское шоссе,дом 11","source_address":"ДТ\\Хорошевское шоссе 11","mno_type":"КП","container_count":"1","id":"452494","mno_id":"916547265"},"geometry":{"type":"Point","coordinates":[37.53366,55.7751]}},{"type":"Feature","id":"mno-927338181-1837","properties":{"category":"МНО","layer":"mno","district":"Хорошевский","section":"Участок 6","name":"Хорошёвское шоссе,дом 12, корпус 1","address":"Хорошёвское шоссе,дом 12, корпус 1","source_address":"ДТ\\Хорошевское шоссе 12 к.1","mno_type":"БП","container_count":"1","id":"4270588","mno_id":"927338181"},"geometry":{"type":"Point","coordinates":[37.547969,55.774635]}},{"type":"Feature","id":"mno-92733818-1838","properties":{"category":"МНО","layer":"mno","district":"Хорошевский","section":"Участок 6","name":"Хорошёвское шоссе,дом 12, корпус 1","address":"Хорошёвское шоссе,дом 12, корпус 1","source_address":"ДТ\\Хорошевское шоссе 12 к.1","mno_type":"КП","container_count":"1","id":"4270588","mno_id":"92733818"},"geometry":{"type":"Point","coordinates":[37.550201,55.775212]}},{"type":"Feature","id":"mno-1278733870-1839","properties":{"category":"МНО","layer":"mno","district":"Хорошевский","section":"Участок 5","name":"Хорошёвское шоссе,дом 19","address":"Хорошёвское шоссе,дом 19","source_address":"ДТ\\Хорошевское шоссе 17, 19","mno_type":"Выкатные","container_count":"1","id":"342782","mno_id":"1278733870"},"geometry":{"type":"Point","coordinates":[37.53049,55.7754]}},{"type":"Feature","id":"mno-127873387-1840","properties":{"category":"МНО","layer":"mno","district":"Хорошевский","section":"Участок 5","name":"Хорошёвское шоссе,дом 19","address":"Хорошёвское шоссе,дом 19","source_address":"ДТ\\Хорошевское шоссе 17, 19","mno_type":"Выкатные","container_count":"1","id":"342782","mno_id":"127873387"},"geometry":{"type":"Point","coordinates":[37.52998,55.77516]}},{"type":"Feature","id":"mno-932728891-1841","properties":{"category":"МНО","layer":"mno","district":"Хорошевский","section":"Участок 5","name":"Хорошёвское шоссе,дом 21А","address":"Хорошёвское шоссе,дом 21А","source_address":"ДТ\\Хорошевское шоссе 21А","mno_type":"КП","container_count":"2","id":"463889","mno_id":"932728891"},"geometry":{"type":"Point","coordinates":[37.52911,55.77533]}},{"type":"Feature","id":"mno-799064237-1842","properties":{"category":"МНО","layer":"mno","district":"Хорошевский","section":"Участок 5","name":"Хорошёвское шоссе,дом 23, корпус 1","address":"Хорошёвское шоссе,дом 23, корпус 1","source_address":"ДТ\\Хорошевское шоссе 23 к.1, 23 к.2","mno_type":"КП","container_count":"3","id":"386030","mno_id":"799064237"},"geometry":{"type":"Point","coordinates":[37.5278,55.77677]}},{"type":"Feature","id":"mno-1026496402-1843","properties":{"category":"МНО","layer":"mno","district":"Хорошевский","section":"Участок 6","name":"Хорошёвское шоссе,дом 24, строение 2","address":"Хорошёвское шоссе,дом 24, строение 2","source_address":"ДТ\\Хорошевское шоссе 22, 24","mno_type":"КП","container_count":"3","id":"381961","mno_id":"1026496402"},"geometry":{"type":"Point","coordinates":[37.542806,55.775271]}},{"type":"Feature","id":"mno-102649640-1844","properties":{"category":"МНО","layer":"mno","district":"Хорошевский","section":"Участок 6","name":"Хорошёвское шоссе,дом 24, строение 2","address":"Хорошёвское шоссе,дом 24, строение 2","source_address":"ДТ\\Хорошевское шоссе 22, 24","mno_type":"КП","container_count":"3","id":"381961","mno_id":"102649640"},"geometry":{"type":"Point","coordinates":[37.542806,55.775271]}},{"type":"Feature","id":"mno-798847420-1845","properties":{"category":"МНО","layer":"mno","district":"Хорошевский","section":"Участок 6","name":"Хорошёвское шоссе,дом 34","address":"Хорошёвское шоссе,дом 34","source_address":"ДТ\\Хорошевское шоссе 34","mno_type":"КП","container_count":"3","id":"355738","mno_id":"798847420"},"geometry":{"type":"Point","coordinates":[37.54004,55.77519]}},{"type":"Feature","id":"mno-90711621-1846","properties":{"category":"МНО","layer":"mno","district":"Хорошевский","section":"Участок 6","name":"Хорошёвское шоссе,дом 36А","address":"Хорошёвское шоссе,дом 36А","source_address":"ДТ\\Хорошевское шоссе 36А, 36Б","mno_type":"КП","container_count":"2","id":"2488951","mno_id":"90711621"},"geometry":{"type":"Point","coordinates":[37.53783,55.7755]}},{"type":"Feature","id":"mno-1309461696-1847","properties":{"category":"МНО","layer":"mno","district":"Хорошевский","section":"Участок 3","name":"Хорошёвское шоссе,дом 41, корпус Г","address":"Хорошёвское шоссе,дом 41, корпус Г","source_address":"ДТ\\Хорошевское шоссе 39 к.1, 39 к.2, 41 к.Г, 41 к.Е, 43 к.В","mno_type":"КП","container_count":"5","id":"355505","mno_id":"1309461696"},"geometry":{"type":"Point","coordinates":[37.5116,55.7771]}},{"type":"Feature","id":"mno-939112651-1848","properties":{"category":"МНО","layer":"mno","district":"Хорошевский","section":"Участок 2","name":"Хорошёвское шоссе,дом 48","address":"Хорошёвское шоссе,дом 48","source_address":"ДТ\\Хорошевское шоссе 46, 48","mno_type":"Выкатные","container_count":"1","id":"2489320","mno_id":"939112651"},"geometry":{"type":"Point","coordinates":[37.53495,55.77646]}},{"type":"Feature","id":"mno-920734213-1849","properties":{"category":"МНО","layer":"mno","district":"Хорошевский","section":"Участок 2","name":"Хорошёвское шоссе,дом 52, корпус 2","address":"Хорошёвское шоссе,дом 52, корпус 2","source_address":"ДТ\\Хорошевское шоссе 52 к.1, 52 к.2","mno_type":"КП","container_count":"2","id":"407599","mno_id":"920734213"},"geometry":{"type":"Point","coordinates":[37.531902,55.777369]}},{"type":"Feature","id":"mno-989977530-1850","properties":{"category":"МНО","layer":"mno","district":"Хорошевский","section":"Участок 2","name":"Хорошёвское шоссе,дом 56","address":"Хорошёвское шоссе,дом 56","source_address":"ДТ\\Хорошевское шоссе 56, 58","mno_type":"Выкатные","container_count":"1","id":"432055","mno_id":"989977530"},"geometry":{"type":"Point","coordinates":[37.53364,55.77865]}},{"type":"Feature","id":"mno-98997753-1851","properties":{"category":"МНО","layer":"mno","district":"Хорошевский","section":"Участок 2","name":"Хорошёвское шоссе,дом 58","address":"Хорошёвское шоссе,дом 58","source_address":"ДТ\\Хорошевское шоссе 56, 58","mno_type":"Выкатные","container_count":"1","id":"432055","mno_id":"98997753"},"geometry":{"type":"Point","coordinates":[37.532975,55.778907]}},{"type":"Feature","id":"mno-1318984515-1852","properties":{"category":"МНО","layer":"mno","district":"Хорошевский","section":"Участок 2","name":"Хорошёвское шоссе,дом 64, корпус 1","address":"Хорошёвское шоссе,дом 64, корпус 1","source_address":"ДТ\\Хорошевское шоссе 64 к.1, 64 к.2","mno_type":"Выкатные","container_count":"1","id":"463905","mno_id":"1318984515"},"geometry":{"type":"Point","coordinates":[37.52994,55.7784]}},{"type":"Feature","id":"mno-889253836-1853","properties":{"category":"МНО","layer":"mno","district":"Хорошевский","section":"Участок 2","name":"Хорошёвское шоссе,дом 68, корпус 5","address":"Хорошёвское шоссе,дом 68, корпус 5","source_address":"ДТ\\Хорошевское шоссе 68 к.5","mno_type":"КП","container_count":"3","id":"445730","mno_id":"889253836"},"geometry":{"type":"Point","coordinates":[37.52802,55.78018]}},{"type":"Feature","id":"mno-904543235-1854","properties":{"category":"МНО","layer":"mno","district":"Хорошевский","section":"Участок 2","name":"Хорошёвское шоссе,дом 74, корпус 3","address":"Хорошёвское шоссе,дом 74, корпус 3","source_address":"ДТ\\Хорошевское шоссе 72 к.4, 74 к.3","mno_type":"КП","container_count":"3","id":"381942","mno_id":"904543235"},"geometry":{"type":"Point","coordinates":[37.52487,55.77995]}},{"type":"Feature","id":"mno-1315424164-1855","properties":{"category":"МНО","layer":"mno","district":"Хорошевский","section":"Участок 4","name":"Хорошёвское шоссе,дом 80","address":"Хорошёвское шоссе,дом 80","source_address":"ДТ\\Хорошевское шоссе 80","mno_type":"Выкатные","container_count":"2","id":"483358","mno_id":"1315424164"},"geometry":{"type":"Point","coordinates":[37.52238,55.77894]}},{"type":"Feature","id":"mno-798581828-1856","properties":{"category":"МНО","layer":"mno","district":"Хорошевский","section":"Участок 4","name":"Хорошёвское шоссе,дом 82, корпус 10","address":"Хорошёвское шоссе,дом 82, корпус 10","source_address":"ДТ\\Хорошевское шоссе 82, 82 к.10","mno_type":"КП","container_count":"5","id":"2488019","mno_id":"798581828"},"geometry":{"type":"Point","coordinates":[37.520942,55.7791]}},{"type":"Feature","id":"mno-1193707730-1857","properties":{"category":"МНО","layer":"mno","district":"Хорошевский","section":"Участок 4","name":"Хорошёвское шоссе,дом 82, корпус 8","address":"Хорошёвское шоссе,дом 82, корпус 8","source_address":"ДТ\\Хорошевское шоссе 82 к.11, 82 к.2, 82 к.7, 82 к.8","mno_type":"БП","container_count":"5","id":"347272","mno_id":"1193707730"},"geometry":{"type":"Point","coordinates":[37.52096,55.77906]}},{"type":"Feature","id":"mno-797039926-1858","properties":{"category":"МНО","layer":"mno","district":"Хорошевский","section":"Участок 5","name":"Хорошёвское шоссе,дом 9","address":"Хорошёвское шоссе,дом 9","source_address":"ДТ\\Хорошевское шоссе 9","mno_type":"КП","container_count":"2","id":"418629","mno_id":"797039926"},"geometry":{"type":"Point","coordinates":[37.53615,55.77524]}},{"type":"Feature","id":"mno-933819297-1859","properties":{"category":"МНО","layer":"mno","district":"Хорошевский","section":"Участок 3","name":"Хорошёвское шоссе,дом 92","address":"Хорошёвское шоссе,дом 92","source_address":"ДТ\\Зорге ул. 2; Хорошевское шоссе 92","mno_type":"КП","container_count":"5","id":"467672","mno_id":"933819297"},"geometry":{"type":"Point","coordinates":[37.514794,55.778402]}},{"type":"Feature","id":"mno-1185260218-1860","properties":{"category":"МНО","layer":"mno","district":"Хорошевский","section":"Участок 1","name":"Чапаевский переулок,дом 5, корпус 2","address":"Чапаевский переулок,дом 5, корпус 2","source_address":"ДТ\\Чапаевский пер. 5 к.1, 5 к.2","mno_type":"КП","container_count":"4","id":"448832","mno_id":"1185260218"},"geometry":{"type":"Point","coordinates":[37.52116,55.79541]}},{"type":"Feature","id":"mno-118526021-1861","properties":{"category":"МНО","layer":"mno","district":"Хорошевский","section":"Участок 1","name":"Чапаевский переулок,дом 5, корпус 2","address":"Чапаевский переулок,дом 5, корпус 2","source_address":"ДТ\\Чапаевский пер. 5 к.1, 5 к.2","mno_type":"БП","container_count":"4","id":"448832","mno_id":"118526021"},"geometry":{"type":"Point","coordinates":[37.5201,55.79522]}},{"type":"Feature","id":"mno-11852602-1862","properties":{"category":"МНО","layer":"mno","district":"Хорошевский","section":"Участок 1","name":"Чапаевский переулок,дом 5, корпус 2","address":"Чапаевский переулок,дом 5, корпус 2","source_address":"ДТ\\Чапаевский пер. 5 к.1, 5 к.2","mno_type":"КП","container_count":"4","id":"448832","mno_id":"11852602"},"geometry":{"type":"Point","coordinates":[37.5201,55.79522]}},{"type":"Feature","id":"mno-1234564-1864","properties":{"category":"МНО","layer":"mno","district":"Хорошевский","section":"Участок 2","name":"Хорошёвское шоссе, 50к1","address":"Хорошёвское шоссе, 50к1","source_address":"ДТ\\Хорошевское шоссе 50 к.1, 50 к.2, 50 к.3","mno_type":"Выкатные","container_count":"3","id":"470643","mno_id":"1234564"},"geometry":{"type":"Point","coordinates":[37.533908,55.777049]}}]}