{
  "type": "FeatureCollection",
  "name": "smm",
  "metadata": {
    "title": "Маршруты СММ — эталонные дворовые территории",
    "source": "АСУ ОДС / reestr-ogh.mos.ru",
    "type_id": 38,
    "coordinate_conversion": "sr-org:8343 (МСК-77) → WGS84 / CRS84",
    "retrieved_at": "2026-08-27",
    "approval_note": "Контуры выгружены из АСУ ОДС. Маршруты и зоны складирования являются рабочими предложениями и подлежат утверждению.",
    "updated_at": "2026-08-27",
    "feature_count": 4
  },
  "features": [
    {
      "type": "Feature",
      "id": "smm-dt1",
      "properties": {
        "district": "Сокол",
        "section": "Участок 1",
        "name": "ДТ-1 «Каре» — маршрут СММ",
        "address": "ул. Новопесчаная, д. 21",
        "source_address": "ДТ\\Новопесчаная ул. 21 к.1, 21 к.2",
        "scheme": "smm/dt1.svg",
        "detail": "smm/#dt1",
        "status": "Контур подтверждён АСУ ОДС",
        "storage": "Н-1 — центральный газон",
        "passes": 5,
        "note": "Контур выгружен из АСУ ОДС. Маршрут и зоны складирования подлежат утверждению ответственным за участок.",
        "source_yard_id": "128225627500038",
        "geometry_status": "Контур выгружен из АСУ ОДС",
        "id": 128225627500038,
        "asu_ods_object_id": "128225627500038",
        "asu_ods_type_id": 38,
        "coordinate_system_source": "sr-org:8343 (МСК-77)",
        "coordinate_system_output": "WGS84 / CRS84",
        "retrieved_at": "2026-08-27"
      },
      "geometry": {
        "type": "Polygon",
        "coordinates": [
          [
            [
              37.51140760101118,
              55.794255772318266
            ],
            [
              37.51143415482939,
              55.79428757425785
            ],
            [
              37.51143943379288,
              55.79429422924801
            ],
            [
              37.51147967197585,
              55.79434489158323
            ],
            [
              37.511509430198466,
              55.79437571421981
            ],
            [
              37.511512045756724,
              55.79437896537081
            ],
            [
              37.511569811356665,
              55.79445050862154
            ],
            [
              37.511623255094314,
              55.79451670810783
            ],
            [
              37.51162579092838,
              55.794519860464554
            ],
            [
              37.51167851716294,
              55.79458516181834
            ],
            [
              37.51166613022633,
              55.79458833346287
            ],
            [
              37.5116512882187,
              55.79459213404361
            ],
            [
              37.51168267468615,
              55.79462909100196
            ],
            [
              37.511693403663905,
              55.79462634164382
            ],
            [
              37.51170694424432,
              55.79464356736153
            ],
            [
              37.51171491527341,
              55.794641590674466
            ],
            [
              37.511722535574755,
              55.79463969485353
            ],
            [
              37.511761386701885,
              55.79468779742964
            ],
            [
              37.51176392255568,
              55.79469094080169
            ],
            [
              37.511857446378926,
              55.794806778507954
            ],
            [
              37.511851372471334,
              55.79480841372795
            ],
            [
              37.511845314506445,
              55.7948100489462
            ],
            [
              37.51183812465796,
              55.79481198964442
            ],
            [
              37.51186833172453,
              55.7948491083312
            ],
            [
              37.51187585638409,
              55.79484715861923
            ],
            [
              37.511894524546776,
              55.79484230680457
            ],
            [
              37.51190559551607,
              55.79486453553699
            ],
            [
              37.51196047060084,
              55.79491442395437
            ],
            [
              37.51196742765317,
              55.7949345423537
            ],
            [
              37.511974886786724,
              55.79492645813273
            ],
            [
              37.512095042093996,
              55.79489471471967
            ],
            [
              37.51211445963026,
              55.794890015491625
            ],
            [
              37.512149532225145,
              55.79488112035097
            ],
            [
              37.512413867533674,
              55.79481425366562
            ],
            [
              37.512675874060186,
              55.794746838752694
            ],
            [
              37.51284726577549,
              55.794702488282475
            ],
            [
              37.51311507368534,
              55.79463371562319
            ],
            [
              37.51346660670422,
              55.79454253336058
            ],
            [
              37.51346998950711,
              55.79455130814338
            ],
            [
              37.513488004526586,
              55.79454910575921
            ],
            [
              37.51348463766295,
              55.79454033097523
            ],
            [
              37.513487491359456,
              55.794539953447796
            ],
            [
              37.513490456701724,
              55.79453971063435
            ],
            [
              37.51349256134386,
              55.794540168483586
            ],
            [
              37.51349782295397,
              55.794541326579136
            ],
            [
              37.51351026018139,
              55.79454618439547
            ],
            [
              37.5135213588561,
              55.79455308119817
            ],
            [
              37.51352665363405,
              55.794558146333806
            ],
            [
              37.51343720901715,
              55.79444887510285
            ],
            [
              37.51347107156988,
              55.79444712915237
            ],
            [
              37.513508329944415,
              55.79444522116958
            ],
            [
              37.51353013972025,
              55.79444409619086
            ],
            [
              37.51352422395898,
              55.79444142025527
            ],
            [
              37.513518642339164,
              55.79443671441775
            ],
            [
              37.513372464351136,
              55.794252370880955
            ],
            [
              37.513451183433105,
              55.79422933366483
            ],
            [
              37.513400096999874,
              55.79416452689264
            ],
            [
              37.51331962326352,
              55.79418437574769
            ],
            [
              37.513304295717376,
              55.79416466245425
            ],
            [
              37.513303051645515,
              55.794163045872985
            ],
            [
              37.51318590373555,
              55.79401624269924
            ],
            [
              37.513133382669004,
              55.79394988212277
            ],
            [
              37.513048784739524,
              55.793832894818806
            ],
            [
              37.512967332769946,
              55.793832858029475
            ],
            [
              37.512948997847374,
              55.793830749147126
            ],
            [
              37.51288764761752,
              55.79382369559129
            ],
            [
              37.51283651658905,
              55.79381607515297
            ],
            [
              37.512757435806506,
              55.793801963647034
            ],
            [
              37.512585847631954,
              55.793869217386046
            ],
            [
              37.51258068435311,
              55.793876493070464
            ],
            [
              37.512574675937636,
              55.79388322993313
            ],
            [
              37.51256838029565,
              55.79388913152381
            ],
            [
              37.51256402899859,
              55.793892778517396
            ],
            [
              37.51256256262502,
              55.793894000171214
            ],
            [
              37.512559008203766,
              55.793896766880216
            ],
            [
              37.51255527838331,
              55.793899443788796
            ],
            [
              37.51255138911195,
              55.793902048858875
            ],
            [
              37.512547356327154,
              55.79390456412546
            ],
            [
              37.512543180031585,
              55.79390699857026
            ],
            [
              37.51253886021986,
              55.79390933422986
            ],
            [
              37.512534428777684,
              55.79391157110114
            ],
            [
              37.5125298697649,
              55.79391371816735
            ],
            [
              37.51252521506191,
              55.79391575746199
            ],
            [
              37.51249091004259,
              55.79392918840297
            ],
            [
              37.512485442208444,
              55.793931093048045
            ],
            [
              37.512457210325344,
              55.793940939696405
            ],
            [
              37.51245383079003,
              55.79394212560419
            ],
            [
              37.51245395837883,
              55.793942278281186
            ],
            [
              37.51246620688007,
              55.79395682748978
            ],
            [
              37.51142779385818,
              55.794230379265365
            ],
            [
              37.51139385365149,
              55.79423932799337
            ],
            [
              37.51140760101118,
              55.794255772318266
            ]
          ]
        ]
      }
    },
    {
      "type": "Feature",
      "id": "smm-dt2",
      "properties": {
        "district": "Восточное Дегунино",
        "section": "Участок 2",
        "name": "ДТ-2 «Линейный» — маршрут СММ",
        "address": "ул. Дубнинская, д. 30Б",
        "source_address": "ДТ\\Дубнинская ул. 30Б",
        "scheme": "smm/dt2.svg",
        "detail": "smm/#dt2",
        "status": "Контур подтверждён АСУ ОДС; уточнён адрес",
        "storage": "Н-2 — окна газона между кронами",
        "passes": 5,
        "note": "Контур выгружен из АСУ ОДС. В исходной схеме был указан адрес «д. 30»; на карте применяется официальный объект АСУ ОДС «д. 30Б».",
        "source_yard_id": "132070173500038",
        "geometry_status": "Контур выгружен из АСУ ОДС",
        "id": 132070173500038,
        "asu_ods_object_id": "132070173500038",
        "asu_ods_type_id": 38,
        "coordinate_system_source": "sr-org:8343 (МСК-77)",
        "coordinate_system_output": "WGS84 / CRS84",
        "retrieved_at": "2026-08-27"
      },
      "geometry": {
        "type": "Polygon",
        "coordinates": [
          [
            [
              37.55833030743828,
              55.87706917890139
            ],
            [
              37.55828914902233,
              55.87706793173923
            ],
            [
              37.558285416617395,
              55.877136948037645
            ],
            [
              37.55828521438908,
              55.87714064854813
            ],
            [
              37.55828397024653,
              55.87716365098685
            ],
            [
              37.558283924148476,
              55.8771648904681
            ],
            [
              37.558282877120085,
              55.87719153934097
            ],
            [
              37.558279120983514,
              55.877287742927656
            ],
            [
              37.5581949536906,
              55.877287503798236
            ],
            [
              37.558194910330165,
              55.877333884758805
            ],
            [
              37.558194909589815,
              55.877344204608114
            ],
            [
              37.55819619039101,
              55.87740009645598
            ],
            [
              37.55819240905353,
              55.87740363696745
            ],
            [
              37.55819076583002,
              55.877405272383776
            ],
            [
              37.558188578643936,
              55.877406405084734
            ],
            [
              37.55818479416291,
              55.877407816960165
            ],
            [
              37.55817516317841,
              55.87740997703465
            ],
            [
              37.558163199449375,
              55.8774120753251
            ],
            [
              37.558082472247406,
              55.87742626793236
            ],
            [
              37.558082431701266,
              55.877431279679364
            ],
            [
              37.558081243001205,
              55.87764379366957
            ],
            [
              37.55808096270621,
              55.87769211476137
            ],
            [
              37.558080862324246,
              55.87771073364684
            ],
            [
              37.55814163991034,
              55.87771096579657
            ],
            [
              37.55816480693099,
              55.87771102684777
            ],
            [
              37.55823531463552,
              55.87771126339498
            ],
            [
              37.55829663542097,
              55.87771147725142
            ],
            [
              37.55832146410903,
              55.87771156444125
            ],
            [
              37.55833423132697,
              55.87771253746396
            ],
            [
              37.558345466490934,
              55.877714696772124
            ],
            [
              37.558356399552466,
              55.87771784419566
            ],
            [
              37.55836468287665,
              55.87772266343415
            ],
            [
              37.558372663860055,
              55.877728309119995
            ],
            [
              37.55837740171526,
              55.877734117992
            ],
            [
              37.55838149678661,
              55.8777482171734
            ],
            [
              37.55838010585305,
              55.87775838498574
            ],
            [
              37.55837685585585,
              55.87776470056558
            ],
            [
              37.558375180457624,
              55.87776619229388
            ],
            [
              37.558368893805245,
              55.87777184465705
            ],
            [
              37.558359156073756,
              55.87777749863469
            ],
            [
              37.55834940163085,
              55.87778265863191
            ],
            [
              37.558337887471765,
              55.87778631952569
            ],
            [
              37.55832400671562,
              55.877788652249635
            ],
            [
              37.55832322393846,
              55.8777887244684
            ],
            [
              37.55855844050117,
              55.877788623232526
            ],
            [
              37.55860845038393,
              55.87778940808424
            ],
            [
              37.55887987173364,
              55.87778956764417
            ],
            [
              37.55896097219568,
              55.87778961016065
            ],
            [
              37.55920775664237,
              55.87778975369892
            ],
            [
              37.559208060128476,
              55.87778969966531
            ],
            [
              37.55920861918254,
              55.87778960060234
            ],
            [
              37.559209306013805,
              55.87778947453394
            ],
            [
              37.559447049050604,
              55.8777907445842
            ],
            [
              37.559448215617664,
              55.87779089671512
            ],
            [
              37.55947186185513,
              55.87779085849443
            ],
            [
              37.559615673704094,
              55.87779140954874
            ],
            [
              37.5597431088024,
              55.877791896430466
            ],
            [
              37.55988004951432,
              55.87779183073834
            ],
            [
              37.559967526941094,
              55.877793216767635
            ],
            [
              37.559968059657386,
              55.87775482020871
            ],
            [
              37.559968474216994,
              55.877754263150685
            ],
            [
              37.559968904753845,
              55.87775370608493
            ],
            [
              37.55996933529064,
              55.877753149019206
            ],
            [
              37.559969797781825,
              55.877752591938055
            ],
            [
              37.55997024430948,
              55.8777520438462
            ],
            [
              37.55997072279153,
              55.877751495739005
            ],
            [
              37.55997121725076,
              55.87775094762408
            ],
            [
              37.55997171172362,
              55.87775040849077
            ],
            [
              37.559972222173705,
              55.87774986934976
            ],
            [
              37.55997273262375,
              55.877749330208744
            ],
            [
              37.559973259064634,
              55.87774880004163
            ],
            [
              37.559973801496405,
              55.8777482788484
            ],
            [
              37.55997435989166,
              55.87774774866591
            ],
            [
              37.55997491830059,
              55.877747227465
            ],
            [
              37.559975492700374,
              55.87774671523798
            ],
            [
              37.55997608307735,
              55.87774620300328
            ],
            [
              37.55997667345428,
              55.87774569076856
            ],
            [
              37.559977279822114,
              55.877745187507735
            ],
            [
              37.55997790216706,
              55.87774468423927
            ],
            [
              37.55997852452573,
              55.877744189952324
            ],
            [
              37.55997916286154,
              55.87774369565772
            ],
            [
              37.55997981718819,
              55.877743210337016
            ],
            [
              37.55998047151486,
              55.87774272501627
            ],
            [
              37.559981141832345,
              55.87774224866949
            ],
            [
              37.559981828127036,
              55.87774177231498
            ],
            [
              37.55998251443539,
              55.877741304942035
            ],
            [
              37.55998321672088,
              55.877740837561426
            ],
            [
              37.55998391902008,
              55.87774037916237
            ],
            [
              37.55998463729644,
              55.87773992075565
            ],
            [
              37.559985371563606,
              55.87773947132283
            ],
            [
              37.5599861058308,
              55.877739021889994
            ],
            [
              37.55998684011165,
              55.87773858143871
            ],
            [
              37.559987606346866,
              55.87773814097206
            ],
            [
              37.55998837259572,
              55.87773770948702
            ],
            [
              37.55998913885827,
              55.877737286983546
            ],
            [
              37.55998992109797,
              55.877736864472354
            ],
            [
              37.559990719328525,
              55.87773645093511
            ],
            [
              37.5599915175591,
              55.87773603739781
            ],
            [
              37.559992315803285,
              55.87773563284206
            ],
            [
              37.55999314600183,
              55.877735228271
            ],
            [
              37.55999396023684,
              55.87773483268919
            ],
            [
              37.559994790462746,
              55.877734446081256
            ],
            [
              37.55999563666581,
              55.87773405946562
            ],
            [
              37.55999648288253,
              55.87773368183159
            ],
            [
              37.55999734509008,
              55.87773331317141
            ],
            [
              37.55999766442877,
              55.87773317829389
            ],
            [
              37.55999820729763,
              55.87773294451128
            ],
            [
              37.55999908549606,
              55.87773258482501
            ],
            [
              37.55999996369444,
              55.877732225138715
            ],
            [
              37.560000857883686,
              55.877731874426345
            ],
            [
              37.5600017520866,
              55.8777315326955
            ],
            [
              37.56000264630316,
              55.87773119994629
            ],
            [
              37.560003556496895,
              55.87773086718936
            ],
            [
              37.560004466704285,
              55.877730543414
            ],
            [
              37.56000539288888,
              55.87773021963098
            ],
            [
              37.56000631908712,
              55.8777299048295
            ],
            [
              37.56000726127623,
              55.877729599001924
            ],
            [
              37.56000820347898,
              55.8777293021559
            ],
            [
              37.56000914568171,
              55.87772900530992
            ],
            [
              37.56001010387534,
              55.87772871743778
            ],
            [
              37.5600110620826,
              55.87772843854723
            ],
            [
              37.56001203626705,
              55.877728159649
            ],
            [
              37.56001301046516,
              55.87772788973233
            ],
            [
              37.56001398467692,
              55.87772762879725
            ],
            [
              37.5600149588887,
              55.87772736786216
            ],
            [
              37.560015949105,
              55.87772712488252
            ],
            [
              37.560016955298465,
              55.87772688189521
            ],
            [
              37.56001794551474,
              55.877726638915554
            ],
            [
              37.56001895173555,
              55.8777264138914
            ],
            [
              37.56001995795637,
              55.87772618886719
            ],
            [
              37.56002096419085,
              55.87772597282459
            ],
            [
              37.560021986416174,
              55.877725765755905
            ],
            [
              37.560023008641544,
              55.877725558687146
            ],
            [
              37.560024030880506,
              55.87772536060002
            ],
            [
              37.56002506911039,
              55.877725171486745
            ],
            [
              37.56002610735393,
              55.87772499135506
            ],
            [
              37.56002714561111,
              55.87772482020494
            ],
            [
              37.560028183868305,
              55.8777246490548
            ],
            [
              37.56002922213917,
              55.87772448688629
            ],
            [
              37.560030276400944,
              55.8777243336916
            ],
            [
              37.560031330662646,
              55.87772418049695
            ],
            [
              37.56003238495175,
              55.87772404526544
            ],
            [
              37.56003343924082,
              55.87772391003391
            ],
            [
              37.560034493543604,
              55.87772378378396
            ],
            [
              37.56003556383723,
              55.87772366650791
            ],
            [
              37.56003661815367,
              55.87772354923952
            ],
            [
              37.560037688460966,
              55.87772344094499
            ],
            [
              37.55999507669773,
              55.877639124313966
            ],
            [
              37.55998837809112,
              55.87762588867133
            ],
            [
              37.55998793932371,
              55.877621038823015
            ],
            [
              37.559901262792835,
              55.87762073919611
            ],
            [
              37.559884263015036,
              55.877620684491184
            ],
            [
              37.55988372728638,
              55.87762561564224
            ],
            [
              37.559878654183805,
              55.87763063878834
            ],
            [
              37.55987027391878,
              55.87763573537513
            ],
            [
              37.559858999126064,
              55.877639081940686
            ],
            [
              37.55984455931344,
              55.87764141510455
            ],
            [
              37.55981249341183,
              55.87764159216006
            ],
            [
              37.559613832179586,
              55.877640825068916
            ],
            [
              37.55943447043455,
              55.87763943771134
            ],
            [
              37.55943057196864,
              55.87763941262473
            ],
            [
              37.55942418105335,
              55.87763937974422
            ],
            [
              37.55941779015165,
              55.877639355845
            ],
            [
              37.55940980150756,
              55.87763931474345
            ],
            [
              37.559353593464856,
              55.8776390630816
            ],
            [
              37.559353420678754,
              55.877651637391864
            ],
            [
              37.55931085720591,
              55.877651442086176
            ],
            [
              37.559286028527126,
              55.877651337132626
            ],
            [
              37.559285870034216,
              55.87766280670024
            ],
            [
              37.55928581153065,
              55.87766639936461
            ],
            [
              37.55928576900431,
              55.87766999202137
            ],
            [
              37.55928571050075,
              55.87767358468576
            ],
            [
              37.55924734903957,
              55.877673414304965
            ],
            [
              37.559247407546685,
              55.87766982164065
            ],
            [
              37.55924745133247,
              55.87766706427131
            ],
            [
              37.559025270303934,
              55.87766544517035
            ],
            [
              37.559023460486785,
              55.87763050763644
            ],
            [
              37.55902178287267,
              55.87763049944886
            ],
            [
              37.558981552061375,
              55.87763028496207
            ],
            [
              37.55894480428251,
              55.877630077797484
            ],
            [
              37.55890805651743,
              55.877629879603475
            ],
            [
              37.5588713087527,
              55.877629681398524
            ],
            [
              37.55883456098839,
              55.877629483182574
            ],
            [
              37.55881998970798,
              55.87762940922183
            ],
            [
              37.55879782920156,
              55.87762928494815
            ],
            [
              37.55876108143795,
              55.877629086710286
            ],
            [
              37.55872433367468,
              55.877628888461444
            ],
            [
              37.558687585911834,
              55.87762869020165
            ],
            [
              37.558650838149305,
              55.877628491930864
            ],
            [
              37.55861172574245,
              55.877628276797275
            ],
            [
              37.55861261984897,
              55.87754191837512
            ],
            [
              37.55861298279938,
              55.87750664749449
            ],
            [
              37.558585741672935,
              55.87750654353354
            ],
            [
              37.558586067370356,
              55.87747843998042
            ],
            [
              37.55857167193497,
              55.87747839285245
            ],
            [
              37.5585717864305,
              55.87746942917022
            ],
            [
              37.55857358837265,
              55.87731658857714
            ],
            [
              37.55858806364667,
              55.877316644648985
            ],
            [
              37.55858841891835,
              55.877286942357685
            ],
            [
              37.55863235597162,
              55.877287110322534
            ],
            [
              37.558634314186236,
              55.87712134513936
            ],
            [
              37.558632951876326,
              55.877096996683505
            ],
            [
              37.55863277537066,
              55.87706426784445
            ],
            [
              37.55863339035587,
              55.8770480737445
            ],
            [
              37.55863423502094,
              55.87704665425577
            ],
            [
              37.55863541606953,
              55.87704581841242
            ],
            [
              37.558638353856466,
              55.87704449673711
            ],
            [
              37.558642234668326,
              55.87704343508442
            ],
            [
              37.55864439104308,
              55.877043092769924
            ],
            [
              37.5586476500116,
              55.87704287567917
            ],
            [
              37.558691315075045,
              55.87704297189807
            ],
            [
              37.55874966369379,
              55.87704358211735
            ],
            [
              37.55877882199347,
              55.877043864770215
            ],
            [
              37.558941884267874,
              55.877045090137166
            ],
            [
              37.55894404171479,
              55.877045466344335
            ],
            [
              37.55894819783379,
              55.87704688347134
            ],
            [
              37.558950548562244,
              55.87704830145167
            ],
            [
              37.55895184513721,
              55.87704993548856
            ],
            [
              37.55895255181604,
              55.87705240509237
            ],
            [
              37.558952178363995,
              55.87706976668675
            ],
            [
              37.55895102588473,
              55.877089697384726
            ],
            [
              37.558951361413605,
              55.8770897062077
            ],
            [
              37.5589913040004,
              55.877089866950996
            ],
            [
              37.55903124658751,
              55.87709002768132
            ],
            [
              37.55907118918837,
              55.87709019738033
            ],
            [
              37.559111131776135,
              55.877090358084764
            ],
            [
              37.559151074377695,
              55.87709052775784
            ],
            [
              37.55919101696612,
              55.877090688436326
            ],
            [
              37.55923095956834,
              55.877090858083484
            ],
            [
              37.5592628976626,
              55.87709098661421
            ],
            [
              37.55927090211684,
              55.877090991791306
            ],
            [
              37.55931082856704,
              55.87709104465956
            ],
            [
              37.559350770980735,
              55.87709108852561
            ],
            [
              37.55939071339451,
              55.87709113237869
            ],
            [
              37.55943065582192,
              55.87709118520045
            ],
            [
              37.55947059823585,
              55.87709122902765
            ],
            [
              37.5595105406499,
              55.877091272841895
            ],
            [
              37.55955048307759,
              55.87709132562476
            ],
            [
              37.559590425491784,
              55.87709136941307
            ],
            [
              37.5596303679061,
              55.877091413188445
            ],
            [
              37.5596728187117,
              55.877091464731976
            ],
            [
              37.559674016981255,
              55.87709146415849
            ],
            [
              37.55967247219933,
              55.87712640329158
            ],
            [
              37.55967247262097,
              55.87712668172072
            ],
            [
              37.55968205874546,
              55.877126650187776
            ],
            [
              37.55990762046253,
              55.877126048025175
            ],
            [
              37.559982024889074,
              55.87712588650934
            ],
            [
              37.559995876801814,
              55.877125816973226
            ],
            [
              37.56000295455963,
              55.87712579560391
            ],
            [
              37.56000342975072,
              55.87712309191596
            ],
            [
              37.560005664855105,
              55.877059052087326
            ],
            [
              37.560006062281,
              55.87704725008369
            ],
            [
              37.56000831224559,
              55.87698248273806
            ],
            [
              37.5600321181021,
              55.876982668872685
            ],
            [
              37.56003213377791,
              55.87698247127008
            ],
            [
              37.56082088763319,
              55.87698669650833
            ],
            [
              37.56081856044282,
              55.87704196138207
            ],
            [
              37.56081452553661,
              55.877119106247264
            ],
            [
              37.560811647648706,
              55.87717988608594
            ],
            [
              37.560789203615975,
              55.87780345302077
            ],
            [
              37.56078539673879,
              55.877852440475785
            ],
            [
              37.56078483257597,
              55.877859581115885
            ],
            [
              37.560805556806685,
              55.87786070268916
            ],
            [
              37.560816021887135,
              55.8778606886024
            ],
            [
              37.5608151781282,
              55.877945448289566
            ],
            [
              37.56081404343836,
              55.87797630060837
            ],
            [
              37.56081483322597,
              55.878032516001056
            ],
            [
              37.56081356025432,
              55.87803589370026
            ],
            [
              37.56082013837817,
              55.87807434966321
            ],
            [
              37.560822379501765,
              55.87808747965561
            ],
            [
              37.56082271476071,
              55.878097655634456
            ],
            [
              37.56082298329527,
              55.878106008382915
            ],
            [
              37.56082330210563,
              55.878115878995686
            ],
            [
              37.56082424129848,
              55.878144673517525
            ],
            [
              37.5608242655262,
              55.878160364344765
            ],
            [
              37.56082428753503,
              55.878174618118535
            ],
            [
              37.56098081955971,
              55.87817564637726
            ],
            [
              37.56099101323464,
              55.87817571324277
            ],
            [
              37.56120923460262,
              55.8781771600912
            ],
            [
              37.561468135837444,
              55.87817952058319
            ],
            [
              37.561508734653216,
              55.87817969814959
            ],
            [
              37.56173334632216,
              55.87818070081744
            ],
            [
              37.56176076386275,
              55.87818092075531
            ],
            [
              37.561786695479626,
              55.87818112346059
            ],
            [
              37.5618481292886,
              55.87818160494004
            ],
            [
              37.56184771369863,
              55.878150968940034
            ],
            [
              37.56185047904805,
              55.87814159976842
            ],
            [
              37.561854411264925,
              55.87813256233656
            ],
            [
              37.56185624366704,
              55.87812938194393
            ],
            [
              37.56204072101702,
              55.87813108656466
            ],
            [
              37.56209098476695,
              55.878130423839366
            ],
            [
              37.56215125246452,
              55.87813110334352
            ],
            [
              37.56215374498842,
              55.8781311380268
            ],
            [
              37.562153046320134,
              55.87814400899497
            ],
            [
              37.56216109895171,
              55.878144031923384
            ],
            [
              37.5621740566467,
              55.87814406138586
            ],
            [
              37.56243089401889,
              55.87814476827022
            ],
            [
              37.562444155298415,
              55.87814480653379
            ],
            [
              37.562445081999485,
              55.878144815050995
            ],
            [
              37.562458167542324,
              55.87814486238268
            ],
            [
              37.562502153526424,
              55.87814503792378
            ],
            [
              37.562541633852746,
              55.87814518876582
            ],
            [
              37.56273619153302,
              55.87814595319948
            ],
            [
              37.56273682894428,
              55.87817498138026
            ],
            [
              37.56273686380391,
              55.87817680462568
            ],
            [
              37.56273703582676,
              55.8781844927808
            ],
            [
              37.562811026537446,
              55.878184132169174
            ],
            [
              37.56287185198985,
              55.87818384102763
            ],
            [
              37.56288155018495,
              55.878183791225915
            ],
            [
              37.562954150803805,
              55.87818339530342
            ],
            [
              37.56295492058271,
              55.878145214171646
            ],
            [
              37.56308064769002,
              55.87814594096502
            ],
            [
              37.56319359278427,
              55.87814659327908
            ],
            [
              37.563296647809665,
              55.87814719662475
            ],
            [
              37.56330795547202,
              55.87815444800525
            ],
            [
              37.56343091654331,
              55.87823327976053
            ],
            [
              37.563430931739354,
              55.878232794746886
            ],
            [
              37.563430888442646,
              55.878215837525474
            ],
            [
              37.56343088800855,
              55.878215568077955
            ],
            [
              37.56346710222333,
              55.87824123698549
            ],
            [
              37.56348692110885,
              55.87823560441233
            ],
            [
              37.56346671495934,
              55.87821905265343
            ],
            [
              37.563413457581476,
              55.87818637779876
            ],
            [
              37.5634072213422,
              55.878183237415854
            ],
            [
              37.56342291180366,
              55.878153895553865
            ],
            [
              37.5634298411057,
              55.87814094955382
            ],
            [
              37.56343324997172,
              55.878134561907146
            ],
            [
              37.56343944649403,
              55.87812297249986
            ],
            [
              37.563446264276536,
              55.878110233132176
            ],
            [
              37.5634533646012,
              55.87811419039791
            ],
            [
              37.56347584531586,
              55.878124453886755
            ],
            [
              37.56348548556722,
              55.87812811346404
            ],
            [
              37.56349403869406,
              55.878131360441444
            ],
            [
              37.5635094643016,
              55.87813597809863
            ],
            [
              37.563525415962765,
              55.878139850013625
            ],
            [
              37.56355165727803,
              55.8781438603838
            ],
            [
              37.563581777949764,
              55.878145919763426
            ],
            [
              37.56358311642916,
              55.878094212061065
            ],
            [
              37.563583446361505,
              55.87808085626681
            ],
            [
              37.563585671535385,
              55.877994497132704
            ],
            [
              37.56358537598621,
              55.877959891212676
            ],
            [
              37.56358496590563,
              55.87791372604292
            ],
            [
              37.56358441980514,
              55.8778525886294
            ],
            [
              37.563583814446375,
              55.877784436622605
            ],
            [
              37.563446554732224,
              55.877784820952414
            ],
            [
              37.56342324406777,
              55.87778488671041
            ],
            [
              37.563382502323456,
              55.87778499725903
            ],
            [
              37.56338237031225,
              55.877792317323255
            ],
            [
              37.56338241992108,
              55.87779335916263
            ],
            [
              37.56338533954508,
              55.87785029198525
            ],
            [
              37.56339343806056,
              55.878007851920344
            ],
            [
              37.56339571423913,
              55.87805213898794
            ],
            [
              37.56339576361726,
              55.87805303712192
            ],
            [
              37.563395780361056,
              55.87805351313774
            ],
            [
              37.563375870406325,
              55.8780521490833
            ],
            [
              37.5633125363055,
              55.87805218128257
            ],
            [
              37.56312098087606,
              55.878050203724094
            ],
            [
              37.56308178783289,
              55.87804980143786
            ],
            [
              37.56213645755038,
              55.87804004637045
            ],
            [
              37.56209093739683,
              55.878039575070574
            ],
            [
              37.56205727261114,
              55.87803922359334
            ],
            [
              37.5620321402786,
              55.87803922712384
            ],
            [
              37.56173013335844,
              55.878037023899445
            ],
            [
              37.56168903112878,
              55.87801116828654
            ],
            [
              37.561684359116285,
              55.87800693128795
            ],
            [
              37.56167523888913,
              55.8779985290322
            ],
            [
              37.56164981546195,
              55.877975863092885
            ],
            [
              37.56164509746778,
              55.87795245041852
            ],
            [
              37.561878819963724,
              55.87784482495007
            ],
            [
              37.561878767431686,
              55.87784189697737
            ],
            [
              37.56187378322198,
              55.877557578191535
            ],
            [
              37.56187374854447,
              55.87755584476155
            ],
            [
              37.56187376723075,
              55.8775575692179
            ],
            [
              37.56187353909679,
              55.87754456398637
            ],
            [
              37.56187353781278,
              55.87754374666213
            ],
            [
              37.561869124840015,
              55.877317897743225
            ],
            [
              37.561868442253584,
              55.877280031689864
            ],
            [
              37.56186840606692,
              55.87727733723017
            ],
            [
              37.56186836882215,
              55.87727396915164
            ],
            [
              37.56186565770841,
              55.87702285415817
            ],
            [
              37.56186445922147,
              55.876910827348894
            ],
            [
              37.56186386313333,
              55.87689750794291
            ],
            [
              37.56187705588229,
              55.87687453546096
            ],
            [
              37.561917436045455,
              55.87683812199203
            ],
            [
              37.562029099285375,
              55.87673740077187
            ],
            [
              37.562060768219,
              55.87670884150283
            ],
            [
              37.562046821010114,
              55.87669903156645
            ],
            [
              37.5620170872356,
              55.87667811027331
            ],
            [
              37.562019300042174,
              55.87667305253524
            ],
            [
              37.56202068072756,
              55.87666715094153
            ],
            [
              37.56202090920539,
              55.87666005536933
            ],
            [
              37.56202005540834,
              55.87665559194249
            ],
            [
              37.56201854358071,
              55.87664923372699
            ],
            [
              37.56201520794417,
              55.87664131362184
            ],
            [
              37.56196160968074,
              55.876552296767414
            ],
            [
              37.561961495893875,
              55.87655105736415
            ],
            [
              37.56196058521775,
              55.87654089963501
            ],
            [
              37.56195341145092,
              55.876530601314
            ],
            [
              37.56189748981768,
              55.876498097770174
            ],
            [
              37.56187554975777,
              55.876485345821024
            ],
            [
              37.56179481510491,
              55.876472335623085
            ],
            [
              37.56178705106185,
              55.87647273466259
            ],
            [
              37.56169157124844,
              55.876450327977985
            ],
            [
              37.56167693088621,
              55.87644667073388
            ],
            [
              37.56157123580088,
              55.87642022729373
            ],
            [
              37.561532595132306,
              55.876434859429054
            ],
            [
              37.56150538696597,
              55.87644515678309
            ],
            [
              37.56143386969,
              55.87647224461359
            ],
            [
              37.56143362643754,
              55.87651091049243
            ],
            [
              37.5614341231214,
              55.876542543418836
            ],
            [
              37.56143721747506,
              55.87655974164447
            ],
            [
              37.56143066218654,
              55.87659762025374
            ],
            [
              37.5614352368878,
              55.8766112969652
            ],
            [
              37.56143938055664,
              55.87662518944715
            ],
            [
              37.56144507384171,
              55.87664923934669
            ],
            [
              37.56144765748368,
              55.87670774416956
            ],
            [
              37.56144479309789,
              55.87671507456155
            ],
            [
              37.56139133204036,
              55.87678507649541
            ],
            [
              37.56137217995033,
              55.87680822251032
            ],
            [
              37.56133660262106,
              55.876851225926146
            ],
            [
              37.561327888585865,
              55.876857211954785
            ],
            [
              37.56131316395922,
              55.87686108128379
            ],
            [
              37.561294536649534,
              55.876862168236556
            ],
            [
              37.561274323678354,
              55.87686071417529
            ],
            [
              37.56124510967775,
              55.87685535754097
            ],
            [
              37.56121844946514,
              55.876848382958784
            ],
            [
              37.561217538423065,
              55.87684814988483
            ],
            [
              37.56119162406495,
              55.87684819853599
            ],
            [
              37.56111245906649,
              55.87684835413554
            ],
            [
              37.56099844867605,
              55.87684857164899
            ],
            [
              37.56099605402939,
              55.87684978533579
            ],
            [
              37.56084337101339,
              55.87692714655945
            ],
            [
              37.560735564036975,
              55.87693036065326
            ],
            [
              37.56071504827989,
              55.876929418598486
            ],
            [
              37.56022229733797,
              55.876903143948645
            ],
            [
              37.56018646113947,
              55.87690308041995
            ],
            [
              37.560109796676166,
              55.87690865006785
            ],
            [
              37.55999216612271,
              55.87692380478312
            ],
            [
              37.55994274690754,
              55.876932495789774
            ],
            [
              37.55987003030185,
              55.87693915914448
            ],
            [
              37.55983090546867,
              55.87694083053873
            ],
            [
              37.55981367947596,
              55.87693890776147
            ],
            [
              37.559810959088814,
              55.876946588328074
            ],
            [
              37.55979657842178,
              55.87694561623225
            ],
            [
              37.55945024050173,
              55.876919726247614
            ],
            [
              37.55941951352463,
              55.876917432624644
            ],
            [
              37.5593459265685,
              55.87687665531286
            ],
            [
              37.559102194276484,
              55.876873034730124
            ],
            [
              37.55900385420185,
              55.87687132090765
            ],
            [
              37.55897482190916,
              55.87686974489919
            ],
            [
              37.5589748375809,
              55.87688021742867
            ],
            [
              37.558971573553876,
              55.8768983977155
            ],
            [
              37.558951073787696,
              55.87691878664137
            ],
            [
              37.55893155235729,
              55.87693101083393
            ],
            [
              37.55890693891334,
              55.87693563900155
            ],
            [
              37.55887476417951,
              55.87693744153263
            ],
            [
              37.55862923010581,
              55.876936470433925
            ],
            [
              37.55859860225657,
              55.87693635010482
            ],
            [
              37.558585485170894,
              55.87693630237786
            ],
            [
              37.55856878924092,
              55.876936238367044
            ],
            [
              37.55856647256892,
              55.876936221491796
            ],
            [
              37.55854027035144,
              55.8769361260146
            ],
            [
              37.558498490571544,
              55.87693595700515
            ],
            [
              37.55849286668869,
              55.876935941679726
            ],
            [
              37.55843808178181,
              55.876935805693414
            ],
            [
              37.558398123458296,
              55.876935698667566
            ],
            [
              37.557877019272944,
              55.87693404644927
            ],
            [
              37.55787685957622,
              55.87694497712126
            ],
            [
              37.55787659836684,
              55.87696294042717
            ],
            [
              37.55787609147588,
              55.87699856165749
            ],
            [
              37.55829211528051,
              55.876999427748736
            ],
            [
              37.55829017346266,
              55.87702601416946
            ],
            [
              37.55829295550239,
              55.877027405016015
            ],
            [
              37.55829537069789,
              55.87702921816879
            ],
            [
              37.55829717932924,
              55.87703140883194
            ],
            [
              37.55829810960299,
              55.877033851390195
            ],
            [
              37.55829807888465,
              55.87703468669264
            ],
            [
              37.558298017487786,
              55.87703638424228
            ],
            [
              37.558296934644936,
              55.87703880977837
            ],
            [
              37.558295004614074,
              55.87704095728097
            ],
            [
              37.558292466889334,
              55.8770427188592
            ],
            [
              37.55828959302496,
              55.87704405845959
            ],
            [
              37.55828901176143,
              55.87705074103585
            ],
            [
              37.55833138428486,
              55.8770519067959
            ],
            [
              37.55833030743828,
              55.87706917890139
            ]
          ]
        ]
      }
    },
    {
      "type": "Feature",
      "id": "smm-dt3",
      "properties": {
        "district": "Бескудниковский",
        "section": "Участок 3",
        "name": "ДТ-3 «Гребёнка» — маршрут СММ",
        "address": "Бескудниковский б-р, д. 20",
        "source_address": "ДТ\\Бескудниковский бульв. 20 к.1, 20 к.2, 20 к.3, 20 к.4",
        "scheme": "smm/dt3.svg",
        "detail": "smm/#dt3",
        "status": "Контур подтверждён АСУ ОДС",
        "storage": "Н-3 — подготовленная площадка у проезда",
        "passes": 4,
        "note": "Контур выгружен из АСУ ОДС. Маршрут и зоны складирования подлежат утверждению ответственным за участок.",
        "source_yard_id": "128225324100038",
        "geometry_status": "Контур выгружен из АСУ ОДС",
        "id": 128225324100038,
        "asu_ods_object_id": "128225324100038",
        "asu_ods_type_id": 38,
        "coordinate_system_source": "sr-org:8343 (МСК-77)",
        "coordinate_system_output": "WGS84 / CRS84",
        "retrieved_at": "2026-08-27"
      },
      "geometry": {
        "type": "Polygon",
        "coordinates": [
          [
            [
              37.5590485341133,
              55.8662811277606
            ],
            [
              37.559038615606404,
              55.8662920720562
            ],
            [
              37.55903639907441,
              55.86629450712153
            ],
            [
              37.559034897686736,
              55.86629452579564
            ],
            [
              37.55900130662431,
              55.86633662951111
            ],
            [
              37.55892543792927,
              55.86643334341744
            ],
            [
              37.558870693904254,
              55.86650417129131
            ],
            [
              37.558837970177706,
              55.86654974145179
            ],
            [
              37.55881621275861,
              55.866580037697894
            ],
            [
              37.5588046508731,
              55.86659228508233
            ],
            [
              37.558688758837434,
              55.86674611378582
            ],
            [
              37.55867066742752,
              55.86677137857947
            ],
            [
              37.55868071764591,
              55.86677365517858
            ],
            [
              37.5586735607833,
              55.86678365507537
            ],
            [
              37.5586635105627,
              55.866781378475785
            ],
            [
              37.5586319023538,
              55.86682553794209
            ],
            [
              37.55861836285828,
              55.86683989691607
            ],
            [
              37.5586033401988,
              55.86685581040365
            ],
            [
              37.55859236820785,
              55.86686741979623
            ],
            [
              37.558599270843835,
              55.86686904222355
            ],
            [
              37.55861991483752,
              55.866873891569945
            ],
            [
              37.55865102681686,
              55.86688266095201
            ],
            [
              37.55865681219477,
              55.86688484076119
            ],
            [
              37.558662533775916,
              55.86688708347141
            ],
            [
              37.5586672805662,
              55.86688902126533
            ],
            [
              37.55880712477287,
              55.86692300466353
            ],
            [
              37.55883734024137,
              55.86693035532733
            ],
            [
              37.55893688674165,
              55.866954540690024
            ],
            [
              37.55899908069847,
              55.86696251388851
            ],
            [
              37.55910210897945,
              55.86697573092771
            ],
            [
              37.55910773248714,
              55.866976455772104
            ],
            [
              37.55911511208455,
              55.86697656903438
            ],
            [
              37.559205631948906,
              55.866977954158685
            ],
            [
              37.5592444656418,
              55.86698051343317
            ],
            [
              37.55932912982306,
              55.86698609565958
            ],
            [
              37.55945058386914,
              55.86699466014668
            ],
            [
              37.559561606096906,
              55.8670021427238
            ],
            [
              37.55958213344846,
              55.86700366876989
            ],
            [
              37.559588411405294,
              55.86700409688648
            ],
            [
              37.559831142931074,
              55.86702047085908
            ],
            [
              37.55987539213955,
              55.86702345845233
            ],
            [
              37.55994632498047,
              55.86703238800659
            ],
            [
              37.55998177542663,
              55.867036843794416
            ],
            [
              37.55999926923853,
              55.86703919753839
            ],
            [
              37.56006501085173,
              55.86704804868817
            ],
            [
              37.56011370966277,
              55.86696275383542
            ],
            [
              37.56010790941065,
              55.86696135550163
            ],
            [
              37.560097699990045,
              55.86695951021301
            ],
            [
              37.560084181373334,
              55.86695580732598
            ],
            [
              37.56007866588131,
              55.866952603550544
            ],
            [
              37.560076266954724,
              55.8669506287531
            ],
            [
              37.5600749498368,
              55.86694580626478
            ],
            [
              37.5600754891568,
              55.86693286350889
            ],
            [
              37.56007618720777,
              55.86692974655478
            ],
            [
              37.560000097129894,
              55.86692200512979
            ],
            [
              37.55999928724998,
              55.86692511315573
            ],
            [
              37.55998821673698,
              55.866924202359655
            ],
            [
              37.55998858203256,
              55.86692283697956
            ],
            [
              37.55991651877057,
              55.8669161803396
            ],
            [
              37.55991284451913,
              55.86691584080442
            ],
            [
              37.55986718791836,
              55.86691159647541
            ],
            [
              37.55976470823163,
              55.86690208023561
            ],
            [
              37.559764676136396,
              55.86690198145327
            ],
            [
              37.55976419910566,
              55.866903400775925
            ],
            [
              37.55975256908167,
              55.8669021758706
            ],
            [
              37.55968041240069,
              55.866897063973596
            ],
            [
              37.559669214080365,
              55.86689612626517
            ],
            [
              37.55966945232554,
              55.866895236972034
            ],
            [
              37.55960194391217,
              55.86689023956507
            ],
            [
              37.559597439083454,
              55.866889900417576
            ],
            [
              37.55958438733203,
              55.866888568396774
            ],
            [
              37.55953767577084,
              55.86688377657164
            ],
            [
              37.5594785355085,
              55.86687771527079
            ],
            [
              37.55949354476481,
              55.86685315239491
            ],
            [
              37.559505924971454,
              55.86683287499872
            ],
            [
              37.559549691616596,
              55.86677034211361
            ],
            [
              37.559565597333275,
              55.86674715298626
            ],
            [
              37.55956728563293,
              55.86674397269055
            ],
            [
              37.55960726772577,
              55.86671390112188
            ],
            [
              37.55961092129696,
              55.866711142021394
            ],
            [
              37.55960210116644,
              55.86670901759753
            ],
            [
              37.55977161756516,
              55.86648674044473
            ],
            [
              37.55990836020489,
              55.866519143318044
            ],
            [
              37.559919097661385,
              55.86652168893409
            ],
            [
              37.55995074199609,
              55.86648140019022
            ],
            [
              37.55995246371433,
              55.86647921683146
            ],
            [
              37.56004812966889,
              55.86635744305243
            ],
            [
              37.560140310336884,
              55.86638046338306
            ],
            [
              37.560433070072584,
              55.86645273151413
            ],
            [
              37.560437400275354,
              55.8664537982259
            ],
            [
              37.56043579020065,
              55.86645585579485
            ],
            [
              37.560435678599276,
              55.86645599057305
            ],
            [
              37.56044872589558,
              55.86647532164815
            ],
            [
              37.5605009105335,
              55.866424738858214
            ],
            [
              37.5605137030038,
              55.866413326006054
            ],
            [
              37.560540352287205,
              55.86638672750535
            ],
            [
              37.560511571799466,
              55.86637765209358
            ],
            [
              37.56036076792422,
              55.86633129029888
            ],
            [
              37.56048954042495,
              55.86618691139222
            ],
            [
              37.560582481296734,
              55.866029167171696
            ],
            [
              37.56066850470911,
              55.86591248117778
            ],
            [
              37.56053596395929,
              55.86587986154673
            ],
            [
              37.560507364073096,
              55.86591535278833
            ],
            [
              37.560374199234424,
              55.865881889014815
            ],
            [
              37.56034302012299,
              55.86592289617524
            ],
            [
              37.560267047667686,
              55.8659072600235
            ],
            [
              37.56019452638029,
              55.865892331705396
            ],
            [
              37.56013039326318,
              55.86587913274908
            ],
            [
              37.56017444576589,
              55.8657750326076
            ],
            [
              37.56015787627203,
              55.86577095397318
            ],
            [
              37.560179011168714,
              55.865741897248164
            ],
            [
              37.56019110874678,
              55.86572527543049
            ],
            [
              37.56021109603418,
              55.86569781798029
            ],
            [
              37.56006034132828,
              55.86566079666288
            ],
            [
              37.56004562538552,
              55.86565718416388
            ],
            [
              37.56004044843904,
              55.865655911268995
            ],
            [
              37.5600424710024,
              55.865652030239666
            ],
            [
              37.56002623747019,
              55.86564826578198
            ],
            [
              37.56002378313547,
              55.86565180571778
            ],
            [
              37.55998196807371,
              55.86564148801326
            ],
            [
              37.559983843352136,
              55.865635280819035
            ],
            [
              37.5599679775217,
              55.8656317317353
            ],
            [
              37.55996324158651,
              55.86563687149392
            ],
            [
              37.55995116203505,
              55.86563388642806
            ],
            [
              37.55981788773124,
              55.865601014890466
            ],
            [
              37.55978110591703,
              55.86559194314603
            ],
            [
              37.559637924859956,
              55.86555624695692
            ],
            [
              37.559627155526435,
              55.86555355762552
            ],
            [
              37.55960411620543,
              55.86558035180165
            ],
            [
              37.559590196924574,
              55.86559653433393
            ],
            [
              37.55956785910894,
              55.86562251982293
            ],
            [
              37.55956479781686,
              55.865626078002805
            ],
            [
              37.55953721477458,
              55.86565846987939
            ],
            [
              37.55950537851159,
              55.86569842629452
            ],
            [
              37.559492758964254,
              55.86570804263886
            ],
            [
              37.559491706747274,
              55.865709336492685
            ],
            [
              37.55946825503749,
              55.86573816966467
            ],
            [
              37.55940743708784,
              55.86581534169878
            ],
            [
              37.559309251706516,
              55.86594035854969
            ],
            [
              37.55927638046199,
              55.86598276737519
            ],
            [
              37.55927268202972,
              55.86598752938606
            ],
            [
              37.559267134393025,
              55.86599468138376
            ],
            [
              37.559259354955515,
              55.866004717538395
            ],
            [
              37.55925125668733,
              55.86601516699796
            ],
            [
              37.55924309463319,
              55.86602568834023
            ],
            [
              37.55917802356986,
              55.866111134339334
            ],
            [
              37.559163325950344,
              55.86613043380933
            ],
            [
              37.55917457564939,
              55.86613383250015
            ],
            [
              37.55915461596929,
              55.86615903538306
            ],
            [
              37.55914341556987,
              55.866156561772726
            ],
            [
              37.55905074993076,
              55.86627821667018
            ],
            [
              37.5590485341133,
              55.8662811277606
            ]
          ]
        ]
      }
    },
    {
      "type": "Feature",
      "id": "smm-dt4",
      "properties": {
        "district": "Дмитровский",
        "section": "Участок 2",
        "name": "ДТ-4 «Г-образный» — маршрут СММ",
        "address": "Клязьминская ул., д. 5, к. 1",
        "source_address": "ДТ\\Клязьминская ул. 5 к.1",
        "scheme": "smm/dt4.svg",
        "detail": "smm/#dt4",
        "status": "Контур подтверждён АСУ ОДС",
        "storage": "Н-4 — место определяется ответственным после осмотра",
        "passes": "Последовательная обработка двух плеч; число проходов — по натурному замеру",
        "note": "Рабочая схема для Г-образного двора. Контур выгружен из АСУ ОДС; направление выброса и зона складирования утверждаются ответственным за участок.",
        "source_yard_id": "130011929200038",
        "asu_ods_object_id": "130011929200038",
        "asu_ods_type_id": 38,
        "coordinate_system_source": "sr-org:8343 (МСК-77)",
        "coordinate_system_output": "WGS84 / CRS84",
        "geometry_status": "Контур выгружен из АСУ ОДС",
        "retrieved_at": "2026-08-27"
      },
      "geometry": {
        "type": "Polygon",
        "coordinates": [
          [
            [
              37.519030862205454,
              55.88657570662965
            ],
            [
              37.519019529923064,
              55.88657172049151
            ],
            [
              37.5190028628959,
              55.886573806689114
            ],
            [
              37.51896105950415,
              55.88657906710125
            ],
            [
              37.51894992557115,
              55.88658912811333
            ],
            [
              37.5188824509659,
              55.886650158899904
            ],
            [
              37.51874393886859,
              55.88677544526689
            ],
            [
              37.51868465842138,
              55.886829064944976
            ],
            [
              37.51854788641845,
              55.88695312933983
            ],
            [
              37.518519532357374,
              55.88694483445855
            ],
            [
              37.51848764603682,
              55.886935498216765
            ],
            [
              37.51845574375467,
              55.88692617095059
            ],
            [
              37.51843093797815,
              55.88691890841986
            ],
            [
              37.51840843371921,
              55.88691219343025
            ],
            [
              37.518376675238734,
              55.8869027224177
            ],
            [
              37.518344916773714,
              55.886893251396955
            ],
            [
              37.51831315832012,
              55.88688377138643
            ],
            [
              37.51828139988605,
              55.88687430034926
            ],
            [
              37.51824964146745,
              55.88686482930389
            ],
            [
              37.518230669532706,
              55.886859164624084
            ],
            [
              37.518219040760194,
              55.88687109380773
            ],
            [
              37.518209344785326,
              55.88688103778787
            ],
            [
              37.518202779634954,
              55.88688777490076
            ],
            [
              37.518192380811634,
              55.886898437505245
            ],
            [
              37.518175097348205,
              55.886916160602205
            ],
            [
              37.51816663132289,
              55.886924846984165
            ],
            [
              37.51816522564463,
              55.88692629321675
            ],
            [
              37.51814230600231,
              55.88691975786877
            ],
            [
              37.51813637630268,
              55.8869180611883
            ],
            [
              37.51813450655709,
              55.88691812432331
            ],
            [
              37.51810246515745,
              55.88691913477944
            ],
            [
              37.51807361626218,
              55.886911863764865
            ],
            [
              37.51804081963179,
              55.886903587361395
            ],
            [
              37.51801561482977,
              55.88689724092379
            ],
            [
              37.51797478015829,
              55.886961940936075
            ],
            [
              37.51796267505847,
              55.886981127275426
            ],
            [
              37.51808741822814,
              55.88700686893469
            ],
            [
              37.518080535288206,
              55.88701780946328
            ],
            [
              37.51807472231639,
              55.88702705232305
            ],
            [
              37.518069404409495,
              55.88703552269737
            ],
            [
              37.51806407051926,
              55.88704399307368
            ],
            [
              37.51805825753962,
              55.88705323593263
            ],
            [
              37.51844621927938,
              55.88713732019092
            ],
            [
              37.518716102395075,
              55.88719552662801
            ],
            [
              37.51872011419122,
              55.88719670262902
            ],
            [
              37.51872379053007,
              55.88719819303403
            ],
            [
              37.51872705148548,
              55.88719995294683
            ],
            [
              37.518729849101724,
              55.88720195542977
            ],
            [
              37.51873210345257,
              55.88720415558664
            ],
            [
              37.51873379854028,
              55.88720651749352
            ],
            [
              37.51873432638973,
              55.88720754131606
            ],
            [
              37.51873486285311,
              55.88722719292549
            ],
            [
              37.51874357353673,
              55.88722932028635
            ],
            [
              37.51875714277524,
              55.88723209360962
            ],
            [
              37.51876636475242,
              55.88723399635472
            ],
            [
              37.518856091261455,
              55.88725246727649
            ],
            [
              37.518825269226205,
              55.887298744882784
            ],
            [
              37.51880573849466,
              55.8872948856707
            ],
            [
              37.5188022063447,
              55.88729419460726
            ],
            [
              37.51879664876776,
              55.88730250337939
            ],
            [
              37.51877414677348,
              55.88733577443137
            ],
            [
              37.51878492122107,
              55.887342580888046
            ],
            [
              37.51880286959489,
              55.88734591042245
            ],
            [
              37.51880547496808,
              55.887346871069035
            ],
            [
              37.51880768094197,
              55.88734811020298
            ],
            [
              37.51880939160465,
              55.88734957394892
            ],
            [
              37.518810527021145,
              55.88735119944757
            ],
            [
              37.51881105520407,
              55.88735293281418
            ],
            [
              37.51881094414516,
              55.887354675256134
            ],
            [
              37.51881075266747,
              55.887355312976084
            ],
            [
              37.51873000979369,
              55.88748041119432
            ],
            [
              37.51862759643551,
              55.8876416184374
            ],
            [
              37.518516124983954,
              55.887811961159926
            ],
            [
              37.51851318523389,
              55.88781374891746
            ],
            [
              37.51850981386434,
              55.8878152672899
            ],
            [
              37.51850607479246,
              55.887816498304915
            ],
            [
              37.51850206388586,
              55.8878173970407
            ],
            [
              37.51849784506998,
              55.887817963488075
            ],
            [
              37.51849354618337,
              55.88781817068383
            ],
            [
              37.51848921517425,
              55.88781802760265
            ],
            [
              37.51848497988528,
              55.887817516262956
            ],
            [
              37.51848093622104,
              55.88781667257725
            ],
            [
              37.51847714810692,
              55.88781549653637
            ],
            [
              37.51847371144336,
              55.88781401507122
            ],
            [
              37.5184724326292,
              55.887813341637184
            ],
            [
              37.51846688230095,
              55.88780279806697
            ],
            [
              37.51846750515977,
              55.88780189083828
            ],
            [
              37.518466306445085,
              55.88780163952665
            ],
            [
              37.51841399441678,
              55.887790375165544
            ],
            [
              37.518404868184355,
              55.887788409509504
            ],
            [
              37.518397777446246,
              55.887799368047354
            ],
            [
              37.51837393100469,
              55.887794314836064
            ],
            [
              37.51836458103066,
              55.88779234022746
            ],
            [
              37.51834223319431,
              55.887779221341376
            ],
            [
              37.518300761248916,
              55.88774291475191
            ],
            [
              37.5180308884391,
              55.88767908494202
            ],
            [
              37.51802059541106,
              55.8876766523793
            ],
            [
              37.51779889586898,
              55.88762385365007
            ],
            [
              37.517696294432085,
              55.88765656074681
            ],
            [
              37.517693490105096,
              55.887675790685
            ],
            [
              37.517692135741626,
              55.887685077819974
            ],
            [
              37.51769079735877,
              55.88769436495274
            ],
            [
              37.5176899592112,
              55.8877147083355
            ],
            [
              37.51766536427669,
              55.88775211099493
            ],
            [
              37.51775029706564,
              55.88777059236097
            ],
            [
              37.51783323207578,
              55.88778863384838
            ],
            [
              37.5180586545798,
              55.88783765972971
            ],
            [
              37.51815335346496,
              55.88785862734055
            ],
            [
              37.51817956152139,
              55.887819904064465
            ],
            [
              37.518203088427285,
              55.88782518189802
            ],
            [
              37.5182377714463,
              55.88783296400256
            ],
            [
              37.51825667929293,
              55.887837209600704
            ],
            [
              37.5183072494076,
              55.887848555111105
            ],
            [
              37.51833306191353,
              55.88785434454366
            ],
            [
              37.51841430343363,
              55.88787257449438
            ],
            [
              37.5184843563579,
              55.88788705170514
            ],
            [
              37.51853006767464,
              55.88789710447686
            ],
            [
              37.51855664688323,
              55.88790186985228
            ],
            [
              37.51863341125529,
              55.887914522747764
            ],
            [
              37.51863579098583,
              55.88791127107206
            ],
            [
              37.51864101117874,
              55.88789883981424
            ],
            [
              37.51868956081372,
              55.88782567782365
            ],
            [
              37.51871048199495,
              55.88779453565365
            ],
            [
              37.51874302953164,
              55.88774607530504
            ],
            [
              37.518866209706594,
              55.88777225649791
            ],
            [
              37.51888888618608,
              55.887735805928244
            ],
            [
              37.51886302587022,
              55.887730313011104
            ],
            [
              37.51883147572083,
              55.887723752116734
            ],
            [
              37.518828886499264,
              55.88772321360242
            ],
            [
              37.518825130530004,
              55.88772243275679
            ],
            [
              37.51881327125662,
              55.88771996456393
            ],
            [
              37.51876637760039,
              55.887710217443605
            ],
            [
              37.51880481799375,
              55.88765293630885
            ],
            [
              37.5188445992283,
              55.88766119351854
            ],
            [
              37.518848211348,
              55.88766194744001
            ],
            [
              37.518851967311875,
              55.88766272828491
            ],
            [
              37.51886406633547,
              55.88766529523612
            ],
            [
              37.51890156202877,
              55.88767303183223
            ],
            [
              37.51892823736587,
              55.88767854258418
            ],
            [
              37.5189460259813,
              55.887647472688414
            ],
            [
              37.51878209083495,
              55.88761461525796
            ],
            [
              37.51877859036491,
              55.88761337631316
            ],
            [
              37.5187754573308,
              55.88761184990405
            ],
            [
              37.518772787640984,
              55.88761008092451
            ],
            [
              37.5187706452288,
              55.88760808732838
            ],
            [
              37.51876906208999,
              55.88760594096358
            ],
            [
              37.518768134203555,
              55.88760383941078
            ],
            [
              37.518766849200055,
              55.88758980139674
            ],
            [
              37.51878125310083,
              55.887565674777235
            ],
            [
              37.51878296234784,
              55.88756406682495
            ],
            [
              37.51878519907548,
              55.8875626743532
            ],
            [
              37.51878786741711,
              55.88756154228385
            ],
            [
              37.51879085552913,
              55.88756072452275
            ],
            [
              37.51879406752835,
              55.88756023006547
            ],
            [
              37.518797407544064,
              55.88756009485235
            ],
            [
              37.51880071576403,
              55.88756031890681
            ],
            [
              37.51880231400015,
              55.88756056117503
            ],
            [
              37.518790438904865,
              55.88759277982584
            ],
            [
              37.51897365015893,
              55.887631589178305
            ],
            [
              37.51899648965767,
              55.88763642686501
            ],
            [
              37.51902593001279,
              55.887642512006856
            ],
            [
              37.51904902503038,
              55.88764693649342
            ],
            [
              37.51913704286727,
              55.88766591043143
            ],
            [
              37.51916602619072,
              55.887617971433464
            ],
            [
              37.51920673454564,
              55.88762657866898
            ],
            [
              37.51924745889985,
              55.88763518588863
            ],
            [
              37.519280607384125,
              55.88764218653316
            ],
            [
              37.5193615447235,
              55.88765929320842
            ],
            [
              37.51938750078234,
              55.887664435725036
            ],
            [
              37.519545635844715,
              55.88769812852124
            ],
            [
              37.51955650516464,
              55.88770234820193
            ],
            [
              37.519566080436526,
              55.887707466236904
            ],
            [
              37.519574264890224,
              55.8877116593815
            ],
            [
              37.51958033943584,
              55.88771507145123
            ],
            [
              37.519585983118134,
              55.887719785914946
            ],
            [
              37.51958804662014,
              55.887723737492294
            ],
            [
              37.51958943934722,
              55.88772859631132
            ],
            [
              37.519590609163025,
              55.88773516166369
            ],
            [
              37.51959042070712,
              55.88774201463426
            ],
            [
              37.519588282504834,
              55.88774881401367
            ],
            [
              37.51958761192918,
              55.88775013440778
            ],
            [
              37.51958572791328,
              55.88775380816018
            ],
            [
              37.5195827415254,
              55.88775818264399
            ],
            [
              37.519762455240645,
              55.887798634984996
            ],
            [
              37.52004634852305,
              55.8878647760489
            ],
            [
              37.520061260858405,
              55.887868249580585
            ],
            [
              37.52006547546394,
              55.88785924039996
            ],
            [
              37.52006756754523,
              55.88785626717049
            ],
            [
              37.520069979280095,
              55.88785334778027
            ],
            [
              37.520072742631186,
              55.88785048222429
            ],
            [
              37.52007392472484,
              55.88784942221295
            ],
            [
              37.52007582565356,
              55.887847706433824
            ],
            [
              37.520079228351634,
              55.88784502939042
            ],
            [
              37.52008293475298,
              55.8878424690597
            ],
            [
              37.52008691289929,
              55.88784003442824
            ],
            [
              37.52009114682266,
              55.887837752443275
            ],
            [
              37.52009562054168,
              55.88783562310723
            ],
            [
              37.52010028612129,
              55.887833664390804
            ],
            [
              37.52010512758465,
              55.887831885278075
            ],
            [
              37.52011011296912,
              55.887830285773994
            ],
            [
              37.52011521031648,
              55.887828874865185
            ],
            [
              37.52012037168283,
              55.88782765255916
            ],
            [
              37.52012559706818,
              55.88782661885594
            ],
            [
              37.520130838524125,
              55.88782576478145
            ],
            [
              37.52013988378602,
              55.88782540409445
            ],
            [
              37.520145333343855,
              55.88782524156783
            ],
            [
              37.52014948845753,
              55.88782516906068
            ],
            [
              37.520154362825814,
              55.887825285053125
            ],
            [
              37.520161778286145,
              55.887825517405254
            ],
            [
              37.52039714627069,
              55.887878345625026
            ],
            [
              37.520407774923314,
              55.88788040969089
            ],
            [
              37.520422052903214,
              55.88789349356517
            ],
            [
              37.520426949942134,
              55.88790681245815
            ],
            [
              37.520428198421,
              55.88791062942791
            ],
            [
              37.520428951495475,
              55.88791448240316
            ],
            [
              37.520429209151786,
              55.88791834443913
            ],
            [
              37.520428971371594,
              55.887922179609546
            ],
            [
              37.52042825412252,
              55.88792596096716
            ],
            [
              37.52042707337219,
              55.88792966156465
            ],
            [
              37.52042546106961,
              55.887933254452186
            ],
            [
              37.52042344916836,
              55.88793672166151
            ],
            [
              37.520421069617534,
              55.887940036242746
            ],
            [
              37.52041835437982,
              55.8879431981908
            ],
            [
              37.520413528026445,
              55.88794325285106
            ],
            [
              37.52041093885919,
              55.8879428940015
            ],
            [
              37.52038944235304,
              55.88793986165971
            ],
            [
              37.520362767599806,
              55.887999656254074
            ],
            [
              37.52038686929386,
              55.888003056429625
            ],
            [
              37.52039158443796,
              55.8880042951349
            ],
            [
              37.52038748284611,
              55.88801545090479
            ],
            [
              37.52037123598407,
              55.88805950811816
            ],
            [
              37.5203350330811,
              55.88814491069201
            ],
            [
              37.520417324101025,
              55.888212852167726
            ],
            [
              37.52043291258084,
              55.888225720272956
            ],
            [
              37.52051654650595,
              55.88829388600615
            ],
            [
              37.52071184460457,
              55.88845678025502
            ],
            [
              37.52085554845725,
              55.88857513401904
            ],
            [
              37.520983201963496,
              55.88868273930785
            ],
            [
              37.52105109327388,
              55.88865414876607
            ],
            [
              37.52112519999068,
              55.888622952502025
            ],
            [
              37.5212189433915,
              55.88858290608037
            ],
            [
              37.52122386506526,
              55.8885816208971
            ],
            [
              37.52122902656286,
              55.88858052428679
            ],
            [
              37.52123439593045,
              55.88857963421787
            ],
            [
              37.5212399412143,
              55.88857896865879
            ],
            [
              37.52124559848787,
              55.88857852762016
            ],
            [
              37.52125133580216,
              55.888578338052035
            ],
            [
              37.521257105212285,
              55.888578399962334
            ],
            [
              37.52126284278704,
              55.88857870438018
            ],
            [
              37.52126850058632,
              55.888579260295124
            ],
            [
              37.52127404663738,
              55.88858004974933
            ],
            [
              37.52127941701376,
              55.888581072753496
            ],
            [
              37.521284563751564,
              55.888582293389355
            ],
            [
              37.521289470869206,
              55.8885837116596
            ],
            [
              37.52129410638921,
              55.88858530062486
            ],
            [
              37.52133619540711,
              55.88857270142901
            ],
            [
              37.52135102415299,
              55.88856849557246
            ],
            [
              37.521365868877325,
              55.88856428971145
            ],
            [
              37.521440923357446,
              55.88854299977422
            ],
            [
              37.521510620524275,
              55.888515369703335
            ],
            [
              37.52157060313018,
              55.88849215118865
            ],
            [
              37.5214891205341,
              55.8884466193776
            ],
            [
              37.521458648046035,
              55.88842491604171
            ],
            [
              37.5213709665684,
              55.88844286695986
            ],
            [
              37.52129955839869,
              55.888468602125485
            ],
            [
              37.5211639472495,
              55.88836356721056
            ],
            [
              37.52098891049788,
              55.888227983315176
            ],
            [
              37.520775937212875,
              55.888065676177845
            ],
            [
              37.52073471746546,
              55.88802756507209
            ],
            [
              37.520760089327055,
              55.888014645447335
            ],
            [
              37.52076387516312,
              55.88801122285213
            ],
            [
              37.520767628259044,
              55.88800629135758
            ],
            [
              37.52077059798719,
              55.88800082109579
            ],
            [
              37.520772289178225,
              55.887995306133966
            ],
            [
              37.520772094687054,
              55.88799003398126
            ],
            [
              37.52077074883624,
              55.88798340579799
            ],
            [
              37.52076815625127,
              55.88797641855437
            ],
            [
              37.52076340645969,
              55.88796997953739
            ],
            [
              37.5207571871524,
              55.88796504068199
            ],
            [
              37.520750792582454,
              55.887961134735825
            ],
            [
              37.520744254647575,
              55.887958135951656
            ],
            [
              37.52073720570594,
              55.8879559096655
            ],
            [
              37.52073055640156,
              55.887953880908746
            ],
            [
              37.520723300141526,
              55.88795250790504
            ],
            [
              37.520715628660795,
              55.88795170978902
            ],
            [
              37.52087327251797,
              55.88795818678716
            ],
            [
              37.52091096011573,
              55.88790319542159
            ],
            [
              37.520917762639606,
              55.887892506233605
            ],
            [
              37.52098719452971,
              55.88778657512925
            ],
            [
              37.52100222125791,
              55.88776410075804
            ],
            [
              37.52100859283571,
              55.88775456127727
            ],
            [
              37.521016293002795,
              55.88774913513884
            ],
            [
              37.52103639294086,
              55.887740401738085
            ],
            [
              37.521048424851145,
              55.887736537677974
            ],
            [
              37.52105510391709,
              55.887734389980324
            ],
            [
              37.52106491602669,
              55.88773359798329
            ],
            [
              37.521086811689486,
              55.887736028375805
            ],
            [
              37.52111575705453,
              55.88774216698915
            ],
            [
              37.52113126051153,
              55.887745191214776
            ],
            [
              37.5211838994557,
              55.88767769493548
            ],
            [
              37.521200556675424,
              55.88765628009493
            ],
            [
              37.52127440326039,
              55.88755994939518
            ],
            [
              37.52127186196437,
              55.8875594199058
            ],
            [
              37.521247423962635,
              55.8875543134599
            ],
            [
              37.52119279362666,
              55.88754199083884
            ],
            [
              37.521166261667204,
              55.88753604943794
            ],
            [
              37.5210609656466,
              55.8875136488394
            ],
            [
              37.52112015840618,
              55.887510459583666
            ],
            [
              37.52117910650306,
              55.8874978756122
            ],
            [
              37.521328018483445,
              55.8874658853893
            ],
            [
              37.5214352720315,
              55.88744284764056
            ],
            [
              37.521450708586606,
              55.887440455947335
            ],
            [
              37.521435661160346,
              55.887303103240484
            ],
            [
              37.52143471825458,
              55.887303067472594
            ],
            [
              37.52103347209653,
              55.88728791943317
            ],
            [
              37.52103236937559,
              55.887287874706935
            ],
            [
              37.52103141033489,
              55.887287542546616
            ],
            [
              37.520729025254326,
              55.887182103373654
            ],
            [
              37.520675734748615,
              55.88716340338621
            ],
            [
              37.52059520768377,
              55.88713515137157
            ],
            [
              37.5205917219522,
              55.88713150541348
            ],
            [
              37.520585038296645,
              55.88712450086106
            ],
            [
              37.52056734415066,
              55.88711838725685
            ],
            [
              37.520565666917946,
              55.887119914394695
            ],
            [
              37.52056398968509,
              55.88712144153249
            ],
            [
              37.52051375239737,
              55.88710407025669
            ],
            [
              37.52043386513267,
              55.88707644674389
            ],
            [
              37.52042680027851,
              55.88707400488438
            ],
            [
              37.52030568983394,
              55.887029996492586
            ],
            [
              37.52003234918996,
              55.88693067642351
            ],
            [
              37.51971029297337,
              55.88681684902972
            ],
            [
              37.51942672817798,
              55.886718777626086
            ],
            [
              37.519340257264254,
              55.88668887308017
            ],
            [
              37.51934193452223,
              55.886687336977324
            ],
            [
              37.519343595803484,
              55.88668580985847
            ],
            [
              37.519451149011616,
              55.88672300424207
            ],
            [
              37.51945388219758,
              55.88672394689247
            ],
            [
              37.519456599402794,
              55.88672488954521
            ],
            [
              37.51976992423771,
              55.8864378083165
            ],
            [
              37.52010489979456,
              55.886121739325056
            ],
            [
              37.52029699108163,
              55.8859387632276
            ],
            [
              37.520706054137094,
              55.88555021741757
            ],
            [
              37.52085622794458,
              55.88540703560938
            ],
            [
              37.52088969079987,
              55.8853761694369
            ],
            [
              37.52091670064741,
              55.885351277061964
            ],
            [
              37.52092860029761,
              55.885340299623415
            ],
            [
              37.521013686620826,
              55.88526185850545
            ],
            [
              37.521100178177576,
              55.885182105784914
            ],
            [
              37.52111276455073,
              55.88517050848582
            ],
            [
              37.521110574503766,
              55.885169071795346
            ],
            [
              37.52110972725887,
              55.88516851507756
            ],
            [
              37.521108384456944,
              55.885167635104864
            ],
            [
              37.52110657955805,
              55.885169296995365
            ],
            [
              37.52108848334134,
              55.88515673475701
            ],
            [
              37.5210678613431,
              55.8851424215249
            ],
            [
              37.52105201954147,
              55.88513211328541
            ],
            [
              37.52102850463734,
              55.885116821531504
            ],
            [
              37.52100498975637,
              55.88510153875464
            ],
            [
              37.52098149086943,
              55.885086246989054
            ],
            [
              37.52095797602077,
              55.88507095522156
            ],
            [
              37.52093446119056,
              55.88505566344954
            ],
            [
              37.52091094638354,
              55.885040380654566
            ],
            [
              37.52088744757051,
              55.885025088870854
            ],
            [
              37.52086898423537,
              55.885013083517904
            ],
            [
              37.52085532647618,
              55.88499242811691
            ],
            [
              37.52081272636556,
              55.88496736747824
            ],
            [
              37.52079675732905,
              55.88495796636587
            ],
            [
              37.52077802289974,
              55.884946949017
            ],
            [
              37.5207717567762,
              55.88494325860703
            ],
            [
              37.520772683440555,
              55.884942899193156
            ],
            [
              37.52076329736544,
              55.884931781524116
            ],
            [
              37.52075753012321,
              55.88493488110619
            ],
            [
              37.520748241990205,
              55.8849277602228
            ],
            [
              37.520685116272,
              55.88491974990904
            ],
            [
              37.52065005068439,
              55.88490971417575
            ],
            [
              37.520648326032415,
              55.88491206762822
            ],
            [
              37.52064262362322,
              55.88491696351029
            ],
            [
              37.52058828314982,
              55.88496401778906
            ],
            [
              37.52060151742029,
              55.884969287843035
            ],
            [
              37.520586263447626,
              55.88498319378585
            ],
            [
              37.52055855067603,
              55.88500840055816
            ],
            [
              37.52055267269255,
              55.88501375452477
            ],
            [
              37.520519065904494,
              55.88504431525691
            ],
            [
              37.52049135305035,
              55.885069530995416
            ],
            [
              37.52048547504841,
              55.88507488495876
            ],
            [
              37.52045776215071,
              55.88510010068958
            ],
            [
              37.52042417119374,
              55.88513066139286
            ],
            [
              37.520418277188504,
              55.88513600637391
            ],
            [
              37.52040997128651,
              55.885143570189776
            ],
            [
              37.52039136333865,
              55.88516146446453
            ],
            [
              37.520385772971714,
              55.88516685430346
            ],
            [
              37.52035913082976,
              55.88519248299355
            ],
            [
              37.52034309441891,
              55.88520791589872
            ],
            [
              37.52036553427216,
              55.88521496286525
            ],
            [
              37.520362371754366,
              55.88521808895842
            ],
            [
              37.5203568932372,
              55.885223478778165
            ],
            [
              37.520330682595564,
              55.88524928702474
            ],
            [
              37.52029899338593,
              55.88528048508275
            ],
            [
              37.520293514851204,
              55.88528587489963
            ],
            [
              37.520267799262754,
              55.88531118008556
            ],
            [
              37.52026730412098,
              55.88531167415086
            ],
            [
              37.520261841562274,
              55.88531707294535
            ],
            [
              37.520235694729315,
              55.885342908105926
            ],
            [
              37.520231749546106,
              55.88534681571686
            ],
            [
              37.52023039193813,
              55.885348252984215
            ],
            [
              37.520205747480084,
              55.88537461781372
            ],
            [
              37.52020066845012,
              55.885380052471156
            ],
            [
              37.520176007971436,
              55.88540641729709
            ],
            [
              37.52017092893317,
              55.88541185195326
            ],
            [
              37.520153168243766,
              55.885430823846974
            ],
            [
              37.52015174578559,
              55.88543041091852
            ],
            [
              37.52010154700376,
              55.885485673488354
            ],
            [
              37.520098702089,
              55.88548485661181
            ],
            [
              37.52009590512442,
              55.885484057690824
            ],
            [
              37.52007346454299,
              55.88550792526819
            ],
            [
              37.52007239146962,
              55.88550312029219
            ],
            [
              37.5200341485716,
              55.88553167872495
            ],
            [
              37.52002803115371,
              55.88553788595347
            ],
            [
              37.519672710957934,
              55.885874840062954
            ],
            [
              37.519736771115454,
              55.88589560459092
            ],
            [
              37.51903166088394,
              55.88657493409547
            ],
            [
              37.519030862205454,
              55.88657570662965
            ]
          ],
          [
            [
              37.518681861537345,
              55.887036557725445
            ],
            [
              37.51878544673802,
              55.88706286759609
            ],
            [
              37.51872815691031,
              55.88713671350991
            ],
            [
              37.518620419173345,
              55.88711626916319
            ],
            [
              37.518681861537345,
              55.887036557725445
            ]
          ]
        ]
      }
    }
  ]
}