{
  "type": "FeatureCollection",
  "name": "smm_routes",
  "metadata": {
    "title": "Маршруты СММ — быстрые переходы и направления",
    "description": "Слой-оверлей к слою «Маршруты СММ» общей карты: кнопки быстрого приближения к пяти эталонным дворам и векторы направления движения и выброса снега.",
    "source": "Контуры: АСУ ОДС (smm.geojson). Направления: реальные GPS-треки work/smm_tracks/ при наличии, иначе схемы smm/dt*.svg и паспортные описания из work/smm-karta-sao.",
    "bearing_convention": "Азимут, градусов: 0 = север, по часовой стрелке. bearing = null — направление не утверждено.",
    "track_note": "route_direction с source=gpx — фактический маршрут (LineString); nozzle_direction с source=json — замеры азимутов выброса (nozzle_track). Без треков оверлей остаётся схематичным.",
    "track_usage": {
      "dt1": {
        "route": "gpx",
        "nozzle": "json"
      },
      "dt2": {
        "route": "gpx",
        "nozzle": "json"
      },
      "dt3": {
        "route": "gpx",
        "nozzle": "json"
      },
      "dt4": {
        "route": "gpx",
        "nozzle": "json"
      },
      "dt5": {
        "route": "gpx",
        "nozzle": "json"
      }
    },
    "generated_at": "2026-08-27",
    "feature_count": 15
  },
  "features": [
    {
      "type": "Feature",
      "id": "smm-variant-dt1",
      "properties": {
        "variant_id": "dt1",
        "feature_kind": "variant_outline",
        "code": "ДТ-1",
        "name": "ДТ-1 «Каре» — маршрут СММ",
        "district": "Сокол",
        "section": "Участок 1",
        "address": "ул. Новопесчаная, д. 21",
        "detail": "smm/#dt1",
        "scheme": "smm/dt1.svg",
        "storage": "Н-1 — центральный газон",
        "passes": 5,
        "status": "Контур подтверждён АСУ ОДС",
        "source_yard_id": "128225627500038"
      },
      "geometry": {
        "type": "Polygon",
        "coordinates": [
          [
            [
              37.51140760101118,
              55.794255772318266
            ],
            [
              37.51143415482939,
              55.79428757425785
            ],
            [
              37.51143943379288,
              55.79429422924801
            ],
            [
              37.51147967197585,
              55.79434489158323
            ],
            [
              37.511509430198466,
              55.79437571421981
            ],
            [
              37.511512045756724,
              55.79437896537081
            ],
            [
              37.511569811356665,
              55.79445050862154
            ],
            [
              37.511623255094314,
              55.79451670810783
            ],
            [
              37.51162579092838,
              55.794519860464554
            ],
            [
              37.51167851716294,
              55.79458516181834
            ],
            [
              37.51166613022633,
              55.79458833346287
            ],
            [
              37.5116512882187,
              55.79459213404361
            ],
            [
              37.51168267468615,
              55.79462909100196
            ],
            [
              37.511693403663905,
              55.79462634164382
            ],
            [
              37.51170694424432,
              55.79464356736153
            ],
            [
              37.51171491527341,
              55.794641590674466
            ],
            [
              37.511722535574755,
              55.79463969485353
            ],
            [
              37.511761386701885,
              55.79468779742964
            ],
            [
              37.51176392255568,
              55.79469094080169
            ],
            [
              37.511857446378926,
              55.794806778507954
            ],
            [
              37.511851372471334,
              55.79480841372795
            ],
            [
              37.511845314506445,
              55.7948100489462
            ],
            [
              37.51183812465796,
              55.79481198964442
            ],
            [
              37.51186833172453,
              55.7948491083312
            ],
            [
              37.51187585638409,
              55.79484715861923
            ],
            [
              37.511894524546776,
              55.79484230680457
            ],
            [
              37.51190559551607,
              55.79486453553699
            ],
            [
              37.51196047060084,
              55.79491442395437
            ],
            [
              37.51196742765317,
              55.7949345423537
            ],
            [
              37.511974886786724,
              55.79492645813273
            ],
            [
              37.512095042093996,
              55.79489471471967
            ],
            [
              37.51211445963026,
              55.794890015491625
            ],
            [
              37.512149532225145,
              55.79488112035097
            ],
            [
              37.512413867533674,
              55.79481425366562
            ],
            [
              37.512675874060186,
              55.794746838752694
            ],
            [
              37.51284726577549,
              55.794702488282475
            ],
            [
              37.51311507368534,
              55.79463371562319
            ],
            [
              37.51346660670422,
              55.79454253336058
            ],
            [
              37.51346998950711,
              55.79455130814338
            ],
            [
              37.513488004526586,
              55.79454910575921
            ],
            [
              37.51348463766295,
              55.79454033097523
            ],
            [
              37.513487491359456,
              55.794539953447796
            ],
            [
              37.513490456701724,
              55.79453971063435
            ],
            [
              37.51349256134386,
              55.794540168483586
            ],
            [
              37.51349782295397,
              55.794541326579136
            ],
            [
              37.51351026018139,
              55.79454618439547
            ],
            [
              37.5135213588561,
              55.79455308119817
            ],
            [
              37.51352665363405,
              55.794558146333806
            ],
            [
              37.51343720901715,
              55.79444887510285
            ],
            [
              37.51347107156988,
              55.79444712915237
            ],
            [
              37.513508329944415,
              55.79444522116958
            ],
            [
              37.51353013972025,
              55.79444409619086
            ],
            [
              37.51352422395898,
              55.79444142025527
            ],
            [
              37.513518642339164,
              55.79443671441775
            ],
            [
              37.513372464351136,
              55.794252370880955
            ],
            [
              37.513451183433105,
              55.79422933366483
            ],
            [
              37.513400096999874,
              55.79416452689264
            ],
            [
              37.51331962326352,
              55.79418437574769
            ],
            [
              37.513304295717376,
              55.79416466245425
            ],
            [
              37.513303051645515,
              55.794163045872985
            ],
            [
              37.51318590373555,
              55.79401624269924
            ],
            [
              37.513133382669004,
              55.79394988212277
            ],
            [
              37.513048784739524,
              55.793832894818806
            ],
            [
              37.512967332769946,
              55.793832858029475
            ],
            [
              37.512948997847374,
              55.793830749147126
            ],
            [
              37.51288764761752,
              55.79382369559129
            ],
            [
              37.51283651658905,
              55.79381607515297
            ],
            [
              37.512757435806506,
              55.793801963647034
            ],
            [
              37.512585847631954,
              55.793869217386046
            ],
            [
              37.51258068435311,
              55.793876493070464
            ],
            [
              37.512574675937636,
              55.79388322993313
            ],
            [
              37.51256838029565,
              55.79388913152381
            ],
            [
              37.51256402899859,
              55.793892778517396
            ],
            [
              37.51256256262502,
              55.793894000171214
            ],
            [
              37.512559008203766,
              55.793896766880216
            ],
            [
              37.51255527838331,
              55.793899443788796
            ],
            [
              37.51255138911195,
              55.793902048858875
            ],
            [
              37.512547356327154,
              55.79390456412546
            ],
            [
              37.512543180031585,
              55.79390699857026
            ],
            [
              37.51253886021986,
              55.79390933422986
            ],
            [
              37.512534428777684,
              55.79391157110114
            ],
            [
              37.5125298697649,
              55.79391371816735
            ],
            [
              37.51252521506191,
              55.79391575746199
            ],
            [
              37.51249091004259,
              55.79392918840297
            ],
            [
              37.512485442208444,
              55.793931093048045
            ],
            [
              37.512457210325344,
              55.793940939696405
            ],
            [
              37.51245383079003,
              55.79394212560419
            ],
            [
              37.51245395837883,
              55.793942278281186
            ],
            [
              37.51246620688007,
              55.79395682748978
            ],
            [
              37.51142779385818,
              55.794230379265365
            ],
            [
              37.51139385365149,
              55.79423932799337
            ],
            [
              37.51140760101118,
              55.794255772318266
            ]
          ]
        ]
      }
    },
    {
      "type": "Feature",
      "id": "smm-route-dt1",
      "properties": {
        "variant_id": "dt1",
        "feature_kind": "route_direction",
        "bearing": 8.5,
        "source": "gpx",
        "route_origin": "road_nav",
        "track_file": "dt1.gpx",
        "track_points": 92,
        "name": "ДТ-1: направление движения по маршруту",
        "status": "Маршрут по проезду из схемы (by build_smm_road_routes, 92 точек): презентационный"
      },
      "geometry": {
        "type": "LineString",
        "coordinates": [
          [
            37.511443,
            55.794259
          ],
          [
            37.51147,
            55.79429
          ],
          [
            37.511475,
            55.794296
          ],
          [
            37.511516,
            55.794345
          ],
          [
            37.511545,
            55.794375
          ],
          [
            37.511548,
            55.794378
          ],
          [
            37.511606,
            55.794447
          ],
          [
            37.511659,
            55.79451
          ],
          [
            37.511661,
            55.794513
          ],
          [
            37.511713,
            55.794575
          ],
          [
            37.511701,
            55.794578
          ],
          [
            37.511686,
            55.794582
          ],
          [
            37.511717,
            55.794617
          ],
          [
            37.511727,
            55.794615
          ],
          [
            37.511741,
            55.794631
          ],
          [
            37.511749,
            55.794629
          ],
          [
            37.511756,
            55.794627
          ],
          [
            37.511794,
            55.794673
          ],
          [
            37.511797,
            55.794676
          ],
          [
            37.511887,
            55.794786
          ],
          [
            37.511881,
            55.794788
          ],
          [
            37.511875,
            55.794789
          ],
          [
            37.511868,
            55.794791
          ],
          [
            37.511896,
            55.794827
          ],
          [
            37.511904,
            55.794825
          ],
          [
            37.511922,
            55.79482
          ],
          [
            37.511933,
            55.794841
          ],
          [
            37.511985,
            55.794888
          ],
          [
            37.511992,
            55.794908
          ],
          [
            37.511999,
            55.7949
          ],
          [
            37.512116,
            55.794866
          ],
          [
            37.512135,
            55.794861
          ],
          [
            37.512169,
            55.794851
          ],
          [
            37.51242,
            55.794779
          ],
          [
            37.512661,
            55.794714
          ],
          [
            37.512822,
            55.794677
          ],
          [
            37.513082,
            55.794619
          ],
          [
            37.513431,
            55.794536
          ],
          [
            37.513435,
            55.794544
          ],
          [
            37.513453,
            55.794542
          ],
          [
            37.513449,
            55.794534
          ],
          [
            37.513452,
            55.794533
          ],
          [
            37.513455,
            55.794533
          ],
          [
            37.513457,
            55.794533
          ],
          [
            37.513463,
            55.794535
          ],
          [
            37.513475,
            55.794539
          ],
          [
            37.513486,
            55.794546
          ],
          [
            37.513491,
            55.794551
          ],
          [
            37.513401,
            55.794445
          ],
          [
            37.513435,
            55.794444
          ],
          [
            37.513473,
            55.794442
          ],
          [
            37.513494,
            55.794441
          ],
          [
            37.513488,
            55.794438
          ],
          [
            37.513483,
            55.794434
          ],
          [
            37.513337,
            55.794256
          ],
          [
            37.513416,
            55.794234
          ],
          [
            37.513365,
            55.794172
          ],
          [
            37.513284,
            55.794191
          ],
          [
            37.513269,
            55.794173
          ],
          [
            37.513268,
            55.794171
          ],
          [
            37.513154,
            55.794032
          ],
          [
            37.513103,
            55.793969
          ],
          [
            37.513023,
            55.793857
          ],
          [
            37.512943,
            55.793859
          ],
          [
            37.512925,
            55.793858
          ],
          [
            37.512866,
            55.793853
          ],
          [
            37.512817,
            55.793846
          ],
          [
            37.512742,
            55.793834
          ],
          [
            37.512579,
            55.793905
          ],
          [
            37.512574,
            55.793912
          ],
          [
            37.512569,
            55.793919
          ],
          [
            37.512563,
            55.793925
          ],
          [
            37.512559,
            55.793928
          ],
          [
            37.512557,
            55.79393
          ],
          [
            37.512554,
            55.793932
          ],
          [
            37.512551,
            55.793935
          ],
          [
            37.512547,
            55.793938
          ],
          [
            37.512543,
            55.79394
          ],
          [
            37.512539,
            55.793943
          ],
          [
            37.512535,
            55.793945
          ],
          [
            37.512531,
            55.793947
          ],
          [
            37.512527,
            55.79395
          ],
          [
            37.512523,
            55.793952
          ],
          [
            37.512491,
            55.793965
          ],
          [
            37.512486,
            55.793967
          ],
          [
            37.512461,
            55.793977
          ],
          [
            37.512457,
            55.793978
          ],
          [
            37.512458,
            55.793978
          ],
          [
            37.512469,
            55.793993
          ],
          [
            37.511463,
            55.794234
          ],
          [
            37.51143,
            55.794243
          ],
          [
            37.511443,
            55.794259
          ]
        ]
      }
    },
    {
      "type": "Feature",
      "id": "smm-nozzle-dt1",
      "properties": {
        "variant_id": "dt1",
        "feature_kind": "nozzle_direction",
        "bearing": 35.8,
        "source": "json",
        "route_origin": "road_nav",
        "track_file": "dt1.nozzle.json",
        "nozzle_track": [
          [
            37.511443,
            55.794259,
            81.2
          ],
          [
            37.511548,
            55.794378,
            92.9
          ],
          [
            37.511701,
            55.794578,
            117.0
          ],
          [
            37.511749,
            55.794629,
            123.5
          ],
          [
            37.511881,
            55.794788,
            141.6
          ],
          [
            37.511922,
            55.79482,
            145.5
          ],
          [
            37.512116,
            55.794866,
            157.5
          ],
          [
            37.512822,
            55.794677,
            209.4
          ],
          [
            37.513449,
            55.794534,
            251.2
          ],
          [
            37.513475,
            55.794539,
            251.1
          ],
          [
            37.513473,
            55.794442,
            260.6
          ],
          [
            37.513416,
            55.794234,
            282.8
          ],
          [
            37.513154,
            55.794032,
            310.8
          ],
          [
            37.512866,
            55.793853,
            337.3
          ],
          [
            37.512569,
            55.793919,
            354.6
          ],
          [
            37.512551,
            55.793935,
            355.7
          ],
          [
            37.512531,
            55.793947,
            357.2
          ],
          [
            37.512461,
            55.793977,
            3.0
          ],
          [
            37.51143,
            55.794243,
            79.8
          ]
        ],
        "name": "ДТ-1: направление выброса снега",
        "note": "азимут 90° влево (внутрь двора), дефлектор 40° навесной, R = 5,0 м",
        "status": "Векторы выброса из схемы (19 точек, by build_smm_road_routes): презентационные"
      },
      "geometry": {
        "type": "Point",
        "coordinates": [
          37.511443,
          55.794259
        ]
      }
    },
    {
      "type": "Feature",
      "id": "smm-variant-dt2",
      "properties": {
        "variant_id": "dt2",
        "feature_kind": "variant_outline",
        "code": "ДТ-2",
        "name": "ДТ-2 «Линейный» — маршрут СММ",
        "district": "Восточное Дегунино",
        "section": "Участок 2",
        "address": "ул. Дубнинская, д. 30Б",
        "detail": "smm/#dt2",
        "scheme": "smm/dt2.svg",
        "storage": "Н-2 — окна газона между кронами",
        "passes": 5,
        "status": "Контур подтверждён АСУ ОДС; уточнён адрес",
        "source_yard_id": "132070173500038"
      },
      "geometry": {
        "type": "Polygon",
        "coordinates": [
          [
            [
              37.55833030743828,
              55.87706917890139
            ],
            [
              37.55828914902233,
              55.87706793173923
            ],
            [
              37.558285416617395,
              55.877136948037645
            ],
            [
              37.55828521438908,
              55.87714064854813
            ],
            [
              37.55828397024653,
              55.87716365098685
            ],
            [
              37.558283924148476,
              55.8771648904681
            ],
            [
              37.558282877120085,
              55.87719153934097
            ],
            [
              37.558279120983514,
              55.877287742927656
            ],
            [
              37.5581949536906,
              55.877287503798236
            ],
            [
              37.558194910330165,
              55.877333884758805
            ],
            [
              37.558194909589815,
              55.877344204608114
            ],
            [
              37.55819619039101,
              55.87740009645598
            ],
            [
              37.55819240905353,
              55.87740363696745
            ],
            [
              37.55819076583002,
              55.877405272383776
            ],
            [
              37.558188578643936,
              55.877406405084734
            ],
            [
              37.55818479416291,
              55.877407816960165
            ],
            [
              37.55817516317841,
              55.87740997703465
            ],
            [
              37.558163199449375,
              55.8774120753251
            ],
            [
              37.558082472247406,
              55.87742626793236
            ],
            [
              37.558082431701266,
              55.877431279679364
            ],
            [
              37.558081243001205,
              55.87764379366957
            ],
            [
              37.55808096270621,
              55.87769211476137
            ],
            [
              37.558080862324246,
              55.87771073364684
            ],
            [
              37.55814163991034,
              55.87771096579657
            ],
            [
              37.55816480693099,
              55.87771102684777
            ],
            [
              37.55823531463552,
              55.87771126339498
            ],
            [
              37.55829663542097,
              55.87771147725142
            ],
            [
              37.55832146410903,
              55.87771156444125
            ],
            [
              37.55833423132697,
              55.87771253746396
            ],
            [
              37.558345466490934,
              55.877714696772124
            ],
            [
              37.558356399552466,
              55.87771784419566
            ],
            [
              37.55836468287665,
              55.87772266343415
            ],
            [
              37.558372663860055,
              55.877728309119995
            ],
            [
              37.55837740171526,
              55.877734117992
            ],
            [
              37.55838149678661,
              55.8777482171734
            ],
            [
              37.55838010585305,
              55.87775838498574
            ],
            [
              37.55837685585585,
              55.87776470056558
            ],
            [
              37.558375180457624,
              55.87776619229388
            ],
            [
              37.558368893805245,
              55.87777184465705
            ],
            [
              37.558359156073756,
              55.87777749863469
            ],
            [
              37.55834940163085,
              55.87778265863191
            ],
            [
              37.558337887471765,
              55.87778631952569
            ],
            [
              37.55832400671562,
              55.877788652249635
            ],
            [
              37.55832322393846,
              55.8777887244684
            ],
            [
              37.55855844050117,
              55.877788623232526
            ],
            [
              37.55860845038393,
              55.87778940808424
            ],
            [
              37.55887987173364,
              55.87778956764417
            ],
            [
              37.55896097219568,
              55.87778961016065
            ],
            [
              37.55920775664237,
              55.87778975369892
            ],
            [
              37.559208060128476,
              55.87778969966531
            ],
            [
              37.55920861918254,
              55.87778960060234
            ],
            [
              37.559209306013805,
              55.87778947453394
            ],
            [
              37.559447049050604,
              55.8777907445842
            ],
            [
              37.559448215617664,
              55.87779089671512
            ],
            [
              37.55947186185513,
              55.87779085849443
            ],
            [
              37.559615673704094,
              55.87779140954874
            ],
            [
              37.5597431088024,
              55.877791896430466
            ],
            [
              37.55988004951432,
              55.87779183073834
            ],
            [
              37.559967526941094,
              55.877793216767635
            ],
            [
              37.559968059657386,
              55.87775482020871
            ],
            [
              37.559968474216994,
              55.877754263150685
            ],
            [
              37.559968904753845,
              55.87775370608493
            ],
            [
              37.55996933529064,
              55.877753149019206
            ],
            [
              37.559969797781825,
              55.877752591938055
            ],
            [
              37.55997024430948,
              55.8777520438462
            ],
            [
              37.55997072279153,
              55.877751495739005
            ],
            [
              37.55997121725076,
              55.87775094762408
            ],
            [
              37.55997171172362,
              55.87775040849077
            ],
            [
              37.559972222173705,
              55.87774986934976
            ],
            [
              37.55997273262375,
              55.877749330208744
            ],
            [
              37.559973259064634,
              55.87774880004163
            ],
            [
              37.559973801496405,
              55.8777482788484
            ],
            [
              37.55997435989166,
              55.87774774866591
            ],
            [
              37.55997491830059,
              55.877747227465
            ],
            [
              37.559975492700374,
              55.87774671523798
            ],
            [
              37.55997608307735,
              55.87774620300328
            ],
            [
              37.55997667345428,
              55.87774569076856
            ],
            [
              37.559977279822114,
              55.877745187507735
            ],
            [
              37.55997790216706,
              55.87774468423927
            ],
            [
              37.55997852452573,
              55.877744189952324
            ],
            [
              37.55997916286154,
              55.87774369565772
            ],
            [
              37.55997981718819,
              55.877743210337016
            ],
            [
              37.55998047151486,
              55.87774272501627
            ],
            [
              37.559981141832345,
              55.87774224866949
            ],
            [
              37.559981828127036,
              55.87774177231498
            ],
            [
              37.55998251443539,
              55.877741304942035
            ],
            [
              37.55998321672088,
              55.877740837561426
            ],
            [
              37.55998391902008,
              55.87774037916237
            ],
            [
              37.55998463729644,
              55.87773992075565
            ],
            [
              37.559985371563606,
              55.87773947132283
            ],
            [
              37.5599861058308,
              55.877739021889994
            ],
            [
              37.55998684011165,
              55.87773858143871
            ],
            [
              37.559987606346866,
              55.87773814097206
            ],
            [
              37.55998837259572,
              55.87773770948702
            ],
            [
              37.55998913885827,
              55.877737286983546
            ],
            [
              37.55998992109797,
              55.877736864472354
            ],
            [
              37.559990719328525,
              55.87773645093511
            ],
            [
              37.5599915175591,
              55.87773603739781
            ],
            [
              37.559992315803285,
              55.87773563284206
            ],
            [
              37.55999314600183,
              55.877735228271
            ],
            [
              37.55999396023684,
              55.87773483268919
            ],
            [
              37.559994790462746,
              55.877734446081256
            ],
            [
              37.55999563666581,
              55.87773405946562
            ],
            [
              37.55999648288253,
              55.87773368183159
            ],
            [
              37.55999734509008,
              55.87773331317141
            ],
            [
              37.55999766442877,
              55.87773317829389
            ],
            [
              37.55999820729763,
              55.87773294451128
            ],
            [
              37.55999908549606,
              55.87773258482501
            ],
            [
              37.55999996369444,
              55.877732225138715
            ],
            [
              37.560000857883686,
              55.877731874426345
            ],
            [
              37.5600017520866,
              55.8777315326955
            ],
            [
              37.56000264630316,
              55.87773119994629
            ],
            [
              37.560003556496895,
              55.87773086718936
            ],
            [
              37.560004466704285,
              55.877730543414
            ],
            [
              37.56000539288888,
              55.87773021963098
            ],
            [
              37.56000631908712,
              55.8777299048295
            ],
            [
              37.56000726127623,
              55.877729599001924
            ],
            [
              37.56000820347898,
              55.8777293021559
            ],
            [
              37.56000914568171,
              55.87772900530992
            ],
            [
              37.56001010387534,
              55.87772871743778
            ],
            [
              37.5600110620826,
              55.87772843854723
            ],
            [
              37.56001203626705,
              55.877728159649
            ],
            [
              37.56001301046516,
              55.87772788973233
            ],
            [
              37.56001398467692,
              55.87772762879725
            ],
            [
              37.5600149588887,
              55.87772736786216
            ],
            [
              37.560015949105,
              55.87772712488252
            ],
            [
              37.560016955298465,
              55.87772688189521
            ],
            [
              37.56001794551474,
              55.877726638915554
            ],
            [
              37.56001895173555,
              55.8777264138914
            ],
            [
              37.56001995795637,
              55.87772618886719
            ],
            [
              37.56002096419085,
              55.87772597282459
            ],
            [
              37.560021986416174,
              55.877725765755905
            ],
            [
              37.560023008641544,
              55.877725558687146
            ],
            [
              37.560024030880506,
              55.87772536060002
            ],
            [
              37.56002506911039,
              55.877725171486745
            ],
            [
              37.56002610735393,
              55.87772499135506
            ],
            [
              37.56002714561111,
              55.87772482020494
            ],
            [
              37.560028183868305,
              55.8777246490548
            ],
            [
              37.56002922213917,
              55.87772448688629
            ],
            [
              37.560030276400944,
              55.8777243336916
            ],
            [
              37.560031330662646,
              55.87772418049695
            ],
            [
              37.56003238495175,
              55.87772404526544
            ],
            [
              37.56003343924082,
              55.87772391003391
            ],
            [
              37.560034493543604,
              55.87772378378396
            ],
            [
              37.56003556383723,
              55.87772366650791
            ],
            [
              37.56003661815367,
              55.87772354923952
            ],
            [
              37.560037688460966,
              55.87772344094499
            ],
            [
              37.55999507669773,
              55.877639124313966
            ],
            [
              37.55998837809112,
              55.87762588867133
            ],
            [
              37.55998793932371,
              55.877621038823015
            ],
            [
              37.559901262792835,
              55.87762073919611
            ],
            [
              37.559884263015036,
              55.877620684491184
            ],
            [
              37.55988372728638,
              55.87762561564224
            ],
            [
              37.559878654183805,
              55.87763063878834
            ],
            [
              37.55987027391878,
              55.87763573537513
            ],
            [
              37.559858999126064,
              55.877639081940686
            ],
            [
              37.55984455931344,
              55.87764141510455
            ],
            [
              37.55981249341183,
              55.87764159216006
            ],
            [
              37.559613832179586,
              55.877640825068916
            ],
            [
              37.55943447043455,
              55.87763943771134
            ],
            [
              37.55943057196864,
              55.87763941262473
            ],
            [
              37.55942418105335,
              55.87763937974422
            ],
            [
              37.55941779015165,
              55.877639355845
            ],
            [
              37.55940980150756,
              55.87763931474345
            ],
            [
              37.559353593464856,
              55.8776390630816
            ],
            [
              37.559353420678754,
              55.877651637391864
            ],
            [
              37.55931085720591,
              55.877651442086176
            ],
            [
              37.559286028527126,
              55.877651337132626
            ],
            [
              37.559285870034216,
              55.87766280670024
            ],
            [
              37.55928581153065,
              55.87766639936461
            ],
            [
              37.55928576900431,
              55.87766999202137
            ],
            [
              37.55928571050075,
              55.87767358468576
            ],
            [
              37.55924734903957,
              55.877673414304965
            ],
            [
              37.559247407546685,
              55.87766982164065
            ],
            [
              37.55924745133247,
              55.87766706427131
            ],
            [
              37.559025270303934,
              55.87766544517035
            ],
            [
              37.559023460486785,
              55.87763050763644
            ],
            [
              37.55902178287267,
              55.87763049944886
            ],
            [
              37.558981552061375,
              55.87763028496207
            ],
            [
              37.55894480428251,
              55.877630077797484
            ],
            [
              37.55890805651743,
              55.877629879603475
            ],
            [
              37.5588713087527,
              55.877629681398524
            ],
            [
              37.55883456098839,
              55.877629483182574
            ],
            [
              37.55881998970798,
              55.87762940922183
            ],
            [
              37.55879782920156,
              55.87762928494815
            ],
            [
              37.55876108143795,
              55.877629086710286
            ],
            [
              37.55872433367468,
              55.877628888461444
            ],
            [
              37.558687585911834,
              55.87762869020165
            ],
            [
              37.558650838149305,
              55.877628491930864
            ],
            [
              37.55861172574245,
              55.877628276797275
            ],
            [
              37.55861261984897,
              55.87754191837512
            ],
            [
              37.55861298279938,
              55.87750664749449
            ],
            [
              37.558585741672935,
              55.87750654353354
            ],
            [
              37.558586067370356,
              55.87747843998042
            ],
            [
              37.55857167193497,
              55.87747839285245
            ],
            [
              37.5585717864305,
              55.87746942917022
            ],
            [
              37.55857358837265,
              55.87731658857714
            ],
            [
              37.55858806364667,
              55.877316644648985
            ],
            [
              37.55858841891835,
              55.877286942357685
            ],
            [
              37.55863235597162,
              55.877287110322534
            ],
            [
              37.558634314186236,
              55.87712134513936
            ],
            [
              37.558632951876326,
              55.877096996683505
            ],
            [
              37.55863277537066,
              55.87706426784445
            ],
            [
              37.55863339035587,
              55.8770480737445
            ],
            [
              37.55863423502094,
              55.87704665425577
            ],
            [
              37.55863541606953,
              55.87704581841242
            ],
            [
              37.558638353856466,
              55.87704449673711
            ],
            [
              37.558642234668326,
              55.87704343508442
            ],
            [
              37.55864439104308,
              55.877043092769924
            ],
            [
              37.5586476500116,
              55.87704287567917
            ],
            [
              37.558691315075045,
              55.87704297189807
            ],
            [
              37.55874966369379,
              55.87704358211735
            ],
            [
              37.55877882199347,
              55.877043864770215
            ],
            [
              37.558941884267874,
              55.877045090137166
            ],
            [
              37.55894404171479,
              55.877045466344335
            ],
            [
              37.55894819783379,
              55.87704688347134
            ],
            [
              37.558950548562244,
              55.87704830145167
            ],
            [
              37.55895184513721,
              55.87704993548856
            ],
            [
              37.55895255181604,
              55.87705240509237
            ],
            [
              37.558952178363995,
              55.87706976668675
            ],
            [
              37.55895102588473,
              55.877089697384726
            ],
            [
              37.558951361413605,
              55.8770897062077
            ],
            [
              37.5589913040004,
              55.877089866950996
            ],
            [
              37.55903124658751,
              55.87709002768132
            ],
            [
              37.55907118918837,
              55.87709019738033
            ],
            [
              37.559111131776135,
              55.877090358084764
            ],
            [
              37.559151074377695,
              55.87709052775784
            ],
            [
              37.55919101696612,
              55.877090688436326
            ],
            [
              37.55923095956834,
              55.877090858083484
            ],
            [
              37.5592628976626,
              55.87709098661421
            ],
            [
              37.55927090211684,
              55.877090991791306
            ],
            [
              37.55931082856704,
              55.87709104465956
            ],
            [
              37.559350770980735,
              55.87709108852561
            ],
            [
              37.55939071339451,
              55.87709113237869
            ],
            [
              37.55943065582192,
              55.87709118520045
            ],
            [
              37.55947059823585,
              55.87709122902765
            ],
            [
              37.5595105406499,
              55.877091272841895
            ],
            [
              37.55955048307759,
              55.87709132562476
            ],
            [
              37.559590425491784,
              55.87709136941307
            ],
            [
              37.5596303679061,
              55.877091413188445
            ],
            [
              37.5596728187117,
              55.877091464731976
            ],
            [
              37.559674016981255,
              55.87709146415849
            ],
            [
              37.55967247219933,
              55.87712640329158
            ],
            [
              37.55967247262097,
              55.87712668172072
            ],
            [
              37.55968205874546,
              55.877126650187776
            ],
            [
              37.55990762046253,
              55.877126048025175
            ],
            [
              37.559982024889074,
              55.87712588650934
            ],
            [
              37.559995876801814,
              55.877125816973226
            ],
            [
              37.56000295455963,
              55.87712579560391
            ],
            [
              37.56000342975072,
              55.87712309191596
            ],
            [
              37.560005664855105,
              55.877059052087326
            ],
            [
              37.560006062281,
              55.87704725008369
            ],
            [
              37.56000831224559,
              55.87698248273806
            ],
            [
              37.5600321181021,
              55.876982668872685
            ],
            [
              37.56003213377791,
              55.87698247127008
            ],
            [
              37.56082088763319,
              55.87698669650833
            ],
            [
              37.56081856044282,
              55.87704196138207
            ],
            [
              37.56081452553661,
              55.877119106247264
            ],
            [
              37.560811647648706,
              55.87717988608594
            ],
            [
              37.560789203615975,
              55.87780345302077
            ],
            [
              37.56078539673879,
              55.877852440475785
            ],
            [
              37.56078483257597,
              55.877859581115885
            ],
            [
              37.560805556806685,
              55.87786070268916
            ],
            [
              37.560816021887135,
              55.8778606886024
            ],
            [
              37.5608151781282,
              55.877945448289566
            ],
            [
              37.56081404343836,
              55.87797630060837
            ],
            [
              37.56081483322597,
              55.878032516001056
            ],
            [
              37.56081356025432,
              55.87803589370026
            ],
            [
              37.56082013837817,
              55.87807434966321
            ],
            [
              37.560822379501765,
              55.87808747965561
            ],
            [
              37.56082271476071,
              55.878097655634456
            ],
            [
              37.56082298329527,
              55.878106008382915
            ],
            [
              37.56082330210563,
              55.878115878995686
            ],
            [
              37.56082424129848,
              55.878144673517525
            ],
            [
              37.5608242655262,
              55.878160364344765
            ],
            [
              37.56082428753503,
              55.878174618118535
            ],
            [
              37.56098081955971,
              55.87817564637726
            ],
            [
              37.56099101323464,
              55.87817571324277
            ],
            [
              37.56120923460262,
              55.8781771600912
            ],
            [
              37.561468135837444,
              55.87817952058319
            ],
            [
              37.561508734653216,
              55.87817969814959
            ],
            [
              37.56173334632216,
              55.87818070081744
            ],
            [
              37.56176076386275,
              55.87818092075531
            ],
            [
              37.561786695479626,
              55.87818112346059
            ],
            [
              37.5618481292886,
              55.87818160494004
            ],
            [
              37.56184771369863,
              55.878150968940034
            ],
            [
              37.56185047904805,
              55.87814159976842
            ],
            [
              37.561854411264925,
              55.87813256233656
            ],
            [
              37.56185624366704,
              55.87812938194393
            ],
            [
              37.56204072101702,
              55.87813108656466
            ],
            [
              37.56209098476695,
              55.878130423839366
            ],
            [
              37.56215125246452,
              55.87813110334352
            ],
            [
              37.56215374498842,
              55.8781311380268
            ],
            [
              37.562153046320134,
              55.87814400899497
            ],
            [
              37.56216109895171,
              55.878144031923384
            ],
            [
              37.5621740566467,
              55.87814406138586
            ],
            [
              37.56243089401889,
              55.87814476827022
            ],
            [
              37.562444155298415,
              55.87814480653379
            ],
            [
              37.562445081999485,
              55.878144815050995
            ],
            [
              37.562458167542324,
              55.87814486238268
            ],
            [
              37.562502153526424,
              55.87814503792378
            ],
            [
              37.562541633852746,
              55.87814518876582
            ],
            [
              37.56273619153302,
              55.87814595319948
            ],
            [
              37.56273682894428,
              55.87817498138026
            ],
            [
              37.56273686380391,
              55.87817680462568
            ],
            [
              37.56273703582676,
              55.8781844927808
            ],
            [
              37.562811026537446,
              55.878184132169174
            ],
            [
              37.56287185198985,
              55.87818384102763
            ],
            [
              37.56288155018495,
              55.878183791225915
            ],
            [
              37.562954150803805,
              55.87818339530342
            ],
            [
              37.56295492058271,
              55.878145214171646
            ],
            [
              37.56308064769002,
              55.87814594096502
            ],
            [
              37.56319359278427,
              55.87814659327908
            ],
            [
              37.563296647809665,
              55.87814719662475
            ],
            [
              37.56330795547202,
              55.87815444800525
            ],
            [
              37.56343091654331,
              55.87823327976053
            ],
            [
              37.563430931739354,
              55.878232794746886
            ],
            [
              37.563430888442646,
              55.878215837525474
            ],
            [
              37.56343088800855,
              55.878215568077955
            ],
            [
              37.56346710222333,
              55.87824123698549
            ],
            [
              37.56348692110885,
              55.87823560441233
            ],
            [
              37.56346671495934,
              55.87821905265343
            ],
            [
              37.563413457581476,
              55.87818637779876
            ],
            [
              37.5634072213422,
              55.878183237415854
            ],
            [
              37.56342291180366,
              55.878153895553865
            ],
            [
              37.5634298411057,
              55.87814094955382
            ],
            [
              37.56343324997172,
              55.878134561907146
            ],
            [
              37.56343944649403,
              55.87812297249986
            ],
            [
              37.563446264276536,
              55.878110233132176
            ],
            [
              37.5634533646012,
              55.87811419039791
            ],
            [
              37.56347584531586,
              55.878124453886755
            ],
            [
              37.56348548556722,
              55.87812811346404
            ],
            [
              37.56349403869406,
              55.878131360441444
            ],
            [
              37.5635094643016,
              55.87813597809863
            ],
            [
              37.563525415962765,
              55.878139850013625
            ],
            [
              37.56355165727803,
              55.8781438603838
            ],
            [
              37.563581777949764,
              55.878145919763426
            ],
            [
              37.56358311642916,
              55.878094212061065
            ],
            [
              37.563583446361505,
              55.87808085626681
            ],
            [
              37.563585671535385,
              55.877994497132704
            ],
            [
              37.56358537598621,
              55.877959891212676
            ],
            [
              37.56358496590563,
              55.87791372604292
            ],
            [
              37.56358441980514,
              55.8778525886294
            ],
            [
              37.563583814446375,
              55.877784436622605
            ],
            [
              37.563446554732224,
              55.877784820952414
            ],
            [
              37.56342324406777,
              55.87778488671041
            ],
            [
              37.563382502323456,
              55.87778499725903
            ],
            [
              37.56338237031225,
              55.877792317323255
            ],
            [
              37.56338241992108,
              55.87779335916263
            ],
            [
              37.56338533954508,
              55.87785029198525
            ],
            [
              37.56339343806056,
              55.878007851920344
            ],
            [
              37.56339571423913,
              55.87805213898794
            ],
            [
              37.56339576361726,
              55.87805303712192
            ],
            [
              37.563395780361056,
              55.87805351313774
            ],
            [
              37.563375870406325,
              55.8780521490833
            ],
            [
              37.5633125363055,
              55.87805218128257
            ],
            [
              37.56312098087606,
              55.878050203724094
            ],
            [
              37.56308178783289,
              55.87804980143786
            ],
            [
              37.56213645755038,
              55.87804004637045
            ],
            [
              37.56209093739683,
              55.878039575070574
            ],
            [
              37.56205727261114,
              55.87803922359334
            ],
            [
              37.5620321402786,
              55.87803922712384
            ],
            [
              37.56173013335844,
              55.878037023899445
            ],
            [
              37.56168903112878,
              55.87801116828654
            ],
            [
              37.561684359116285,
              55.87800693128795
            ],
            [
              37.56167523888913,
              55.8779985290322
            ],
            [
              37.56164981546195,
              55.877975863092885
            ],
            [
              37.56164509746778,
              55.87795245041852
            ],
            [
              37.561878819963724,
              55.87784482495007
            ],
            [
              37.561878767431686,
              55.87784189697737
            ],
            [
              37.56187378322198,
              55.877557578191535
            ],
            [
              37.56187374854447,
              55.87755584476155
            ],
            [
              37.56187376723075,
              55.8775575692179
            ],
            [
              37.56187353909679,
              55.87754456398637
            ],
            [
              37.56187353781278,
              55.87754374666213
            ],
            [
              37.561869124840015,
              55.877317897743225
            ],
            [
              37.561868442253584,
              55.877280031689864
            ],
            [
              37.56186840606692,
              55.87727733723017
            ],
            [
              37.56186836882215,
              55.87727396915164
            ],
            [
              37.56186565770841,
              55.87702285415817
            ],
            [
              37.56186445922147,
              55.876910827348894
            ],
            [
              37.56186386313333,
              55.87689750794291
            ],
            [
              37.56187705588229,
              55.87687453546096
            ],
            [
              37.561917436045455,
              55.87683812199203
            ],
            [
              37.562029099285375,
              55.87673740077187
            ],
            [
              37.562060768219,
              55.87670884150283
            ],
            [
              37.562046821010114,
              55.87669903156645
            ],
            [
              37.5620170872356,
              55.87667811027331
            ],
            [
              37.562019300042174,
              55.87667305253524
            ],
            [
              37.56202068072756,
              55.87666715094153
            ],
            [
              37.56202090920539,
              55.87666005536933
            ],
            [
              37.56202005540834,
              55.87665559194249
            ],
            [
              37.56201854358071,
              55.87664923372699
            ],
            [
              37.56201520794417,
              55.87664131362184
            ],
            [
              37.56196160968074,
              55.876552296767414
            ],
            [
              37.561961495893875,
              55.87655105736415
            ],
            [
              37.56196058521775,
              55.87654089963501
            ],
            [
              37.56195341145092,
              55.876530601314
            ],
            [
              37.56189748981768,
              55.876498097770174
            ],
            [
              37.56187554975777,
              55.876485345821024
            ],
            [
              37.56179481510491,
              55.876472335623085
            ],
            [
              37.56178705106185,
              55.87647273466259
            ],
            [
              37.56169157124844,
              55.876450327977985
            ],
            [
              37.56167693088621,
              55.87644667073388
            ],
            [
              37.56157123580088,
              55.87642022729373
            ],
            [
              37.561532595132306,
              55.876434859429054
            ],
            [
              37.56150538696597,
              55.87644515678309
            ],
            [
              37.56143386969,
              55.87647224461359
            ],
            [
              37.56143362643754,
              55.87651091049243
            ],
            [
              37.5614341231214,
              55.876542543418836
            ],
            [
              37.56143721747506,
              55.87655974164447
            ],
            [
              37.56143066218654,
              55.87659762025374
            ],
            [
              37.5614352368878,
              55.8766112969652
            ],
            [
              37.56143938055664,
              55.87662518944715
            ],
            [
              37.56144507384171,
              55.87664923934669
            ],
            [
              37.56144765748368,
              55.87670774416956
            ],
            [
              37.56144479309789,
              55.87671507456155
            ],
            [
              37.56139133204036,
              55.87678507649541
            ],
            [
              37.56137217995033,
              55.87680822251032
            ],
            [
              37.56133660262106,
              55.876851225926146
            ],
            [
              37.561327888585865,
              55.876857211954785
            ],
            [
              37.56131316395922,
              55.87686108128379
            ],
            [
              37.561294536649534,
              55.876862168236556
            ],
            [
              37.561274323678354,
              55.87686071417529
            ],
            [
              37.56124510967775,
              55.87685535754097
            ],
            [
              37.56121844946514,
              55.876848382958784
            ],
            [
              37.561217538423065,
              55.87684814988483
            ],
            [
              37.56119162406495,
              55.87684819853599
            ],
            [
              37.56111245906649,
              55.87684835413554
            ],
            [
              37.56099844867605,
              55.87684857164899
            ],
            [
              37.56099605402939,
              55.87684978533579
            ],
            [
              37.56084337101339,
              55.87692714655945
            ],
            [
              37.560735564036975,
              55.87693036065326
            ],
            [
              37.56071504827989,
              55.876929418598486
            ],
            [
              37.56022229733797,
              55.876903143948645
            ],
            [
              37.56018646113947,
              55.87690308041995
            ],
            [
              37.560109796676166,
              55.87690865006785
            ],
            [
              37.55999216612271,
              55.87692380478312
            ],
            [
              37.55994274690754,
              55.876932495789774
            ],
            [
              37.55987003030185,
              55.87693915914448
            ],
            [
              37.55983090546867,
              55.87694083053873
            ],
            [
              37.55981367947596,
              55.87693890776147
            ],
            [
              37.559810959088814,
              55.876946588328074
            ],
            [
              37.55979657842178,
              55.87694561623225
            ],
            [
              37.55945024050173,
              55.876919726247614
            ],
            [
              37.55941951352463,
              55.876917432624644
            ],
            [
              37.5593459265685,
              55.87687665531286
            ],
            [
              37.559102194276484,
              55.876873034730124
            ],
            [
              37.55900385420185,
              55.87687132090765
            ],
            [
              37.55897482190916,
              55.87686974489919
            ],
            [
              37.5589748375809,
              55.87688021742867
            ],
            [
              37.558971573553876,
              55.8768983977155
            ],
            [
              37.558951073787696,
              55.87691878664137
            ],
            [
              37.55893155235729,
              55.87693101083393
            ],
            [
              37.55890693891334,
              55.87693563900155
            ],
            [
              37.55887476417951,
              55.87693744153263
            ],
            [
              37.55862923010581,
              55.876936470433925
            ],
            [
              37.55859860225657,
              55.87693635010482
            ],
            [
              37.558585485170894,
              55.87693630237786
            ],
            [
              37.55856878924092,
              55.876936238367044
            ],
            [
              37.55856647256892,
              55.876936221491796
            ],
            [
              37.55854027035144,
              55.8769361260146
            ],
            [
              37.558498490571544,
              55.87693595700515
            ],
            [
              37.55849286668869,
              55.876935941679726
            ],
            [
              37.55843808178181,
              55.876935805693414
            ],
            [
              37.558398123458296,
              55.876935698667566
            ],
            [
              37.557877019272944,
              55.87693404644927
            ],
            [
              37.55787685957622,
              55.87694497712126
            ],
            [
              37.55787659836684,
              55.87696294042717
            ],
            [
              37.55787609147588,
              55.87699856165749
            ],
            [
              37.55829211528051,
              55.876999427748736
            ],
            [
              37.55829017346266,
              55.87702601416946
            ],
            [
              37.55829295550239,
              55.877027405016015
            ],
            [
              37.55829537069789,
              55.87702921816879
            ],
            [
              37.55829717932924,
              55.87703140883194
            ],
            [
              37.55829810960299,
              55.877033851390195
            ],
            [
              37.55829807888465,
              55.87703468669264
            ],
            [
              37.558298017487786,
              55.87703638424228
            ],
            [
              37.558296934644936,
              55.87703880977837
            ],
            [
              37.558295004614074,
              55.87704095728097
            ],
            [
              37.558292466889334,
              55.8770427188592
            ],
            [
              37.55828959302496,
              55.87704405845959
            ],
            [
              37.55828901176143,
              55.87705074103585
            ],
            [
              37.55833138428486,
              55.8770519067959
            ],
            [
              37.55833030743828,
              55.87706917890139
            ]
          ]
        ]
      }
    },
    {
      "type": "Feature",
      "id": "smm-route-dt2",
      "properties": {
        "variant_id": "dt2",
        "feature_kind": "route_direction",
        "bearing": 108.2,
        "source": "gpx",
        "route_origin": "road_nav",
        "track_file": "dt2.gpx",
        "track_points": 243,
        "name": "ДТ-2: направление движения по маршруту",
        "status": "Маршрут по проезду из схемы (by build_smm_road_routes, 243 точек): презентационный"
      },
      "geometry": {
        "type": "LineString",
        "coordinates": [
          [
            37.558365,
            55.877077
          ],
          [
            37.558321,
            55.877143
          ],
          [
            37.558319,
            55.877169
          ],
          [
            37.558318,
            55.877197
          ],
          [
            37.558231,
            55.877291
          ],
          [
            37.558231,
            55.877347
          ],
          [
            37.558228,
            55.877405
          ],
          [
            37.558224,
            55.877408
          ],
          [
            37.558211,
            55.877411
          ],
          [
            37.558118,
            55.877427
          ],
          [
            37.558117,
            55.877641
          ],
          [
            37.558117,
            55.877707
          ],
          [
            37.558201,
            55.877707
          ],
          [
            37.558332,
            55.877708
          ],
          [
            37.55837,
            55.877709
          ],
          [
            37.558392,
            55.877714
          ],
          [
            37.558408,
            55.877724
          ],
          [
            37.558417,
            55.877744
          ],
          [
            37.558412,
            55.87776
          ],
          [
            37.558404,
            55.877767
          ],
          [
            37.558385,
            55.877777
          ],
          [
            37.55836,
            55.877783
          ],
          [
            37.558594,
            55.877783
          ],
          [
            37.558915,
            55.877782
          ],
          [
            37.559242,
            55.87778
          ],
          [
            37.559243,
            55.87778
          ],
          [
            37.559481,
            55.877779
          ],
          [
            37.559506,
            55.877779
          ],
          [
            37.559775,
            55.877775
          ],
          [
            37.559995,
            55.87777
          ],
          [
            37.559997,
            55.877732
          ],
          [
            37.559998,
            55.877731
          ],
          [
            37.559999,
            55.87773
          ],
          [
            37.56,
            55.877729
          ],
          [
            37.560001,
            55.877728
          ],
          [
            37.560002,
            55.877727
          ],
          [
            37.560003,
            55.877726
          ],
          [
            37.560004,
            55.877725
          ],
          [
            37.560005,
            55.877724
          ],
          [
            37.560007,
            55.877723
          ],
          [
            37.560008,
            55.877722
          ],
          [
            37.560009,
            55.877721
          ],
          [
            37.56001,
            55.87772
          ],
          [
            37.560012,
            55.877719
          ],
          [
            37.560013,
            55.877718
          ],
          [
            37.560015,
            55.877717
          ],
          [
            37.560016,
            55.877716
          ],
          [
            37.560018,
            55.877716
          ],
          [
            37.560019,
            55.877715
          ],
          [
            37.560021,
            55.877714
          ],
          [
            37.560022,
            55.877713
          ],
          [
            37.560024,
            55.877712
          ],
          [
            37.560026,
            55.877711
          ],
          [
            37.560027,
            55.877711
          ],
          [
            37.560028,
            55.87771
          ],
          [
            37.56003,
            55.87771
          ],
          [
            37.560032,
            55.877709
          ],
          [
            37.560034,
            55.877708
          ],
          [
            37.560036,
            55.877707
          ],
          [
            37.560037,
            55.877707
          ],
          [
            37.560039,
            55.877706
          ],
          [
            37.560041,
            55.877706
          ],
          [
            37.560043,
            55.877705
          ],
          [
            37.560045,
            55.877704
          ],
          [
            37.560047,
            55.877704
          ],
          [
            37.560049,
            55.877703
          ],
          [
            37.560051,
            55.877703
          ],
          [
            37.560053,
            55.877702
          ],
          [
            37.560055,
            55.877702
          ],
          [
            37.560057,
            55.877702
          ],
          [
            37.560059,
            55.877701
          ],
          [
            37.560061,
            55.877701
          ],
          [
            37.560063,
            55.877701
          ],
          [
            37.560065,
            55.8777
          ],
          [
            37.560022,
            55.877612
          ],
          [
            37.559936,
            55.87761
          ],
          [
            37.559918,
            55.877615
          ],
          [
            37.559905,
            55.877625
          ],
          [
            37.559879,
            55.877631
          ],
          [
            37.559649,
            55.877634
          ],
          [
            37.559466,
            55.877634
          ],
          [
            37.559453,
            55.877634
          ],
          [
            37.559389,
            55.877634
          ],
          [
            37.559346,
            55.877646
          ],
          [
            37.559321,
            55.877657
          ],
          [
            37.559321,
            55.877664
          ],
          [
            37.559283,
            55.877668
          ],
          [
            37.559283,
            55.877661
          ],
          [
            37.559059,
            55.877627
          ],
          [
            37.559017,
            55.877627
          ],
          [
            37.558944,
            55.877626
          ],
          [
            37.55887,
            55.877626
          ],
          [
            37.558834,
            55.877626
          ],
          [
            37.55876,
            55.877626
          ],
          [
            37.558687,
            55.877626
          ],
          [
            37.558649,
            55.877541
          ],
          [
            37.558622,
            55.877506
          ],
          [
            37.558608,
            55.877479
          ],
          [
            37.558609,
            55.87732
          ],
          [
            37.558624,
            55.877291
          ],
          [
            37.558669,
            55.877129
          ],
          [
            37.558668,
            55.877073
          ],
          [
            37.558669,
            55.877056
          ],
          [
            37.558673,
            55.877054
          ],
          [
            37.558679,
            55.877053
          ],
          [
            37.558726,
            55.877053
          ],
          [
            37.558813,
            55.877054
          ],
          [
            37.558978,
            55.877057
          ],
          [
            37.558985,
            55.87706
          ],
          [
            37.558987,
            55.877064
          ],
          [
            37.558985,
            55.8771
          ],
          [
            37.559026,
            55.877101
          ],
          [
            37.559105,
            55.877101
          ],
          [
            37.559185,
            55.877102
          ],
          [
            37.559265,
            55.877104
          ],
          [
            37.559304,
            55.877104
          ],
          [
            37.559384,
            55.877105
          ],
          [
            37.559463,
            55.877106
          ],
          [
            37.559543,
            55.877108
          ],
          [
            37.559622,
            55.877109
          ],
          [
            37.559703,
            55.877111
          ],
          [
            37.559703,
            55.877145
          ],
          [
            37.559713,
            55.877145
          ],
          [
            37.560006,
            55.877153
          ],
          [
            37.560026,
            55.877154
          ],
          [
            37.560026,
            55.877089
          ],
          [
            37.560026,
            55.877014
          ],
          [
            37.560049,
            55.877014
          ],
          [
            37.560792,
            55.877066
          ],
          [
            37.560781,
            55.877199
          ],
          [
            37.560757,
            55.877831
          ],
          [
            37.560776,
            55.87784
          ],
          [
            37.560788,
            55.877922
          ],
          [
            37.56079,
            55.878006
          ],
          [
            37.560796,
            55.878048
          ],
          [
            37.560799,
            55.87807
          ],
          [
            37.5608,
            55.878088
          ],
          [
            37.560802,
            55.878132
          ],
          [
            37.560955,
            55.87815
          ],
          [
            37.561181,
            55.878156
          ],
          [
            37.561477,
            55.878162
          ],
          [
            37.561728,
            55.878166
          ],
          [
            37.561815,
            55.878167
          ],
          [
            37.561817,
            55.878128
          ],
          [
            37.561823,
            55.878116
          ],
          [
            37.562057,
            55.878118
          ],
          [
            37.56212,
            55.878119
          ],
          [
            37.562127,
            55.878132
          ],
          [
            37.562397,
            55.878134
          ],
          [
            37.562411,
            55.878134
          ],
          [
            37.562468,
            55.878135
          ],
          [
            37.562701,
            55.878137
          ],
          [
            37.562702,
            55.878167
          ],
          [
            37.562776,
            55.878175
          ],
          [
            37.562847,
            55.878175
          ],
          [
            37.56292,
            55.878137
          ],
          [
            37.563159,
            55.878139
          ],
          [
            37.563273,
            55.878147
          ],
          [
            37.563396,
            55.878225
          ],
          [
            37.563396,
            55.878208
          ],
          [
            37.563452,
            55.878227
          ],
          [
            37.563378,
            55.878179
          ],
          [
            37.563388,
            55.878146
          ],
          [
            37.563398,
            55.878127
          ],
          [
            37.563411,
            55.878103
          ],
          [
            37.563441,
            55.878117
          ],
          [
            37.563459,
            55.878124
          ],
          [
            37.56349,
            55.878133
          ],
          [
            37.563547,
            55.878139
          ],
          [
            37.563548,
            55.878075
          ],
          [
            37.56355,
            55.877955
          ],
          [
            37.563549,
            55.877849
          ],
          [
            37.563411,
            55.877782
          ],
          [
            37.563347,
            55.877782
          ],
          [
            37.563347,
            55.87779
          ],
          [
            37.563358,
            55.878002
          ],
          [
            37.56336,
            55.878047
          ],
          [
            37.563341,
            55.878046
          ],
          [
            37.563086,
            55.878043
          ],
          [
            37.562102,
            55.87803
          ],
          [
            37.562023,
            55.878029
          ],
          [
            37.561697,
            55.878024
          ],
          [
            37.561651,
            55.877994
          ],
          [
            37.561616,
            55.877964
          ],
          [
            37.561844,
            55.877837
          ],
          [
            37.561838,
            55.877556
          ],
          [
            37.561838,
            55.877556
          ],
          [
            37.561838,
            55.877543
          ],
          [
            37.561833,
            55.877285
          ],
          [
            37.561833,
            55.877279
          ],
          [
            37.561831,
            55.876923
          ],
          [
            37.561844,
            55.876888
          ],
          [
            37.561996,
            55.876752
          ],
          [
            37.562014,
            55.876714
          ],
          [
            37.561987,
            55.876689
          ],
          [
            37.561989,
            55.876676
          ],
          [
            37.561986,
            55.876665
          ],
          [
            37.56193,
            55.87657
          ],
          [
            37.561929,
            55.876559
          ],
          [
            37.561867,
            55.876517
          ],
          [
            37.561765,
            55.876493
          ],
          [
            37.561663,
            55.876472
          ],
          [
            37.561544,
            55.876444
          ],
          [
            37.561478,
            55.876469
          ],
          [
            37.561407,
            55.876535
          ],
          [
            37.56141,
            55.876583
          ],
          [
            37.561407,
            55.876633
          ],
          [
            37.561416,
            55.876671
          ],
          [
            37.561415,
            55.876735
          ],
          [
            37.561342,
            55.876828
          ],
          [
            37.561297,
            55.876876
          ],
          [
            37.561264,
            55.876882
          ],
          [
            37.561215,
            55.876876
          ],
          [
            37.561188,
            55.876869
          ],
          [
            37.561084,
            55.876871
          ],
          [
            37.56097,
            55.876874
          ],
          [
            37.560714,
            55.876959
          ],
          [
            37.560227,
            55.876939
          ],
          [
            37.560121,
            55.876943
          ],
          [
            37.559962,
            55.876963
          ],
          [
            37.559854,
            55.876968
          ],
          [
            37.559835,
            55.876973
          ],
          [
            37.55948,
            55.87694
          ],
          [
            37.559376,
            55.876896
          ],
          [
            37.559036,
            55.876887
          ],
          [
            37.559007,
            55.876895
          ],
          [
            37.558984,
            55.876933
          ],
          [
            37.55894,
            55.876949
          ],
          [
            37.558663,
            55.876948
          ],
          [
            37.55862,
            55.876947
          ],
          [
            37.558601,
            55.876947
          ],
          [
            37.558533,
            55.876947
          ],
          [
            37.558472,
            55.876946
          ],
          [
            37.557912,
            55.876942
          ],
          [
            37.557912,
            55.876971
          ],
          [
            37.558327,
            55.877008
          ],
          [
            37.558328,
            55.877036
          ],
          [
            37.558332,
            55.87704
          ],
          [
            37.558333,
            55.877043
          ],
          [
            37.558332,
            55.877047
          ],
          [
            37.558328,
            55.877051
          ],
          [
            37.558324,
            55.877059
          ],
          [
            37.558365,
            55.877077
          ]
        ]
      }
    },
    {
      "type": "Feature",
      "id": "smm-nozzle-dt2",
      "properties": {
        "variant_id": "dt2",
        "feature_kind": "nozzle_direction",
        "bearing": 120.2,
        "source": "json",
        "route_origin": "road_nav",
        "track_file": "dt2.nozzle.json",
        "nozzle_track": [
          [
            37.558365,
            55.877077,
            68.9
          ],
          [
            37.558332,
            55.877708,
            100.8
          ],
          [
            37.559481,
            55.877779,
            121.4
          ],
          [
            37.560007,
            55.877723,
            143.5
          ],
          [
            37.560026,
            55.877711,
            143.9
          ],
          [
            37.560049,
            55.877703,
            145.2
          ],
          [
            37.559879,
            55.877631,
            119.2
          ],
          [
            37.55887,
            55.877626,
            99.1
          ],
          [
            37.558679,
            55.877053,
            64.0
          ],
          [
            37.559463,
            55.877106,
            50.4
          ],
          [
            37.560757,
            55.877831,
            217.2
          ],
          [
            37.561817,
            55.878128,
            233.4
          ],
          [
            37.563159,
            55.878139,
            248.2
          ],
          [
            37.563548,
            55.878075,
            252.4
          ],
          [
            37.561651,
            55.877994,
            236.6
          ],
          [
            37.561989,
            55.876676,
            311.0
          ],
          [
            37.561415,
            55.876735,
            320.7
          ],
          [
            37.559835,
            55.876973,
            26.7
          ],
          [
            37.557912,
            55.876971,
            68.6
          ]
        ],
        "name": "ДТ-2: направление выброса снега",
        "note": "азимут 90° вправо на газон, дефлектор 20° настильный, R = 5,0–7,0 м",
        "status": "Векторы выброса из схемы (19 точек, by build_smm_road_routes): презентационные"
      },
      "geometry": {
        "type": "Point",
        "coordinates": [
          37.558365,
          55.877077
        ]
      }
    },
    {
      "type": "Feature",
      "id": "smm-variant-dt3",
      "properties": {
        "variant_id": "dt3",
        "feature_kind": "variant_outline",
        "code": "ДТ-3",
        "name": "ДТ-3 «Гребёнка» — маршрут СММ",
        "district": "Бескудниковский",
        "section": "Участок 3",
        "address": "Бескудниковский б-р, д. 20",
        "detail": "smm/#dt3",
        "scheme": "smm/dt3.svg",
        "storage": "Н-3 — подготовленная площадка у проезда",
        "passes": 4,
        "status": "Контур подтверждён АСУ ОДС",
        "source_yard_id": "128225324100038"
      },
      "geometry": {
        "type": "Polygon",
        "coordinates": [
          [
            [
              37.5590485341133,
              55.8662811277606
            ],
            [
              37.559038615606404,
              55.8662920720562
            ],
            [
              37.55903639907441,
              55.86629450712153
            ],
            [
              37.559034897686736,
              55.86629452579564
            ],
            [
              37.55900130662431,
              55.86633662951111
            ],
            [
              37.55892543792927,
              55.86643334341744
            ],
            [
              37.558870693904254,
              55.86650417129131
            ],
            [
              37.558837970177706,
              55.86654974145179
            ],
            [
              37.55881621275861,
              55.866580037697894
            ],
            [
              37.5588046508731,
              55.86659228508233
            ],
            [
              37.558688758837434,
              55.86674611378582
            ],
            [
              37.55867066742752,
              55.86677137857947
            ],
            [
              37.55868071764591,
              55.86677365517858
            ],
            [
              37.5586735607833,
              55.86678365507537
            ],
            [
              37.5586635105627,
              55.866781378475785
            ],
            [
              37.5586319023538,
              55.86682553794209
            ],
            [
              37.55861836285828,
              55.86683989691607
            ],
            [
              37.5586033401988,
              55.86685581040365
            ],
            [
              37.55859236820785,
              55.86686741979623
            ],
            [
              37.558599270843835,
              55.86686904222355
            ],
            [
              37.55861991483752,
              55.866873891569945
            ],
            [
              37.55865102681686,
              55.86688266095201
            ],
            [
              37.55865681219477,
              55.86688484076119
            ],
            [
              37.558662533775916,
              55.86688708347141
            ],
            [
              37.5586672805662,
              55.86688902126533
            ],
            [
              37.55880712477287,
              55.86692300466353
            ],
            [
              37.55883734024137,
              55.86693035532733
            ],
            [
              37.55893688674165,
              55.866954540690024
            ],
            [
              37.55899908069847,
              55.86696251388851
            ],
            [
              37.55910210897945,
              55.86697573092771
            ],
            [
              37.55910773248714,
              55.866976455772104
            ],
            [
              37.55911511208455,
              55.86697656903438
            ],
            [
              37.559205631948906,
              55.866977954158685
            ],
            [
              37.5592444656418,
              55.86698051343317
            ],
            [
              37.55932912982306,
              55.86698609565958
            ],
            [
              37.55945058386914,
              55.86699466014668
            ],
            [
              37.559561606096906,
              55.8670021427238
            ],
            [
              37.55958213344846,
              55.86700366876989
            ],
            [
              37.559588411405294,
              55.86700409688648
            ],
            [
              37.559831142931074,
              55.86702047085908
            ],
            [
              37.55987539213955,
              55.86702345845233
            ],
            [
              37.55994632498047,
              55.86703238800659
            ],
            [
              37.55998177542663,
              55.867036843794416
            ],
            [
              37.55999926923853,
              55.86703919753839
            ],
            [
              37.56006501085173,
              55.86704804868817
            ],
            [
              37.56011370966277,
              55.86696275383542
            ],
            [
              37.56010790941065,
              55.86696135550163
            ],
            [
              37.560097699990045,
              55.86695951021301
            ],
            [
              37.560084181373334,
              55.86695580732598
            ],
            [
              37.56007866588131,
              55.866952603550544
            ],
            [
              37.560076266954724,
              55.8669506287531
            ],
            [
              37.5600749498368,
              55.86694580626478
            ],
            [
              37.5600754891568,
              55.86693286350889
            ],
            [
              37.56007618720777,
              55.86692974655478
            ],
            [
              37.560000097129894,
              55.86692200512979
            ],
            [
              37.55999928724998,
              55.86692511315573
            ],
            [
              37.55998821673698,
              55.866924202359655
            ],
            [
              37.55998858203256,
              55.86692283697956
            ],
            [
              37.55991651877057,
              55.8669161803396
            ],
            [
              37.55991284451913,
              55.86691584080442
            ],
            [
              37.55986718791836,
              55.86691159647541
            ],
            [
              37.55976470823163,
              55.86690208023561
            ],
            [
              37.559764676136396,
              55.86690198145327
            ],
            [
              37.55976419910566,
              55.866903400775925
            ],
            [
              37.55975256908167,
              55.8669021758706
            ],
            [
              37.55968041240069,
              55.866897063973596
            ],
            [
              37.559669214080365,
              55.86689612626517
            ],
            [
              37.55966945232554,
              55.866895236972034
            ],
            [
              37.55960194391217,
              55.86689023956507
            ],
            [
              37.559597439083454,
              55.866889900417576
            ],
            [
              37.55958438733203,
              55.866888568396774
            ],
            [
              37.55953767577084,
              55.86688377657164
            ],
            [
              37.5594785355085,
              55.86687771527079
            ],
            [
              37.55949354476481,
              55.86685315239491
            ],
            [
              37.559505924971454,
              55.86683287499872
            ],
            [
              37.559549691616596,
              55.86677034211361
            ],
            [
              37.559565597333275,
              55.86674715298626
            ],
            [
              37.55956728563293,
              55.86674397269055
            ],
            [
              37.55960726772577,
              55.86671390112188
            ],
            [
              37.55961092129696,
              55.866711142021394
            ],
            [
              37.55960210116644,
              55.86670901759753
            ],
            [
              37.55977161756516,
              55.86648674044473
            ],
            [
              37.55990836020489,
              55.866519143318044
            ],
            [
              37.559919097661385,
              55.86652168893409
            ],
            [
              37.55995074199609,
              55.86648140019022
            ],
            [
              37.55995246371433,
              55.86647921683146
            ],
            [
              37.56004812966889,
              55.86635744305243
            ],
            [
              37.560140310336884,
              55.86638046338306
            ],
            [
              37.560433070072584,
              55.86645273151413
            ],
            [
              37.560437400275354,
              55.8664537982259
            ],
            [
              37.56043579020065,
              55.86645585579485
            ],
            [
              37.560435678599276,
              55.86645599057305
            ],
            [
              37.56044872589558,
              55.86647532164815
            ],
            [
              37.5605009105335,
              55.866424738858214
            ],
            [
              37.5605137030038,
              55.866413326006054
            ],
            [
              37.560540352287205,
              55.86638672750535
            ],
            [
              37.560511571799466,
              55.86637765209358
            ],
            [
              37.56036076792422,
              55.86633129029888
            ],
            [
              37.56048954042495,
              55.86618691139222
            ],
            [
              37.560582481296734,
              55.866029167171696
            ],
            [
              37.56066850470911,
              55.86591248117778
            ],
            [
              37.56053596395929,
              55.86587986154673
            ],
            [
              37.560507364073096,
              55.86591535278833
            ],
            [
              37.560374199234424,
              55.865881889014815
            ],
            [
              37.56034302012299,
              55.86592289617524
            ],
            [
              37.560267047667686,
              55.8659072600235
            ],
            [
              37.56019452638029,
              55.865892331705396
            ],
            [
              37.56013039326318,
              55.86587913274908
            ],
            [
              37.56017444576589,
              55.8657750326076
            ],
            [
              37.56015787627203,
              55.86577095397318
            ],
            [
              37.560179011168714,
              55.865741897248164
            ],
            [
              37.56019110874678,
              55.86572527543049
            ],
            [
              37.56021109603418,
              55.86569781798029
            ],
            [
              37.56006034132828,
              55.86566079666288
            ],
            [
              37.56004562538552,
              55.86565718416388
            ],
            [
              37.56004044843904,
              55.865655911268995
            ],
            [
              37.5600424710024,
              55.865652030239666
            ],
            [
              37.56002623747019,
              55.86564826578198
            ],
            [
              37.56002378313547,
              55.86565180571778
            ],
            [
              37.55998196807371,
              55.86564148801326
            ],
            [
              37.559983843352136,
              55.865635280819035
            ],
            [
              37.5599679775217,
              55.8656317317353
            ],
            [
              37.55996324158651,
              55.86563687149392
            ],
            [
              37.55995116203505,
              55.86563388642806
            ],
            [
              37.55981788773124,
              55.865601014890466
            ],
            [
              37.55978110591703,
              55.86559194314603
            ],
            [
              37.559637924859956,
              55.86555624695692
            ],
            [
              37.559627155526435,
              55.86555355762552
            ],
            [
              37.55960411620543,
              55.86558035180165
            ],
            [
              37.559590196924574,
              55.86559653433393
            ],
            [
              37.55956785910894,
              55.86562251982293
            ],
            [
              37.55956479781686,
              55.865626078002805
            ],
            [
              37.55953721477458,
              55.86565846987939
            ],
            [
              37.55950537851159,
              55.86569842629452
            ],
            [
              37.559492758964254,
              55.86570804263886
            ],
            [
              37.559491706747274,
              55.865709336492685
            ],
            [
              37.55946825503749,
              55.86573816966467
            ],
            [
              37.55940743708784,
              55.86581534169878
            ],
            [
              37.559309251706516,
              55.86594035854969
            ],
            [
              37.55927638046199,
              55.86598276737519
            ],
            [
              37.55927268202972,
              55.86598752938606
            ],
            [
              37.559267134393025,
              55.86599468138376
            ],
            [
              37.559259354955515,
              55.866004717538395
            ],
            [
              37.55925125668733,
              55.86601516699796
            ],
            [
              37.55924309463319,
              55.86602568834023
            ],
            [
              37.55917802356986,
              55.866111134339334
            ],
            [
              37.559163325950344,
              55.86613043380933
            ],
            [
              37.55917457564939,
              55.86613383250015
            ],
            [
              37.55915461596929,
              55.86615903538306
            ],
            [
              37.55914341556987,
              55.866156561772726
            ],
            [
              37.55905074993076,
              55.86627821667018
            ],
            [
              37.5590485341133,
              55.8662811277606
            ]
          ]
        ]
      }
    },
    {
      "type": "Feature",
      "id": "smm-route-dt3",
      "properties": {
        "variant_id": "dt3",
        "feature_kind": "route_direction",
        "bearing": 301.9,
        "source": "gpx",
        "route_origin": "road_nav",
        "track_file": "dt3.gpx",
        "track_points": 152,
        "name": "ДТ-3: направление движения по маршруту",
        "status": "Маршрут по проезду из схемы (by build_smm_road_routes, 152 точек): презентационный"
      },
      "geometry": {
        "type": "LineString",
        "coordinates": [
          [
            37.559083,
            55.86629
          ],
          [
            37.559074,
            55.866301
          ],
          [
            37.559071,
            55.866303
          ],
          [
            37.55907,
            55.866303
          ],
          [
            37.559037,
            55.866342
          ],
          [
            37.558961,
            55.866433
          ],
          [
            37.558906,
            55.866501
          ],
          [
            37.558874,
            55.866545
          ],
          [
            37.558852,
            55.866574
          ],
          [
            37.55884,
            55.866586
          ],
          [
            37.558723,
            55.866735
          ],
          [
            37.558705,
            55.866759
          ],
          [
            37.558715,
            55.866762
          ],
          [
            37.558707,
            55.866771
          ],
          [
            37.558697,
            55.866769
          ],
          [
            37.558665,
            55.866812
          ],
          [
            37.558652,
            55.866826
          ],
          [
            37.558637,
            55.866842
          ],
          [
            37.558626,
            55.866854
          ],
          [
            37.558632,
            55.866855
          ],
          [
            37.558653,
            55.86686
          ],
          [
            37.558684,
            55.866868
          ],
          [
            37.558689,
            55.86687
          ],
          [
            37.558695,
            55.866872
          ],
          [
            37.5587,
            55.866874
          ],
          [
            37.558838,
            55.866905
          ],
          [
            37.558868,
            55.866911
          ],
          [
            37.558966,
            55.866933
          ],
          [
            37.559027,
            55.866939
          ],
          [
            37.559127,
            55.86695
          ],
          [
            37.559133,
            55.86695
          ],
          [
            37.55914,
            55.86695
          ],
          [
            37.559228,
            55.866949
          ],
          [
            37.559265,
            55.866951
          ],
          [
            37.559346,
            55.866954
          ],
          [
            37.559461,
            55.86696
          ],
          [
            37.559566,
            55.866966
          ],
          [
            37.559585,
            55.866968
          ],
          [
            37.559591,
            55.866968
          ],
          [
            37.559819,
            55.866987
          ],
          [
            37.559861,
            55.86699
          ],
          [
            37.559929,
            55.867001
          ],
          [
            37.559963,
            55.867006
          ],
          [
            37.55998,
            55.867009
          ],
          [
            37.560044,
            55.867019
          ],
          [
            37.560089,
            55.866936
          ],
          [
            37.560084,
            55.866935
          ],
          [
            37.560074,
            55.866933
          ],
          [
            37.56006,
            55.866929
          ],
          [
            37.560055,
            55.866926
          ],
          [
            37.560053,
            55.866924
          ],
          [
            37.560051,
            55.866919
          ],
          [
            37.560051,
            55.866906
          ],
          [
            37.560052,
            55.866903
          ],
          [
            37.559978,
            55.866894
          ],
          [
            37.559977,
            55.866897
          ],
          [
            37.559967,
            55.866895
          ],
          [
            37.559967,
            55.866894
          ],
          [
            37.559898,
            55.866886
          ],
          [
            37.559894,
            55.866885
          ],
          [
            37.559851,
            55.86688
          ],
          [
            37.559754,
            55.866868
          ],
          [
            37.559754,
            55.866868
          ],
          [
            37.559754,
            55.866869
          ],
          [
            37.559743,
            55.866868
          ],
          [
            37.559676,
            55.866861
          ],
          [
            37.559666,
            55.86686
          ],
          [
            37.559666,
            55.866859
          ],
          [
            37.559604,
            55.866854
          ],
          [
            37.5596,
            55.866854
          ],
          [
            37.559587,
            55.866853
          ],
          [
            37.559544,
            55.866848
          ],
          [
            37.55949,
            55.866844
          ],
          [
            37.559504,
            55.866819
          ],
          [
            37.559516,
            55.866798
          ],
          [
            37.559557,
            55.866735
          ],
          [
            37.559572,
            55.866712
          ],
          [
            37.559574,
            55.866709
          ],
          [
            37.559609,
            55.866678
          ],
          [
            37.559613,
            55.866675
          ],
          [
            37.559605,
            55.866673
          ],
          [
            37.559738,
            55.866475
          ],
          [
            37.559874,
            55.866509
          ],
          [
            37.559885,
            55.866512
          ],
          [
            37.559915,
            55.866476
          ],
          [
            37.559917,
            55.866475
          ],
          [
            37.560013,
            55.866364
          ],
          [
            37.560105,
            55.866384
          ],
          [
            37.560397,
            55.866452
          ],
          [
            37.560401,
            55.866453
          ],
          [
            37.5604,
            55.866455
          ],
          [
            37.5604,
            55.866455
          ],
          [
            37.560413,
            55.866474
          ],
          [
            37.560465,
            55.866425
          ],
          [
            37.560478,
            55.866414
          ],
          [
            37.560504,
            55.866389
          ],
          [
            37.560476,
            55.86638
          ],
          [
            37.560325,
            55.866336
          ],
          [
            37.560455,
            55.866197
          ],
          [
            37.560549,
            55.866043
          ],
          [
            37.560636,
            55.865929
          ],
          [
            37.560505,
            55.865899
          ],
          [
            37.560476,
            55.865934
          ],
          [
            37.560345,
            55.865903
          ],
          [
            37.560314,
            55.865944
          ],
          [
            37.560239,
            55.86593
          ],
          [
            37.560169,
            55.865917
          ],
          [
            37.560106,
            55.865906
          ],
          [
            37.560151,
            55.865803
          ],
          [
            37.560135,
            55.865799
          ],
          [
            37.560157,
            55.86577
          ],
          [
            37.560169,
            55.865753
          ],
          [
            37.560189,
            55.865726
          ],
          [
            37.560043,
            55.865692
          ],
          [
            37.560029,
            55.865689
          ],
          [
            37.560024,
            55.865688
          ],
          [
            37.560026,
            55.865684
          ],
          [
            37.56001,
            55.86568
          ],
          [
            37.560007,
            55.865684
          ],
          [
            37.559967,
            55.865674
          ],
          [
            37.559969,
            55.865668
          ],
          [
            37.559954,
            55.865665
          ],
          [
            37.559949,
            55.86567
          ],
          [
            37.559938,
            55.865667
          ],
          [
            37.55981,
            55.865636
          ],
          [
            37.559775,
            55.865627
          ],
          [
            37.559637,
            55.865592
          ],
          [
            37.559627,
            55.865589
          ],
          [
            37.559605,
            55.865616
          ],
          [
            37.559592,
            55.865632
          ],
          [
            37.55957,
            55.865658
          ],
          [
            37.559567,
            55.865662
          ],
          [
            37.559541,
            55.865694
          ],
          [
            37.559511,
            55.865734
          ],
          [
            37.559499,
            55.865743
          ],
          [
            37.559498,
            55.865745
          ],
          [
            37.559476,
            55.865773
          ],
          [
            37.559419,
            55.865849
          ],
          [
            37.559328,
            55.865971
          ],
          [
            37.559298,
            55.866011
          ],
          [
            37.559295,
            55.866016
          ],
          [
            37.55929,
            55.866023
          ],
          [
            37.559283,
            55.866032
          ],
          [
            37.559275,
            55.866042
          ],
          [
            37.559268,
            55.866052
          ],
          [
            37.559207,
            55.866132
          ],
          [
            37.559193,
            55.86615
          ],
          [
            37.559204,
            55.866154
          ],
          [
            37.559186,
            55.866177
          ],
          [
            37.559174,
            55.866175
          ],
          [
            37.559085,
            55.866288
          ],
          [
            37.559083,
            55.86629
          ]
        ]
      }
    },
    {
      "type": "Feature",
      "id": "smm-nozzle-dt3",
      "properties": {
        "variant_id": "dt3",
        "feature_kind": "nozzle_direction",
        "bearing": 175.5,
        "source": "json",
        "route_origin": "road_nav",
        "track_file": "dt3.nozzle.json",
        "nozzle_track": [
          [
            37.559083,
            55.86629,
            64.4
          ],
          [
            37.558852,
            55.866574,
            107.6
          ],
          [
            37.558652,
            55.866826,
            125.6
          ],
          [
            37.5587,
            55.866874,
            130.2
          ],
          [
            37.559228,
            55.866949,
            156.6
          ],
          [
            37.559861,
            55.86699,
            193.5
          ],
          [
            37.56006,
            55.866929,
            206.4
          ],
          [
            37.559967,
            55.866895,
            202.7
          ],
          [
            37.559743,
            55.866868,
            188.8
          ],
          [
            37.55949,
            55.866844,
            169.6
          ],
          [
            37.559605,
            55.866673,
            177.5
          ],
          [
            37.560397,
            55.866452,
            267.9
          ],
          [
            37.560476,
            55.86638,
            276.7
          ],
          [
            37.560314,
            55.865944,
            321.8
          ],
          [
            37.560189,
            55.865726,
            335.9
          ],
          [
            37.559969,
            55.865668,
            345.8
          ],
          [
            37.559605,
            55.865616,
            0.7
          ],
          [
            37.559476,
            55.865773,
            7.1
          ],
          [
            37.559268,
            55.866052,
            27.5
          ]
        ],
        "name": "ДТ-3: направление выброса снега",
        "note": "азимут 0° строго вперёд по ходу, дефлектор 20° настильный, R = 7,0 м",
        "status": "Векторы выброса из схемы (19 точек, by build_smm_road_routes): презентационные"
      },
      "geometry": {
        "type": "Point",
        "coordinates": [
          37.559083,
          55.86629
        ]
      }
    },
    {
      "type": "Feature",
      "id": "smm-variant-dt4",
      "properties": {
        "variant_id": "dt4",
        "feature_kind": "variant_outline",
        "code": "ДТ-4",
        "name": "ДТ-4 «Два корпуса» — маршрут СММ",
        "district": "Аэропорт",
        "section": "Участок уточняется",
        "address": "1-й Амбулаторный проезд, д. 5, к. 1 и к. 2",
        "detail": "smm/#dt4",
        "scheme": "smm/dt4.svg",
        "storage": "Н-4 — место назначает ответственный после осмотра",
        "passes": "Челночная обработка между двумя корпусами; количество проходов — по натурному замеру",
        "status": "Адреса подтверждены по картографической привязке",
        "source_yard_id": ""
      },
      "geometry": {
        "type": "Polygon",
        "coordinates": [
          [
            [
              37.5344474,
              55.810536899999995
            ],
            [
              37.5365261,
              55.810536899999995
            ],
            [
              37.5365261,
              55.811294800000006
            ],
            [
              37.5344474,
              55.811294800000006
            ],
            [
              37.5344474,
              55.810536899999995
            ]
          ]
        ]
      }
    },
    {
      "type": "Feature",
      "id": "smm-route-dt4",
      "properties": {
        "variant_id": "dt4",
        "feature_kind": "route_direction",
        "bearing": 162.0,
        "source": "gpx",
        "route_origin": "road_nav",
        "track_file": "dt4.gpx",
        "track_points": 5,
        "name": "ДТ-4: направление движения по маршруту",
        "status": "Маршрут по проезду из схемы (by build_smm_road_routes, 5 точек): презентационный"
      },
      "geometry": {
        "type": "LineString",
        "coordinates": [
          [
            37.534481,
            55.810549
          ],
          [
            37.536491,
            55.810545
          ],
          [
            37.536492,
            55.811282
          ],
          [
            37.534479,
            55.811278
          ],
          [
            37.534481,
            55.810549
          ]
        ]
      }
    },
    {
      "type": "Feature",
      "id": "smm-nozzle-dt4",
      "properties": {
        "variant_id": "dt4",
        "feature_kind": "nozzle_direction",
        "bearing": 213.8,
        "source": "json",
        "route_origin": "road_nav",
        "track_file": "dt4.nozzle.json",
        "nozzle_track": [
          [
            37.534481,
            55.810549,
            57.0
          ],
          [
            37.536491,
            55.810545,
            293.4
          ],
          [
            37.536492,
            55.811282,
            237.0
          ],
          [
            37.534479,
            55.811278,
            134.2
          ]
        ],
        "name": "ДТ-4: направление выброса снега",
        "note": "определяется после натурного осмотра",
        "status": "Векторы выброса из схемы (4 точек, by build_smm_road_routes): презентационные"
      },
      "geometry": {
        "type": "Point",
        "coordinates": [
          37.534481,
          55.810549
        ]
      }
    },
    {
      "type": "Feature",
      "id": "smm-variant-dt5",
      "properties": {
        "variant_id": "dt5",
        "feature_kind": "variant_outline",
        "code": "ДТ-5",
        "name": "ДТ-5 «Полукольцо» — маршрут СММ",
        "district": "Войковский",
        "section": "Участок уточняется",
        "address": "Старопетровский проезд, д. 10Б",
        "detail": "smm/#dt5",
        "scheme": "smm/dt5.svg",
        "storage": "Н-5 — место назначает ответственный после осмотра",
        "passes": "Дуговой проход по внутреннему проезду с разворотом на свободной площадке",
        "status": "Адрес подтверждён картографической привязкой",
        "source_yard_id": ""
      },
      "geometry": {
        "type": "Polygon",
        "coordinates": [
          [
            [
              37.5086326,
              55.8231085
            ],
            [
              37.508947,
              55.823051
            ],
            [
              37.5089839,
              55.8230031
            ],
            [
              37.5088842,
              55.8228354
            ],
            [
              37.5087804,
              55.8228119
            ],
            [
              37.5086298,
              55.8228432
            ],
            [
              37.5084791,
              55.8228745
            ],
            [
              37.5084392,
              55.8229232
            ],
            [
              37.5085476,
              55.8230913
            ],
            [
              37.5086326,
              55.8231085
            ]
          ]
        ]
      }
    },
    {
      "type": "Feature",
      "id": "smm-route-dt5",
      "properties": {
        "variant_id": "dt5",
        "feature_kind": "route_direction",
        "bearing": 288.5,
        "source": "gpx",
        "route_origin": "road_nav",
        "track_file": "dt5.gpx",
        "track_points": 10,
        "name": "ДТ-5: направление движения по маршруту",
        "status": "Маршрут по проезду из схемы (by build_smm_road_routes, 10 точек): презентационный"
      },
      "geometry": {
        "type": "LineString",
        "coordinates": [
          [
            37.508647,
            55.823076
          ],
          [
            37.508913,
            55.823039
          ],
          [
            37.508948,
            55.822998
          ],
          [
            37.508855,
            55.822856
          ],
          [
            37.508763,
            55.822843
          ],
          [
            37.508647,
            55.822875
          ],
          [
            37.508512,
            55.822888
          ],
          [
            37.508475,
            55.822929
          ],
          [
            37.508575,
            55.823068
          ],
          [
            37.508647,
            55.823076
          ]
        ]
      }
    },
    {
      "type": "Feature",
      "id": "smm-nozzle-dt5",
      "properties": {
        "variant_id": "dt5",
        "feature_kind": "nozzle_direction",
        "bearing": 4.9,
        "source": "json",
        "route_origin": "road_nav",
        "track_file": "dt5.nozzle.json",
        "nozzle_track": [
          [
            37.508647,
            55.823076,
            166.1
          ],
          [
            37.508913,
            55.823039,
            238.7
          ],
          [
            37.508948,
            55.822998,
            256.8
          ],
          [
            37.508855,
            55.822856,
            320.8
          ],
          [
            37.508763,
            55.822843,
            342.7
          ],
          [
            37.508647,
            55.822875,
            16.9
          ],
          [
            37.508512,
            55.822888,
            53.3
          ],
          [
            37.508475,
            55.822929,
            73.8
          ],
          [
            37.508575,
            55.823068,
            146.6
          ]
        ],
        "name": "ДТ-5: направление выброса снега",
        "note": "определяется после натурного осмотра",
        "status": "Векторы выброса из схемы (9 точек, by build_smm_road_routes): презентационные"
      },
      "geometry": {
        "type": "Point",
        "coordinates": [
          37.508647,
          55.823076
        ]
      }
    }
  ]
}
