{"type":"FeatureCollection","features":[{"type":"Feature","id":"sp-939015534-2","properties":{"category":"СП","layer":"sp","district":"Аэропорт","section":"Без участка","name":"ДТ\\Усиевича ул. 23","address":"Усиевича ул. 23","type":"Спортивная площадка","parent_id":"939015534","parent_name":"ДТ\\Усиевича ул. 23","site_type":"Резиновая крошка","improvement_year":"2021"},"geometry":{"type":"Point","coordinates":[37.525278,55.805505]}},{"type":"Feature","id":"sp-939015552-5","properties":{"category":"СП","layer":"sp","district":"Аэропорт","section":"Без участка","name":"ДТ\\Усиевича ул. 23","address":"Усиевича ул. 23","type":"Спортивная площадка","parent_id":"939015552","parent_name":"ДТ\\Усиевича ул. 23","site_type":"Резиновая крошка","improvement_year":"2021"},"geometry":{"type":"Point","coordinates":[37.524857,55.805696]}},{"type":"Feature","id":"sp-1149754588-8","properties":{"category":"СП","layer":"sp","district":"Аэропорт","section":"Без участка","name":"ДТ\\Балтийская ул. 4; Ленинградский просп. 78 к.4, 78 к.5","address":"Балтийская ул. 4; Ленинградский просп. 78 к.4, 78 к.5","type":"Спортивная площадка","parent_id":"1149754588","parent_name":"ДТ\\Балтийская ул. 4; Ленинградский просп. 78 к.4, 78 к.5","site_type":"Резиновая крошка","improvement_year":"2024"},"geometry":{"type":"Point","coordinates":[37.513905,55.807044]}},{"type":"Feature","id":"sp-921595321-10","properties":{"category":"СП","layer":"sp","district":"Аэропорт","section":"Без участка","name":"ДТ\\Ленинградский просп. 66","address":"Ленинградский просп. 66","type":"Спортивная площадка","parent_id":"921595321","parent_name":"ДТ\\Ленинградский просп. 66","site_type":"Резиновая крошка","improvement_year":"2019"},"geometry":{"type":"Point","coordinates":[37.525984,55.8031]}},{"type":"Feature","id":"sp-948004819-15","properties":{"category":"СП","layer":"sp","district":"Аэропорт","section":"Без участка","name":"ДТ\\Балтийская ул. 6 к.1, 6 к.2, 6 к.3","address":"Балтийская ул. 6 к.1, 6 к.2, 6 к.3","type":"Спортивная площадка","parent_id":"948004819","parent_name":"ДТ\\Балтийская ул. 6 к.1, 6 к.2, 6 к.3","site_type":"Резиновая крошка","improvement_year":"2017"},"geometry":{"type":"Point","coordinates":[37.513753,55.807915]}},{"type":"Feature","id":"sp-991507405-21","properties":{"category":"СП","layer":"sp","district":"Аэропорт","section":"Без участка","name":"ДТ\\Шебашевский пр. 6, 8 к.1, 8 к.2","address":"Шебашевский пр. 6, 8 к.1, 8 к.2","type":"Спортивная площадка","parent_id":"991507405","parent_name":"ДТ\\Шебашевский пр. 6, 8 к.1, 8 к.2","site_type":"Резиновая крошка","improvement_year":"2017"},"geometry":{"type":"Point","coordinates":[37.532068,55.806275]}},{"type":"Feature","id":"sp-886051056-28","properties":{"category":"СП","layer":"sp","district":"Аэропорт","section":"Без участка","name":"ДТ\\Самеда Вургуна ул. 11; Часовая ул. 15","address":"Самеда Вургуна ул. 11; Часовая ул. 15","type":"Спортивная площадка","parent_id":"886051056","parent_name":"ДТ\\Самеда Вургуна ул. 11; Часовая ул. 15","site_type":"Резиновая крошка","improvement_year":"2018"},"geometry":{"type":"Point","coordinates":[37.527291,55.808797]}},{"type":"Feature","id":"sp-1202569866-32","properties":{"category":"СП","layer":"sp","district":"Аэропорт","section":"Без участка","name":"ДТ\\Балтийский 3-й пер. 4 к.2, 4 к.3, 4 к.4","address":"Балтийский 3-й пер. 4 к.2, 4 к.3, 4 к.4","type":"Спортивная площадка","parent_id":"1202569866","parent_name":"ДТ\\Балтийский 3-й пер. 4 к.2, 4 к.3, 4 к.4","site_type":"Асфальтобетонное","improvement_year":"2024"},"geometry":{"type":"Point","coordinates":[37.526389,55.811193]}},{"type":"Feature","id":"sp-849437198-43","properties":{"category":"СП","layer":"sp","district":"Аэропорт","section":"Без участка","name":"ДТ\\Черняховского ул. 17 к.1, 17 к.2, 17 к.3, 17 к.4","address":"Черняховского ул. 17 к.1, 17 к.2, 17 к.3, 17 к.4","type":"Спортивная площадка","parent_id":"849437198","parent_name":"ДТ\\Черняховского ул. 17 к.1, 17 к.2, 17 к.3, 17 к.4","site_type":"Резиновая крошка","improvement_year":"2018"},"geometry":{"type":"Point","coordinates":[37.53773,55.807976]}},{"type":"Feature","id":"sp-1137641513-51","properties":{"category":"СП","layer":"sp","district":"Аэропорт","section":"Без участка","name":"ДТ\\Масловка Верхн. ул. 21; Петровско-Разумовская аллея 16, 18","address":"Масловка Верхн. ул. 21; Петровско-Разумовская аллея 16, 18","type":"Спортивная площадка","parent_id":"1137641513","parent_name":"ДТ\\Масловка Верхн. ул. 21; Петровско-Разумовская аллея 16, 18","site_type":"Резиновая крошка","improvement_year":"2023"},"geometry":{"type":"Point","coordinates":[37.559382,55.796379]}},{"type":"Feature","id":"sp-1041208888-56","properties":{"category":"СП","layer":"sp","district":"Аэропорт","section":"Без участка","name":"ДТ\\Ильюшина Академика ул. 5; Планетная ул. 41, 43","address":"Ильюшина Академика ул. 5; Планетная ул. 41, 43","type":"Спортивная площадка","parent_id":"1041208888","parent_name":"ДТ\\Ильюшина Академика ул. 5; Планетная ул. 41, 43","site_type":"Резиновая крошка","improvement_year":"2019"},"geometry":{"type":"Point","coordinates":[37.539129,55.8052]}},{"type":"Feature","id":"sp-1041208890-57","properties":{"category":"СП","layer":"sp","district":"Аэропорт","section":"Без участка","name":"ДТ\\Ильюшина Академика ул. 5; Планетная ул. 41, 43","address":"Ильюшина Академика ул. 5; Планетная ул. 41, 43","type":"Спортивная площадка","parent_id":"1041208890","parent_name":"ДТ\\Ильюшина Академика ул. 5; Планетная ул. 41, 43","site_type":"Резиновая крошка","improvement_year":"2019"},"geometry":{"type":"Point","coordinates":[37.539898,55.804511]}},{"type":"Feature","id":"sp-957718906-60","properties":{"category":"СП","layer":"sp","district":"Аэропорт","section":"Без участка","name":"ДТ\\Ленинградский просп. 54/1, 54А, 56","address":"Ленинградский просп. 54/1, 54А, 56","type":"Спортивная площадка","parent_id":"957718906","parent_name":"ДТ\\Ленинградский просп. 54/1, 54А, 56","site_type":"Резиновая крошка","improvement_year":"2021"},"geometry":{"type":"Point","coordinates":[37.539137,55.798367]}},{"type":"Feature","id":"sp-989458131-64","properties":{"category":"СП","layer":"sp","district":"Аэропорт","section":"Без участка","name":"ДТ\\Красноармейская ул. 7, 9; Степана Супруна ул. 12 к.1, 12 к.2, 12 к.3","address":"Красноармейская ул. 7, 9; Степана Супруна ул. 12 к.1, 12 к.2, 12 к.3","type":"Спортивная площадка","parent_id":"989458131","parent_name":"ДТ\\Красноармейская ул. 7, 9; Степана Супруна ул. 12 к.1, 12 к.2, 12 к.3","site_type":"Резиновая крошка","improvement_year":"2022"},"geometry":{"type":"Point","coordinates":[37.54615,55.797873]}},{"type":"Feature","id":"sp-989458137-65","properties":{"category":"СП","layer":"sp","district":"Аэропорт","section":"Без участка","name":"ДТ\\Красноармейская ул. 7, 9; Степана Супруна ул. 12 к.1, 12 к.2, 12 к.3","address":"Красноармейская ул. 7, 9; Степана Супруна ул. 12 к.1, 12 к.2, 12 к.3","type":"Спортивная площадка","parent_id":"989458137","parent_name":"ДТ\\Красноармейская ул. 7, 9; Степана Супруна ул. 12 к.1, 12 к.2, 12 к.3","site_type":"Резиновая крошка","improvement_year":"2022"},"geometry":{"type":"Point","coordinates":[37.546217,55.79767]}},{"type":"Feature","id":"sp-1137283316-68","properties":{"category":"СП","layer":"sp","district":"Аэропорт","section":"Без участка","name":"ДТ\\Красноармейская ул. 26 к.2","address":"Красноармейская ул. 26 к.2","type":"Спортивная площадка","parent_id":"1137283316","parent_name":"ДТ\\Красноармейская ул. 26 к.2","site_type":"Резиновая крошка","improvement_year":"2023"},"geometry":{"type":"Point","coordinates":[37.542446,55.8027]}},{"type":"Feature","id":"sp-1026875651-72","properties":{"category":"СП","layer":"sp","district":"Аэропорт","section":"Без участка","name":"ДТ\\Часовая ул. 23/8 к.1","address":"Часовая ул. 23/8 к.1","type":"Спортивная площадка","parent_id":"1026875651","parent_name":"ДТ\\Часовая ул. 23/8 к.1","site_type":"Резиновая крошка","improvement_year":"2018"},"geometry":{"type":"Point","coordinates":[37.519274,55.810222]}},{"type":"Feature","id":"sp-1181384461-74","properties":{"category":"СП","layer":"sp","district":"Аэропорт","section":"Без участка","name":"ДТ\\Часовая ул. 25 к.2","address":"Часовая ул. 25 к.2","type":"Спортивная площадка","parent_id":"1181384461","parent_name":"ДТ\\Часовая ул. 25 к.2","site_type":"Резиновая крошка","improvement_year":"2017"},"geometry":{"type":"Point","coordinates":[37.516946,55.811042]}},{"type":"Feature","id":"sp-1181384463-75","properties":{"category":"СП","layer":"sp","district":"Аэропорт","section":"Без участка","name":"ДТ\\Часовая ул. 25 к.2","address":"Часовая ул. 25 к.2","type":"Спортивная площадка","parent_id":"1181384463","parent_name":"ДТ\\Часовая ул. 25 к.2","site_type":"Резиновая крошка","improvement_year":"2017"},"geometry":{"type":"Point","coordinates":[37.517061,55.810834]}},{"type":"Feature","id":"sp-1197614662-77","properties":{"category":"СП","layer":"sp","district":"Аэропорт","section":"Без участка","name":"ДТ\\Ленинградский просп. 74 к.4, 74 к.5, 74 к.6","address":"Ленинградский просп. 74 к.4, 74 к.5, 74 к.6","type":"Спортивная площадка","parent_id":"1197614662","parent_name":"ДТ\\Ленинградский просп. 74 к.4, 74 к.5, 74 к.6","site_type":"Резиновая крошка","improvement_year":"2024"},"geometry":{"type":"Point","coordinates":[37.517593,55.806005]}},{"type":"Feature","id":"sp-1197614670-80","properties":{"category":"СП","layer":"sp","district":"Аэропорт","section":"Без участка","name":"ДТ\\Ленинградский просп. 74 к.4, 74 к.5, 74 к.6","address":"Ленинградский просп. 74 к.4, 74 к.5, 74 к.6","type":"Спортивная площадка","parent_id":"1197614670","parent_name":"ДТ\\Ленинградский просп. 74 к.4, 74 к.5, 74 к.6","site_type":"Резиновая крошка","improvement_year":"2024"},"geometry":{"type":"Point","coordinates":[37.517484,55.806271]}},{"type":"Feature","id":"sp-1138270209-82","properties":{"category":"СП","layer":"sp","district":"Аэропорт","section":"Без участка","name":"ДТ\\Усиевича ул. 25 к.1, 25 к.2","address":"Усиевича ул. 25 к.1, 25 к.2","type":"Спортивная площадка","parent_id":"1138270209","parent_name":"ДТ\\Усиевича ул. 25 к.1, 25 к.2","site_type":"Резиновая крошка","improvement_year":"2021"},"geometry":{"type":"Point","coordinates":[37.522141,55.80582]}},{"type":"Feature","id":"sp-1188514761-87","properties":{"category":"СП","layer":"sp","district":"Аэропорт","section":"Без участка","name":"ДТ\\Амбулаторный 1-й пр. 7 к.А; Коптевский М. пр. 7; Сперанского ул. 6","address":"Амбулаторный 1-й пр. 7 к.А; Коптевский М. пр. 7; Сперанского ул. 6","type":"Спортивная площадка","parent_id":"1188514761","parent_name":"ДТ\\Амбулаторный 1-й пр. 7 к.А; Коптевский М. пр. 7; Сперанского ул. 6","site_type":"Резиновая крошка","improvement_year":"2019"},"geometry":{"type":"Point","coordinates":[37.532326,55.810603]}},{"type":"Feature","id":"sp-1194913891-88","properties":{"category":"СП","layer":"sp","district":"Аэропорт","section":"Без участка","name":"ДТ\\Планетная ул. 11, 5, 7, 9","address":"Планетная ул. 11, 5, 7, 9","type":"Спортивная площадка","parent_id":"1194913891","parent_name":"ДТ\\Планетная ул. 11, 5, 7, 9","site_type":"Резиновая крошка","improvement_year":"2024"},"geometry":{"type":"Point","coordinates":[37.549391,55.799181]}},{"type":"Feature","id":"sp-1191385002-90","properties":{"category":"СП","layer":"sp","district":"Аэропорт","section":"Без участка","name":"ДТ\\Балтийский 2-й пер. 2, 4, 4А, 6; Самеда Вургуна ул. 1; Усиевича ул. 16","address":"Балтийский 2-й пер. 2, 4, 4А, 6; Самеда Вургуна ул. 1; Усиевича ул. 16","type":"Спортивная площадка","parent_id":"1191385002","parent_name":"ДТ\\Балтийский 2-й пер. 2, 4, 4А, 6; Самеда Вургуна ул. 1; Усиевича ул. 16","site_type":"Резиновая крошка","improvement_year":"2021"},"geometry":{"type":"Point","coordinates":[37.524459,55.807319]}},{"type":"Feature","id":"sp-1144051734-95","properties":{"category":"СП","layer":"sp","district":"Аэропорт","section":"Без участка","name":"ДТ\\Часовая ул. 5, 5А, 5Б","address":"Часовая ул. 5, 5А, 5Б","type":"Спортивная площадка","parent_id":"1144051734","parent_name":"ДТ\\Часовая ул. 5, 5А, 5Б","site_type":"Резиновая крошка","improvement_year":"2021"},"geometry":{"type":"Point","coordinates":[37.534276,55.806505]}},{"type":"Feature","id":"sp-1201771228-97","properties":{"category":"СП","layer":"sp","district":"Аэропорт","section":"Без участка","name":"ДТ\\Ильюшина Академика ул. 16","address":"Ильюшина Академика ул. 16","type":"Спортивная площадка","parent_id":"1201771228","parent_name":"ДТ\\Ильюшина Академика ул. 16","site_type":"Резиновая крошка","improvement_year":"2024"},"geometry":{"type":"Point","coordinates":[37.546281,55.806029]}},{"type":"Feature","id":"sp-1197832131-101","properties":{"category":"СП","layer":"sp","district":"Аэропорт","section":"Без участка","name":"ДТ\\Зыковский Стар. пр. 3, 5; Красноармейская ул. 24, 26 к.1","address":"Зыковский Стар. пр. 3, 5; Красноармейская ул. 24, 26 к.1","type":"Спортивная площадка","parent_id":"1197832131","parent_name":"ДТ\\Зыковский Стар. пр. 3, 5; Красноармейская ул. 24, 26 к.1","site_type":"Резиновая крошка","improvement_year":"2023"},"geometry":{"type":"Point","coordinates":[37.54305,55.801763]}},{"type":"Feature","id":"sp-1197832143-102","properties":{"category":"СП","layer":"sp","district":"Аэропорт","section":"Без участка","name":"ДТ\\Зыковский Стар. пр. 3, 5; Красноармейская ул. 24, 26 к.1","address":"Зыковский Стар. пр. 3, 5; Красноармейская ул. 24, 26 к.1","type":"Спортивная площадка","parent_id":"1197832143","parent_name":"ДТ\\Зыковский Стар. пр. 3, 5; Красноармейская ул. 24, 26 к.1","site_type":"Резиновая крошка","improvement_year":"2023"},"geometry":{"type":"Point","coordinates":[37.54292,55.801778]}},{"type":"Feature","id":"sp-1197832147-103","properties":{"category":"СП","layer":"sp","district":"Аэропорт","section":"Без участка","name":"ДТ\\Зыковский Стар. пр. 3, 5; Красноармейская ул. 24, 26 к.1","address":"Зыковский Стар. пр. 3, 5; Красноармейская ул. 24, 26 к.1","type":"Спортивная площадка","parent_id":"1197832147","parent_name":"ДТ\\Зыковский Стар. пр. 3, 5; Красноармейская ул. 24, 26 к.1","site_type":"Резиновая крошка","improvement_year":"2023"},"geometry":{"type":"Point","coordinates":[37.542962,55.801906]}},{"type":"Feature","id":"sp-1200298921-105","properties":{"category":"СП","layer":"sp","district":"Аэропорт","section":"Без участка","name":"ДТ\\Планетная ул. 29, 29 к.1, 29 к.2","address":"Планетная ул. 29, 29 к.1, 29 к.2","type":"Спортивная площадка","parent_id":"1200298921","parent_name":"ДТ\\Планетная ул. 29, 29 к.1, 29 к.2","site_type":"Резиновая крошка","improvement_year":"2024"},"geometry":{"type":"Point","coordinates":[37.544213,55.802304]}},{"type":"Feature","id":"sp-1144146177-108","properties":{"category":"СП","layer":"sp","district":"Аэропорт","section":"Без участка","name":"ДТ\\Авиационный пер. 8","address":"Авиационный пер. 8","type":"Спортивная площадка","parent_id":"1144146177","parent_name":"ДТ\\Авиационный пер. 8","site_type":"Резиновая крошка","improvement_year":"2026"},"geometry":{"type":"Point","coordinates":[37.541237,55.800614]}},{"type":"Feature","id":"sp-1144146181-110","properties":{"category":"СП","layer":"sp","district":"Аэропорт","section":"Без участка","name":"ДТ\\Авиационный пер. 8","address":"Авиационный пер. 8","type":"Спортивная площадка","parent_id":"1144146181","parent_name":"ДТ\\Авиационный пер. 8","site_type":"Резиновая крошка","improvement_year":"2026"},"geometry":{"type":"Point","coordinates":[37.540675,55.800449]}},{"type":"Feature","id":"sp-949024882-111","properties":{"category":"СП","layer":"sp","district":"Аэропорт","section":"Без участка","name":"ДТ\\Ильюшина Академика ул. 1 к.1, 1 к.2","address":"Ильюшина Академика ул. 1 к.1, 1 к.2","type":"Спортивная площадка","parent_id":"949024882","parent_name":"ДТ\\Ильюшина Академика ул. 1 к.1, 1 к.2","site_type":"Резиновая крошка","improvement_year":"2021"},"geometry":{"type":"Point","coordinates":[37.538547,55.803888]}},{"type":"Feature","id":"sp-1195950499-112","properties":{"category":"СП","layer":"sp","district":"Аэропорт","section":"Без участка","name":"ДТ\\Планетная ул. 47 к.1, 47 к.2, 49; Черняховского ул. 12","address":"Планетная ул. 47 к.1, 47 к.2, 49; Черняховского ул. 12","type":"Спортивная площадка","parent_id":"1195950499","parent_name":"ДТ\\Планетная ул. 47 к.1, 47 к.2, 49; Черняховского ул. 12","site_type":"Резиновая крошка","improvement_year":"2024"},"geometry":{"type":"Point","coordinates":[37.537951,55.805798]}},{"type":"Feature","id":"sp-989345733-115","properties":{"category":"СП","layer":"sp","district":"Аэропорт","section":"Без участка","name":"ДТ\\Черняховского ул. 13","address":"Черняховского ул. 13","type":"Спортивная площадка","parent_id":"989345733","parent_name":"ДТ\\Черняховского ул. 13","site_type":"Резиновая крошка","improvement_year":"2018"},"geometry":{"type":"Point","coordinates":[37.535973,55.806555]}},{"type":"Feature","id":"sp-1188275512-121","properties":{"category":"СП","layer":"sp","district":"Аэропорт","section":"Без участка","name":"ДТ\\Часовая ул. 19 к.3","address":"Часовая ул. 19 к.3","type":"Спортивная площадка","parent_id":"1188275512","parent_name":"ДТ\\Часовая ул. 19 к.3","site_type":"Резиновая крошка","improvement_year":"2018"},"geometry":{"type":"Point","coordinates":[37.522603,55.808377]}},{"type":"Feature","id":"sp-945215421-125","properties":{"category":"СП","layer":"sp","district":"Аэропорт","section":"Без участка","name":"ДТ\\Красноармейская ул. 38; Черняховского ул. 6","address":"Красноармейская ул. 38; Черняховского ул. 6","type":"Спортивная площадка","parent_id":"945215421","parent_name":"ДТ\\Красноармейская ул. 38; Черняховского ул. 6","site_type":"Резиновая крошка","improvement_year":"2019"},"geometry":{"type":"Point","coordinates":[37.536031,55.804128]}},{"type":"Feature","id":"sp-1254428587-127","properties":{"category":"СП","layer":"sp","district":"Аэропорт","section":"Без участка","name":"ДТ\\Ленинградский просп. 44; Серегина ул. 3","address":"Ленинградский просп. 44; Серегина ул. 3","type":"Спортивная площадка","parent_id":"1254428587","parent_name":"ДТ\\Ленинградский просп. 44; Серегина ул. 3","site_type":"Резиновая крошка","improvement_year":"2026"},"geometry":{"type":"Point","coordinates":[37.547128,55.794872]}},{"type":"Feature","id":"sp-1254470402-128","properties":{"category":"СП","layer":"sp","district":"Аэропорт","section":"Без участка","name":"ДТ\\Усиевича ул. 2, 4; Черняховского ул. 7","address":"Усиевича ул. 2, 4; Черняховского ул. 7","type":"Спортивная площадка","parent_id":"1254470402","parent_name":"ДТ\\Усиевича ул. 2, 4; Черняховского ул. 7","site_type":"Резиновая крошка","improvement_year":"2024"},"geometry":{"type":"Point","coordinates":[37.533488,55.804825]}},{"type":"Feature","id":"sp-1254470411-130","properties":{"category":"СП","layer":"sp","district":"Аэропорт","section":"Без участка","name":"ДТ\\Усиевича ул. 2, 4; Черняховского ул. 7","address":"Усиевича ул. 2, 4; Черняховского ул. 7","type":"Спортивная площадка","parent_id":"1254470411","parent_name":"ДТ\\Усиевича ул. 2, 4; Черняховского ул. 7","site_type":"Резиновая крошка","improvement_year":"2024"},"geometry":{"type":"Point","coordinates":[37.533795,55.804714]}},{"type":"Feature","id":"sp-1258456330-133","properties":{"category":"СП","layer":"sp","district":"Аэропорт","section":"Без участка","name":"ДТ\\Планетная ул. 20, 22, 24","address":"Планетная ул. 20, 22, 24","type":"Спортивная площадка","parent_id":"1258456330","parent_name":"ДТ\\Планетная ул. 20, 22, 24","site_type":"Резиновая крошка","improvement_year":"2024"},"geometry":{"type":"Point","coordinates":[37.547635,55.802608]}},{"type":"Feature","id":"sp-1269640637-135","properties":{"category":"СП","layer":"sp","district":"Аэропорт","section":"Без участка","name":"ДТ\\Красноармейская ул. 14; Планетная ул. 21; Эльдорадовский пер. 3, 5, 7","address":"Красноармейская ул. 14; Планетная ул. 21; Эльдорадовский пер. 3, 5, 7","type":"Спортивная площадка","parent_id":"1269640637","parent_name":"ДТ\\Красноармейская ул. 14; Планетная ул. 21; Эльдорадовский пер. 3, 5, 7","site_type":"Резиновая крошка","improvement_year":"2024"},"geometry":{"type":"Point","coordinates":[37.546706,55.80017]}},{"type":"Feature","id":"sp-1269640657-137","properties":{"category":"СП","layer":"sp","district":"Аэропорт","section":"Без участка","name":"ДТ\\Красноармейская ул. 14; Планетная ул. 21; Эльдорадовский пер. 3, 5, 7","address":"Красноармейская ул. 14; Планетная ул. 21; Эльдорадовский пер. 3, 5, 7","type":"Спортивная площадка","parent_id":"1269640657","parent_name":"ДТ\\Красноармейская ул. 14; Планетная ул. 21; Эльдорадовский пер. 3, 5, 7","site_type":"Резиновая крошка","improvement_year":"2024"},"geometry":{"type":"Point","coordinates":[37.547098,55.800347]}},{"type":"Feature","id":"sp-1269799297-138","properties":{"category":"СП","layer":"sp","district":"Аэропорт","section":"Без участка","name":"ДТ\\Масловка Верхн. ул. 5, 7; Петровско-Разумовская аллея 6","address":"Масловка Верхн. ул. 5, 7; Петровско-Разумовская аллея 6","type":"Спортивная площадка","parent_id":"1269799297","parent_name":"ДТ\\Масловка Верхн. ул. 5, 7; Петровско-Разумовская аллея 6","site_type":"Резиновая крошка","improvement_year":"2024"},"geometry":{"type":"Point","coordinates":[37.566011,55.792356]}},{"type":"Feature","id":"sp-936590663-141","properties":{"category":"СП","layer":"sp","district":"Аэропорт","section":"Без участка","name":"ДТ\\Коптевский Б. пр. 4; Часовая ул. 6 к.1, 6 к.2, 8","address":"Коптевский Б. пр. 4; Часовая ул. 6 к.1, 6 к.2, 8","type":"Спортивная площадка","parent_id":"936590663","parent_name":"ДТ\\Коптевский Б. пр. 4; Часовая ул. 6 к.1, 6 к.2, 8","site_type":"Асфальтобетонное","improvement_year":"2017"},"geometry":{"type":"Point","coordinates":[37.534016,55.808166]}},{"type":"Feature","id":"sp-1193268768-147","properties":{"category":"СП","layer":"sp","district":"Аэропорт","section":"Без участка","name":"ДТ\\Амбулаторный 1-й пр. 5 к.1, 5 к.2","address":"Амбулаторный 1-й пр. 5 к.1, 5 к.2","type":"Спортивная площадка","parent_id":"1193268768","parent_name":"ДТ\\Амбулаторный 1-й пр. 5 к.1, 5 к.2","site_type":"Резиновая крошка","improvement_year":"2025"},"geometry":{"type":"Point","coordinates":[37.535423,55.810927]}},{"type":"Feature","id":"sp-909192965-149","properties":{"category":"СП","layer":"sp","district":"Аэропорт","section":"Без участка","name":"ДТ\\Асеева ул. 8; Часовая ул. 9; Шебашевский пр. 5, 7","address":"Асеева ул. 8; Часовая ул. 9; Шебашевский пр. 5, 7","type":"Спортивная площадка","parent_id":"909192965","parent_name":"ДТ\\Асеева ул. 8; Часовая ул. 9; Шебашевский пр. 5, 7","site_type":"Резиновая крошка","improvement_year":"2021"},"geometry":{"type":"Point","coordinates":[37.53071,55.80674]}},{"type":"Feature","id":"sp-1312483703-150","properties":{"category":"СП","layer":"sp","district":"Аэропорт","section":"Без участка","name":"ДТ\\Асеева ул. 8; Часовая ул. 9; Шебашевский пр. 5, 7","address":"Асеева ул. 8; Часовая ул. 9; Шебашевский пр. 5, 7","type":"Спортивная площадка","parent_id":"1312483703","parent_name":"ДТ\\Асеева ул. 8; Часовая ул. 9; Шебашевский пр. 5, 7","site_type":"Резиновая крошка","improvement_year":"2021"},"geometry":{"type":"Point","coordinates":[37.531163,55.807293]}},{"type":"Feature","id":"sp-906083250-151","properties":{"category":"СП","layer":"sp","district":"Аэропорт","section":"Без участка","name":"ДТ\\Планетная ул. 38, 40, 42; Черняховского ул. 14","address":"Планетная ул. 38, 40, 42; Черняховского ул. 14","type":"Спортивная площадка","parent_id":"906083250","parent_name":"ДТ\\Планетная ул. 38, 40, 42; Черняховского ул. 14","site_type":"Резиновая крошка","improvement_year":"2016"},"geometry":{"type":"Point","coordinates":[37.539483,55.806702]}},{"type":"Feature","id":"sp-1026487611-155","properties":{"category":"СП","layer":"sp","district":"Аэропорт","section":"Без участка","name":"ДТ\\8 Марта улица Аэропорт 13","address":"8 Марта улица Аэропорт 13","type":"Спортивная площадка","parent_id":"1026487611","parent_name":"ДТ\\8 Марта улица Аэропорт 13","site_type":"Резиновая крошка","improvement_year":"2022"},"geometry":{"type":"Point","coordinates":[37.550631,55.803895]}},{"type":"Feature","id":"sp-902486974-157","properties":{"category":"СП","layer":"sp","district":"Аэропорт","section":"Без участка","name":"ДТ\\Планетная ул. 12","address":"Планетная ул. 12","type":"Спортивная площадка","parent_id":"902486974","parent_name":"ДТ\\Планетная ул. 12","site_type":"Резиновая крошка","improvement_year":"2015"},"geometry":{"type":"Point","coordinates":[37.550163,55.800288]}},{"type":"Feature","id":"sp-1316149362-158","properties":{"category":"СП","layer":"sp","district":"Аэропорт","section":"Без участка","name":"ДТ\\Планетная ул. 12","address":"Планетная ул. 12","type":"Спортивная площадка","parent_id":"1316149362","parent_name":"ДТ\\Планетная ул. 12","site_type":"Грунтовое","improvement_year":"2015"},"geometry":{"type":"Point","coordinates":[37.550431,55.800391]}},{"type":"Feature","id":"sp-879888775-180","properties":{"category":"СП","layer":"sp","district":"Аэропорт","section":"Без участка","name":"ДТ\\Балтийский 2-й пер. 1/18 к.А, 1/18 к.Б; Усиевича ул. 18","address":"2-й Балтийский переулок дом 1/18, корпус А, дом 1/18, корпус Б; улица Усиевича дом 18","type":"Спортивная площадка","parent_id":"879888775","parent_name":"ДТ\\Балтийский 2-й пер. 1/18 к.А, 1/18 к.Б; Усиевича ул. 18","site_type":"Резиновая крошка","improvement_year":"2021"},"geometry":{"type":"Point","coordinates":[37.523167,55.807748]}},{"type":"Feature","id":"sp-908571466-187","properties":{"category":"СП","layer":"sp","district":"Аэропорт","section":"Без участка","name":"ДТ\\Ильюшина Академика ул. 12","address":"Ильюшина Академика ул. 12","type":"Спортивная площадка","parent_id":"908571466","parent_name":"ДТ\\Ильюшина Академика ул. 12","site_type":"Резиновая крошка","improvement_year":"2018"},"geometry":{"type":"Point","coordinates":[37.545566,55.805295]}},{"type":"Feature","id":"sp-1201051095-200","properties":{"category":"СП","layer":"sp","district":"Аэропорт","section":"Без участка","name":"ДТ\\Планетная ул. 16","address":"Планетная ул. 16","type":"Спортивная площадка","parent_id":"1201051095","parent_name":"ДТ\\Планетная ул. 16","site_type":"Резиновая крошка","improvement_year":"2024"},"geometry":{"type":"Point","coordinates":[37.549023,55.801876]}},{"type":"Feature","id":"sp-1136424452-206","properties":{"category":"СП","layer":"sp","district":"Аэропорт","section":"Без участка","name":"ДТ\\Константина Симонова ул. 5 к.2, 5 к.3","address":"Константина Симонова ул. 5 к.2, 5 к.3","type":"Спортивная площадка","parent_id":"1136424452","parent_name":"ДТ\\Константина Симонова ул. 5 к.2, 5 к.3","site_type":"Резиновая крошка","improvement_year":"2023"},"geometry":{"type":"Point","coordinates":[37.541471,55.799407]}},{"type":"Feature","id":"sp-1137385170-210","properties":{"category":"СП","layer":"sp","district":"Аэропорт","section":"Без участка","name":"ДТ\\Масловка Верхн. ул. 25 к.1","address":"Масловка Верхн. ул. 25 к.1","type":"Спортивная площадка","parent_id":"1137385170","parent_name":"ДТ\\Масловка Верхн. ул. 25 к.1","site_type":"Резиновая крошка","improvement_year":"2016"},"geometry":{"type":"Point","coordinates":[37.557792,55.797487]}},{"type":"Feature","id":"sp-1137385186-213","properties":{"category":"СП","layer":"sp","district":"Аэропорт","section":"Без участка","name":"ДТ\\Масловка Верхн. ул. 25 к.1","address":"Масловка Верхн. ул. 25 к.1","type":"Спортивная площадка","parent_id":"1137385186","parent_name":"ДТ\\Масловка Верхн. ул. 25 к.1","site_type":"Плиточное","improvement_year":"2016"},"geometry":{"type":"Point","coordinates":[37.557713,55.79738]}},{"type":"Feature","id":"sp-1254484938-215","properties":{"category":"СП","layer":"sp","district":"Аэропорт","section":"Без участка","name":"ДТ\\Часовая ул. 18","address":"Часовая ул. 18","type":"Спортивная площадка","parent_id":"1254484938","parent_name":"ДТ\\Часовая ул. 18","site_type":"Резиновая крошка","improvement_year":"2024"},"geometry":{"type":"Point","coordinates":[37.529787,55.809849]}},{"type":"Feature","id":"sp-1258432249-217","properties":{"category":"СП","layer":"sp","district":"Аэропорт","section":"Без участка","name":"ДТ\\Нестерова Пилота ул. 7, 9","address":"Нестерова Пилота ул. 7, 9","type":"Спортивная площадка","parent_id":"1258432249","parent_name":"ДТ\\Нестерова Пилота ул. 7, 9","site_type":"резиновая крошка","improvement_year":"2024"},"geometry":{"type":"Point","coordinates":[37.54608,55.797119]}},{"type":"Feature","id":"sp-1258432255-219","properties":{"category":"СП","layer":"sp","district":"Аэропорт","section":"Без участка","name":"ДТ\\Нестерова Пилота ул. 7, 9","address":"Нестерова Пилота ул. 7, 9","type":"Спортивная площадка","parent_id":"1258432255","parent_name":"ДТ\\Нестерова Пилота ул. 7, 9","site_type":"Резиновая крошка","improvement_year":"2024"},"geometry":{"type":"Point","coordinates":[37.54688,55.796982]}},{"type":"Feature","id":"sp-1314700689-228","properties":{"category":"СП","layer":"sp","district":"Аэропорт","section":"Без участка","name":"ДТ\\Черняховского ул. 4","address":"Черняховского ул. 4","type":"Спортивная площадка","parent_id":"1314700689","parent_name":"ДТ\\Черняховского ул. 4","site_type":"Резиновая крошка","improvement_year":"2025"},"geometry":{"type":"Point","coordinates":[37.533693,55.801634]}},{"type":"Feature","id":"sp-934441586-232","properties":{"category":"СП","layer":"sp","district":"Аэропорт","section":"Без участка","name":"ДТ\\Ленинградский просп. 60А, 60 к.1, 60 к.2","address":"Ленинградский просп. 60А, 60 к.1, 60 к.2","type":"Спортивная площадка","parent_id":"934441586","parent_name":"ДТ\\Ленинградский просп. 60А, 60 к.1, 60 к.2","site_type":"Резиновая крошка","improvement_year":"2025"},"geometry":{"type":"Point","coordinates":[37.53601,55.799925]}},{"type":"Feature","id":"sp-1318362061-234","properties":{"category":"СП","layer":"sp","district":"Аэропорт","section":"Без участка","name":"ДТ\\Ленинградский просп. 60А, 60 к.1, 60 к.2","address":"Ленинградский просп. 60А, 60 к.1, 60 к.2","type":"Спортивная площадка","parent_id":"1318362061","parent_name":"ДТ\\Ленинградский просп. 60А, 60 к.1, 60 к.2","site_type":"Резиновая крошка","improvement_year":"2025"},"geometry":{"type":"Point","coordinates":[37.53634,55.799695]}},{"type":"Feature","id":"sp-1326541543-243","properties":{"category":"СП","layer":"sp","district":"Аэропорт","section":"Без участка","name":"ДТ\\Часовая ул. 26","address":"Часовая улица дом 27","type":"Спортивная площадка","parent_id":"1326541543","parent_name":"ДТ\\Часовая ул. 26","site_type":"Резиновая крошка","improvement_year":"2017"},"geometry":{"type":"Point","coordinates":[37.517227,55.810863]}},{"type":"Feature","id":"sp-932620272-245","properties":{"category":"СП","layer":"sp","district":"Беговой","section":"Без участка","name":"ДТ\\Беговая ул. 28","address":"Беговая ул. 28","type":"Спортивная площадка","parent_id":"932620272","parent_name":"ДТ\\Беговая ул. 28","site_type":"Резиновая крошка","improvement_year":"2021"},"geometry":{"type":"Point","coordinates":[37.561791,55.782023]}},{"type":"Feature","id":"sp-1184026994-254","properties":{"category":"СП","layer":"sp","district":"Беговой","section":"Без участка","name":"ДТ\\Беговая ул. 18 к.1, 18 к.2","address":"Беговая ул. 18 к.1, 18 к.2","type":"Спортивная площадка","parent_id":"1184026994","parent_name":"ДТ\\Беговая ул. 18 к.1, 18 к.2","site_type":"Резиновая крошка","improvement_year":"2024"},"geometry":{"type":"Point","coordinates":[37.557643,55.777209]}},{"type":"Feature","id":"sp-948129479-256","properties":{"category":"СП","layer":"sp","district":"Беговой","section":"Без участка","name":"ДТ\\Ленинградский просп. 13 стр.1, 13 стр.1А","address":"Ленинградский просп. 13 стр.1, 13 стр.1А","type":"Спортивная площадка","parent_id":"948129479","parent_name":"ДТ\\Ленинградский просп. 13 стр.1, 13 стр.1А","site_type":"Резиновая крошка","improvement_year":"2021"},"geometry":{"type":"Point","coordinates":[37.5732,55.780903]}},{"type":"Feature","id":"sp-951113443-260","properties":{"category":"СП","layer":"sp","district":"Беговой","section":"Без участка","name":"ДТ\\Башиловка Нов. ул. 14","address":"Башиловка Нов. ул. 14","type":"Спортивная площадка","parent_id":"951113443","parent_name":"ДТ\\Башиловка Нов. ул. 14","site_type":"Резиновая крошка","improvement_year":"2021"},"geometry":{"type":"Point","coordinates":[37.572666,55.789423]}},{"type":"Feature","id":"sp-1120917876-261","properties":{"category":"СП","layer":"sp","district":"Беговой","section":"Без участка","name":"ДТ\\Ленинградский просп. 33 к.1, 33 к.10, 33 к.3, 33 к.4, 33 к.5, 33 к.6, 33 к.7, 33 к.8, 33 к.9","address":"Ленинградский просп. 33 к.1, 33 к.10, 33 к.3, 33 к.4, 33 к.5, 33 к.6, 33 к.7, 33 к.8, 33 к.9","type":"Спортивная площадка","parent_id":"1120917876","parent_name":"ДТ\\Ленинградский просп. 33 к.1, 33 к.10, 33 к.3, 33 к.4, 33 к.5, 33 к.6, 33 к.7, 33 к.8, 33 к.9","site_type":"Резиновая крошка","improvement_year":"2019"},"geometry":{"type":"Point","coordinates":[37.560301,55.786802]}},{"type":"Feature","id":"sp-1120917880-262","properties":{"category":"СП","layer":"sp","district":"Беговой","section":"Без участка","name":"ДТ\\Ленинградский просп. 33 к.1, 33 к.10, 33 к.3, 33 к.4, 33 к.5, 33 к.6, 33 к.7, 33 к.8, 33 к.9","address":"Ленинградский просп. 33 к.1, 33 к.10, 33 к.3, 33 к.4, 33 к.5, 33 к.6, 33 к.7, 33 к.8, 33 к.9","type":"Спортивная площадка","parent_id":"1120917880","parent_name":"ДТ\\Ленинградский просп. 33 к.1, 33 к.10, 33 к.3, 33 к.4, 33 к.5, 33 к.6, 33 к.7, 33 к.8, 33 к.9","site_type":"Резиновая крошка","improvement_year":"2019"},"geometry":{"type":"Point","coordinates":[37.559292,55.786165]}},{"type":"Feature","id":"sp-1120917890-263","properties":{"category":"СП","layer":"sp","district":"Беговой","section":"Без участка","name":"ДТ\\Ленинградский просп. 33 к.1, 33 к.10, 33 к.3, 33 к.4, 33 к.5, 33 к.6, 33 к.7, 33 к.8, 33 к.9","address":"Ленинградский просп. 33 к.1, 33 к.10, 33 к.3, 33 к.4, 33 к.5, 33 к.6, 33 к.7, 33 к.8, 33 к.9","type":"Спортивная площадка","parent_id":"1120917890","parent_name":"ДТ\\Ленинградский просп. 33 к.1, 33 к.10, 33 к.3, 33 к.4, 33 к.5, 33 к.6, 33 к.7, 33 к.8, 33 к.9","site_type":"Резиновая крошка","improvement_year":"2019"},"geometry":{"type":"Point","coordinates":[37.559067,55.78746]}},{"type":"Feature","id":"sp-1182331127-265","properties":{"category":"СП","layer":"sp","district":"Беговой","section":"Без участка","name":"ДТ\\Ленинградский просп. 33А","address":"Ленинградский просп. 33А","type":"Спортивная площадка","parent_id":"1182331127","parent_name":"ДТ\\Ленинградский просп. 33А","site_type":"Резиновая крошка","improvement_year":"2014"},"geometry":{"type":"Point","coordinates":[37.558062,55.787987]}},{"type":"Feature","id":"sp-1186023552-268","properties":{"category":"СП","layer":"sp","district":"Беговой","section":"Без участка","name":"ДТ\\Скаковая ул. 18, 18А","address":"Скаковая ул. 18, 18А","type":"Спортивная площадка","parent_id":"1186023552","parent_name":"ДТ\\Скаковая ул. 18, 18А","site_type":"Резиновая крошка","improvement_year":"2026"},"geometry":{"type":"Point","coordinates":[37.568178,55.781076]}},{"type":"Feature","id":"sp-1140989287-277","properties":{"category":"СП","layer":"sp","district":"Беговой","section":"Без участка","name":"ДТ\\Беговая аллея 3","address":"Беговая аллея 3","type":"Спортивная площадка","parent_id":"1140989287","parent_name":"ДТ\\Беговая аллея 3","site_type":"Резиновая крошка","improvement_year":"2026"},"geometry":{"type":"Point","coordinates":[37.565615,55.782665]}},{"type":"Feature","id":"sp-1171605397-279","properties":{"category":"СП","layer":"sp","district":"Беговой","section":"Без участка","name":"ДТ\\Беговая ул. 17 к.1","address":"Беговая ул. 17 к.1","type":"Спортивная площадка","parent_id":"1171605397","parent_name":"ДТ\\Беговая ул. 17 к.1","site_type":"Резиновая крошка","improvement_year":"2024"},"geometry":{"type":"Point","coordinates":[37.559398,55.781802]}},{"type":"Feature","id":"sp-1184401155-284","properties":{"category":"СП","layer":"sp","district":"Беговой","section":"Без участка","name":"ДТ\\Масловка Нижн. ул. 5, 5 к.1, 5 к.2, 5 к.3, 5 к.5","address":"Масловка Нижн. ул. 5, 5 к.1, 5 к.2, 5 к.3, 5 к.5","type":"Спортивная площадка","parent_id":"1184401155","parent_name":"ДТ\\Масловка Нижн. ул. 5, 5 к.1, 5 к.2, 5 к.3, 5 к.5","site_type":"Резиновая крошка","improvement_year":"2024"},"geometry":{"type":"Point","coordinates":[37.583023,55.791318]}},{"type":"Feature","id":"sp-1184401161-286","properties":{"category":"СП","layer":"sp","district":"Беговой","section":"Без участка","name":"ДТ\\Масловка Нижн. ул. 5, 5 к.1, 5 к.2, 5 к.3, 5 к.5","address":"Масловка Нижн. ул. 5, 5 к.1, 5 к.2, 5 к.3, 5 к.5","type":"Спортивная площадка","parent_id":"1184401161","parent_name":"ДТ\\Масловка Нижн. ул. 5, 5 к.1, 5 к.2, 5 к.3, 5 к.5","site_type":"Резиновая крошка","improvement_year":"2024"},"geometry":{"type":"Point","coordinates":[37.583881,55.791417]}},{"type":"Feature","id":"sp-1171592168-287","properties":{"category":"СП","layer":"sp","district":"Беговой","section":"Без участка","name":"ДТ\\Беговая ул. 13","address":"Беговая ул. 13","type":"Спортивная площадка","parent_id":"1171592168","parent_name":"ДТ\\Беговая ул. 13","site_type":"Резиновая крошка","improvement_year":"2025"},"geometry":{"type":"Point","coordinates":[37.557932,55.780806]}},{"type":"Feature","id":"sp-895754969-289","properties":{"category":"СП","layer":"sp","district":"Беговой","section":"Без участка","name":"ДТ\\Верхняя ул. 1","address":"Верхняя ул. 1","type":"Спортивная площадка","parent_id":"895754969","parent_name":"ДТ\\Верхняя ул. 1","site_type":"Резиновая крошка","improvement_year":"2016"},"geometry":{"type":"Point","coordinates":[37.576506,55.776938]}},{"type":"Feature","id":"sp-1182818566-290","properties":{"category":"СП","layer":"sp","district":"Беговой","section":"Без участка","name":"ДТ\\Скаковая ул. 34 к.1, 34 к.2, 34 к.3, 34 к.4","address":"Скаковая ул. 34 к.1, 34 к.2, 34 к.3, 34 к.4","type":"Спортивная площадка","parent_id":"1182818566","parent_name":"ДТ\\Скаковая ул. 34 к.1, 34 к.2, 34 к.3, 34 к.4","site_type":"Резиновая крошка","improvement_year":"2021"},"geometry":{"type":"Point","coordinates":[37.570931,55.777636]}},{"type":"Feature","id":"sp-1145351206-291","properties":{"category":"СП","layer":"sp","district":"Беговой","section":"Без участка","name":"ДТ\\Боткинский 1-й пр. 2/6","address":"Боткинский 1-й пр. 2/6","type":"Спортивная площадка","parent_id":"1145351206","parent_name":"ДТ\\Боткинский 1-й пр. 2/6","site_type":"Резиновая крошка","improvement_year":"2021"},"geometry":{"type":"Point","coordinates":[37.556663,55.781454]}},{"type":"Feature","id":"sp-1182551068-294","properties":{"category":"СП","layer":"sp","district":"Беговой","section":"Без участка","name":"ДТ\\Ленинградский просп. 24","address":"Ленинградский просп. 24","type":"Спортивная площадка","parent_id":"1182551068","parent_name":"ДТ\\Ленинградский просп. 24","site_type":"Резиновая крошка","improvement_year":"2022"},"geometry":{"type":"Point","coordinates":[37.573745,55.782894]}},{"type":"Feature","id":"sp-1147780974-295","properties":{"category":"СП","layer":"sp","district":"Беговой","section":"Без участка","name":"ДТ\\Ленинградский просп. 14 к.4, 14 к.5","address":"Ленинградский просп. 14 к.4, 14 к.5","type":"Спортивная площадка","parent_id":"1147780974","parent_name":"ДТ\\Ленинградский просп. 14 к.4, 14 к.5","site_type":"Резиновая крошка","improvement_year":"2022"},"geometry":{"type":"Point","coordinates":[37.578982,55.78136]}},{"type":"Feature","id":"sp-1148711115-297","properties":{"category":"СП","layer":"sp","district":"Беговой","section":"Без участка","name":"ДТ\\Беговая ул. 34","address":"Беговая ул. 34","type":"Спортивная площадка","parent_id":"1148711115","parent_name":"ДТ\\Беговая ул. 34","site_type":"Резиновая крошка","improvement_year":"2026"},"geometry":{"type":"Point","coordinates":[37.564368,55.78372]}},{"type":"Feature","id":"sp-1148711117-298","properties":{"category":"СП","layer":"sp","district":"Беговой","section":"Без участка","name":"ДТ\\Беговая ул. 34","address":"Беговая ул. 34","type":"Спортивная площадка","parent_id":"1148711117","parent_name":"ДТ\\Беговая ул. 34","site_type":"Резиновая крошка","improvement_year":"2026"},"geometry":{"type":"Point","coordinates":[37.56421,55.783586]}},{"type":"Feature","id":"sp-1183110632-304","properties":{"category":"СП","layer":"sp","district":"Беговой","section":"Без участка","name":"ДТ\\Беговая ул. 24","address":"Беговая ул. 24","type":"Спортивная площадка","parent_id":"1183110632","parent_name":"ДТ\\Беговая ул. 24","site_type":"Резиновая крошка","improvement_year":"2024"},"geometry":{"type":"Point","coordinates":[37.559814,55.780303]}},{"type":"Feature","id":"sp-1139857935-306","properties":{"category":"СП","layer":"sp","district":"Беговой","section":"Без участка","name":"ДТ\\Беговая аллея 5 к.2","address":"Беговая аллея 5 к.2","type":"Спортивная площадка","parent_id":"1139857935","parent_name":"ДТ\\Беговая аллея 5 к.2","site_type":"Резиновая крошка","improvement_year":"2026"},"geometry":{"type":"Point","coordinates":[37.563965,55.782305]}},{"type":"Feature","id":"sp-1088607988-308","properties":{"category":"СП","layer":"sp","district":"Беговой","section":"Без участка","name":"ДТ\\Правды ул. 11","address":"Правды ул. 11","type":"Спортивная площадка","parent_id":"1088607988","parent_name":"ДТ\\Правды ул. 11","site_type":"Резиновая крошка","improvement_year":"2023"},"geometry":{"type":"Point","coordinates":[37.577792,55.78519]}},{"type":"Feature","id":"sp-1088607992-309","properties":{"category":"СП","layer":"sp","district":"Беговой","section":"Без участка","name":"ДТ\\Правды ул. 11","address":"Правды ул. 11","type":"Спортивная площадка","parent_id":"1088607992","parent_name":"ДТ\\Правды ул. 11","site_type":"Резиновая крошка","improvement_year":"2023"},"geometry":{"type":"Point","coordinates":[37.577789,55.785247]}},{"type":"Feature","id":"sp-1088607996-310","properties":{"category":"СП","layer":"sp","district":"Беговой","section":"Без участка","name":"ДТ\\Правды ул. 11","address":"Правды ул. 11","type":"Спортивная площадка","parent_id":"1088607996","parent_name":"ДТ\\Правды ул. 11","site_type":"Резиновая крошка","improvement_year":"2023"},"geometry":{"type":"Point","coordinates":[37.577634,55.785965]}},{"type":"Feature","id":"sp-951113437-315","properties":{"category":"СП","layer":"sp","district":"Беговой","section":"Без участка","name":"ДТ\\Башиловка Нов. ул. 14","address":"Башиловка Нов. ул. 14","type":"Спортивная площадка","parent_id":"951113437","parent_name":"ДТ\\Башиловка Нов. ул. 14","site_type":"Резиновая крошка","improvement_year":"2015"},"geometry":{"type":"Point","coordinates":[37.572865,55.789585]}},{"type":"Feature","id":"sp-1184026982-318","properties":{"category":"СП","layer":"sp","district":"Беговой","section":"Без участка","name":"ДТ\\Беговая ул. 18 к.1, 18 к.2","address":"Беговая ул. 18 к.1, 18 к.2","type":"Спортивная площадка","parent_id":"1184026982","parent_name":"ДТ\\Беговая ул. 18 к.1, 18 к.2","site_type":"Резиновая крошка","improvement_year":"2019"},"geometry":{"type":"Point","coordinates":[37.557448,55.777195]}},{"type":"Feature","id":"sp-1171592125-319","properties":{"category":"СП","layer":"sp","district":"Беговой","section":"Без участка","name":"ДТ\\Беговая ул. 13","address":"Беговая ул. 13","type":"Спортивная площадка","parent_id":"1171592125","parent_name":"ДТ\\Беговая ул. 13","site_type":"Резиновая крошка","improvement_year":"2025"},"geometry":{"type":"Point","coordinates":[37.557114,55.780916]}},{"type":"Feature","id":"sp-1120917868-321","properties":{"category":"СП","layer":"sp","district":"Беговой","section":"Без участка","name":"ДТ\\Ленинградский просп. 33 к.1, 33 к.10, 33 к.3, 33 к.4, 33 к.5, 33 к.6, 33 к.7, 33 к.8, 33 к.9","address":"Ленинградский просп. 33 к.1, 33 к.10, 33 к.3, 33 к.4, 33 к.5, 33 к.6, 33 к.7, 33 к.8, 33 к.9","type":"Спортивная площадка","parent_id":"1120917868","parent_name":"ДТ\\Ленинградский просп. 33 к.1, 33 к.10, 33 к.3, 33 к.4, 33 к.5, 33 к.6, 33 к.7, 33 к.8, 33 к.9","site_type":"Резиновая крошка","improvement_year":"2021"},"geometry":{"type":"Point","coordinates":[37.558038,55.787046]}},{"type":"Feature","id":"sp-1182818554-322","properties":{"category":"СП","layer":"sp","district":"Беговой","section":"Без участка","name":"ДТ\\Скаковая ул. 34 к.1, 34 к.2, 34 к.3, 34 к.4","address":"Скаковая ул. 34 к.1, 34 к.2, 34 к.3, 34 к.4","type":"Спортивная площадка","parent_id":"1182818554","parent_name":"ДТ\\Скаковая ул. 34 к.1, 34 к.2, 34 к.3, 34 к.4","site_type":"Резиновая крошка","improvement_year":"2021"},"geometry":{"type":"Point","coordinates":[37.571574,55.776796]}},{"type":"Feature","id":"sp-1101232318-334","properties":{"category":"СП","layer":"sp","district":"Беговой","section":"Без участка","name":"ДТ\\Башиловка Нов. ул. 4, 6; Ленинградский просп. 34; Расковой ул. 1","address":"Башиловка Нов. ул. 4, 6; Ленинградский просп. 34; Расковой ул. 1","type":"Спортивная площадка","parent_id":"1101232318","parent_name":"ДТ\\Башиловка Нов. ул. 4, 6; Ленинградский просп. 34; Расковой ул. 1","site_type":"Резиновая крошка","improvement_year":"2021"},"geometry":{"type":"Point","coordinates":[37.569616,55.786343]}},{"type":"Feature","id":"sp-1101232324-335","properties":{"category":"СП","layer":"sp","district":"Беговой","section":"Без участка","name":"ДТ\\Башиловка Нов. ул. 4, 6; Ленинградский просп. 34; Расковой ул. 1","address":"Башиловка Нов. ул. 4, 6; Ленинградский просп. 34; Расковой ул. 1","type":"Спортивная площадка","parent_id":"1101232324","parent_name":"ДТ\\Башиловка Нов. ул. 4, 6; Ленинградский просп. 34; Расковой ул. 1","site_type":"Резиновая крошка","improvement_year":"2021"},"geometry":{"type":"Point","coordinates":[37.568987,55.786042]}},{"type":"Feature","id":"sp-1101232310-337","properties":{"category":"СП","layer":"sp","district":"Беговой","section":"Без участка","name":"ДТ\\Башиловка Нов. ул. 4, 6; Ленинградский просп. 34; Расковой ул. 1","address":"Башиловка Нов. ул. 4, 6; Ленинградский просп. 34; Расковой ул. 1","type":"Спортивная площадка","parent_id":"1101232310","parent_name":"ДТ\\Башиловка Нов. ул. 4, 6; Ленинградский просп. 34; Расковой ул. 1","site_type":"Резиновая крошка","improvement_year":"2021"},"geometry":{"type":"Point","coordinates":[37.569627,55.786625]}},{"type":"Feature","id":"sp-949947751-340","properties":{"category":"СП","layer":"sp","district":"Беговой","section":"Без участка","name":"ДТ\\Нижняя ул. 11","address":"Нижняя ул. 11","type":"Спортивная площадка","parent_id":"949947751","parent_name":"ДТ\\Нижняя ул. 11","site_type":"Резиновая крошка","improvement_year":"2017"},"geometry":{"type":"Point","coordinates":[37.575423,55.775805]}},{"type":"Feature","id":"sp-1298845218-342","properties":{"category":"СП","layer":"sp","district":"Беговой","section":"Без участка","name":"ДТ\\Ямского Поля 3-я ул. 17","address":"Ямского Поля 3-я ул. 17","type":"Спортивная площадка","parent_id":"1298845218","parent_name":"ДТ\\Ямского Поля 3-я ул. 17","site_type":"Резиновая крошка","improvement_year":"2025"},"geometry":{"type":"Point","coordinates":[37.578142,55.782727]}},{"type":"Feature","id":"sp-1182501634-343","properties":{"category":"СП","layer":"sp","district":"Беговой","section":"Без участка","name":"ДТ\\Правды ул. 5","address":"Правды ул. 5","type":"Спортивная площадка","parent_id":"1182501634","parent_name":"ДТ\\Правды ул. 5","site_type":"Резиновая крошка","improvement_year":"2022"},"geometry":{"type":"Point","coordinates":[37.575586,55.78403]}},{"type":"Feature","id":"sp-1182501640-345","properties":{"category":"СП","layer":"sp","district":"Беговой","section":"Без участка","name":"ДТ\\Правды ул. 5","address":"Правды ул. 5","type":"Спортивная площадка","parent_id":"1182501640","parent_name":"ДТ\\Правды ул. 5","site_type":"Резиновая крошка","improvement_year":"2022"},"geometry":{"type":"Point","coordinates":[37.575404,55.783931]}},{"type":"Feature","id":"sp-1182501642-346","properties":{"category":"СП","layer":"sp","district":"Беговой","section":"Без участка","name":"ДТ\\Правды ул. 5","address":"Правды ул. 5","type":"Спортивная площадка","parent_id":"1182501642","parent_name":"ДТ\\Правды ул. 5","site_type":"Плиточное","improvement_year":"2022"},"geometry":{"type":"Point","coordinates":[37.575349,55.784207]}},{"type":"Feature","id":"sp-1148678824-348","properties":{"category":"СП","layer":"sp","district":"Беговой","section":"Без участка","name":"ДТ\\Правды ул. 1/2","address":"Правды ул. 1/2","type":"Спортивная площадка","parent_id":"1148678824","parent_name":"ДТ\\Правды ул. 1/2","site_type":"Асфальтобетонное","improvement_year":"2025"},"geometry":{"type":"Point","coordinates":[37.573216,55.784255]}},{"type":"Feature","id":"sp-1183994630-352","properties":{"category":"СП","layer":"sp","district":"Беговой","section":"Без участка","name":"ДТ\\Ямского Поля 5-я ул. 23 к.1, 23 к.2","address":"Ямского Поля 5-я ул. 23 к.1, 23 к.2","type":"Спортивная площадка","parent_id":"1183994630","parent_name":"ДТ\\Ямского Поля 5-я ул. 23 к.1, 23 к.2","site_type":"Резиновая крошка","improvement_year":"2023"},"geometry":{"type":"Point","coordinates":[37.57717,55.787824]}},{"type":"Feature","id":"sp-1305575946-353","properties":{"category":"СП","layer":"sp","district":"Беговой","section":"Без участка","name":"ДТ\\Ямского Поля 5-я ул. 23 к.1, 23 к.2","address":"Ямского Поля 5-я ул. 23 к.1, 23 к.2","type":"Спортивная площадка","parent_id":"1305575946","parent_name":"ДТ\\Ямского Поля 5-я ул. 23 к.1, 23 к.2","site_type":"Резиновая крошка","improvement_year":"2023"},"geometry":{"type":"Point","coordinates":[37.577205,55.787873]}},{"type":"Feature","id":"sp-1185440247-354","properties":{"category":"СП","layer":"sp","district":"Беговой","section":"Без участка","name":"ДТ\\Нижняя улица дом 3, дом 5, дом 7","address":"Нижняя улица дом 3, дом 5, дом 7","type":"Спортивная площадка","parent_id":"1185440247","parent_name":"ДТ\\Нижняя улица дом 3, дом 5, дом 7","site_type":"Плиточное","improvement_year":"2017"},"geometry":{"type":"Point","coordinates":[37.57837,55.776636]}},{"type":"Feature","id":"sp-1185440222-356","properties":{"category":"СП","layer":"sp","district":"Беговой","section":"Без участка","name":"ДТ\\Нижняя улица дом 3, дом 5, дом 7","address":"Нижняя улица дом 3, дом 5, дом 7","type":"Спортивная площадка","parent_id":"1185440222","parent_name":"ДТ\\Нижняя улица дом 3, дом 5, дом 7","site_type":"Резиновая крошка","improvement_year":"2017"},"geometry":{"type":"Point","coordinates":[37.58007,55.777266]}},{"type":"Feature","id":"sp-933478082-363","properties":{"category":"СП","layer":"sp","district":"Беговой","section":"Без участка","name":"ДТ\\Ленинградский просп. 35","address":"Ленинградский просп. 35","type":"Спортивная площадка","parent_id":"933478082","parent_name":"ДТ\\Ленинградский просп. 35","site_type":"Резиновая крошка","improvement_year":"2014"},"geometry":{"type":"Point","coordinates":[37.552976,55.790225]}},{"type":"Feature","id":"sp-1120293023-367","properties":{"category":"СП","layer":"sp","district":"Беговой","section":"Без участка","name":"ДТ\\Ямского Поля 1-я ул. 24","address":"Ямского Поля 1-я ул. 24","type":"Спортивная площадка","parent_id":"1120293023","parent_name":"ДТ\\Ямского Поля 1-я ул. 24","site_type":"Резиновая крошка","improvement_year":"2022"},"geometry":{"type":"Point","coordinates":[37.585398,55.782326]}},{"type":"Feature","id":"sp-939334907-369","properties":{"category":"СП","layer":"sp","district":"Беговой","section":"Без участка","name":"ДТ\\Беговая ул. 6 к.2","address":"Беговая ул. 6 к.2","type":"Спортивная площадка","parent_id":"939334907","parent_name":"ДТ\\Беговая ул. 6 к.2","site_type":"Резиновая крошка","improvement_year":"2019"},"geometry":{"type":"Point","coordinates":[37.557086,55.775305]}},{"type":"Feature","id":"sp-1148976792-371","properties":{"category":"СП","layer":"sp","district":"Беговой","section":"Без участка","name":"ДТ\\Беговая ул. 5","address":"Беговая ул. 5","type":"Спортивная площадка","parent_id":"1148976792","parent_name":"ДТ\\Беговая ул. 5","site_type":"Резиновая крошка","improvement_year":"2023"},"geometry":{"type":"Point","coordinates":[37.554654,55.777166]}},{"type":"Feature","id":"sp-1181269417-375","properties":{"category":"СП","layer":"sp","district":"Беговой","section":"Без участка","name":"ДТ\\Расковой ул. 30","address":"Расковой ул. 30","type":"Спортивная площадка","parent_id":"1181269417","parent_name":"ДТ\\Расковой ул. 30","site_type":"Резиновая крошка","improvement_year":"2023"},"geometry":{"type":"Point","coordinates":[37.576227,55.789519]}},{"type":"Feature","id":"sp-988367063-380","properties":{"category":"СП","layer":"sp","district":"Беговой","section":"Без участка","name":"ДТ\\Ленинградский просп. 28","address":"Ленинградский просп. 28","type":"Спортивная площадка","parent_id":"988367063","parent_name":"ДТ\\Ленинградский просп. 28","site_type":"Резиновая крошка","improvement_year":"2022"},"geometry":{"type":"Point","coordinates":[37.571712,55.783951]}},{"type":"Feature","id":"sp-1139021131-383","properties":{"category":"СП","layer":"sp","district":"Беговой","section":"Без участка","name":"ДТ\\Беговой пр. 7, 9","address":"Беговой пр. 7, 9","type":"Спортивная площадка","parent_id":"1139021131","parent_name":"ДТ\\Беговой пр. 7, 9","site_type":"Резиновая крошка","improvement_year":"2023"},"geometry":{"type":"Point","coordinates":[37.552901,55.777789]}},{"type":"Feature","id":"sp-1146548981-384","properties":{"category":"СП","layer":"sp","district":"Беговой","section":"Без участка","name":"ДТ\\Правды ул. 17/19","address":"Правды ул. 17/19","type":"Спортивная площадка","parent_id":"1146548981","parent_name":"ДТ\\Правды ул. 17/19","site_type":"Резиновая крошка","improvement_year":"2026"},"geometry":{"type":"Point","coordinates":[37.578723,55.786601]}},{"type":"Feature","id":"sp-1267225169-389","properties":{"category":"СП","layer":"sp","district":"Бескудниковский","section":"Без участка","name":"ДТ\\Бескудниковский пер. 1 к.1, 1 к.2, 1 к.3","address":"Бескудниковский пер. 1 к.1, 1 к.2, 1 к.3","type":"Спортивная площадка","parent_id":"1267225169","parent_name":"ДТ\\Бескудниковский пер. 1 к.1, 1 к.2, 1 к.3","site_type":"Асфальтобетонное","improvement_year":"2021"},"geometry":{"type":"Point","coordinates":[37.555293,55.864542]}},{"type":"Feature","id":"sp-1267225185-392","properties":{"category":"СП","layer":"sp","district":"Бескудниковский","section":"Без участка","name":"ДТ\\Бескудниковский пер. 1 к.1, 1 к.2, 1 к.3","address":"Бескудниковский пер. 1 к.1, 1 к.2, 1 к.3","type":"Спортивная площадка","parent_id":"1267225185","parent_name":"ДТ\\Бескудниковский пер. 1 к.1, 1 к.2, 1 к.3","site_type":"Резиновая крошка","improvement_year":"2021"},"geometry":{"type":"Point","coordinates":[37.555129,55.864141]}},{"type":"Feature","id":"sp-1267225191-393","properties":{"category":"СП","layer":"sp","district":"Бескудниковский","section":"Без участка","name":"ДТ\\Бескудниковский пер. 1 к.1, 1 к.2, 1 к.3","address":"Бескудниковский пер. 1 к.1, 1 к.2, 1 к.3","type":"Спортивная площадка","parent_id":"1267225191","parent_name":"ДТ\\Бескудниковский пер. 1 к.1, 1 к.2, 1 к.3","site_type":"Плиточное","improvement_year":"2021"},"geometry":{"type":"Point","coordinates":[37.555129,55.864141]}},{"type":"Feature","id":"sp-1268150191-399","properties":{"category":"СП","layer":"sp","district":"Бескудниковский","section":"Без участка","name":"ДТ\\Бескудниковский бульв. 29 к.1","address":"Бескудниковский бульв. 29 к.1","type":"Спортивная площадка","parent_id":"1268150191","parent_name":"ДТ\\Бескудниковский бульв. 29 к.1","site_type":"Резиновая крошка","improvement_year":"2017"},"geometry":{"type":"Point","coordinates":[37.554359,55.87108]}},{"type":"Feature","id":"sp-1268150195-401","properties":{"category":"СП","layer":"sp","district":"Бескудниковский","section":"Без участка","name":"ДТ\\Бескудниковский бульв. 29 к.1","address":"Бескудниковский бульв. 29 к.1","type":"Спортивная площадка","parent_id":"1268150195","parent_name":"ДТ\\Бескудниковский бульв. 29 к.1","site_type":"Асфальтобетонное","improvement_year":"2017"},"geometry":{"type":"Point","coordinates":[37.55397,55.871556]}},{"type":"Feature","id":"sp-1268436026-411","properties":{"category":"СП","layer":"sp","district":"Бескудниковский","section":"Без участка","name":"ДТ\\Дмитровское шоссе 68","address":"Дмитровское шоссе 68","type":"Спортивная площадка","parent_id":"1268436026","parent_name":"ДТ\\Дмитровское шоссе 68","site_type":"Резиновая крошка","improvement_year":"2016"},"geometry":{"type":"Point","coordinates":[37.560641,55.858666]}},{"type":"Feature","id":"sp-1268436034-413","properties":{"category":"СП","layer":"sp","district":"Бескудниковский","section":"Без участка","name":"ДТ\\Дмитровское шоссе 68","address":"Дмитровское шоссе 68","type":"Спортивная площадка","parent_id":"1268436034","parent_name":"ДТ\\Дмитровское шоссе 68","site_type":"Асфальтобетонное","improvement_year":"2016"},"geometry":{"type":"Point","coordinates":[37.560641,55.858666]}},{"type":"Feature","id":"sp-1268492781-419","properties":{"category":"СП","layer":"sp","district":"Бескудниковский","section":"Без участка","name":"ДТ\\Бескудниковский бульв. 30 к.4","address":"Бескудниковский бульв. 30 к.4","type":"Спортивная площадка","parent_id":"1268492781","parent_name":"ДТ\\Бескудниковский бульв. 30 к.4","site_type":"Асфальтобетонное","improvement_year":"2025"},"geometry":{"type":"Point","coordinates":[37.557874,55.869391]}},{"type":"Feature","id":"sp-1268492797-421","properties":{"category":"СП","layer":"sp","district":"Бескудниковский","section":"Без участка","name":"ДТ\\Бескудниковский бульв. 30 к.4","address":"Бескудниковский бульв. 30 к.4","type":"Спортивная площадка","parent_id":"1268492797","parent_name":"ДТ\\Бескудниковский бульв. 30 к.4","site_type":"Резиновая крошка","improvement_year":"2025"},"geometry":{"type":"Point","coordinates":[37.558132,55.869458]}},{"type":"Feature","id":"sp-1269802934-429","properties":{"category":"СП","layer":"sp","district":"Бескудниковский","section":"Без участка","name":"ДТ\\Бескудниковский пр. 2 к.2","address":"Бескудниковский пр. 2 к.2","type":"Спортивная площадка","parent_id":"1269802934","parent_name":"ДТ\\Бескудниковский пр. 2 к.2","site_type":"Резиновая крошка","improvement_year":"2024"},"geometry":{"type":"Point","coordinates":[37.55064,55.87458]}},{"type":"Feature","id":"sp-1270034894-432","properties":{"category":"СП","layer":"sp","district":"Бескудниковский","section":"Без участка","name":"ДТ\\Дмитровское шоссе 86","address":"Дмитровское шоссе 86","type":"Спортивная площадка","parent_id":"1270034894","parent_name":"ДТ\\Дмитровское шоссе 86","site_type":"Резиновая крошка","improvement_year":"2019"},"geometry":{"type":"Point","coordinates":[37.549706,55.869807]}},{"type":"Feature","id":"sp-1270098114-440","properties":{"category":"СП","layer":"sp","district":"Бескудниковский","section":"Без участка","name":"ДТ\\Бескудниковский бульв. 13","address":"Бескудниковский бульв. 13","type":"Спортивная площадка","parent_id":"1270098114","parent_name":"ДТ\\Бескудниковский бульв. 13","site_type":"Резиновая крошка","improvement_year":"2016"},"geometry":{"type":"Point","coordinates":[37.558278,55.863161]}},{"type":"Feature","id":"sp-1270098134-445","properties":{"category":"СП","layer":"sp","district":"Бескудниковский","section":"Без участка","name":"ДТ\\Бескудниковский бульв. 13","address":"Бескудниковский бульв. 13","type":"Спортивная площадка","parent_id":"1270098134","parent_name":"ДТ\\Бескудниковский бульв. 13","site_type":"Резиновая крошка","improvement_year":"2016"},"geometry":{"type":"Point","coordinates":[37.558276,55.863297]}},{"type":"Feature","id":"sp-1270107696-447","properties":{"category":"СП","layer":"sp","district":"Бескудниковский","section":"Без участка","name":"ДТ\\Бескудниковский бульв. 30 к.3","address":"Бескудниковский бульв. 30 к.3","type":"Спортивная площадка","parent_id":"1270107696","parent_name":"ДТ\\Бескудниковский бульв. 30 к.3","site_type":"Резиновая крошка","improvement_year":"2025"},"geometry":{"type":"Point","coordinates":[37.557277,55.87061]}},{"type":"Feature","id":"sp-1270161602-452","properties":{"category":"СП","layer":"sp","district":"Бескудниковский","section":"Без участка","name":"ДТ\\Дмитровское шоссе 74 к.1","address":"Дмитровское шоссе 74 к.1","type":"Спортивная площадка","parent_id":"1270161602","parent_name":"ДТ\\Дмитровское шоссе 74 к.1","site_type":"Резиновая крошка","improvement_year":"2017"},"geometry":{"type":"Point","coordinates":[37.557218,55.861017]}},{"type":"Feature","id":"sp-1270161610-453","properties":{"category":"СП","layer":"sp","district":"Бескудниковский","section":"Без участка","name":"ДТ\\Дмитровское шоссе 74 к.1","address":"Дмитровское шоссе 74 к.1","type":"Спортивная площадка","parent_id":"1270161610","parent_name":"ДТ\\Дмитровское шоссе 74 к.1","site_type":"Резиновая крошка","improvement_year":"2017"},"geometry":{"type":"Point","coordinates":[37.557218,55.861017]}},{"type":"Feature","id":"sp-1270161612-454","properties":{"category":"СП","layer":"sp","district":"Бескудниковский","section":"Без участка","name":"ДТ\\Дмитровское шоссе 74 к.1","address":"Дмитровское шоссе 74 к.1","type":"Спортивная площадка","parent_id":"1270161612","parent_name":"ДТ\\Дмитровское шоссе 74 к.1","site_type":"Резиновая крошка","improvement_year":"2017"},"geometry":{"type":"Point","coordinates":[37.555626,55.861385]}},{"type":"Feature","id":"sp-1270161642-458","properties":{"category":"СП","layer":"sp","district":"Бескудниковский","section":"Без участка","name":"ДТ\\Дмитровское шоссе 74 к.1","address":"Дмитровское шоссе 74 к.1","type":"Спортивная площадка","parent_id":"1270161642","parent_name":"ДТ\\Дмитровское шоссе 74 к.1","site_type":"Резиновая крошка","improvement_year":"2017"},"geometry":{"type":"Point","coordinates":[37.557218,55.861017]}},{"type":"Feature","id":"sp-1270377597-463","properties":{"category":"СП","layer":"sp","district":"Бескудниковский","section":"Без участка","name":"ДТ\\Дмитровское шоссе 64 к.4","address":"Дмитровское шоссе 64 к.4","type":"Спортивная площадка","parent_id":"1270377597","parent_name":"ДТ\\Дмитровское шоссе 64 к.4","site_type":"Резиновая крошка","improvement_year":"2022"},"geometry":{"type":"Point","coordinates":[37.563819,55.855479]}},{"type":"Feature","id":"sp-1270844082-465","properties":{"category":"СП","layer":"sp","district":"Бескудниковский","section":"Без участка","name":"ДТ\\Дмитровское шоссе 90 к.1, 90 к.2","address":"Дмитровское шоссе 90 к.1, 90 к.2","type":"Спортивная площадка","parent_id":"1270844082","parent_name":"ДТ\\Дмитровское шоссе 90 к.1, 90 к.2","site_type":"Резиновая крошка","improvement_year":"2025"},"geometry":{"type":"Point","coordinates":[37.550963,55.872962]}},{"type":"Feature","id":"sp-1270844086-467","properties":{"category":"СП","layer":"sp","district":"Бескудниковский","section":"Без участка","name":"ДТ\\Дмитровское шоссе 90 к.1, 90 к.2","address":"Дмитровское шоссе 90 к.1, 90 к.2","type":"Спортивная площадка","parent_id":"1270844086","parent_name":"ДТ\\Дмитровское шоссе 90 к.1, 90 к.2","site_type":"Резиновая крошка","improvement_year":"2025"},"geometry":{"type":"Point","coordinates":[37.550306,55.873005]}},{"type":"Feature","id":"sp-1271386998-468","properties":{"category":"СП","layer":"sp","district":"Бескудниковский","section":"Без участка","name":"ДТ\\Дубнинская ул. 29 к.1","address":"Дубнинская ул. 29 к.1","type":"Спортивная площадка","parent_id":"1271386998","parent_name":"ДТ\\Дубнинская ул. 29 к.1","site_type":"Резиновая крошка","improvement_year":"2017"},"geometry":{"type":"Point","coordinates":[37.55064,55.87458]}},{"type":"Feature","id":"sp-1271452947-470","properties":{"category":"СП","layer":"sp","district":"Бескудниковский","section":"Без участка","name":"ДТ\\Селигерская ул. 26 к.1","address":"Селигерская ул. 26 к.1","type":"Спортивная площадка","parent_id":"1271452947","parent_name":"ДТ\\Селигерская ул. 26 к.1","site_type":"Резиновая крошка","improvement_year":"2018"},"geometry":{"type":"Point","coordinates":[37.550059,55.869065]}},{"type":"Feature","id":"sp-1272695716-475","properties":{"category":"СП","layer":"sp","district":"Бескудниковский","section":"Без участка","name":"ДТ\\Дубнинская ул. 35","address":"Дубнинская ул. 35","type":"Спортивная площадка","parent_id":"1272695716","parent_name":"ДТ\\Дубнинская ул. 35","site_type":"Резиновая крошка","improvement_year":"2024"},"geometry":{"type":"Point","coordinates":[37.561053,55.865398]}},{"type":"Feature","id":"sp-1272952511-477","properties":{"category":"СП","layer":"sp","district":"Бескудниковский","section":"Без участка","name":"ДТ\\Бескудниковский бульв. 5","address":"Бескудниковский бульв. 5","type":"Спортивная площадка","parent_id":"1272952511","parent_name":"ДТ\\Бескудниковский бульв. 5","site_type":"Асфальтобетонное","improvement_year":"2016"},"geometry":{"type":"Point","coordinates":[37.560312,55.859785]}},{"type":"Feature","id":"sp-1272952519-478","properties":{"category":"СП","layer":"sp","district":"Бескудниковский","section":"Без участка","name":"ДТ\\Бескудниковский бульв. 5","address":"Бескудниковский бульв. 5","type":"Спортивная площадка","parent_id":"1272952519","parent_name":"ДТ\\Бескудниковский бульв. 5","site_type":"Резиновая крошка","improvement_year":"2016"},"geometry":{"type":"Point","coordinates":[37.560312,55.859785]}},{"type":"Feature","id":"sp-1273188393-483","properties":{"category":"СП","layer":"sp","district":"Бескудниковский","section":"Без участка","name":"ДТ\\Бескудниковский бульвар дом 23, корпус 1","address":"Бескудниковский бульвар дом 23, корпус 1","type":"Спортивная площадка","parent_id":"1273188393","parent_name":"ДТ\\Бескудниковский бульвар дом 23, корпус 1","site_type":"Асфальтобетонное","improvement_year":"2017"},"geometry":{"type":"Point","coordinates":[37.556636,55.868182]}},{"type":"Feature","id":"sp-1273188399-485","properties":{"category":"СП","layer":"sp","district":"Бескудниковский","section":"Без участка","name":"ДТ\\Бескудниковский бульвар дом 23, корпус 1","address":"Бескудниковский бульвар дом 23, корпус 1","type":"Спортивная площадка","parent_id":"1273188399","parent_name":"ДТ\\Бескудниковский бульвар дом 23, корпус 1","site_type":"Резиновая крошка","improvement_year":"2017"},"geometry":{"type":"Point","coordinates":[37.556166,55.868196]}},{"type":"Feature","id":"sp-1273188407-486","properties":{"category":"СП","layer":"sp","district":"Бескудниковский","section":"Без участка","name":"ДТ\\Бескудниковский бульвар дом 23, корпус 1","address":"Бескудниковский бульвар дом 23, корпус 1","type":"Спортивная площадка","parent_id":"1273188407","parent_name":"ДТ\\Бескудниковский бульвар дом 23, корпус 1","site_type":"Асфальтобетонное","improvement_year":"2017"},"geometry":{"type":"Point","coordinates":[37.556731,55.868161]}},{"type":"Feature","id":"sp-1273438270-492","properties":{"category":"СП","layer":"sp","district":"Бескудниковский","section":"Без участка","name":"ДТ\\Бескудниковский бульв. 19 к.2","address":"Бескудниковский бульв. 19 к.2","type":"Спортивная площадка","parent_id":"1273438270","parent_name":"ДТ\\Бескудниковский бульв. 19 к.2","site_type":"Резиновая крошка","improvement_year":"2021"},"geometry":{"type":"Point","coordinates":[37.557676,55.864837]}},{"type":"Feature","id":"sp-1273701572-494","properties":{"category":"СП","layer":"sp","district":"Бескудниковский","section":"Без участка","name":"ДТ\\Дмитровское шоссе 95 к.1, 95 к.2","address":"Дмитровское шоссе 95 к.1, 95 к.2","type":"Спортивная площадка","parent_id":"1273701572","parent_name":"ДТ\\Дмитровское шоссе 95 к.1, 95 к.2","site_type":"Резиновая крошка","improvement_year":"2017"},"geometry":{"type":"Point","coordinates":[37.545543,55.871891]}},{"type":"Feature","id":"sp-1273774883-495","properties":{"category":"СП","layer":"sp","district":"Бескудниковский","section":"Без участка","name":"ДТ\\Дмитровское шоссе 64 к.1, 64 к.2, 64 к.3","address":"Дмитровское шоссе 64 к.1, 64 к.2, 64 к.3","type":"Спортивная площадка","parent_id":"1273774883","parent_name":"ДТ\\Дмитровское шоссе 64 к.1, 64 к.2, 64 к.3","site_type":"Резиновая крошка","improvement_year":"2017"},"geometry":{"type":"Point","coordinates":[37.563258,55.855921]}},{"type":"Feature","id":"sp-1274676391-504","properties":{"category":"СП","layer":"sp","district":"Бескудниковский","section":"Без участка","name":"ДТ\\Бескудниковский бульв. 17 к.1, 19 к.1","address":"Бескудниковский бульв. 17 к.1, 19 к.1","type":"Спортивная площадка","parent_id":"1274676391","parent_name":"ДТ\\Бескудниковский бульв. 17 к.1, 19 к.1","site_type":"Резиновая крошка","improvement_year":"2019"},"geometry":{"type":"Point","coordinates":[37.556288,55.86525]}},{"type":"Feature","id":"sp-1274765363-511","properties":{"category":"СП","layer":"sp","district":"Бескудниковский","section":"Без участка","name":"ДТ\\Бескудниковский бульв. 32 к.6","address":"Бескудниковский бульв. 32 к.6","type":"Спортивная площадка","parent_id":"1274765363","parent_name":"ДТ\\Бескудниковский бульв. 32 к.6","site_type":"Резиновая крошка","improvement_year":"2018"},"geometry":{"type":"Point","coordinates":[37.556264,55.872691]}},{"type":"Feature","id":"sp-1274881560-514","properties":{"category":"СП","layer":"sp","district":"Бескудниковский","section":"Без участка","name":"ДТ\\Селигерская ул. 18 к.2, 18 к.3, 18 к.4","address":"Селигерская ул. 18 к.2, 18 к.3, 18 к.4","type":"Спортивная площадка","parent_id":"1274881560","parent_name":"ДТ\\Селигерская ул. 18 к.2, 18 к.3, 18 к.4","site_type":"Резиновая крошка","improvement_year":"2019"},"geometry":{"type":"Point","coordinates":[37.554051,55.866172]}},{"type":"Feature","id":"sp-1274881646-516","properties":{"category":"СП","layer":"sp","district":"Бескудниковский","section":"Без участка","name":"ДТ\\Селигерская ул. 18 к.2, 18 к.3, 18 к.4","address":"Селигерская ул. 18 к.2, 18 к.3, 18 к.4","type":"Спортивная площадка","parent_id":"1274881646","parent_name":"ДТ\\Селигерская ул. 18 к.2, 18 к.3, 18 к.4","site_type":"Резиновая крошка","improvement_year":"2019"},"geometry":{"type":"Point","coordinates":[37.554035,55.86637]}},{"type":"Feature","id":"sp-1274889547-518","properties":{"category":"СП","layer":"sp","district":"Бескудниковский","section":"Без участка","name":"ДТ\\Дубнинская ул. 1, 3","address":"Дубнинская ул. 1, 3","type":"Спортивная площадка","parent_id":"1274889547","parent_name":"ДТ\\Дубнинская ул. 1, 3","site_type":"Резиновая крошка","improvement_year":"2022"},"geometry":{"type":"Point","coordinates":[37.564965,55.856622]}},{"type":"Feature","id":"sp-1274899712-520","properties":{"category":"СП","layer":"sp","district":"Бескудниковский","section":"Без участка","name":"ДТ\\Бескудниковский бульв. 25 к.4, 27 к.4","address":"Бескудниковский бульв. 25 к.4, 27 к.4","type":"Спортивная площадка","parent_id":"1274899712","parent_name":"ДТ\\Бескудниковский бульв. 25 к.4, 27 к.4","site_type":"Резиновая крошка","improvement_year":"2026"},"geometry":{"type":"Point","coordinates":[37.554637,55.868773]}},{"type":"Feature","id":"sp-1274899742-522","properties":{"category":"СП","layer":"sp","district":"Бескудниковский","section":"Без участка","name":"ДТ\\Бескудниковский бульв. 25 к.4, 27 к.4","address":"Бескудниковский бульв. 25 к.4, 27 к.4","type":"Спортивная площадка","parent_id":"1274899742","parent_name":"ДТ\\Бескудниковский бульв. 25 к.4, 27 к.4","site_type":"Резиновая крошка","improvement_year":"2026"},"geometry":{"type":"Point","coordinates":[37.554637,55.868773]}},{"type":"Feature","id":"sp-1275281910-528","properties":{"category":"СП","layer":"sp","district":"Бескудниковский","section":"Без участка","name":"ДТ\\Восьмисотлетия Москвы ул. 4 к.2, 6","address":"Восьмисотлетия Москвы ул. 4 к.2, 6","type":"Спортивная площадка","parent_id":"1275281910","parent_name":"ДТ\\Восьмисотлетия Москвы ул. 4 к.2, 6","site_type":"Асфальтобетонное","improvement_year":"2017"},"geometry":{"type":"Point","coordinates":[37.536266,55.875775]}},{"type":"Feature","id":"sp-1275374597-539","properties":{"category":"СП","layer":"sp","district":"Бескудниковский","section":"Без участка","name":"ДТ\\Бескудниковский бульв. 21 к.2","address":"Бескудниковский бульв. 21 к.2","type":"Спортивная площадка","parent_id":"1275374597","parent_name":"ДТ\\Бескудниковский бульв. 21 к.2","site_type":"Плиточное","improvement_year":"2021"},"geometry":{"type":"Point","coordinates":[37.556297,55.866628]}},{"type":"Feature","id":"sp-1275374619-541","properties":{"category":"СП","layer":"sp","district":"Бескудниковский","section":"Без участка","name":"ДТ\\Бескудниковский бульв. 21 к.2","address":"Бескудниковский бульв. 21 к.2","type":"Спортивная площадка","parent_id":"1275374619","parent_name":"ДТ\\Бескудниковский бульв. 21 к.2","site_type":"Резиновая крошка","improvement_year":"2021"},"geometry":{"type":"Point","coordinates":[37.556136,55.8668]}},{"type":"Feature","id":"sp-1275374639-542","properties":{"category":"СП","layer":"sp","district":"Бескудниковский","section":"Без участка","name":"ДТ\\Бескудниковский бульв. 21 к.2","address":"Бескудниковский бульв. 21 к.2","type":"Спортивная площадка","parent_id":"1275374639","parent_name":"ДТ\\Бескудниковский бульв. 21 к.2","site_type":"Резиновая крошка","improvement_year":"2021"},"geometry":{"type":"Point","coordinates":[37.556297,55.866628]}},{"type":"Feature","id":"sp-1275481608-548","properties":{"category":"СП","layer":"sp","district":"Бескудниковский","section":"Без участка","name":"ДТ\\Бескудниковский бульвар дом 55, корпус 1, дом 55, корпус 2, дом 55, корпус 3","address":"Бескудниковский бульвар дом 55, корпус 1, дом 55, корпус 2, дом 55, корпус 3","type":"Спортивная площадка","parent_id":"1275481608","parent_name":"ДТ\\Бескудниковский бульвар дом 55, корпус 1, дом 55, корпус 2, дом 55, корпус 3","site_type":"Искусственная трава","improvement_year":"2010"},"geometry":{"type":"Point","coordinates":[37.562475,55.866873]}},{"type":"Feature","id":"sp-1275674367-553","properties":{"category":"СП","layer":"sp","district":"Бескудниковский","section":"Без участка","name":"ДТ\\Дмитровское шоссе 74 к.2","address":"Дмитровское шоссе 74 к.2","type":"Спортивная площадка","parent_id":"1275674367","parent_name":"ДТ\\Дмитровское шоссе 74 к.2","site_type":"Резиновая крошка","improvement_year":"2017"},"geometry":{"type":"Point","coordinates":[37.556987,55.861318]}},{"type":"Feature","id":"sp-1275674371-554","properties":{"category":"СП","layer":"sp","district":"Бескудниковский","section":"Без участка","name":"ДТ\\Дмитровское шоссе 74 к.2","address":"Дмитровское шоссе 74 к.2","type":"Спортивная площадка","parent_id":"1275674371","parent_name":"ДТ\\Дмитровское шоссе 74 к.2","site_type":"Резиновая крошка","improvement_year":"2017"},"geometry":{"type":"Point","coordinates":[37.556987,55.861318]}},{"type":"Feature","id":"sp-1275720450-556","properties":{"category":"СП","layer":"sp","district":"Бескудниковский","section":"Без участка","name":"ДТ\\Бескудниковский проезд дом 4, корпус 1","address":"Бескудниковский проезд дом 4, корпус 1","type":"Спортивная площадка","parent_id":"1275720450","parent_name":"ДТ\\Бескудниковский проезд дом 4, корпус 1","site_type":"Резиновая крошка","improvement_year":"2023"},"geometry":{"type":"Point","coordinates":[37.552324,55.87609]}},{"type":"Feature","id":"sp-1270161604-564","properties":{"category":"СП","layer":"sp","district":"Бескудниковский","section":"Без участка","name":"ДТ\\Дмитровское шоссе 74 к.1","address":"Дмитровское шоссе 74 к.1","type":"Спортивная площадка","parent_id":"1270161604","parent_name":"ДТ\\Дмитровское шоссе 74 к.1","site_type":"Асфальтобетонное","improvement_year":"2017"},"geometry":{"type":"Point","coordinates":[37.55725,55.860947]}},{"type":"Feature","id":"sp-1292716188-567","properties":{"category":"СП","layer":"sp","district":"Бескудниковский","section":"Без участка","name":"ДТ\\Бескудниковский бульв. 50/1","address":"Бескудниковский бульв. 50/1","type":"Спортивная площадка","parent_id":"1292716188","parent_name":"ДТ\\Бескудниковский бульв. 50/1","site_type":"Резиновая крошка","improvement_year":"2024"},"geometry":{"type":"Point","coordinates":[37.539708,55.873801]}},{"type":"Feature","id":"sp-1313544442-574","properties":{"category":"СП","layer":"sp","district":"Бескудниковский","section":"Без участка","name":"ДТ\\Бескудниковский бульв. 58 к.3","address":"Бескудниковский бульв. 58 к.3","type":"Спортивная площадка","parent_id":"1313544442","parent_name":"ДТ\\Бескудниковский бульв. 58 к.3","site_type":"Резиновая крошка","improvement_year":"2022"},"geometry":{"type":"Point","coordinates":[37.537873,55.874569]}},{"type":"Feature","id":"sp-1316948736-578","properties":{"category":"СП","layer":"sp","district":"Бескудниковский","section":"Без участка","name":"ДТ\\Бескудниковский бульв. 31","address":"Бескудниковский бульв. 31","type":"Спортивная площадка","parent_id":"1316948736","parent_name":"ДТ\\Бескудниковский бульв. 31","site_type":"Резиновая крошка","improvement_year":"2025"},"geometry":{"type":"Point","coordinates":[37.551969,55.871871]}},{"type":"Feature","id":"sp-1316948740-580","properties":{"category":"СП","layer":"sp","district":"Бескудниковский","section":"Без участка","name":"ДТ\\Бескудниковский бульв. 31","address":"Бескудниковский бульв. 31","type":"Спортивная площадка","parent_id":"1316948740","parent_name":"ДТ\\Бескудниковский бульв. 31","site_type":"Резиновая крошка","improvement_year":"2025"},"geometry":{"type":"Point","coordinates":[37.551969,55.871871]}},{"type":"Feature","id":"sp-1316949308-584","properties":{"category":"СП","layer":"sp","district":"Бескудниковский","section":"Без участка","name":"ДТ\\Бескудниковский бульв. 31","address":"Бескудниковский бульв. 31","type":"Спортивная площадка","parent_id":"1316949308","parent_name":"ДТ\\Бескудниковский бульв. 31","site_type":"Резиновая крошка","improvement_year":"2025"},"geometry":{"type":"Point","coordinates":[37.551969,55.871871]}},{"type":"Feature","id":"sp-1319662602-586","properties":{"category":"СП","layer":"sp","district":"Бескудниковский","section":"Без участка","name":"ДТ\\Дмитровское шоссе 70","address":"Дмитровское шоссе 70","type":"Спортивная площадка","parent_id":"1319662602","parent_name":"ДТ\\Дмитровское шоссе 70","site_type":"Резиновая крошка","improvement_year":"2017"},"geometry":{"type":"Point","coordinates":[37.559678,55.859498]}},{"type":"Feature","id":"sp-1321617272-590","properties":{"category":"СП","layer":"sp","district":"Бескудниковский","section":"Без участка","name":"ДТ\\Восьмисотлетия Москвы ул. 12","address":"Восьмисотлетия Москвы ул. 12","type":"Спортивная площадка","parent_id":"1321617272","parent_name":"ДТ\\Восьмисотлетия Москвы ул. 12","site_type":"Резиновая крошка","improvement_year":"2026"},"geometry":{"type":"Point","coordinates":[37.543708,55.876888]}},{"type":"Feature","id":"sp-1323725053-591","properties":{"category":"СП","layer":"sp","district":"Бескудниковский","section":"Без участка","name":"ДТ\\Бескудниковский бульв. 11 к.1","address":"Бескудниковский бульв. 11 к.1","type":"Спортивная площадка","parent_id":"1323725053","parent_name":"ДТ\\Бескудниковский бульв. 11 к.1","site_type":"Асфальтобетонное","improvement_year":"2016"},"geometry":{"type":"Point","coordinates":[37.559827,55.861571]}},{"type":"Feature","id":"sp-1323725239-593","properties":{"category":"СП","layer":"sp","district":"Бескудниковский","section":"Без участка","name":"ДТ\\Бескудниковский бульв. 11 к.1","address":"Бескудниковский бульв. 11 к.1","type":"Спортивная площадка","parent_id":"1323725239","parent_name":"ДТ\\Бескудниковский бульв. 11 к.1","site_type":"Резиновая крошка","improvement_year":"2016"},"geometry":{"type":"Point","coordinates":[37.559736,55.862154]}},{"type":"Feature","id":"sp-1323725245-594","properties":{"category":"СП","layer":"sp","district":"Бескудниковский","section":"Без участка","name":"ДТ\\Бескудниковский бульв. 11 к.1","address":"Бескудниковский бульв. 11 к.1","type":"Спортивная площадка","parent_id":"1323725245","parent_name":"ДТ\\Бескудниковский бульв. 11 к.1","site_type":"Резиновая крошка","improvement_year":"2016"},"geometry":{"type":"Point","coordinates":[37.559779,55.86222]}},{"type":"Feature","id":"sp-1024332553-598","properties":{"category":"СП","layer":"sp","district":"Бескудниковский","section":"Без участка","name":"ДТ\\Бескудниковский бульв. 48 к.5, 48 к.6, 48 к.7","address":"Бескудниковский бульв. 48 к.5, 48 к.6, 48 к.7","type":"Спортивная площадка","parent_id":"1024332553","parent_name":"ДТ\\Бескудниковский бульв. 48 к.5, 48 к.6, 48 к.7","site_type":"Резиновая крошка","improvement_year":"2010"},"geometry":{"type":"Point","coordinates":[37.542121,55.874217]}},{"type":"Feature","id":"sp-1261575047-601","properties":{"category":"СП","layer":"sp","district":"Бескудниковский","section":"Без участка","name":"ДТ\\Коровинское шоссе 12","address":"Коровинское шоссе 12","type":"Спортивная площадка","parent_id":"1261575047","parent_name":"ДТ\\Коровинское шоссе 12","site_type":"Резиновая крошка","improvement_year":"2025"},"geometry":{"type":"Point","coordinates":[37.535381,55.87159]}},{"type":"Feature","id":"sp-1270067011-607","properties":{"category":"СП","layer":"sp","district":"Бескудниковский","section":"Без участка","name":"ДТ\\Дмитровское шоссе 76 к.1","address":"Дмитровское шоссе 76 к.1","type":"Спортивная площадка","parent_id":"1270067011","parent_name":"ДТ\\Дмитровское шоссе 76 к.1","site_type":"Резиновая крошка","improvement_year":"2017"},"geometry":{"type":"Point","coordinates":[37.555085,55.861385]}},{"type":"Feature","id":"sp-1270080158-608","properties":{"category":"СП","layer":"sp","district":"Бескудниковский","section":"Без участка","name":"ДТ\\Бескудниковский бульв. 3","address":"Бескудниковский бульв. 3","type":"Спортивная площадка","parent_id":"1270080158","parent_name":"ДТ\\Бескудниковский бульв. 3","site_type":"Резиновая крошка","improvement_year":"2016"},"geometry":{"type":"Point","coordinates":[37.56012,55.859374]}},{"type":"Feature","id":"sp-1270080162-609","properties":{"category":"СП","layer":"sp","district":"Бескудниковский","section":"Без участка","name":"ДТ\\Бескудниковский бульв. 3","address":"Бескудниковский бульв. 3","type":"Спортивная площадка","parent_id":"1270080162","parent_name":"ДТ\\Бескудниковский бульв. 3","site_type":"Резиновая крошка","improvement_year":"2016"},"geometry":{"type":"Point","coordinates":[37.560848,55.858692]}},{"type":"Feature","id":"sp-1270164694-612","properties":{"category":"СП","layer":"sp","district":"Бескудниковский","section":"Без участка","name":"ДТ\\Коровинское шоссе 2В","address":"Коровинское шоссе 2В","type":"Спортивная площадка","parent_id":"1270164694","parent_name":"ДТ\\Коровинское шоссе 2В","site_type":"Резиновая крошка","improvement_year":"2022"},"geometry":{"type":"Point","coordinates":[37.541602,55.868363]}},{"type":"Feature","id":"sp-1274870893-617","properties":{"category":"СП","layer":"sp","district":"Бескудниковский","section":"Без участка","name":"ДТ\\Бескудниковский бульв. 22","address":"Бескудниковский бульв. 22","type":"Спортивная площадка","parent_id":"1274870893","parent_name":"ДТ\\Бескудниковский бульв. 22","site_type":"Резиновая крошка","improvement_year":"2023"},"geometry":{"type":"Point","coordinates":[37.562107,55.864288]}},{"type":"Feature","id":"sp-908281864-625","properties":{"category":"СП","layer":"sp","district":"Войковский","section":"Без участка","name":"ДТ\\Зои и Александра Космодемьянских ул. 20, 22 к.1, 22 к.2","address":"Зои и Александра Космодемьянских ул. 20, 22 к.1, 22 к.2","type":"Спортивная площадка","parent_id":"908281864","parent_name":"ДТ\\Зои и Александра Космодемьянских ул. 20, 22 к.1, 22 к.2","site_type":"Резиновая крошка","improvement_year":"2026"},"geometry":{"type":"Point","coordinates":[37.514612,55.821235]}},{"type":"Feature","id":"sp-1024338198-626","properties":{"category":"СП","layer":"sp","district":"Войковский","section":"Без участка","name":"ДТ\\Зои и Александра Космодемьянских ул. 18 к.1, 18 к.2","address":"Зои и Александра Космодемьянских ул. 18 к.1, 18 к.2","type":"Спортивная площадка","parent_id":"1024338198","parent_name":"ДТ\\Зои и Александра Космодемьянских ул. 18 к.1, 18 к.2","site_type":"Резиновая крошка","improvement_year":"2019"},"geometry":{"type":"Point","coordinates":[37.513768,55.821123]}},{"type":"Feature","id":"sp-939893600-627","properties":{"category":"СП","layer":"sp","district":"Войковский","section":"Без участка","name":"ДТ\\Волкова Космонавта ул. 5 к.2","address":"Волкова Космонавта ул. 5 к.2","type":"Спортивная площадка","parent_id":"939893600","parent_name":"ДТ\\Волкова Космонавта ул. 5 к.2","site_type":"Резиновая крошка","improvement_year":"2019"},"geometry":{"type":"Point","coordinates":[37.505912,55.817518]}},{"type":"Feature","id":"sp-939893602-628","properties":{"category":"СП","layer":"sp","district":"Войковский","section":"Без участка","name":"ДТ\\Волкова Космонавта ул. 5 к.2","address":"Волкова Космонавта ул. 5 к.2","type":"Спортивная площадка","parent_id":"939893602","parent_name":"ДТ\\Волкова Космонавта ул. 5 к.2","site_type":"Резиновая крошка","improvement_year":"2019"},"geometry":{"type":"Point","coordinates":[37.506098,55.817503]}},{"type":"Feature","id":"sp-1140539309-629","properties":{"category":"СП","layer":"sp","district":"Войковский","section":"Без участка","name":"ДТ\\Ленинградское шоссе 8 к.1, 8 к.2, 8 к.3","address":"Ленинградское шоссе 8 к.1, 8 к.2, 8 к.3","type":"Спортивная площадка","parent_id":"1140539309","parent_name":"ДТ\\Ленинградское шоссе 8 к.1, 8 к.2, 8 к.3","site_type":"Резиновая крошка","improvement_year":"2022"},"geometry":{"type":"Point","coordinates":[37.501591,55.816867]}},{"type":"Feature","id":"sp-1140539311-630","properties":{"category":"СП","layer":"sp","district":"Войковский","section":"Без участка","name":"ДТ\\Ленинградское шоссе 8 к.1, 8 к.2, 8 к.3","address":"Ленинградское шоссе 8 к.1, 8 к.2, 8 к.3","type":"Спортивная площадка","parent_id":"1140539311","parent_name":"ДТ\\Ленинградское шоссе 8 к.1, 8 к.2, 8 к.3","site_type":"Резиновая крошка","improvement_year":"2022"},"geometry":{"type":"Point","coordinates":[37.501197,55.817022]}},{"type":"Feature","id":"sp-907705232-645","properties":{"category":"СП","layer":"sp","district":"Войковский","section":"Без участка","name":"ДТ\\Клары Цеткин ул. 25 к.2","address":"Клары Цеткин ул. 25 к.2","type":"Спортивная площадка","parent_id":"907705232","parent_name":"ДТ\\Клары Цеткин ул. 25 к.2","site_type":"Резиновая крошка","improvement_year":"2019"},"geometry":{"type":"Point","coordinates":[37.514767,55.823954]}},{"type":"Feature","id":"sp-890751568-650","properties":{"category":"СП","layer":"sp","district":"Войковский","section":"Без участка","name":"ДТ\\Войковский 2-й пр. 1; Ленинградское шоссе 9 к.3","address":"Войковский 2-й пр. 1; Ленинградское шоссе 9 к.3","type":"Спортивная площадка","parent_id":"890751568","parent_name":"ДТ\\Войковский 2-й пр. 1; Ленинградское шоссе 9 к.3","site_type":"Резиновая крошка","improvement_year":"2023"},"geometry":{"type":"Point","coordinates":[37.497087,55.816462]}},{"type":"Feature","id":"sp-973076378-653","properties":{"category":"СП","layer":"sp","district":"Войковский","section":"Без участка","name":"ДТ\\Войковский 4-й пр. 4; Ленинградское шоссе 19, 21","address":"Войковский 4-й пр. 4; Ленинградское шоссе 19, 21","type":"Спортивная площадка","parent_id":"973076378","parent_name":"ДТ\\Войковский 4-й пр. 4; Ленинградское шоссе 19, 21","site_type":"Резиновая крошка","improvement_year":"2019"},"geometry":{"type":"Point","coordinates":[37.494187,55.822079]}},{"type":"Feature","id":"sp-1193311982-663","properties":{"category":"СП","layer":"sp","district":"Войковский","section":"Без участка","name":"ДТ\\Ленинградское шоссе дом 48, корпус 1, дом 48, корпус 2, дом 48, корпус 3","address":"Ленинградское шоссе дом 48, корпус 1, дом 48, корпус 2, дом 48, корпус 3","type":"Спортивная площадка","parent_id":"1193311982","parent_name":"ДТ\\Ленинградское шоссе дом 48, корпус 1, дом 48, корпус 2, дом 48, корпус 3","site_type":"Резиновая крошка","improvement_year":"2022"},"geometry":{"type":"Point","coordinates":[37.487788,55.835033]}},{"type":"Feature","id":"sp-909560280-666","properties":{"category":"СП","layer":"sp","district":"Войковский","section":"Без участка","name":"ДТ\\Войковский 5-й пр. 16, 16 к.2","address":"Войковский 5-й пр. 16, 16 к.2","type":"Спортивная площадка","parent_id":"909560280","parent_name":"ДТ\\Войковский 5-й пр. 16, 16 к.2","site_type":"Резиновая крошка","improvement_year":"2022"},"geometry":{"type":"Point","coordinates":[37.489468,55.818938]}},{"type":"Feature","id":"sp-1084900509-673","properties":{"category":"СП","layer":"sp","district":"Войковский","section":"Без участка","name":"ДТ\\Макарова Адмирала ул. 11, 13","address":"Макарова Адмирала ул. 11, 13","type":"Спортивная площадка","parent_id":"1084900509","parent_name":"ДТ\\Макарова Адмирала ул. 11, 13","site_type":"Резиновая крошка","improvement_year":"2017"},"geometry":{"type":"Point","coordinates":[37.494135,55.828425]}},{"type":"Feature","id":"sp-1176846013-677","properties":{"category":"СП","layer":"sp","district":"Войковский","section":"Без участка","name":"ДТ\\Нарвская ул. 5А","address":"Нарвская ул. 5А","type":"Спортивная площадка","parent_id":"1176846013","parent_name":"ДТ\\Нарвская ул. 5А","site_type":"Резиновая крошка","improvement_year":"2025"},"geometry":{"type":"Point","coordinates":[37.504775,55.83264]}},{"type":"Feature","id":"sp-956559752-681","properties":{"category":"СП","layer":"sp","district":"Войковский","section":"Без участка","name":"ДТ\\Головинское шоссе 10Б","address":"Головинское шоссе 10Б","type":"Спортивная площадка","parent_id":"956559752","parent_name":"ДТ\\Головинское шоссе 10Б","site_type":"Резиновая крошка","improvement_year":"2024"},"geometry":{"type":"Point","coordinates":[37.498358,55.837499]}},{"type":"Feature","id":"sp-956559754-682","properties":{"category":"СП","layer":"sp","district":"Войковский","section":"Без участка","name":"ДТ\\Головинское шоссе 10Б","address":"Головинское шоссе 10Б","type":"Спортивная площадка","parent_id":"956559754","parent_name":"ДТ\\Головинское шоссе 10Б","site_type":"Резиновая крошка","improvement_year":"2024"},"geometry":{"type":"Point","coordinates":[37.498246,55.837611]}},{"type":"Feature","id":"sp-956559756-683","properties":{"category":"СП","layer":"sp","district":"Войковский","section":"Без участка","name":"ДТ\\Головинское шоссе 10Б","address":"Головинское шоссе 10Б","type":"Спортивная площадка","parent_id":"956559756","parent_name":"ДТ\\Головинское шоссе 10Б","site_type":"Резиновая крошка","improvement_year":"2024"},"geometry":{"type":"Point","coordinates":[37.4986,55.837533]}},{"type":"Feature","id":"sp-956559782-690","properties":{"category":"СП","layer":"sp","district":"Войковский","section":"Без участка","name":"ДТ\\Головинское шоссе 10Б","address":"Головинское шоссе 10Б","type":"Спортивная площадка","parent_id":"956559782","parent_name":"ДТ\\Головинское шоссе 10Б","site_type":"Плиточное","improvement_year":"2024"},"geometry":{"type":"Point","coordinates":[37.498281,55.837245]}},{"type":"Feature","id":"sp-1192127727-692","properties":{"category":"СП","layer":"sp","district":"Войковский","section":"Без участка","name":"ДТ\\Нарвская ул. 5","address":"Нарвская ул. 5","type":"Спортивная площадка","parent_id":"1192127727","parent_name":"ДТ\\Нарвская ул. 5","site_type":"Резиновая крошка","improvement_year":"2025"},"geometry":{"type":"Point","coordinates":[37.505355,55.832823]}},{"type":"Feature","id":"sp-1144242798-701","properties":{"category":"СП","layer":"sp","district":"Войковский","section":"Без участка","name":"ДТ\\Зои и Александра Космодемьянских ул. 6","address":"Зои и Александра Космодемьянских ул. 6","type":"Спортивная площадка","parent_id":"1144242798","parent_name":"ДТ\\Зои и Александра Космодемьянских ул. 6","site_type":"Резиновая крошка","improvement_year":"2024"},"geometry":{"type":"Point","coordinates":[37.505733,55.819085]}},{"type":"Feature","id":"sp-986842023-715","properties":{"category":"СП","layer":"sp","district":"Войковский","section":"Без участка","name":"ДТ\\Ленинградское шоссе 50","address":"Ленинградское шоссе 50","type":"Спортивная площадка","parent_id":"986842023","parent_name":"ДТ\\Ленинградское шоссе 50","site_type":"Резиновая крошка","improvement_year":"2011"},"geometry":{"type":"Point","coordinates":[37.486263,55.835493]}},{"type":"Feature","id":"sp-1190879397-716","properties":{"category":"СП","layer":"sp","district":"Войковский","section":"Без участка","name":"ДТ\\Нарвская ул. 11 к.4, 11 к.5","address":"Нарвская ул. 11 к.4, 11 к.5","type":"Спортивная площадка","parent_id":"1190879397","parent_name":"ДТ\\Нарвская ул. 11 к.4, 11 к.5","site_type":"Резиновая крошка","improvement_year":"2024"},"geometry":{"type":"Point","coordinates":[37.499878,55.832539]}},{"type":"Feature","id":"sp-1190879403-717","properties":{"category":"СП","layer":"sp","district":"Войковский","section":"Без участка","name":"ДТ\\Нарвская ул. 11 к.4, 11 к.5","address":"Нарвская ул. 11 к.4, 11 к.5","type":"Спортивная площадка","parent_id":"1190879403","parent_name":"ДТ\\Нарвская ул. 11 к.4, 11 к.5","site_type":"Резиновая крошка","improvement_year":"2024"},"geometry":{"type":"Point","coordinates":[37.499917,55.832319]}},{"type":"Feature","id":"sp-1191665433-722","properties":{"category":"СП","layer":"sp","district":"Войковский","section":"Без участка","name":"ДТ\\Клары Цеткин ул. 29, 29 к.1, 31","address":"Клары Цеткин ул. 29, 29 к.1, 31","type":"Спортивная площадка","parent_id":"1191665433","parent_name":"ДТ\\Клары Цеткин ул. 29, 29 к.1, 31","site_type":"Резиновая крошка","improvement_year":"2022"},"geometry":{"type":"Point","coordinates":[37.515196,55.824949]}},{"type":"Feature","id":"sp-1136681078-728","properties":{"category":"СП","layer":"sp","district":"Войковский","section":"Без участка","name":"ДТ\\Макарова Адмирала ул. 19 к.1, 19 к.2, 21","address":"Макарова Адмирала ул. 19 к.1, 19 к.2, 21","type":"Спортивная площадка","parent_id":"1136681078","parent_name":"ДТ\\Макарова Адмирала ул. 19 к.1, 19 к.2, 21","site_type":"Резиновая крошка","improvement_year":"2011"},"geometry":{"type":"Point","coordinates":[37.491995,55.830839]}},{"type":"Feature","id":"sp-1143581715-731","properties":{"category":"СП","layer":"sp","district":"Войковский","section":"Без участка","name":"ДТ\\Вокзальный пер. 3; Новоподмосковный 2-й пер. 4","address":"Вокзальный пер. 3; Новоподмосковный 2-й пер. 4","type":"Спортивная площадка","parent_id":"1143581715","parent_name":"ДТ\\Вокзальный пер. 3; Новоподмосковный 2-й пер. 4","site_type":"Резиновая крошка","improvement_year":"2023"},"geometry":{"type":"Point","coordinates":[37.511718,55.818234]}},{"type":"Feature","id":"sp-1188203647-733","properties":{"category":"СП","layer":"sp","district":"Войковский","section":"Без участка","name":"ДТ\\Головинское шоссе 4, 6; Макарова Адмирала ул. 12","address":"Головинское шоссе 4, 6; Макарова Адмирала ул. 12","type":"Спортивная площадка","parent_id":"1188203647","parent_name":"ДТ\\Головинское шоссе 4, 6; Макарова Адмирала ул. 12","site_type":"Резиновая крошка","improvement_year":"2024"},"geometry":{"type":"Point","coordinates":[37.489897,55.838398]}},{"type":"Feature","id":"sp-1196032475-734","properties":{"category":"СП","layer":"sp","district":"Войковский","section":"Без участка","name":"ДТ\\Нарвская ул. 1А к.1, 1А к.2, 1А к.3, 1А к.4","address":"Нарвская ул. 1А к.1, 1А к.2, 1А к.3, 1А к.4","type":"Спортивная площадка","parent_id":"1196032475","parent_name":"ДТ\\Нарвская ул. 1А к.1, 1А к.2, 1А к.3, 1А к.4","site_type":"Резиновая крошка","improvement_year":"2024"},"geometry":{"type":"Point","coordinates":[37.501192,55.830596]}},{"type":"Feature","id":"sp-1196032491-737","properties":{"category":"СП","layer":"sp","district":"Войковский","section":"Без участка","name":"ДТ\\Нарвская ул. 1А к.1, 1А к.2, 1А к.3, 1А к.4","address":"Нарвская ул. 1А к.1, 1А к.2, 1А к.3, 1А к.4","type":"Спортивная площадка","parent_id":"1196032491","parent_name":"ДТ\\Нарвская ул. 1А к.1, 1А к.2, 1А к.3, 1А к.4","site_type":"Резиновая крошка","improvement_year":"2024"},"geometry":{"type":"Point","coordinates":[37.501391,55.829844]}},{"type":"Feature","id":"sp-1196032507-738","properties":{"category":"СП","layer":"sp","district":"Войковский","section":"Без участка","name":"ДТ\\Нарвская ул. 1А к.1, 1А к.2, 1А к.3, 1А к.4","address":"Нарвская ул. 1А к.1, 1А к.2, 1А к.3, 1А к.4","type":"Спортивная площадка","parent_id":"1196032507","parent_name":"ДТ\\Нарвская ул. 1А к.1, 1А к.2, 1А к.3, 1А к.4","site_type":"Резиновая крошка","improvement_year":"2024"},"geometry":{"type":"Point","coordinates":[37.50149,55.830629]}},{"type":"Feature","id":"sp-1262784154-750","properties":{"category":"СП","layer":"sp","district":"Войковский","section":"Без участка","name":"ДТ\\Ленинградское шоссе 38 к.2","address":"Ленинградское шоссе 38 к.2","type":"Спортивная площадка","parent_id":"1262784154","parent_name":"ДТ\\Ленинградское шоссе 38 к.2","site_type":"Резиновая крошка","improvement_year":"2025"},"geometry":{"type":"Point","coordinates":[37.489269,55.831885]}},{"type":"Feature","id":"sp-1265792307-755","properties":{"category":"СП","layer":"sp","district":"Войковский","section":"Без участка","name":"ДТ\\Новоподмосковный 6-й пер. 1, 3, 5","address":"Новоподмосковный 6-й пер. 1, 3, 5","type":"Спортивная площадка","parent_id":"1265792307","parent_name":"ДТ\\Новоподмосковный 6-й пер. 1, 3, 5","site_type":"Резиновая крошка","improvement_year":"2017"},"geometry":{"type":"Point","coordinates":[37.512788,55.823103]}},{"type":"Feature","id":"sp-1029098847-764","properties":{"category":"СП","layer":"sp","district":"Войковский","section":"Без участка","name":"ДТ\\Волкова Космонавта ул. 5 к.1","address":"Волкова Космонавта ул. 5 к.1","type":"Спортивная площадка","parent_id":"1029098847","parent_name":"ДТ\\Волкова Космонавта ул. 5 к.1","site_type":"Асфальтобетонное","improvement_year":"2022"},"geometry":{"type":"Point","coordinates":[37.507387,55.816018]}},{"type":"Feature","id":"sp-956559778-766","properties":{"category":"СП","layer":"sp","district":"Войковский","section":"Без участка","name":"ДТ\\Головинское шоссе 10Б","address":"Головинское шоссе 10Б","type":"Спортивная площадка","parent_id":"956559778","parent_name":"ДТ\\Головинское шоссе 10Б","site_type":"Плиточное","improvement_year":"2024"},"geometry":{"type":"Point","coordinates":[37.498359,55.83755]}},{"type":"Feature","id":"sp-1190955121-772","properties":{"category":"СП","layer":"sp","district":"Войковский","section":"Без участка","name":"ДТ\\Волкова Космонавта ул. 15 к.1, 15 к.2, 15 к.3","address":"Волкова Космонавта ул. 15 к.1, 15 к.2, 15 к.3","type":"Спортивная площадка","parent_id":"1190955121","parent_name":"ДТ\\Волкова Космонавта ул. 15 к.1, 15 к.2, 15 к.3","site_type":"Асфальтобетонное","improvement_year":"2025"},"geometry":{"type":"Point","coordinates":[37.514886,55.816977]}},{"type":"Feature","id":"sp-939893592-773","properties":{"category":"СП","layer":"sp","district":"Войковский","section":"Без участка","name":"ДТ\\Волкова Космонавта ул. 5 к.2","address":"Волкова Космонавта ул. 5 к.2","type":"Спортивная площадка","parent_id":"939893592","parent_name":"ДТ\\Волкова Космонавта ул. 5 к.2","site_type":"Резиновая крошка","improvement_year":"2022"},"geometry":{"type":"Point","coordinates":[37.506105,55.81756]}},{"type":"Feature","id":"sp-920117604-774","properties":{"category":"СП","layer":"sp","district":"Войковский","section":"Без участка","name":"ДТ\\Войковский 4-й пр. 10","address":"Войковский 4-й пр. 10","type":"Спортивная площадка","parent_id":"920117604","parent_name":"ДТ\\Войковский 4-й пр. 10","site_type":"Резиновая крошка","improvement_year":"2022"},"geometry":{"type":"Point","coordinates":[37.490284,55.821207]}},{"type":"Feature","id":"sp-1197664857-775","properties":{"category":"СП","layer":"sp","district":"Войковский","section":"Без участка","name":"ДТ\\Клары Цеткин ул. 5, 7","address":"Клары Цеткин ул. 5, 7","type":"Спортивная площадка","parent_id":"1197664857","parent_name":"ДТ\\Клары Цеткин ул. 5, 7","site_type":"Резиновая крошка","improvement_year":"2022"},"geometry":{"type":"Point","coordinates":[37.518053,55.817646]}},{"type":"Feature","id":"sp-1140539305-776","properties":{"category":"СП","layer":"sp","district":"Войковский","section":"Без участка","name":"ДТ\\Ленинградское шоссе 8 к.1, 8 к.2, 8 к.3","address":"Ленинградское шоссе 8 к.1, 8 к.2, 8 к.3","type":"Спортивная площадка","parent_id":"1140539305","parent_name":"ДТ\\Ленинградское шоссе 8 к.1, 8 к.2, 8 к.3","site_type":"Резиновая крошка","improvement_year":"2022"},"geometry":{"type":"Point","coordinates":[37.501163,55.817006]}},{"type":"Feature","id":"sp-1260920696-777","properties":{"category":"СП","layer":"sp","district":"Войковский","section":"Без участка","name":"ДТ\\Ленинградское шоссе 13 к.1, 13 к.2","address":"Ленинградское шоссе 13 к.1, 13 к.2","type":"Спортивная площадка","parent_id":"1260920696","parent_name":"ДТ\\Ленинградское шоссе 13 к.1, 13 к.2","site_type":"Резиновая крошка","improvement_year":"2022"},"geometry":{"type":"Point","coordinates":[37.496533,55.818542]}},{"type":"Feature","id":"sp-923385195-778","properties":{"category":"СП","layer":"sp","district":"Войковский","section":"Без участка","name":"ДТ\\Ленинградское шоссе 34 к.1, 36 к.1, 38 к.1","address":"Ленинградское шоссе 34 к.1, 36 к.1, 38 к.1","type":"Спортивная площадка","parent_id":"923385195","parent_name":"ДТ\\Ленинградское шоссе 34 к.1, 36 к.1, 38 к.1","site_type":"Резиновая крошка","improvement_year":"2025"},"geometry":{"type":"Point","coordinates":[37.490049,55.83047]}},{"type":"Feature","id":"sp-1190879395-779","properties":{"category":"СП","layer":"sp","district":"Войковский","section":"Без участка","name":"ДТ\\Нарвская ул. 11 к.4, 11 к.5","address":"Нарвская ул. 11 к.4, 11 к.5","type":"Спортивная площадка","parent_id":"1190879395","parent_name":"ДТ\\Нарвская ул. 11 к.4, 11 к.5","site_type":"Резиновая крошка","improvement_year":"2025"},"geometry":{"type":"Point","coordinates":[37.500091,55.83241]}},{"type":"Feature","id":"sp-1143581711-780","properties":{"category":"СП","layer":"sp","district":"Войковский","section":"Без участка","name":"ДТ\\Вокзальный пер. 3; Новоподмосковный 2-й пер. 4","address":"Вокзальный пер. 3; Новоподмосковный 2-й пер. 4","type":"Спортивная площадка","parent_id":"1143581711","parent_name":"ДТ\\Вокзальный пер. 3; Новоподмосковный 2-й пер. 4","site_type":"Резиновая крошка","improvement_year":"2022"},"geometry":{"type":"Point","coordinates":[37.511359,55.818229]}},{"type":"Feature","id":"sp-905464894-790","properties":{"category":"СП","layer":"sp","district":"Войковский","section":"Без участка","name":"ДТ\\Ленинградское шоссе 9 к.1","address":"Ленинградское шоссе 9 к.1","type":"Спортивная площадка","parent_id":"905464894","parent_name":"ДТ\\Ленинградское шоссе 9 к.1","site_type":"Резиновая крошка","improvement_year":"2019"},"geometry":{"type":"Point","coordinates":[37.498258,55.816168]}},{"type":"Feature","id":"sp-915949356-792","properties":{"category":"СП","layer":"sp","district":"Войковский","section":"Без участка","name":"ДТ\\Радиаторская 1-я ул. 7","address":"Радиаторская 1-я ул. 7","type":"Спортивная площадка","parent_id":"915949356","parent_name":"ДТ\\Радиаторская 1-я ул. 7","site_type":"Асфальтобетонное","improvement_year":"2014"},"geometry":{"type":"Point","coordinates":[37.494223,55.819134]}},{"type":"Feature","id":"sp-1176828875-796","properties":{"category":"СП","layer":"sp","district":"Войковский","section":"Без участка","name":"ДТ\\Ленинградское шоссе 20 к.1","address":"Ленинградское шоссе 20 к.1","type":"Спортивная площадка","parent_id":"1176828875","parent_name":"ДТ\\Ленинградское шоссе 20 к.1","site_type":"Асфальтобетонное","improvement_year":"2011"},"geometry":{"type":"Point","coordinates":[37.492869,55.826632]}},{"type":"Feature","id":"sp-934643011-799","properties":{"category":"СП","layer":"sp","district":"Войковский","section":"Без участка","name":"ДТ\\Ленинградское шоссе 15","address":"Ленинградское шоссе 15","type":"Спортивная площадка","parent_id":"934643011","parent_name":"ДТ\\Ленинградское шоссе 15","site_type":"Резиновая крошка","improvement_year":"2013"},"geometry":{"type":"Point","coordinates":[37.494296,55.820227]}},{"type":"Feature","id":"sp-916000582-800","properties":{"category":"СП","layer":"sp","district":"Войковский","section":"Без участка","name":"ДТ\\Радиаторская 2-я ул. 8","address":"Радиаторская 2-я ул. 8","type":"Спортивная площадка","parent_id":"916000582","parent_name":"ДТ\\Радиаторская 2-я ул. 8","site_type":"Резиновая крошка","improvement_year":"2019"},"geometry":{"type":"Point","coordinates":[37.492944,55.819484]}},{"type":"Feature","id":"sp-1143569791-813","properties":{"category":"СП","layer":"sp","district":"Войковский","section":"Без участка","name":"ДТ\\Войковский 2-й пр. 7 к.1, 7 к.2; Радиаторская 3-я ул. 2, 4","address":"Войковский 2-й пр. 7 к.1, 7 к.2; Радиаторская 3-я ул. 2, 4","type":"Спортивная площадка","parent_id":"1143569791","parent_name":"ДТ\\Войковский 2-й пр. 7 к.1, 7 к.2; Радиаторская 3-я ул. 2, 4","site_type":"Резиновая крошка","improvement_year":"2023"},"geometry":{"type":"Point","coordinates":[37.494474,55.816349]}},{"type":"Feature","id":"sp-1143569793-814","properties":{"category":"СП","layer":"sp","district":"Войковский","section":"Без участка","name":"ДТ\\Войковский 2-й пр. 7 к.1, 7 к.2; Радиаторская 3-я ул. 2, 4","address":"Войковский 2-й пр. 7 к.1, 7 к.2; Радиаторская 3-я ул. 2, 4","type":"Спортивная площадка","parent_id":"1143569793","parent_name":"ДТ\\Войковский 2-й пр. 7 к.1, 7 к.2; Радиаторская 3-я ул. 2, 4","site_type":"Резиновая крошка","improvement_year":"2023"},"geometry":{"type":"Point","coordinates":[37.494722,55.816397]}},{"type":"Feature","id":"sp-1023243622-831","properties":{"category":"СП","layer":"sp","district":"Войковский","section":"Без участка","name":"ДТ\\Макарова Адмирала ул. 9, 9А","address":"Макарова Адмирала ул. 9, 9А","type":"Спортивная площадка","parent_id":"1023243622","parent_name":"ДТ\\Макарова Адмирала ул. 9, 9А","site_type":"Резиновая крошка","improvement_year":"2011"},"geometry":{"type":"Point","coordinates":[37.493784,55.828017]}},{"type":"Feature","id":"sp-1136894831-833","properties":{"category":"СП","layer":"sp","district":"Восточное Дегунино","section":"Без участка","name":"ДТ\\Дубнинская ул. 26 к.1","address":"Дубнинская ул. 26 к.1","type":"Спортивная площадка","parent_id":"1136894831","parent_name":"ДТ\\Дубнинская ул. 26 к.1","site_type":"Резиновая крошка","improvement_year":"2025"},"geometry":{"type":"Point","coordinates":[37.55901,55.874953]}},{"type":"Feature","id":"sp-1150273318-836","properties":{"category":"СП","layer":"sp","district":"Восточное Дегунино","section":"Без участка","name":"ДТ\\Дубнинская ул. 73 к.2","address":"Дубнинская ул. 73 к.2","type":"Спортивная площадка","parent_id":"1150273318","parent_name":"ДТ\\Дубнинская ул. 73 к.2","site_type":"Резиновая крошка","improvement_year":"2025"},"geometry":{"type":"Point","coordinates":[37.556283,55.880454]}},{"type":"Feature","id":"sp-1174267314-837","properties":{"category":"СП","layer":"sp","district":"Восточное Дегунино","section":"Без участка","name":"ДТ\\Дубнинская ул. 73 к.1, 73 к.6","address":"Дубнинская ул. 73 к.1, 73 к.6","type":"Спортивная площадка","parent_id":"1174267314","parent_name":"ДТ\\Дубнинская ул. 73 к.1, 73 к.6","site_type":"Резиновая крошка","improvement_year":"2023"},"geometry":{"type":"Point","coordinates":[37.555579,55.882957]}},{"type":"Feature","id":"sp-1062356303-838","properties":{"category":"СП","layer":"sp","district":"Восточное Дегунино","section":"Без участка","name":"ДТ\\Восьмисотлетия Москвы ул. 11 к.6","address":"Восьмисотлетия Москвы ул. 11 к.6","type":"Спортивная площадка","parent_id":"1062356303","parent_name":"ДТ\\Восьмисотлетия Москвы ул. 11 к.6","site_type":"Резиновая крошка","improvement_year":"2019"},"geometry":{"type":"Point","coordinates":[37.565753,55.884356]}},{"type":"Feature","id":"sp-1050589904-839","properties":{"category":"СП","layer":"sp","district":"Восточное Дегунино","section":"Без участка","name":"ДТ\\Дубнинская ул. 15 к.2, 17 к.2","address":"Дубнинская ул. 15 к.2, 17 к.2","type":"Спортивная площадка","parent_id":"1050589904","parent_name":"ДТ\\Дубнинская ул. 15 к.2, 17 к.2","site_type":"Резиновая крошка","improvement_year":"2012"},"geometry":{"type":"Point","coordinates":[37.56531,55.860739]}},{"type":"Feature","id":"sp-1050589920-841","properties":{"category":"СП","layer":"sp","district":"Восточное Дегунино","section":"Без участка","name":"ДТ\\Дубнинская ул. 15 к.2, 17 к.2","address":"Дубнинская ул. 15 к.2, 17 к.2","type":"Спортивная площадка","parent_id":"1050589920","parent_name":"ДТ\\Дубнинская ул. 15 к.2, 17 к.2","site_type":"Резиновая крошка","improvement_year":"2017"},"geometry":{"type":"Point","coordinates":[37.565508,55.86072]}},{"type":"Feature","id":"sp-1032545812-849","properties":{"category":"СП","layer":"sp","district":"Восточное Дегунино","section":"Без участка","name":"ДТ\\Дубнинская ул. 2 к.6, 2 к.7, 4 к.1","address":"Дубнинская ул. 2 к.6, 2 к.7, 4 к.1","type":"Спортивная площадка","parent_id":"1032545812","parent_name":"ДТ\\Дубнинская ул. 2 к.6, 2 к.7, 4 к.1","site_type":"Резиновая крошка","improvement_year":"2021"},"geometry":{"type":"Point","coordinates":[37.568614,55.857979]}},{"type":"Feature","id":"sp-982181651-853","properties":{"category":"СП","layer":"sp","district":"Восточное Дегунино","section":"Без участка","name":"ДТ\\Керамический пр. 47 к.2, 49 к.2, 49 к.3","address":"Керамический пр. 47 к.2, 49 к.2, 49 к.3","type":"Спортивная площадка","parent_id":"982181651","parent_name":"ДТ\\Керамический пр. 47 к.2, 49 к.2, 49 к.3","site_type":"Резиновая крошка","improvement_year":"2022"},"geometry":{"type":"Point","coordinates":[37.566852,55.873985]}},{"type":"Feature","id":"sp-1154451017-857","properties":{"category":"СП","layer":"sp","district":"Восточное Дегунино","section":"Без участка","name":"ДТ\\Дубнинская ул. 12 к.3","address":"Дубнинская ул. 12 к.3","type":"Спортивная площадка","parent_id":"1154451017","parent_name":"ДТ\\Дубнинская ул. 12 к.3","site_type":"Резиновая крошка","improvement_year":"2023"},"geometry":{"type":"Point","coordinates":[37.569924,55.865394]}},{"type":"Feature","id":"sp-1151960825-858","properties":{"category":"СП","layer":"sp","district":"Восточное Дегунино","section":"Без участка","name":"ДТ\\Дубнинская ул. 4 к.2, 4 к.3, 4 к.4","address":"Дубнинская ул. 4 к.2, 4 к.3, 4 к.4","type":"Спортивная площадка","parent_id":"1151960825","parent_name":"ДТ\\Дубнинская ул. 4 к.2, 4 к.3, 4 к.4","site_type":"Резиновая крошка","improvement_year":"2021"},"geometry":{"type":"Point","coordinates":[37.572184,55.857891]}},{"type":"Feature","id":"sp-970987173-860","properties":{"category":"СП","layer":"sp","district":"Восточное Дегунино","section":"Без участка","name":"ДТ\\Дубнинская ул. 22 к.4, 22 к.5, 22 к.6, 24 к.3, 24 к.5","address":"Дубнинская ул. 22 к.4, 22 к.5, 22 к.6, 24 к.3, 24 к.5","type":"Спортивная площадка","parent_id":"970987173","parent_name":"ДТ\\Дубнинская ул. 22 к.4, 22 к.5, 22 к.6, 24 к.3, 24 к.5","site_type":"Резиновая крошка","improvement_year":"2025"},"geometry":{"type":"Point","coordinates":[37.56339,55.872984]}},{"type":"Feature","id":"sp-970987197-864","properties":{"category":"СП","layer":"sp","district":"Восточное Дегунино","section":"Без участка","name":"ДТ\\Дубнинская ул. 22 к.4, 22 к.5, 22 к.6, 24 к.3, 24 к.5","address":"Дубнинская ул. 22 к.4, 22 к.5, 22 к.6, 24 к.3, 24 к.5","type":"Спортивная площадка","parent_id":"970987197","parent_name":"ДТ\\Дубнинская ул. 22 к.4, 22 к.5, 22 к.6, 24 к.3, 24 к.5","site_type":"Резиновая крошка","improvement_year":"2025"},"geometry":{"type":"Point","coordinates":[37.563561,55.873041]}},{"type":"Feature","id":"sp-970987199-865","properties":{"category":"СП","layer":"sp","district":"Восточное Дегунино","section":"Без участка","name":"ДТ\\Дубнинская ул. 22 к.4, 22 к.5, 22 к.6, 24 к.3, 24 к.5","address":"Дубнинская ул. 22 к.4, 22 к.5, 22 к.6, 24 к.3, 24 к.5","type":"Спортивная площадка","parent_id":"970987199","parent_name":"ДТ\\Дубнинская ул. 22 к.4, 22 к.5, 22 к.6, 24 к.3, 24 к.5","site_type":"Резиновая крошка","improvement_year":"2025"},"geometry":{"type":"Point","coordinates":[37.563469,55.872854]}},{"type":"Feature","id":"sp-1193946189-870","properties":{"category":"СП","layer":"sp","district":"Восточное Дегунино","section":"Без участка","name":"ДТ\\Дубнинская ул. 48 к.2, 50","address":"Дубнинская ул. 48 к.2, 50","type":"Спортивная площадка","parent_id":"1193946189","parent_name":"ДТ\\Дубнинская ул. 48 к.2, 50","site_type":"Резиновая крошка","improvement_year":"2024"},"geometry":{"type":"Point","coordinates":[37.559263,55.893715]}},{"type":"Feature","id":"sp-1193946197-871","properties":{"category":"СП","layer":"sp","district":"Восточное Дегунино","section":"Без участка","name":"ДТ\\Дубнинская ул. 48 к.2, 50","address":"Дубнинская ул. 48 к.2, 50","type":"Спортивная площадка","parent_id":"1193946197","parent_name":"ДТ\\Дубнинская ул. 48 к.2, 50","site_type":"Резиновая крошка","improvement_year":"2024"},"geometry":{"type":"Point","coordinates":[37.559516,55.893857]}},{"type":"Feature","id":"sp-981391891-872","properties":{"category":"СП","layer":"sp","district":"Восточное Дегунино","section":"Без участка","name":"ДТ\\Дубнинская ул. 73 к.3","address":"Дубнинская ул. 73 к.3","type":"Спортивная площадка","parent_id":"981391891","parent_name":"ДТ\\Дубнинская ул. 73 к.3","site_type":"Резиновая крошка","improvement_year":"2022"},"geometry":{"type":"Point","coordinates":[37.553895,55.882185]}},{"type":"Feature","id":"sp-1190805899-874","properties":{"category":"СП","layer":"sp","district":"Восточное Дегунино","section":"Без участка","name":"ДТ\\Керамический пр. 61 к.1, 61 к.2","address":"Керамический пр. 61 к.1, 61 к.2","type":"Спортивная площадка","parent_id":"1190805899","parent_name":"ДТ\\Керамический пр. 61 к.1, 61 к.2","site_type":"Резиновая крошка","improvement_year":"2024"},"geometry":{"type":"Point","coordinates":[37.562473,55.885661]}},{"type":"Feature","id":"sp-1190552175-876","properties":{"category":"СП","layer":"sp","district":"Восточное Дегунино","section":"Без участка","name":"ДТ\\Восьмисотлетия Москвы ул. 5 к.3","address":"Восьмисотлетия Москвы ул. 5 к.3","type":"Спортивная площадка","parent_id":"1190552175","parent_name":"ДТ\\Восьмисотлетия Москвы ул. 5 к.3","site_type":"Резиновая крошка","improvement_year":"2023"},"geometry":{"type":"Point","coordinates":[37.552049,55.881754]}},{"type":"Feature","id":"sp-1190552212-878","properties":{"category":"СП","layer":"sp","district":"Восточное Дегунино","section":"Без участка","name":"ДТ\\Восьмисотлетия Москвы ул. 5 к.3","address":"Восьмисотлетия Москвы ул. 5 к.3","type":"Спортивная площадка","parent_id":"1190552212","parent_name":"ДТ\\Восьмисотлетия Москвы ул. 5 к.3","site_type":"Резиновая крошка","improvement_year":"2023"},"geometry":{"type":"Point","coordinates":[37.551783,55.881081]}},{"type":"Feature","id":"sp-981369754-884","properties":{"category":"СП","layer":"sp","district":"Восточное Дегунино","section":"Без участка","name":"ДТ\\Керамический пр. 45 к.1","address":"Керамический пр. 45 к.1","type":"Спортивная площадка","parent_id":"981369754","parent_name":"ДТ\\Керамический пр. 45 к.1","site_type":"Резиновая крошка","improvement_year":"2022"},"geometry":{"type":"Point","coordinates":[37.568549,55.871018]}},{"type":"Feature","id":"sp-981369756-885","properties":{"category":"СП","layer":"sp","district":"Восточное Дегунино","section":"Без участка","name":"ДТ\\Керамический пр. 45 к.1","address":"Керамический пр. 45 к.1","type":"Спортивная площадка","parent_id":"981369756","parent_name":"ДТ\\Керамический пр. 45 к.1","site_type":"Резиновая крошка","improvement_year":"2022"},"geometry":{"type":"Point","coordinates":[37.568338,55.871568]}},{"type":"Feature","id":"sp-1144287795-889","properties":{"category":"СП","layer":"sp","district":"Восточное Дегунино","section":"Без участка","name":"ДТ\\Дубнинская ул. 20 к.3, 20 к.4","address":"Дубнинская ул. 20 к.3, 20 к.4","type":"Спортивная площадка","parent_id":"1144287795","parent_name":"ДТ\\Дубнинская ул. 20 к.3, 20 к.4","site_type":"Резиновая крошка","improvement_year":"2016"},"geometry":{"type":"Point","coordinates":[37.563748,55.871368]}},{"type":"Feature","id":"sp-1190850072-897","properties":{"category":"СП","layer":"sp","district":"Восточное Дегунино","section":"Без участка","name":"ДТ\\Дубнинская ул. 16 к.2","address":"Дубнинская ул. 16 к.2","type":"Спортивная площадка","parent_id":"1190850072","parent_name":"ДТ\\Дубнинская ул. 16 к.2","site_type":"Резиновая крошка","improvement_year":"2019"},"geometry":{"type":"Point","coordinates":[37.566098,55.866216]}},{"type":"Feature","id":"sp-1144158021-898","properties":{"category":"СП","layer":"sp","district":"Восточное Дегунино","section":"Без участка","name":"ДТ\\Дубнинская улица дом 12, корпус 1","address":"Дубнинская улица дом 12, корпус 1","type":"Спортивная площадка","parent_id":"1144158021","parent_name":"ДТ\\Дубнинская улица дом 12, корпус 1","site_type":"Резиновая крошка","improvement_year":"2023"},"geometry":{"type":"Point","coordinates":[37.567213,55.864205]}},{"type":"Feature","id":"sp-1184259208-903","properties":{"category":"СП","layer":"sp","district":"Восточное Дегунино","section":"Без участка","name":"ДТ\\Дубнинская ул. 16 к.1","address":"Дубнинская ул. 16 к.1","type":"Спортивная площадка","parent_id":"1184259208","parent_name":"ДТ\\Дубнинская ул. 16 к.1","site_type":"Резиновая крошка","improvement_year":"2024"},"geometry":{"type":"Point","coordinates":[37.564328,55.867844]}},{"type":"Feature","id":"sp-1176178159-911","properties":{"category":"СП","layer":"sp","district":"Восточное Дегунино","section":"Без участка","name":"ДТ\\Восьмисотлетия Москвы ул. 30; Керамический пр. 57 к.1, 57 к.3","address":"Восьмисотлетия Москвы ул. 30; Керамический пр. 57 к.1, 57 к.3","type":"Спортивная площадка","parent_id":"1176178159","parent_name":"ДТ\\Восьмисотлетия Москвы ул. 30; Керамический пр. 57 к.1, 57 к.3","site_type":"Резиновая крошка","improvement_year":"2025"},"geometry":{"type":"Point","coordinates":[37.564758,55.878925]}},{"type":"Feature","id":"sp-1174297913-916","properties":{"category":"СП","layer":"sp","district":"Восточное Дегунино","section":"Без участка","name":"ДТ\\Дубнинская ул. 12 к.2","address":"Дубнинская ул. 12 к.2","type":"Спортивная площадка","parent_id":"1174297913","parent_name":"ДТ\\Дубнинская ул. 12 к.2","site_type":"Резиновая крошка","improvement_year":"2023"},"geometry":{"type":"Point","coordinates":[37.568689,55.864611]}},{"type":"Feature","id":"sp-1068199097-918","properties":{"category":"СП","layer":"sp","district":"Восточное Дегунино","section":"Без участка","name":"ДТ\\Дубнинская ул. 16 к.3, 16 к.4, 16 к.5","address":"Дубнинская ул. 16 к.3, 16 к.4, 16 к.5","type":"Спортивная площадка","parent_id":"1068199097","parent_name":"ДТ\\Дубнинская ул. 16 к.3, 16 к.4, 16 к.5","site_type":"Асфальтобетонное","improvement_year":"2019"},"geometry":{"type":"Point","coordinates":[37.568787,55.869123]}},{"type":"Feature","id":"sp-1282382605-921","properties":{"category":"СП","layer":"sp","district":"Восточное Дегунино","section":"Без участка","name":"ДТ\\Дубнинская ул. 2 к.1, 2 к.2, 2 к.3, 2 к.4, 2 к.5","address":"Дубнинская ул. 2 к.1, 2 к.2, 2 к.3, 2 к.4, 2 к.5","type":"Спортивная площадка","parent_id":"1282382605","parent_name":"ДТ\\Дубнинская ул. 2 к.1, 2 к.2, 2 к.3, 2 к.4, 2 к.5","site_type":"Резиновая крошка","improvement_year":"2021"},"geometry":{"type":"Point","coordinates":[37.568288,55.856274]}},{"type":"Feature","id":"sp-1278529384-923","properties":{"category":"СП","layer":"sp","district":"Восточное Дегунино","section":"Без участка","name":"ДТ\\Восьмисотлетия Москвы ул. 1 к.1, 1 к.4","address":"Восьмисотлетия Москвы ул. 1 к.1, 1 к.4","type":"Спортивная площадка","parent_id":"1278529384","parent_name":"ДТ\\Восьмисотлетия Москвы ул. 1 к.1, 1 к.4","site_type":"Резиновая крошка","improvement_year":"2021"},"geometry":{"type":"Point","coordinates":[37.549648,55.880213]}},{"type":"Feature","id":"sp-1057700402-929","properties":{"category":"СП","layer":"sp","district":"Восточное Дегунино","section":"Без участка","name":"ДТ\\Восьмисотлетия Москвы ул. 14","address":"Восьмисотлетия Москвы ул. 14","type":"Спортивная площадка","parent_id":"1057700402","parent_name":"ДТ\\Восьмисотлетия Москвы ул. 14","site_type":"Резиновая крошка","improvement_year":"2017"},"geometry":{"type":"Point","coordinates":[37.547507,55.877843]}},{"type":"Feature","id":"sp-1057700408-930","properties":{"category":"СП","layer":"sp","district":"Восточное Дегунино","section":"Без участка","name":"ДТ\\Восьмисотлетия Москвы ул. 14","address":"Восьмисотлетия Москвы ул. 14","type":"Спортивная площадка","parent_id":"1057700408","parent_name":"ДТ\\Восьмисотлетия Москвы ул. 14","site_type":"Резиновая крошка","improvement_year":"2017"},"geometry":{"type":"Point","coordinates":[37.547407,55.877962]}},{"type":"Feature","id":"sp-1050349508-932","properties":{"category":"СП","layer":"sp","district":"Восточное Дегунино","section":"Без участка","name":"ДТ\\Восьмисотлетия Москвы ул. 16","address":"Восьмисотлетия Москвы ул. 16","type":"Спортивная площадка","parent_id":"1050349508","parent_name":"ДТ\\Восьмисотлетия Москвы ул. 16","site_type":"Резиновая крошка","improvement_year":"2017"},"geometry":{"type":"Point","coordinates":[37.551524,55.878863]}},{"type":"Feature","id":"sp-1298314956-934","properties":{"category":"СП","layer":"sp","district":"Восточное Дегунино","section":"Без участка","name":"ДТ\\Дубнинская ул. 36 к.1, 36 к.3, 36 к.4","address":"Дубнинская ул. 36 к.1, 36 к.3, 36 к.4","type":"Спортивная площадка","parent_id":"1298314956","parent_name":"ДТ\\Дубнинская ул. 36 к.1, 36 к.3, 36 к.4","site_type":"Резиновая крошка","improvement_year":"2025"},"geometry":{"type":"Point","coordinates":[37.559846,55.886229]}},{"type":"Feature","id":"sp-1085692815-942","properties":{"category":"СП","layer":"sp","district":"Восточное Дегунино","section":"Без участка","name":"ДТ\\Восьмисотлетия Москвы ул. 24, 26 к.1, 26 к.2","address":"Восьмисотлетия Москвы ул. 24, 26 к.1, 26 к.2","type":"Спортивная площадка","parent_id":"1085692815","parent_name":"ДТ\\Восьмисотлетия Москвы ул. 24, 26 к.1, 26 к.2","site_type":"Асфальтобетонное","improvement_year":"2016"},"geometry":{"type":"Point","coordinates":[37.560042,55.87931]}},{"type":"Feature","id":"sp-1085692847-945","properties":{"category":"СП","layer":"sp","district":"Восточное Дегунино","section":"Без участка","name":"ДТ\\Восьмисотлетия Москвы ул. 24, 26 к.1, 26 к.2","address":"Восьмисотлетия Москвы ул. 24, 26 к.1, 26 к.2","type":"Спортивная площадка","parent_id":"1085692847","parent_name":"ДТ\\Восьмисотлетия Москвы ул. 24, 26 к.1, 26 к.2","site_type":"Резиновая крошка","improvement_year":"2021"},"geometry":{"type":"Point","coordinates":[37.560152,55.87942]}},{"type":"Feature","id":"sp-1085692881-946","properties":{"category":"СП","layer":"sp","district":"Восточное Дегунино","section":"Без участка","name":"ДТ\\Восьмисотлетия Москвы ул. 24, 26 к.1, 26 к.2","address":"Восьмисотлетия Москвы ул. 24, 26 к.1, 26 к.2","type":"Спортивная площадка","parent_id":"1085692881","parent_name":"ДТ\\Восьмисотлетия Москвы ул. 24, 26 к.1, 26 к.2","site_type":"Резиновая крошка","improvement_year":"2021"},"geometry":{"type":"Point","coordinates":[37.559847,55.879412]}},{"type":"Feature","id":"sp-1132370137-948","properties":{"category":"СП","layer":"sp","district":"Восточное Дегунино","section":"Без участка","name":"ДТ\\Дубнинская ул. 32 к.1, 32 к.2, 32 к.3, 32 к.4","address":"Дубнинская ул. 32 к.1, 32 к.2, 32 к.3, 32 к.4","type":"Спортивная площадка","parent_id":"1132370137","parent_name":"ДТ\\Дубнинская ул. 32 к.1, 32 к.2, 32 к.3, 32 к.4","site_type":"Асфальтобетонное","improvement_year":"2021"},"geometry":{"type":"Point","coordinates":[37.560202,55.882844]}},{"type":"Feature","id":"sp-1132370167-951","properties":{"category":"СП","layer":"sp","district":"Восточное Дегунино","section":"Без участка","name":"ДТ\\Дубнинская ул. 32 к.1, 32 к.2, 32 к.3, 32 к.4","address":"Дубнинская ул. 32 к.1, 32 к.2, 32 к.3, 32 к.4","type":"Спортивная площадка","parent_id":"1132370167","parent_name":"ДТ\\Дубнинская ул. 32 к.1, 32 к.2, 32 к.3, 32 к.4","site_type":"Резиновая крошка","improvement_year":"2021"},"geometry":{"type":"Point","coordinates":[37.559847,55.882839]}},{"type":"Feature","id":"sp-1312311279-954","properties":{"category":"СП","layer":"sp","district":"Восточное Дегунино","section":"Без участка","name":"ДТ\\Дубнинская ул. 32 к.1, 32 к.2, 32 к.3, 32 к.4","address":"Дубнинская ул. 32 к.1, 32 к.2, 32 к.3, 32 к.4","type":"Спортивная площадка","parent_id":"1312311279","parent_name":"ДТ\\Дубнинская ул. 32 к.1, 32 к.2, 32 к.3, 32 к.4","site_type":"Асфальтобетонное","improvement_year":"2021"},"geometry":{"type":"Point","coordinates":[37.559702,55.882833]}},{"type":"Feature","id":"sp-1068925367-955","properties":{"category":"СП","layer":"sp","district":"Восточное Дегунино","section":"Без участка","name":"ДТ\\Дубнинская улица дом 30, корпус 1, дом 30, корпус 2","address":"Дубнинская улица дом 30, корпус 1, дом 30, корпус 2","type":"Спортивная площадка","parent_id":"1068925367","parent_name":"ДТ\\Дубнинская улица дом 30, корпус 1, дом 30, корпус 2","site_type":"Резиновая крошка","improvement_year":"2015"},"geometry":{"type":"Point","coordinates":[37.559125,55.881656]}},{"type":"Feature","id":"sp-1185530497-959","properties":{"category":"СП","layer":"sp","district":"Восточное Дегунино","section":"Без участка","name":"ДТ\\Восьмисотлетия Москвы ул. 7 к.1, 9","address":"Восьмисотлетия Москвы ул. 7 к.1, 9","type":"Спортивная площадка","parent_id":"1185530497","parent_name":"ДТ\\Восьмисотлетия Москвы ул. 7 к.1, 9","site_type":"Асфальтобетонное","improvement_year":"2024"},"geometry":{"type":"Point","coordinates":[37.560656,55.880988]}},{"type":"Feature","id":"sp-1144139637-966","properties":{"category":"СП","layer":"sp","district":"Восточное Дегунино","section":"Без участка","name":"ДТ\\Дубнинская улица дом 16, корпус 6, дом 18, корпус 1","address":"Дубнинская улица дом 16, корпус 6, дом 18, корпус 1","type":"Спортивная площадка","parent_id":"1144139637","parent_name":"ДТ\\Дубнинская улица дом 16, корпус 6, дом 18, корпус 1","site_type":"Резиновая крошка","improvement_year":"2024"},"geometry":{"type":"Point","coordinates":[37.571033,55.868794]}},{"type":"Feature","id":"sp-1144139669-967","properties":{"category":"СП","layer":"sp","district":"Восточное Дегунино","section":"Без участка","name":"ДТ\\Дубнинская улица дом 16, корпус 6, дом 18, корпус 1","address":"Дубнинская улица дом 16, корпус 6, дом 18, корпус 1","type":"Спортивная площадка","parent_id":"1144139669","parent_name":"ДТ\\Дубнинская улица дом 16, корпус 6, дом 18, корпус 1","site_type":"Асфальтобетонное","improvement_year":"2024"},"geometry":{"type":"Point","coordinates":[37.57056,55.869308]}},{"type":"Feature","id":"sp-1144139655-971","properties":{"category":"СП","layer":"sp","district":"Восточное Дегунино","section":"Без участка","name":"ДТ\\Дубнинская улица дом 16, корпус 6, дом 18, корпус 1","address":"Дубнинская улица дом 16, корпус 6, дом 18, корпус 1","type":"Спортивная площадка","parent_id":"1144139655","parent_name":"ДТ\\Дубнинская улица дом 16, корпус 6, дом 18, корпус 1","site_type":"Резиновая крошка","improvement_year":"2024"},"geometry":{"type":"Point","coordinates":[37.570824,55.868777]}},{"type":"Feature","id":"sp-1194783564-978","properties":{"category":"СП","layer":"sp","district":"Восточное Дегунино","section":"Без участка","name":"ДТ\\Дубнинская ул. 20 к.2","address":"Дубнинская ул. 20 к.2","type":"Спортивная площадка","parent_id":"1194783564","parent_name":"ДТ\\Дубнинская ул. 20 к.2","site_type":"Резиновая крошка","improvement_year":"2024"},"geometry":{"type":"Point","coordinates":[37.564096,55.869967]}},{"type":"Feature","id":"sp-1136652677-992","properties":{"category":"СП","layer":"sp","district":"Восточное Дегунино","section":"Без участка","name":"ДТ\\Восьмисотлетия Москвы ул. 32","address":"Восьмисотлетия Москвы ул. 32","type":"Спортивная площадка","parent_id":"1136652677","parent_name":"ДТ\\Восьмисотлетия Москвы ул. 32","site_type":"Асфальтобетонное","improvement_year":"2025"},"geometry":{"type":"Point","coordinates":[37.56542,55.879095]}},{"type":"Feature","id":"sp-1190267077-999","properties":{"category":"СП","layer":"sp","district":"Головинский","section":"Без участка","name":"ДТ\\Лихачевский 3-й пер. 3 к.1, 3 к.2, 3 к.3, 3 к.4","address":"Лихачевский 3-й пер. 3 к.1, 3 к.2, 3 к.3, 3 к.4","type":"Спортивная площадка","parent_id":"1190267077","parent_name":"ДТ\\Лихачевский 3-й пер. 3 к.1, 3 к.2, 3 к.3, 3 к.4","site_type":"Резиновая крошка","improvement_year":"2019"},"geometry":{"type":"Point","coordinates":[37.51579,55.848777]}},{"type":"Feature","id":"sp-931093397-1002","properties":{"category":"СП","layer":"sp","district":"Головинский","section":"Без участка","name":"ДТ\\Флотская ул. 20, 22","address":"Флотская ул. 20, 22","type":"Спортивная площадка","parent_id":"931093397","parent_name":"ДТ\\Флотская ул. 20, 22","site_type":"Резиновая крошка","improvement_year":"2019"},"geometry":{"type":"Point","coordinates":[37.485625,55.849612]}},{"type":"Feature","id":"sp-1073780116-1003","properties":{"category":"СП","layer":"sp","district":"Головинский","section":"Без участка","name":"ДТ\\Авангардная ул. 13, 15, 17, 19/30; Флотская ул. 28 к.1, 28 к.2","address":"Авангардная ул. 13, 15, 17, 19/30; Флотская ул. 28 к.1, 28 к.2","type":"Спортивная площадка","parent_id":"1073780116","parent_name":"ДТ\\Авангардная ул. 13, 15, 17, 19/30; Флотская ул. 28 к.1, 28 к.2","site_type":"Резиновая крошка","improvement_year":"2021"},"geometry":{"type":"Point","coordinates":[37.487249,55.849158]}},{"type":"Feature","id":"sp-1073780126-1004","properties":{"category":"СП","layer":"sp","district":"Головинский","section":"Без участка","name":"ДТ\\Авангардная ул. 13, 15, 17, 19/30; Флотская ул. 28 к.1, 28 к.2","address":"Авангардная ул. 13, 15, 17, 19/30; Флотская ул. 28 к.1, 28 к.2","type":"Спортивная площадка","parent_id":"1073780126","parent_name":"ДТ\\Авангардная ул. 13, 15, 17, 19/30; Флотская ул. 28 к.1, 28 к.2","site_type":"Резиновая крошка","improvement_year":"2021"},"geometry":{"type":"Point","coordinates":[37.487484,55.849059]}},{"type":"Feature","id":"sp-985007624-1007","properties":{"category":"СП","layer":"sp","district":"Головинский","section":"Без участка","name":"ДТ\\Лихачевский 3-й пер. 2 к.3","address":"Лихачевский 3-й пер. 2 к.3","type":"Спортивная площадка","parent_id":"985007624","parent_name":"ДТ\\Лихачевский 3-й пер. 2 к.3","site_type":"Резиновая крошка","improvement_year":"2026"},"geometry":{"type":"Point","coordinates":[37.5164,55.846003]}},{"type":"Feature","id":"sp-932058719-1008","properties":{"category":"СП","layer":"sp","district":"Головинский","section":"Без участка","name":"ДТ\\Онежская ул. 2 к.1, 2 к.3","address":"Онежская ул. 2 к.1, 2 к.3","type":"Спортивная площадка","parent_id":"932058719","parent_name":"ДТ\\Онежская ул. 2 к.1, 2 к.3","site_type":"Резиновая крошка","improvement_year":"2018"},"geometry":{"type":"Point","coordinates":[37.524873,55.842766]}},{"type":"Feature","id":"sp-1182031354-1011","properties":{"category":"СП","layer":"sp","district":"Головинский","section":"Без участка","name":"ДТ\\Фестивальная ул. 46 к.2, 46 к.3, 48, 48 к.2","address":"Фестивальная ул. 46 к.2, 46 к.3, 48, 48 к.2","type":"Спортивная площадка","parent_id":"1182031354","parent_name":"ДТ\\Фестивальная ул. 46 к.2, 46 к.3, 48, 48 к.2","site_type":"Резиновая крошка","improvement_year":"2017"},"geometry":{"type":"Point","coordinates":[37.511746,55.863309]}},{"type":"Feature","id":"sp-1182031386-1015","properties":{"category":"СП","layer":"sp","district":"Головинский","section":"Без участка","name":"ДТ\\Фестивальная ул. 46 к.2, 46 к.3, 48, 48 к.2","address":"Фестивальная ул. 46 к.2, 46 к.3, 48, 48 к.2","type":"Спортивная площадка","parent_id":"1182031386","parent_name":"ДТ\\Фестивальная ул. 46 к.2, 46 к.3, 48, 48 к.2","site_type":"Резиновая крошка","improvement_year":"2017"},"geometry":{"type":"Point","coordinates":[37.510334,55.863607]}},{"type":"Feature","id":"sp-1182031398-1016","properties":{"category":"СП","layer":"sp","district":"Головинский","section":"Без участка","name":"ДТ\\Фестивальная ул. 46 к.2, 46 к.3, 48, 48 к.2","address":"Фестивальная ул. 46 к.2, 46 к.3, 48, 48 к.2","type":"Спортивная площадка","parent_id":"1182031398","parent_name":"ДТ\\Фестивальная ул. 46 к.2, 46 к.3, 48, 48 к.2","site_type":"Резиновая крошка","improvement_year":"2017"},"geometry":{"type":"Point","coordinates":[37.51201,55.863469]}},{"type":"Feature","id":"sp-1184634968-1018","properties":{"category":"СП","layer":"sp","district":"Головинский","section":"Без участка","name":"ДТ\\Онежская ул. 12, 12 к.1, 12 к.2","address":"Онежская ул. 12, 12 к.1, 12 к.2","type":"Спортивная площадка","parent_id":"1184634968","parent_name":"ДТ\\Онежская ул. 12, 12 к.1, 12 к.2","site_type":"Резиновая крошка","improvement_year":"2023"},"geometry":{"type":"Point","coordinates":[37.522515,55.849651]}},{"type":"Feature","id":"sp-1184634980-1019","properties":{"category":"СП","layer":"sp","district":"Головинский","section":"Без участка","name":"ДТ\\Онежская ул. 12, 12 к.1, 12 к.2","address":"Онежская ул. 12, 12 к.1, 12 к.2","type":"Спортивная площадка","parent_id":"1184634980","parent_name":"ДТ\\Онежская ул. 12, 12 к.1, 12 к.2","site_type":"Резиновая крошка","improvement_year":"2023"},"geometry":{"type":"Point","coordinates":[37.522447,55.849889]}},{"type":"Feature","id":"sp-1184634984-1020","properties":{"category":"СП","layer":"sp","district":"Головинский","section":"Без участка","name":"ДТ\\Онежская ул. 12, 12 к.1, 12 к.2","address":"Онежская ул. 12, 12 к.1, 12 к.2","type":"Спортивная площадка","parent_id":"1184634984","parent_name":"ДТ\\Онежская ул. 12, 12 к.1, 12 к.2","site_type":"Резиновая крошка","improvement_year":"2023"},"geometry":{"type":"Point","coordinates":[37.523444,55.849494]}},{"type":"Feature","id":"sp-926498067-1023","properties":{"category":"СП","layer":"sp","district":"Головинский","section":"Без участка","name":"ДТ\\Кронштадтский бульв. 26, 30 к.2","address":"Кронштадтский бульв. 26, 30 к.2","type":"Спортивная площадка","parent_id":"926498067","parent_name":"ДТ\\Кронштадтский бульв. 26, 30 к.2","site_type":"Резиновая крошка","improvement_year":"2025"},"geometry":{"type":"Point","coordinates":[37.511667,55.849147]}},{"type":"Feature","id":"sp-1140090768-1026","properties":{"category":"СП","layer":"sp","district":"Головинский","section":"Без участка","name":"ДТ\\Кронштадтский бульв. 17 к.3, 23 к.1, 23 к.2; Смольная ул. 9","address":"Кронштадтский бульв. 17 к.3, 23 к.1, 23 к.2; Смольная ул. 9","type":"Спортивная площадка","parent_id":"1140090768","parent_name":"ДТ\\Кронштадтский бульв. 17 к.3, 23 к.1, 23 к.2; Смольная ул. 9","site_type":"Резиновая крошка","improvement_year":"2023"},"geometry":{"type":"Point","coordinates":[37.496923,55.845301]}},{"type":"Feature","id":"sp-1140090775-1027","properties":{"category":"СП","layer":"sp","district":"Головинский","section":"Без участка","name":"ДТ\\Кронштадтский бульв. 17 к.3, 23 к.1, 23 к.2; Смольная ул. 9","address":"Кронштадтский бульв. 17 к.3, 23 к.1, 23 к.2; Смольная ул. 9","type":"Спортивная площадка","parent_id":"1140090775","parent_name":"ДТ\\Кронштадтский бульв. 17 к.3, 23 к.1, 23 к.2; Смольная ул. 9","site_type":"Резиновая крошка","improvement_year":"2023"},"geometry":{"type":"Point","coordinates":[37.49758,55.845048]}},{"type":"Feature","id":"sp-1086806399-1029","properties":{"category":"СП","layer":"sp","district":"Головинский","section":"Без участка","name":"ДТ\\Конаковский пр. 12 к.1, 12 к.2; Флотская ул. 14","address":"Конаковский пр. 12 к.1, 12 к.2; Флотская ул. 14","type":"Спортивная площадка","parent_id":"1086806399","parent_name":"ДТ\\Конаковский пр. 12 к.1, 12 к.2; Флотская ул. 14","site_type":"Резиновая крошка","improvement_year":"2016"},"geometry":{"type":"Point","coordinates":[37.481088,55.848246]}},{"type":"Feature","id":"sp-1180232209-1034","properties":{"category":"СП","layer":"sp","district":"Головинский","section":"Без участка","name":"ДТ\\Зеленоградская ул. 3","address":"Зеленоградская ул. 3","type":"Спортивная площадка","parent_id":"1180232209","parent_name":"ДТ\\Зеленоградская ул. 3","site_type":"Искусственная трава","improvement_year":"2021"},"geometry":{"type":"Point","coordinates":[37.523007,55.861737]}},{"type":"Feature","id":"sp-1180232215-1035","properties":{"category":"СП","layer":"sp","district":"Головинский","section":"Без участка","name":"ДТ\\Зеленоградская ул. 3","address":"Зеленоградская ул. 3","type":"Спортивная площадка","parent_id":"1180232215","parent_name":"ДТ\\Зеленоградская ул. 3","site_type":"Резиновая крошка","improvement_year":"2021"},"geometry":{"type":"Point","coordinates":[37.523737,55.861326]}},{"type":"Feature","id":"sp-1180232219-1036","properties":{"category":"СП","layer":"sp","district":"Головинский","section":"Без участка","name":"ДТ\\Зеленоградская ул. 3","address":"Зеленоградская ул. 3","type":"Спортивная площадка","parent_id":"1180232219","parent_name":"ДТ\\Зеленоградская ул. 3","site_type":"Резиновая крошка","improvement_year":"2021"},"geometry":{"type":"Point","coordinates":[37.523604,55.861486]}},{"type":"Feature","id":"sp-904309984-1038","properties":{"category":"СП","layer":"sp","district":"Головинский","section":"Без участка","name":"ДТ\\Лихачевский 2-й пер. 2, 2А; Онежская ул. 2, 6","address":"Лихачевский 2-й пер. 2, 2А; Онежская ул. 2, 6","type":"Спортивная площадка","parent_id":"904309984","parent_name":"ДТ\\Лихачевский 2-й пер. 2, 2А; Онежская ул. 2, 6","site_type":"Резиновая крошка","improvement_year":"2013"},"geometry":{"type":"Point","coordinates":[37.522799,55.844409]}},{"type":"Feature","id":"sp-936778689-1042","properties":{"category":"СП","layer":"sp","district":"Головинский","section":"Без участка","name":"ДТ\\Конаковский пр. 8 к.1, 8 к.2","address":"Конаковский пр. 8 к.1, 8 к.2","type":"Спортивная площадка","parent_id":"936778689","parent_name":"ДТ\\Конаковский пр. 8 к.1, 8 к.2","site_type":"Резиновая крошка","improvement_year":"2019"},"geometry":{"type":"Point","coordinates":[37.48306,55.847772]}},{"type":"Feature","id":"sp-936778693-1043","properties":{"category":"СП","layer":"sp","district":"Головинский","section":"Без участка","name":"ДТ\\Конаковский пр. 8 к.1, 8 к.2","address":"Конаковский пр. 8 к.1, 8 к.2","type":"Спортивная площадка","parent_id":"936778693","parent_name":"ДТ\\Конаковский пр. 8 к.1, 8 к.2","site_type":"Резиновая крошка","improvement_year":"2019"},"geometry":{"type":"Point","coordinates":[37.483785,55.847984]}},{"type":"Feature","id":"sp-935047273-1046","properties":{"category":"СП","layer":"sp","district":"Головинский","section":"Без участка","name":"ДТ\\Онежская ул. 15, 15Б, 17","address":"Онежская ул. 15, 15Б, 17","type":"Спортивная площадка","parent_id":"935047273","parent_name":"ДТ\\Онежская ул. 15, 15Б, 17","site_type":"Резиновая крошка","improvement_year":"2019"},"geometry":{"type":"Point","coordinates":[37.518077,55.85119]}},{"type":"Feature","id":"sp-935047285-1047","properties":{"category":"СП","layer":"sp","district":"Головинский","section":"Без участка","name":"ДТ\\Онежская ул. 15, 15Б, 17","address":"Онежская ул. 15, 15Б, 17","type":"Спортивная площадка","parent_id":"935047285","parent_name":"ДТ\\Онежская ул. 15, 15Б, 17","site_type":"Резиновая крошка","improvement_year":"2019"},"geometry":{"type":"Point","coordinates":[37.518389,55.851195]}},{"type":"Feature","id":"sp-1036869061-1055","properties":{"category":"СП","layer":"sp","district":"Головинский","section":"Без участка","name":"ДТ\\Онежская ул. 31 к.1, 35 к.6","address":"Онежская ул. 31 к.1, 35 к.6","type":"Спортивная площадка","parent_id":"1036869061","parent_name":"ДТ\\Онежская ул. 31 к.1, 35 к.6","site_type":"Резиновая крошка","improvement_year":"2022"},"geometry":{"type":"Point","coordinates":[37.512886,55.855054]}},{"type":"Feature","id":"sp-932136921-1067","properties":{"category":"СП","layer":"sp","district":"Головинский","section":"Без участка","name":"ДТ\\Пулковская ул. 19 к.1, 21/7","address":"Пулковская ул. 19 к.1, 21/7","type":"Спортивная площадка","parent_id":"932136921","parent_name":"ДТ\\Пулковская ул. 19 к.1, 21/7","site_type":"Резиновая крошка","improvement_year":"2018"},"geometry":{"type":"Point","coordinates":[37.487967,55.846057]}},{"type":"Feature","id":"sp-1183286232-1070","properties":{"category":"СП","layer":"sp","district":"Головинский","section":"Без участка","name":"ДТ\\Солнечногорская ул. 16/1; Солнечногорский пр. 3 к.1, 3 к.3, 5 к.1","address":"Солнечногорская ул. 16/1; Солнечногорский пр. 3 к.1, 3 к.3, 5 к.1","type":"Спортивная площадка","parent_id":"1183286232","parent_name":"ДТ\\Солнечногорская ул. 16/1; Солнечногорский пр. 3 к.1, 3 к.3, 5 к.1","site_type":"Резиновая крошка","improvement_year":"2021"},"geometry":{"type":"Point","coordinates":[37.519911,55.8599]}},{"type":"Feature","id":"sp-1183131827-1075","properties":{"category":"СП","layer":"sp","district":"Головинский","section":"Без участка","name":"ДТ\\Лихоборская наб. 2 к.2; Онежская ул. 18 к.1, 20, 22","address":"Лихоборская наб. 2 к.2; Онежская ул. 18 к.1, 20, 22","type":"Спортивная площадка","parent_id":"1183131827","parent_name":"ДТ\\Лихоборская наб. 2 к.2; Онежская ул. 18 к.1, 20, 22","site_type":"Резиновая крошка","improvement_year":"2023"},"geometry":{"type":"Point","coordinates":[37.521093,55.852161]}},{"type":"Feature","id":"sp-1183131843-1077","properties":{"category":"СП","layer":"sp","district":"Головинский","section":"Без участка","name":"ДТ\\Лихоборская наб. 2 к.2; Онежская ул. 18 к.1, 20, 22","address":"Лихоборская наб. 2 к.2; Онежская ул. 18 к.1, 20, 22","type":"Спортивная площадка","parent_id":"1183131843","parent_name":"ДТ\\Лихоборская наб. 2 к.2; Онежская ул. 18 к.1, 20, 22","site_type":"Резиновая крошка","improvement_year":"2023"},"geometry":{"type":"Point","coordinates":[37.521259,55.852091]}},{"type":"Feature","id":"sp-975539565-1079","properties":{"category":"СП","layer":"sp","district":"Головинский","section":"Без участка","name":"ДТ\\Кронштадтский бульв. 15 к.2, 17 к.1, 17 к.2","address":"Кронштадтский бульв. 15 к.2, 17 к.1, 17 к.2","type":"Спортивная площадка","parent_id":"975539565","parent_name":"ДТ\\Кронштадтский бульв. 15 к.2, 17 к.1, 17 к.2","site_type":"Резиновая крошка","improvement_year":"2013"},"geometry":{"type":"Point","coordinates":[37.493535,55.844317]}},{"type":"Feature","id":"sp-975539573-1081","properties":{"category":"СП","layer":"sp","district":"Головинский","section":"Без участка","name":"ДТ\\Кронштадтский бульв. 15 к.2, 17 к.1, 17 к.2","address":"Кронштадтский бульв. 15 к.2, 17 к.1, 17 к.2","type":"Спортивная площадка","parent_id":"975539573","parent_name":"ДТ\\Кронштадтский бульв. 15 к.2, 17 к.1, 17 к.2","site_type":"Гравийное","improvement_year":"2013"},"geometry":{"type":"Point","coordinates":[37.494109,55.843843]}},{"type":"Feature","id":"sp-1181981717-1082","properties":{"category":"СП","layer":"sp","district":"Головинский","section":"Без участка","name":"ДТ\\Флотская ул. 90, 92","address":"Флотская ул. 90, 92","type":"Спортивная площадка","parent_id":"1181981717","parent_name":"ДТ\\Флотская ул. 90, 92","site_type":"Резиновая крошка","improvement_year":"2023"},"geometry":{"type":"Point","coordinates":[37.517045,55.861535]}},{"type":"Feature","id":"sp-1139028833-1084","properties":{"category":"СП","layer":"sp","district":"Головинский","section":"Без участка","name":"ДТ\\Авангардная ул. 14, 16, 18, 20","address":"Авангардная ул. 14, 16, 18, 20","type":"Спортивная площадка","parent_id":"1139028833","parent_name":"ДТ\\Авангардная ул. 14, 16, 18, 20","site_type":"Резиновая крошка","improvement_year":"2023"},"geometry":{"type":"Point","coordinates":[37.489709,55.84878]}},{"type":"Feature","id":"sp-1139028837-1085","properties":{"category":"СП","layer":"sp","district":"Головинский","section":"Без участка","name":"ДТ\\Авангардная ул. 14, 16, 18, 20","address":"Авангардная ул. 14, 16, 18, 20","type":"Спортивная площадка","parent_id":"1139028837","parent_name":"ДТ\\Авангардная ул. 14, 16, 18, 20","site_type":"Асфальтобетонное","improvement_year":"2023"},"geometry":{"type":"Point","coordinates":[37.490154,55.847401]}},{"type":"Feature","id":"sp-1186700600-1086","properties":{"category":"СП","layer":"sp","district":"Головинский","section":"Без участка","name":"ДТ\\Конаковский пр. 4 к.1, 4 к.2, 6 к.1, 6 к.2","address":"Конаковский пр. 4 к.1, 4 к.2, 6 к.1, 6 к.2","type":"Спортивная площадка","parent_id":"1186700600","parent_name":"ДТ\\Конаковский пр. 4 к.1, 4 к.2, 6 к.1, 6 к.2","site_type":"Резиновая крошка","improvement_year":"2018"},"geometry":{"type":"Point","coordinates":[37.482991,55.846366]}},{"type":"Feature","id":"sp-1086594644-1089","properties":{"category":"СП","layer":"sp","district":"Головинский","section":"Без участка","name":"ДТ\\Онежская ул. 40, 42/36; Фестивальная ул. 38, 40","address":"Онежская ул. 40, 42/36; Фестивальная ул. 38, 40","type":"Спортивная площадка","parent_id":"1086594644","parent_name":"ДТ\\Онежская ул. 40, 42/36; Фестивальная ул. 38, 40","site_type":"Резиновая крошка","improvement_year":"2025"},"geometry":{"type":"Point","coordinates":[37.507192,55.862203]}},{"type":"Feature","id":"sp-1142321791-1092","properties":{"category":"СП","layer":"sp","district":"Головинский","section":"Без участка","name":"ДТ\\Авангардная ул. 14А, 14Б; Смольная ул. 19 к.4; Флотская ул. 34 к.3","address":"Авангардная ул. 14А, 14Б; Смольная ул. 19 к.4; Флотская ул. 34 к.3","type":"Спортивная площадка","parent_id":"1142321791","parent_name":"ДТ\\Авангардная ул. 14А, 14Б; Смольная ул. 19 к.4; Флотская ул. 34 к.3","site_type":"Резиновая крошка","improvement_year":"2022"},"geometry":{"type":"Point","coordinates":[37.494018,55.847593]}},{"type":"Feature","id":"sp-1071948116-1094","properties":{"category":"СП","layer":"sp","district":"Головинский","section":"Без участка","name":"ДТ\\Онежская ул. 9/4, 9/4 к.А, 9/4 к.Б","address":"Онежская ул. 9/4, 9/4 к.А, 9/4 к.Б","type":"Спортивная площадка","parent_id":"1071948116","parent_name":"ДТ\\Онежская ул. 9/4, 9/4 к.А, 9/4 к.Б","site_type":"Резиновая крошка","improvement_year":"2019"},"geometry":{"type":"Point","coordinates":[37.5201,55.847728]}},{"type":"Feature","id":"sp-1071948120-1095","properties":{"category":"СП","layer":"sp","district":"Головинский","section":"Без участка","name":"ДТ\\Онежская ул. 9/4, 9/4 к.А, 9/4 к.Б","address":"Онежская ул. 9/4, 9/4 к.А, 9/4 к.Б","type":"Спортивная площадка","parent_id":"1071948120","parent_name":"ДТ\\Онежская ул. 9/4, 9/4 к.А, 9/4 к.Б","site_type":"Резиновая крошка","improvement_year":"2019"},"geometry":{"type":"Point","coordinates":[37.520113,55.847644]}},{"type":"Feature","id":"sp-1139552491-1098","properties":{"category":"СП","layer":"sp","district":"Головинский","section":"Без участка","name":"ДТ\\Лихоборская наб. 4 к.1, 4 к.2","address":"Лихоборская наб. 4 к.1, 4 к.2","type":"Спортивная площадка","parent_id":"1139552491","parent_name":"ДТ\\Лихоборская наб. 4 к.1, 4 к.2","site_type":"Резиновая крошка","improvement_year":"2021"},"geometry":{"type":"Point","coordinates":[37.522681,55.852602]}},{"type":"Feature","id":"sp-1086494142-1100","properties":{"category":"СП","layer":"sp","district":"Головинский","section":"Без участка","name":"ДТ\\Сенежская ул. 4; Солнечногорская ул. 11, 13","address":"Сенежская ул. 4; Солнечногорская ул. 11, 13","type":"Спортивная площадка","parent_id":"1086494142","parent_name":"ДТ\\Сенежская ул. 4; Солнечногорская ул. 11, 13","site_type":"Резиновая крошка","improvement_year":"2018"},"geometry":{"type":"Point","coordinates":[37.517036,55.859571]}},{"type":"Feature","id":"sp-930105169-1101","properties":{"category":"СП","layer":"sp","district":"Головинский","section":"Без участка","name":"ДТ\\Лавочкина ул. 20, 22, 24, 26, 28/42","address":"Лавочкина ул. 20, 22, 24, 26, 28/42","type":"Спортивная площадка","parent_id":"930105169","parent_name":"ДТ\\Лавочкина ул. 20, 22, 24, 26, 28/42","site_type":"Резиновая крошка","improvement_year":"2013"},"geometry":{"type":"Point","coordinates":[37.499972,55.852255]}},{"type":"Feature","id":"sp-1143507637-1108","properties":{"category":"СП","layer":"sp","district":"Головинский","section":"Без участка","name":"ДТ\\Кронштадтский бульв. 37 к.4, 39 к.2, 43 к.1, 43 к.2, 43 к.3","address":"Кронштадтский бульв. 37 к.4, 39 к.2, 43 к.1, 43 к.2, 43 к.3","type":"Спортивная площадка","parent_id":"1143507637","parent_name":"ДТ\\Кронштадтский бульв. 37 к.4, 39 к.2, 43 к.1, 43 к.2, 43 к.3","site_type":"Грунтовое","improvement_year":"2021"},"geometry":{"type":"Point","coordinates":[37.505412,55.8507]}},{"type":"Feature","id":"sp-1138400469-1110","properties":{"category":"СП","layer":"sp","district":"Головинский","section":"Без участка","name":"ДТ\\Смольная ул. 17, 19 к.2, 19 к.3, 19 к.5","address":"Смольная ул. 17, 19 к.2, 19 к.3, 19 к.5","type":"Спортивная площадка","parent_id":"1138400469","parent_name":"ДТ\\Смольная ул. 17, 19 к.2, 19 к.3, 19 к.5","site_type":"Резиновая крошка","improvement_year":"2021"},"geometry":{"type":"Point","coordinates":[37.496519,55.847084]}},{"type":"Feature","id":"sp-1138400481-1112","properties":{"category":"СП","layer":"sp","district":"Головинский","section":"Без участка","name":"ДТ\\Смольная ул. 17, 19 к.2, 19 к.3, 19 к.5","address":"Смольная ул. 17, 19 к.2, 19 к.3, 19 к.5","type":"Спортивная площадка","parent_id":"1138400481","parent_name":"ДТ\\Смольная ул. 17, 19 к.2, 19 к.3, 19 к.5","site_type":"Резиновая крошка","improvement_year":"2021"},"geometry":{"type":"Point","coordinates":[37.496909,55.847151]}},{"type":"Feature","id":"sp-1085759499-1115","properties":{"category":"СП","layer":"sp","district":"Головинский","section":"Без участка","name":"ДТ\\Конаковский пр. 15; Ленинградское шоссе 78, 80, 82","address":"Конаковский пр. 15; Ленинградское шоссе 78, 80, 82","type":"Спортивная площадка","parent_id":"1085759499","parent_name":"ДТ\\Конаковский пр. 15; Ленинградское шоссе 78, 80, 82","site_type":"Асфальтобетонное","improvement_year":"2023"},"geometry":{"type":"Point","coordinates":[37.47723,55.848304]}},{"type":"Feature","id":"sp-1085759507-1117","properties":{"category":"СП","layer":"sp","district":"Головинский","section":"Без участка","name":"ДТ\\Конаковский пр. 15; Ленинградское шоссе 78, 80, 82","address":"Конаковский пр. 15; Ленинградское шоссе 78, 80, 82","type":"Спортивная площадка","parent_id":"1085759507","parent_name":"ДТ\\Конаковский пр. 15; Ленинградское шоссе 78, 80, 82","site_type":"Резиновая крошка","improvement_year":"2023"},"geometry":{"type":"Point","coordinates":[37.477243,55.848003]}},{"type":"Feature","id":"sp-1185161021-1119","properties":{"category":"СП","layer":"sp","district":"Головинский","section":"Без участка","name":"ДТ\\Смольная ул. 11, 3, 5, 7","address":"Смольная ул. 11, 3, 5, 7","type":"Спортивная площадка","parent_id":"1185161021","parent_name":"ДТ\\Смольная ул. 11, 3, 5, 7","site_type":"Резиновая крошка","improvement_year":"2024"},"geometry":{"type":"Point","coordinates":[37.498926,55.846235]}},{"type":"Feature","id":"sp-1185161027-1120","properties":{"category":"СП","layer":"sp","district":"Головинский","section":"Без участка","name":"ДТ\\Смольная ул. 11, 3, 5, 7","address":"Смольная ул. 11, 3, 5, 7","type":"Спортивная площадка","parent_id":"1185161027","parent_name":"ДТ\\Смольная ул. 11, 3, 5, 7","site_type":"Резиновая крошка","improvement_year":"2024"},"geometry":{"type":"Point","coordinates":[37.49874,55.846414]}},{"type":"Feature","id":"sp-1183723732-1121","properties":{"category":"СП","layer":"sp","district":"Головинский","section":"Без участка","name":"ДТ\\Лихачевский 3-й пер. 7 к.2, 7 к.3","address":"Лихачевский 3-й пер. 7 к.2, 7 к.3","type":"Спортивная площадка","parent_id":"1183723732","parent_name":"ДТ\\Лихачевский 3-й пер. 7 к.2, 7 к.3","site_type":"Резиновая крошка","improvement_year":"2017"},"geometry":{"type":"Point","coordinates":[37.516476,55.849983]}},{"type":"Feature","id":"sp-1183723746-1123","properties":{"category":"СП","layer":"sp","district":"Головинский","section":"Без участка","name":"ДТ\\Лихачевский 3-й пер. 7 к.2, 7 к.3","address":"Лихачевский 3-й пер. 7 к.2, 7 к.3","type":"Спортивная площадка","parent_id":"1183723746","parent_name":"ДТ\\Лихачевский 3-й пер. 7 к.2, 7 к.3","site_type":"Резиновая крошка","improvement_year":"2017"},"geometry":{"type":"Point","coordinates":[37.517196,55.850159]}},{"type":"Feature","id":"sp-1139707314-1125","properties":{"category":"СП","layer":"sp","district":"Головинский","section":"Без участка","name":"ДТ\\Пулковская ул. 4 к.1, 4 к.2, 4 к.3","address":"Пулковская ул. 4 к.1, 4 к.2, 4 к.3","type":"Спортивная площадка","parent_id":"1139707314","parent_name":"ДТ\\Пулковская ул. 4 к.1, 4 к.2, 4 к.3","site_type":"Гравийное","improvement_year":"2013"},"geometry":{"type":"Point","coordinates":[37.484616,55.843125]}},{"type":"Feature","id":"sp-933936082-1134","properties":{"category":"СП","layer":"sp","district":"Головинский","section":"Без участка","name":"ДТ\\Онежская ул. 28/1, 30, 32/72, 34 к.1, 34 к.2; Солнечногорская ул. 3; Флотская ул. 21, 72А","address":"Онежская ул. 28/1, 30, 32/72, 34 к.1, 34 к.2; Солнечногорская ул. 3; Флотская ул. 21, 72А","type":"Спортивная площадка","parent_id":"933936082","parent_name":"ДТ\\Онежская ул. 28/1, 30, 32/72, 34 к.1, 34 к.2; Солнечногорская ул. 3; Флотская ул. 21, 72А","site_type":"Резиновая крошка","improvement_year":"2025"},"geometry":{"type":"Point","coordinates":[37.513789,55.857216]}},{"type":"Feature","id":"sp-1138896605-1141","properties":{"category":"СП","layer":"sp","district":"Головинский","section":"Без участка","name":"ДТ\\Флотская ул. 44, 46","address":"Флотская ул. 44, 46","type":"Спортивная площадка","parent_id":"1138896605","parent_name":"ДТ\\Флотская ул. 44, 46","site_type":"Резиновая крошка","improvement_year":"2024"},"geometry":{"type":"Point","coordinates":[37.500318,55.852847]}},{"type":"Feature","id":"sp-1067641517-1144","properties":{"category":"СП","layer":"sp","district":"Головинский","section":"Без участка","name":"ДТ\\Ленинградское шоссе 70","address":"Ленинградское шоссе 70","type":"Спортивная площадка","parent_id":"1067641517","parent_name":"ДТ\\Ленинградское шоссе 70","site_type":"Резиновая крошка","improvement_year":"2013"},"geometry":{"type":"Point","coordinates":[37.478427,55.846639]}},{"type":"Feature","id":"sp-1067641521-1146","properties":{"category":"СП","layer":"sp","district":"Головинский","section":"Без участка","name":"ДТ\\Ленинградское шоссе 70","address":"Ленинградское шоссе 70","type":"Спортивная площадка","parent_id":"1067641521","parent_name":"ДТ\\Ленинградское шоссе 70","site_type":"Резиновая крошка","improvement_year":"2024"},"geometry":{"type":"Point","coordinates":[37.478631,55.846439]}},{"type":"Feature","id":"sp-1139707292-1147","properties":{"category":"СП","layer":"sp","district":"Головинский","section":"Без участка","name":"ДТ\\Пулковская ул. 4 к.1, 4 к.2, 4 к.3","address":"Пулковская ул. 4 к.1, 4 к.2, 4 к.3","type":"Спортивная площадка","parent_id":"1139707292","parent_name":"ДТ\\Пулковская ул. 4 к.1, 4 к.2, 4 к.3","site_type":"Асфальтобетонное","improvement_year":"2013"},"geometry":{"type":"Point","coordinates":[37.484145,55.843759]}},{"type":"Feature","id":"sp-1139707338-1148","properties":{"category":"СП","layer":"sp","district":"Головинский","section":"Без участка","name":"ДТ\\Пулковская ул. 4 к.1, 4 к.2, 4 к.3","address":"Пулковская ул. 4 к.1, 4 к.2, 4 к.3","type":"Спортивная площадка","parent_id":"1139707338","parent_name":"ДТ\\Пулковская ул. 4 к.1, 4 к.2, 4 к.3","site_type":"Асфальтобетонное","improvement_year":"2013"},"geometry":{"type":"Point","coordinates":[37.484792,55.842838]}},{"type":"Feature","id":"sp-990005180-1152","properties":{"category":"СП","layer":"sp","district":"Головинский","section":"Без участка","name":"ДТ\\Авангардная ул. 22/32 к.1, 22/32 к.2; Флотская ул. 34 к.2","address":"Авангардная ул. 22/32 к.1, 22/32 к.2; Флотская ул. 34 к.2","type":"Спортивная площадка","parent_id":"990005180","parent_name":"ДТ\\Авангардная ул. 22/32 к.1, 22/32 к.2; Флотская ул. 34 к.2","site_type":"Резиновая крошка","improvement_year":"2017"},"geometry":{"type":"Point","coordinates":[37.491785,55.849054]}},{"type":"Feature","id":"sp-916295330-1162","properties":{"category":"СП","layer":"sp","district":"Головинский","section":"Без участка","name":"ДТ\\Авангардная ул. 6 к.2, 6 к.3, 8 к.3","address":"Авангардная ул. 6 к.2, 6 к.3, 8 к.3","type":"Спортивная площадка","parent_id":"916295330","parent_name":"ДТ\\Авангардная ул. 6 к.2, 6 к.3, 8 к.3","site_type":"Песчано-гравийная смесь","improvement_year":"2013"},"geometry":{"type":"Point","coordinates":[37.492274,55.845488]}},{"type":"Feature","id":"sp-910428369-1166","properties":{"category":"СП","layer":"sp","district":"Головинский","section":"Без участка","name":"ДТ\\Флотская ул. 76 к.2, 78, 78 к.1, 80/7","address":"Флотская ул. 76 к.2, 78, 78 к.1, 80/7","type":"Спортивная площадка","parent_id":"910428369","parent_name":"ДТ\\Флотская ул. 76 к.2, 78, 78 к.1, 80/7","site_type":"Резиновая крошка","improvement_year":"2024"},"geometry":{"type":"Point","coordinates":[37.514242,55.859928]}},{"type":"Feature","id":"sp-863981345-1169","properties":{"category":"СП","layer":"sp","district":"Головинский","section":"Без участка","name":"ДТ\\Конаковский пр. 2/5; Пулковская ул. 7","address":"Конаковский пр. 2/5; Пулковская ул. 7","type":"Спортивная площадка","parent_id":"863981345","parent_name":"ДТ\\Конаковский пр. 2/5; Пулковская ул. 7","site_type":"Резиновая крошка","improvement_year":"2024"},"geometry":{"type":"Point","coordinates":[37.483455,55.845602]}},{"type":"Feature","id":"sp-1073611564-1172","properties":{"category":"СП","layer":"sp","district":"Головинский","section":"Без участка","name":"ДТ\\Автомоторная ул. 6","address":"Автомоторная ул. 6","type":"Спортивная площадка","parent_id":"1073611564","parent_name":"ДТ\\Автомоторная ул. 6","site_type":"Резиновая крошка","improvement_year":"2019"},"geometry":{"type":"Point","coordinates":[37.536729,55.850076]}},{"type":"Feature","id":"sp-1016434655-1175","properties":{"category":"СП","layer":"sp","district":"Головинский","section":"Без участка","name":"ДТ\\Онежская ул. 16 к.4","address":"Онежская ул. 16 к.4","type":"Спортивная площадка","parent_id":"1016434655","parent_name":"ДТ\\Онежская ул. 16 к.4","site_type":"Резиновая крошка","improvement_year":"2021"},"geometry":{"type":"Point","coordinates":[37.52105,55.850954]}},{"type":"Feature","id":"sp-1016434669-1176","properties":{"category":"СП","layer":"sp","district":"Головинский","section":"Без участка","name":"ДТ\\Онежская ул. 16 к.4","address":"Онежская ул. 16 к.4","type":"Спортивная площадка","parent_id":"1016434669","parent_name":"ДТ\\Онежская ул. 16 к.4","site_type":"Резиновая крошка","improvement_year":"2021"},"geometry":{"type":"Point","coordinates":[37.520932,55.850954]}},{"type":"Feature","id":"sp-1016434651-1178","properties":{"category":"СП","layer":"sp","district":"Головинский","section":"Без участка","name":"ДТ\\Онежская ул. 16 к.4","address":"Онежская ул. 16 к.4","type":"Спортивная площадка","parent_id":"1016434651","parent_name":"ДТ\\Онежская ул. 16 к.4","site_type":"Резиновая крошка","improvement_year":"2021"},"geometry":{"type":"Point","coordinates":[37.521267,55.850435]}},{"type":"Feature","id":"sp-1086586157-1181","properties":{"category":"СП","layer":"sp","district":"Головинский","section":"Без участка","name":"ДТ\\Сенежская ул. 3, 5; Солнечногорская ул. 5 к.1, 7 к.1; Флотская ул. 74, 76","address":"Сенежская ул. 3, 5; Солнечногорская ул. 5 к.1, 7 к.1; Флотская ул. 74, 76","type":"Спортивная площадка","parent_id":"1086586157","parent_name":"ДТ\\Сенежская ул. 3, 5; Солнечногорская ул. 5 к.1, 7 к.1; Флотская ул. 74, 76","site_type":"Резиновая крошка","improvement_year":"2024"},"geometry":{"type":"Point","coordinates":[37.514408,55.858115]}},{"type":"Feature","id":"sp-1086586159-1183","properties":{"category":"СП","layer":"sp","district":"Головинский","section":"Без участка","name":"ДТ\\Сенежская ул. 3, 5; Солнечногорская ул. 5 к.1, 7 к.1; Флотская ул. 74, 76","address":"Сенежская ул. 3, 5; Солнечногорская ул. 5 к.1, 7 к.1; Флотская ул. 74, 76","type":"Спортивная площадка","parent_id":"1086586159","parent_name":"ДТ\\Сенежская ул. 3, 5; Солнечногорская ул. 5 к.1, 7 к.1; Флотская ул. 74, 76","site_type":"Резиновая крошка","improvement_year":"2024"},"geometry":{"type":"Point","coordinates":[37.516382,55.858474]}},{"type":"Feature","id":"sp-1315983649-1186","properties":{"category":"СП","layer":"sp","district":"Головинский","section":"Без участка","name":"ДТ\\Сенежская ул. 3, 5; Солнечногорская ул. 5 к.1, 7 к.1; Флотская ул. 74, 76","address":"Сенежская ул. 3, 5; Солнечногорская ул. 5 к.1, 7 к.1; Флотская ул. 74, 76","type":"Спортивная площадка","parent_id":"1315983649","parent_name":"ДТ\\Сенежская ул. 3, 5; Солнечногорская ул. 5 к.1, 7 к.1; Флотская ул. 74, 76","site_type":"Резиновая крошка","improvement_year":"2024"},"geometry":{"type":"Point","coordinates":[37.516291,55.858607]}},{"type":"Feature","id":"sp-1315983651-1187","properties":{"category":"СП","layer":"sp","district":"Головинский","section":"Без участка","name":"ДТ\\Сенежская ул. 3, 5; Солнечногорская ул. 5 к.1, 7 к.1; Флотская ул. 74, 76","address":"Сенежская ул. 3, 5; Солнечногорская ул. 5 к.1, 7 к.1; Флотская ул. 74, 76","type":"Спортивная площадка","parent_id":"1315983651","parent_name":"ДТ\\Сенежская ул. 3, 5; Солнечногорская ул. 5 к.1, 7 к.1; Флотская ул. 74, 76","site_type":"Резиновая крошка","improvement_year":"2024"},"geometry":{"type":"Point","coordinates":[37.516291,55.858607]}},{"type":"Feature","id":"sp-1324597936-1204","properties":{"category":"СП","layer":"sp","district":"Головинский","section":"Без участка","name":"ДТ\\Смольная улица дом 21, корпус 2, дом 21, корпус 3, дом 23, корпус 2","address":"Смольная улица дом 21, корпус 2, дом 21, корпус 3, дом 23, корпус 2","type":"Спортивная площадка","parent_id":"1324597936","parent_name":"ДТ\\Смольная улица дом 21, корпус 2, дом 21, корпус 3, дом 23, корпус 2","site_type":"Резиновая крошка","improvement_year":"2016"},"geometry":{"type":"Point","coordinates":[37.494918,55.848053]}},{"type":"Feature","id":"sp-982895826-1210","properties":{"category":"СП","layer":"sp","district":"Головинский","section":"Без участка","name":"ДТ\\Авангардная ул. 12","address":"Авангардная ул. 12","type":"Спортивная площадка","parent_id":"982895826","parent_name":"ДТ\\Авангардная ул. 12","site_type":"Резиновая крошка","improvement_year":"2019"},"geometry":{"type":"Point","coordinates":[37.490424,55.846644]}},{"type":"Feature","id":"sp-1180044034-1212","properties":{"category":"СП","layer":"sp","district":"Головинский","section":"Без участка","name":"ДТ\\Онежская ул. 5","address":"Онежская ул. 5","type":"Спортивная площадка","parent_id":"1180044034","parent_name":"ДТ\\Онежская ул. 5","site_type":"Резиновая крошка","improvement_year":"2022"},"geometry":{"type":"Point","coordinates":[37.520942,55.845989]}},{"type":"Feature","id":"sp-1086250265-1217","properties":{"category":"СП","layer":"sp","district":"Головинский","section":"Без участка","name":"ДТ\\Онежская ул. 11/11, 13, 13 к.1","address":"Онежская ул. 11/11, 13, 13 к.1","type":"Спортивная площадка","parent_id":"1086250265","parent_name":"ДТ\\Онежская ул. 11/11, 13, 13 к.1","site_type":"Резиновая крошка","improvement_year":"2017"},"geometry":{"type":"Point","coordinates":[37.518404,55.849557]}},{"type":"Feature","id":"sp-989845382-1219","properties":{"category":"СП","layer":"sp","district":"Головинский","section":"Без участка","name":"ДТ\\Флотская ул. 68 к.2","address":"Флотская ул. 68 к.2","type":"Спортивная площадка","parent_id":"989845382","parent_name":"ДТ\\Флотская ул. 68 к.2","site_type":"Резиновая крошка","improvement_year":"2022"},"geometry":{"type":"Point","coordinates":[37.504683,55.848886]}},{"type":"Feature","id":"sp-1033325456-1221","properties":{"category":"СП","layer":"sp","district":"Головинский","section":"Без участка","name":"ДТ\\Кронштадтский бульв. 55А","address":"Кронштадтский бульв. 55А","type":"Спортивная площадка","parent_id":"1033325456","parent_name":"ДТ\\Кронштадтский бульв. 55А","site_type":"Резиновая крошка","improvement_year":"2022"},"geometry":{"type":"Point","coordinates":[37.51392,55.853234]}},{"type":"Feature","id":"sp-938187813-1226","properties":{"category":"СП","layer":"sp","district":"Головинский","section":"Без участка","name":"ДТ\\Пулковская ул. 11, 13, 15 к.1, 15 к.2, 17, 9","address":"Пулковская ул. 11, 13, 15 к.1, 15 к.2, 17, 9","type":"Спортивная площадка","parent_id":"938187813","parent_name":"ДТ\\Пулковская ул. 11, 13, 15 к.1, 15 к.2, 17, 9","site_type":"Асфальтобетонное","improvement_year":"2025"},"geometry":{"type":"Point","coordinates":[37.484563,55.844952]}},{"type":"Feature","id":"sp-1325426496-1229","properties":{"category":"СП","layer":"sp","district":"Головинский","section":"Без участка","name":"ДТ\\Кронштадтский бульвар дом 27, корпус 1","address":"Кронштадтский бульвар дом 27, корпус 1","type":"Спортивная площадка","parent_id":"1325426496","parent_name":"ДТ\\Кронштадтский бульвар дом 27, корпус 1","site_type":"Резиновая крошка","improvement_year":"2023"},"geometry":{"type":"Point","coordinates":[37.496539,55.843469]}},{"type":"Feature","id":"sp-988406296-1237","properties":{"category":"СП","layer":"sp","district":"Дмитровский","section":"Без участка","name":"ДТ\\Коровинское шоссе 20 к.1","address":"Коровинское шоссе 20 к.1","type":"Спортивная площадка","parent_id":"988406296","parent_name":"ДТ\\Коровинское шоссе 20 к.1","site_type":"Резиновая крошка","improvement_year":"2026"},"geometry":{"type":"Point","coordinates":[37.523268,55.879682]}},{"type":"Feature","id":"sp-907426298-1243","properties":{"category":"СП","layer":"sp","district":"Дмитровский","section":"Без участка","name":"ДТ\\Софьи Ковалевской ул. 2 к.2","address":"Софьи Ковалевской ул. 2 к.2","type":"Спортивная площадка","parent_id":"907426298","parent_name":"ДТ\\Софьи Ковалевской ул. 2 к.2","site_type":"Резиновая крошка","improvement_year":"2019"},"geometry":{"type":"Point","coordinates":[37.535127,55.877132]}},{"type":"Feature","id":"sp-907441802-1245","properties":{"category":"СП","layer":"sp","district":"Дмитровский","section":"Без участка","name":"ДТ\\Софьи Ковалевской ул. 2 к.4","address":"Софьи Ковалевской ул. 2 к.4","type":"Спортивная площадка","parent_id":"907441802","parent_name":"ДТ\\Софьи Ковалевской ул. 2 к.4","site_type":"Резиновая крошка","improvement_year":"2019"},"geometry":{"type":"Point","coordinates":[37.535981,55.878424]}},{"type":"Feature","id":"sp-907441806-1246","properties":{"category":"СП","layer":"sp","district":"Дмитровский","section":"Без участка","name":"ДТ\\Софьи Ковалевской ул. 2 к.4","address":"Софьи Ковалевской ул. 2 к.4","type":"Спортивная площадка","parent_id":"907441806","parent_name":"ДТ\\Софьи Ковалевской ул. 2 к.4","site_type":"Резиновая крошка","improvement_year":"2019"},"geometry":{"type":"Point","coordinates":[37.535792,55.878452]}},{"type":"Feature","id":"sp-908485117-1252","properties":{"category":"СП","layer":"sp","district":"Дмитровский","section":"Без участка","name":"ДТ\\Яхромская ул. 3 к.2, 3 к.3, 3 к.4","address":"Яхромская ул. 3 к.2, 3 к.3, 3 к.4","type":"Спортивная площадка","parent_id":"908485117","parent_name":"ДТ\\Яхромская ул. 3 к.2, 3 к.3, 3 к.4","site_type":"Резиновая крошка","improvement_year":"2021"},"geometry":{"type":"Point","coordinates":[37.537023,55.883563]}},{"type":"Feature","id":"sp-908485141-1254","properties":{"category":"СП","layer":"sp","district":"Дмитровский","section":"Без участка","name":"ДТ\\Яхромская ул. 3 к.2, 3 к.3, 3 к.4","address":"Яхромская ул. 3 к.2, 3 к.3, 3 к.4","type":"Спортивная площадка","parent_id":"908485141","parent_name":"ДТ\\Яхромская ул. 3 к.2, 3 к.3, 3 к.4","site_type":"Резиновая крошка","improvement_year":"2021"},"geometry":{"type":"Point","coordinates":[37.536819,55.883504]}},{"type":"Feature","id":"sp-942988703-1255","properties":{"category":"СП","layer":"sp","district":"Дмитровский","section":"Без участка","name":"ДТ\\Вагоноремонтная ул. 13","address":"Вагоноремонтная ул. 13","type":"Спортивная площадка","parent_id":"942988703","parent_name":"ДТ\\Вагоноремонтная ул. 13","site_type":"Резиновая крошка","improvement_year":"2013"},"geometry":{"type":"Point","coordinates":[37.532498,55.897745]}},{"type":"Feature","id":"sp-1047646327-1258","properties":{"category":"СП","layer":"sp","district":"Дмитровский","section":"Без участка","name":"ДТ\\Ангарская ул. 39","address":"Ангарская ул. 39","type":"Спортивная площадка","parent_id":"1047646327","parent_name":"ДТ\\Ангарская ул. 39","site_type":"Резиновая крошка","improvement_year":"2026"},"geometry":{"type":"Point","coordinates":[37.524125,55.879739]}},{"type":"Feature","id":"sp-907386402-1263","properties":{"category":"СП","layer":"sp","district":"Дмитровский","section":"Без участка","name":"ДТ\\Ангарская ул. 45 к.6, 49 к.4","address":"Ангарская ул. 45 к.6, 49 к.4","type":"Спортивная площадка","parent_id":"907386402","parent_name":"ДТ\\Ангарская ул. 45 к.6, 49 к.4","site_type":"Асфальтобетонное","improvement_year":"2025"},"geometry":{"type":"Point","coordinates":[37.52464,55.882851]}},{"type":"Feature","id":"sp-973797041-1267","properties":{"category":"СП","layer":"sp","district":"Дмитровский","section":"Без участка","name":"ДТ\\Ангарская ул. 67 к.2","address":"Ангарская ул. 67 к.2","type":"Спортивная площадка","parent_id":"973797041","parent_name":"ДТ\\Ангарская ул. 67 к.2","site_type":"Резиновая крошка","improvement_year":"2019"},"geometry":{"type":"Point","coordinates":[37.527461,55.885095]}},{"type":"Feature","id":"sp-1070551167-1269","properties":{"category":"СП","layer":"sp","district":"Дмитровский","section":"Без участка","name":"ДТ\\Карельский бульв. 5","address":"Карельский бульв. 5","type":"Спортивная площадка","parent_id":"1070551167","parent_name":"ДТ\\Карельский бульв. 5","site_type":"Резиновая крошка","improvement_year":"2021"},"geometry":{"type":"Point","coordinates":[37.531952,55.892856]}},{"type":"Feature","id":"sp-913457992-1272","properties":{"category":"СП","layer":"sp","district":"Дмитровский","section":"Без участка","name":"ДТ\\Дмитровское шоссе 113 к.1","address":"Дмитровское шоссе 113 к.1","type":"Спортивная площадка","parent_id":"913457992","parent_name":"ДТ\\Дмитровское шоссе 113 к.1","site_type":"Резиновая крошка","improvement_year":"2012"},"geometry":{"type":"Point","coordinates":[37.540623,55.883475]}},{"type":"Feature","id":"sp-913458000-1273","properties":{"category":"СП","layer":"sp","district":"Дмитровский","section":"Без участка","name":"ДТ\\Дмитровское шоссе 113 к.1","address":"Дмитровское шоссе 113 к.1","type":"Спортивная площадка","parent_id":"913458000","parent_name":"ДТ\\Дмитровское шоссе 113 к.1","site_type":"Резиновая крошка","improvement_year":"2012"},"geometry":{"type":"Point","coordinates":[37.540583,55.883877]}},{"type":"Feature","id":"sp-913457998-1274","properties":{"category":"СП","layer":"sp","district":"Дмитровский","section":"Без участка","name":"ДТ\\Дмитровское шоссе 113 к.1","address":"Дмитровское шоссе 113 к.1","type":"Спортивная площадка","parent_id":"913457998","parent_name":"ДТ\\Дмитровское шоссе 113 к.1","site_type":"Резиновая крошка","improvement_year":"2012"},"geometry":{"type":"Point","coordinates":[37.540594,55.883757]}},{"type":"Feature","id":"sp-913457990-1275","properties":{"category":"СП","layer":"sp","district":"Дмитровский","section":"Без участка","name":"ДТ\\Дмитровское шоссе 113 к.1","address":"Дмитровское шоссе 113 к.1","type":"Спортивная площадка","parent_id":"913457990","parent_name":"ДТ\\Дмитровское шоссе 113 к.1","site_type":"Резиновая крошка","improvement_year":"2012"},"geometry":{"type":"Point","coordinates":[37.540815,55.88315]}},{"type":"Feature","id":"sp-908202868-1280","properties":{"category":"СП","layer":"sp","district":"Дмитровский","section":"Без участка","name":"ДТ\\Дмитровское шоссе 117 к.1, 119 к.1, 121 к.1; Яхромская ул. 8","address":"Дмитровское шоссе 117 к.1, 119 к.1, 121 к.1; Яхромская ул. 8","type":"Спортивная площадка","parent_id":"908202868","parent_name":"ДТ\\Дмитровское шоссе 117 к.1, 119 к.1, 121 к.1; Яхромская ул. 8","site_type":"Резиновая крошка","improvement_year":"2018"},"geometry":{"type":"Point","coordinates":[37.540097,55.884647]}},{"type":"Feature","id":"sp-908202874-1281","properties":{"category":"СП","layer":"sp","district":"Дмитровский","section":"Без участка","name":"ДТ\\Дмитровское шоссе 117 к.1, 119 к.1, 121 к.1; Яхромская ул. 8","address":"Дмитровское шоссе 117 к.1, 119 к.1, 121 к.1; Яхромская ул. 8","type":"Спортивная площадка","parent_id":"908202874","parent_name":"ДТ\\Дмитровское шоссе 117 к.1, 119 к.1, 121 к.1; Яхромская ул. 8","site_type":"Асфальтобетонное","improvement_year":"2018"},"geometry":{"type":"Point","coordinates":[37.540609,55.884636]}},{"type":"Feature","id":"sp-908202862-1282","properties":{"category":"СП","layer":"sp","district":"Дмитровский","section":"Без участка","name":"ДТ\\Дмитровское шоссе 117 к.1, 119 к.1, 121 к.1; Яхромская ул. 8","address":"Дмитровское шоссе 117 к.1, 119 к.1, 121 к.1; Яхромская ул. 8","type":"Спортивная площадка","parent_id":"908202862","parent_name":"ДТ\\Дмитровское шоссе 117 к.1, 119 к.1, 121 к.1; Яхромская ул. 8","site_type":"Резиновая крошка","improvement_year":"2018"},"geometry":{"type":"Point","coordinates":[37.539652,55.884628]}},{"type":"Feature","id":"sp-1044786874-1284","properties":{"category":"СП","layer":"sp","district":"Дмитровский","section":"Без участка","name":"ДТ\\Лобненская ул. 6А","address":"Лобненская ул. 6А","type":"Спортивная площадка","parent_id":"1044786874","parent_name":"ДТ\\Лобненская ул. 6А","site_type":"Резиновая крошка","improvement_year":"2017"},"geometry":{"type":"Point","coordinates":[37.537665,55.891606]}},{"type":"Feature","id":"sp-1044820670-1287","properties":{"category":"СП","layer":"sp","district":"Дмитровский","section":"Без участка","name":"ДТ\\Лобненская ул. 12 к.1","address":"Лобненская ул. 12 к.1","type":"Спортивная площадка","parent_id":"1044820670","parent_name":"ДТ\\Лобненская ул. 12 к.1","site_type":"Резиновая крошка","improvement_year":"2025"},"geometry":{"type":"Point","coordinates":[37.52713,55.892691]}},{"type":"Feature","id":"sp-1044820676-1289","properties":{"category":"СП","layer":"sp","district":"Дмитровский","section":"Без участка","name":"ДТ\\Лобненская ул. 12 к.1","address":"Лобненская ул. 12 к.1","type":"Спортивная площадка","parent_id":"1044820676","parent_name":"ДТ\\Лобненская ул. 12 к.1","site_type":"Резиновая крошка","improvement_year":"2025"},"geometry":{"type":"Point","coordinates":[37.527985,55.891965]}},{"type":"Feature","id":"sp-1044820682-1291","properties":{"category":"СП","layer":"sp","district":"Дмитровский","section":"Без участка","name":"ДТ\\Лобненская ул. 12 к.1","address":"Лобненская ул. 12 к.1","type":"Спортивная площадка","parent_id":"1044820682","parent_name":"ДТ\\Лобненская ул. 12 к.1","site_type":"Резиновая крошка","improvement_year":"2025"},"geometry":{"type":"Point","coordinates":[37.527599,55.892216]}},{"type":"Feature","id":"sp-973793698-1294","properties":{"category":"СП","layer":"sp","district":"Дмитровский","section":"Без участка","name":"ДТ\\Клязьминская ул. 11 к.2","address":"Клязьминская ул. 11 к.2","type":"Спортивная площадка","parent_id":"973793698","parent_name":"ДТ\\Клязьминская ул. 11 к.2","site_type":"Резиновая крошка","improvement_year":"2014"},"geometry":{"type":"Point","coordinates":[37.523343,55.887395]}},{"type":"Feature","id":"sp-1032188677-1310","properties":{"category":"СП","layer":"sp","district":"Дмитровский","section":"Без участка","name":"ДТ\\Дмитровское шоссе 127 к.1","address":"Дмитровское шоссе 127 к.1","type":"Спортивная площадка","parent_id":"1032188677","parent_name":"ДТ\\Дмитровское шоссе 127 к.1","site_type":"Резиновая крошка","improvement_year":"2023"},"geometry":{"type":"Point","coordinates":[37.540835,55.887283]}},{"type":"Feature","id":"sp-938491558-1313","properties":{"category":"СП","layer":"sp","district":"Дмитровский","section":"Без участка","name":"ДТ\\Восьмисотлетия Москвы ул. 2 к.1, 2 к.2","address":"Восьмисотлетия Москвы ул. 2 к.1, 2 к.2","type":"Спортивная площадка","parent_id":"938491558","parent_name":"ДТ\\Восьмисотлетия Москвы ул. 2 к.1, 2 к.2","site_type":"Асфальтобетонное","improvement_year":"2024"},"geometry":{"type":"Point","coordinates":[37.532209,55.87515]}},{"type":"Feature","id":"sp-913463797-1316","properties":{"category":"СП","layer":"sp","district":"Дмитровский","section":"Без участка","name":"ДТ\\Яхромская ул. 1А","address":"Яхромская ул. 1А","type":"Спортивная площадка","parent_id":"913463797","parent_name":"ДТ\\Яхромская ул. 1А","site_type":"Резиновая крошка","improvement_year":"2019"},"geometry":{"type":"Point","coordinates":[37.537137,55.882145]}},{"type":"Feature","id":"sp-1020264068-1320","properties":{"category":"СП","layer":"sp","district":"Дмитровский","section":"Без участка","name":"ДТ\\Коровинское шоссе 20 к.2","address":"Коровинское шоссе 20 к.2","type":"Спортивная площадка","parent_id":"1020264068","parent_name":"ДТ\\Коровинское шоссе 20 к.2","site_type":"Асфальтобетонное","improvement_year":"2026"},"geometry":{"type":"Point","coordinates":[37.523549,55.879981]}},{"type":"Feature","id":"sp-956277539-1321","properties":{"category":"СП","layer":"sp","district":"Дмитровский","section":"Без участка","name":"ДТ\\Ангарская ул. 57 к.4","address":"Ангарская ул. 57 к.4","type":"Спортивная площадка","parent_id":"956277539","parent_name":"ДТ\\Ангарская ул. 57 к.4","site_type":"Резиновая крошка","improvement_year":"2018"},"geometry":{"type":"Point","coordinates":[37.527396,55.883916]}},{"type":"Feature","id":"sp-944921536-1332","properties":{"category":"СП","layer":"sp","district":"Дмитровский","section":"Без участка","name":"ДТ\\Вагоноремонтная ул. 17","address":"Вагоноремонтная ул. 17","type":"Спортивная площадка","parent_id":"944921536","parent_name":"ДТ\\Вагоноремонтная ул. 17","site_type":"Резиновая крошка","improvement_year":"2013"},"geometry":{"type":"Point","coordinates":[37.532459,55.897475]}},{"type":"Feature","id":"sp-920896911-1336","properties":{"category":"СП","layer":"sp","district":"Дмитровский","section":"Без участка","name":"ДТ\\Клязьминская ул. 29 к.1; Лобненская ул. 12 к.4","address":"Клязьминская ул. 29 к.1; Лобненская ул. 12 к.4","type":"Спортивная площадка","parent_id":"920896911","parent_name":"ДТ\\Клязьминская ул. 29 к.1; Лобненская ул. 12 к.4","site_type":"Резиновая крошка","improvement_year":"2025"},"geometry":{"type":"Point","coordinates":[37.527971,55.894677]}},{"type":"Feature","id":"sp-920896927-1339","properties":{"category":"СП","layer":"sp","district":"Дмитровский","section":"Без участка","name":"ДТ\\Клязьминская ул. 29 к.1; Лобненская ул. 12 к.4","address":"Клязьминская ул. 29 к.1; Лобненская ул. 12 к.4","type":"Спортивная площадка","parent_id":"920896927","parent_name":"ДТ\\Клязьминская ул. 29 к.1; Лобненская ул. 12 к.4","site_type":"Резиновая крошка","improvement_year":"2025"},"geometry":{"type":"Point","coordinates":[37.526777,55.895284]}},{"type":"Feature","id":"sp-920325598-1342","properties":{"category":"СП","layer":"sp","district":"Дмитровский","section":"Без участка","name":"ДТ\\Лобненская ул. 15 к.1, 15 к.2","address":"Лобненская ул. 15 к.1, 15 к.2","type":"Спортивная площадка","parent_id":"920325598","parent_name":"ДТ\\Лобненская ул. 15 к.1, 15 к.2","site_type":"Резиновая крошка","improvement_year":"2026"},"geometry":{"type":"Point","coordinates":[37.526548,55.890701]}},{"type":"Feature","id":"sp-920325590-1344","properties":{"category":"СП","layer":"sp","district":"Дмитровский","section":"Без участка","name":"ДТ\\Лобненская ул. 15 к.1, 15 к.2","address":"Лобненская ул. 15 к.1, 15 к.2","type":"Спортивная площадка","parent_id":"920325590","parent_name":"ДТ\\Лобненская ул. 15 к.1, 15 к.2","site_type":"Резиновая крошка","improvement_year":"2026"},"geometry":{"type":"Point","coordinates":[37.526145,55.890902]}},{"type":"Feature","id":"sp-1301256852-1350","properties":{"category":"СП","layer":"sp","district":"Дмитровский","section":"Без участка","name":"ДТ\\Клязьминская ул. 6 к.2","address":"Клязьминская ул. 6 к.2","type":"Спортивная площадка","parent_id":"1301256852","parent_name":"ДТ\\Клязьминская ул. 6 к.2","site_type":"Резиновая крошка","improvement_year":"2022"},"geometry":{"type":"Point","coordinates":[37.52097,55.883632]}},{"type":"Feature","id":"sp-920246611-1356","properties":{"category":"СП","layer":"sp","district":"Дмитровский","section":"Без участка","name":"ДТ\\Софьи Ковалевской ул. 4 к.2, 4 к.3","address":"Софьи Ковалевской ул. 4 к.2, 4 к.3","type":"Спортивная площадка","parent_id":"920246611","parent_name":"ДТ\\Софьи Ковалевской ул. 4 к.2, 4 к.3","site_type":"Резиновая крошка","improvement_year":"2014"},"geometry":{"type":"Point","coordinates":[37.534402,55.879682]}},{"type":"Feature","id":"sp-1306561586-1359","properties":{"category":"СП","layer":"sp","district":"Дмитровский","section":"Без участка","name":"ДТ\\Коровинское шоссе 14 к.1","address":"Коровинское шоссе 14 к.1","type":"Спортивная площадка","parent_id":"1306561586","parent_name":"ДТ\\Коровинское шоссе 14 к.1","site_type":"Резиновая крошка","improvement_year":"2024"},"geometry":{"type":"Point","coordinates":[37.529919,55.873759]}},{"type":"Feature","id":"sp-1308802890-1362","properties":{"category":"СП","layer":"sp","district":"Дмитровский","section":"Без участка","name":"ДТ\\Дмитровское шоссе 107А к.1, 107А к.2, 107А к.3, 107А к.4, 107А к.5, 107Б","address":"Дмитровское шоссе 107А к.1, 107А к.2, 107А к.3, 107А к.4, 107А к.5, 107Б","type":"Спортивная площадка","parent_id":"1308802890","parent_name":"ДТ\\Дмитровское шоссе 107А к.1, 107А к.2, 107А к.3, 107А к.4, 107А к.5, 107Б","site_type":"Резиновая крошка","improvement_year":"2020"},"geometry":{"type":"Point","coordinates":[37.538163,55.878839]}},{"type":"Feature","id":"sp-1308802911-1365","properties":{"category":"СП","layer":"sp","district":"Дмитровский","section":"Без участка","name":"ДТ\\Дмитровское шоссе 107А к.1, 107А к.2, 107А к.3, 107А к.4, 107А к.5, 107Б","address":"Дмитровское шоссе 107А к.1, 107А к.2, 107А к.3, 107А к.4, 107А к.5, 107Б","type":"Спортивная площадка","parent_id":"1308802911","parent_name":"ДТ\\Дмитровское шоссе 107А к.1, 107А к.2, 107А к.3, 107А к.4, 107А к.5, 107Б","site_type":"Резиновая крошка","improvement_year":"2020"},"geometry":{"type":"Point","coordinates":[37.537993,55.878792]}},{"type":"Feature","id":"sp-908352164-1370","properties":{"category":"СП","layer":"sp","district":"Дмитровский","section":"Без участка","name":"ДТ\\Яхромская ул. 1 к.2","address":"Яхромская ул. 1 к.2","type":"Спортивная площадка","parent_id":"908352164","parent_name":"ДТ\\Яхромская ул. 1 к.2","site_type":"Резиновая крошка","improvement_year":"2019"},"geometry":{"type":"Point","coordinates":[37.537884,55.882667]}},{"type":"Feature","id":"sp-1320703623-1375","properties":{"category":"СП","layer":"sp","district":"Дмитровский","section":"Без участка","name":"ДТ\\Ангарская ул. 51 к.2","address":"Ангарская ул. 51 к.2","type":"Спортивная площадка","parent_id":"1320703623","parent_name":"ДТ\\Ангарская ул. 51 к.2","site_type":"Резиновая крошка","improvement_year":"2025"},"geometry":{"type":"Point","coordinates":[37.527201,55.881534]}},{"type":"Feature","id":"sp-1045468109-1386","properties":{"category":"СП","layer":"sp","district":"Дмитровский","section":"Без участка","name":"ДТ\\Долгопрудная ул. 11","address":"Долгопрудная ул. 11","type":"Спортивная площадка","parent_id":"1045468109","parent_name":"ДТ\\Долгопрудная ул. 11","site_type":"Асфальтобетонное","improvement_year":"2026"},"geometry":{"type":"Point","coordinates":[37.53753,55.892571]}},{"type":"Feature","id":"sp-933144365-1388","properties":{"category":"СП","layer":"sp","district":"Дмитровский","section":"Без участка","name":"ДТ\\Клязьминская ул. 8Б","address":"Клязьминская ул. 8Б","type":"Спортивная площадка","parent_id":"933144365","parent_name":"ДТ\\Клязьминская ул. 8Б","site_type":"Резиновая крошка","improvement_year":"2010"},"geometry":{"type":"Point","coordinates":[37.522933,55.884944]}},{"type":"Feature","id":"sp-913468701-1395","properties":{"category":"СП","layer":"sp","district":"Дмитровский","section":"Без участка","name":"ДТ\\Дмитровское шоссе 129 к.2","address":"Дмитровское шоссе 129 к.2","type":"Спортивная площадка","parent_id":"913468701","parent_name":"ДТ\\Дмитровское шоссе 129 к.2","site_type":"Резиновая крошка","improvement_year":"2014"},"geometry":{"type":"Point","coordinates":[37.540291,55.887956]}},{"type":"Feature","id":"sp-913468711-1396","properties":{"category":"СП","layer":"sp","district":"Дмитровский","section":"Без участка","name":"ДТ\\Дмитровское шоссе 129 к.2","address":"Дмитровское шоссе 129 к.2","type":"Спортивная площадка","parent_id":"913468711","parent_name":"ДТ\\Дмитровское шоссе 129 к.2","site_type":"Резиновая крошка","improvement_year":"2014"},"geometry":{"type":"Point","coordinates":[37.540291,55.887813]}},{"type":"Feature","id":"sp-1195406105-1397","properties":{"category":"СП","layer":"sp","district":"Дмитровский","section":"Без участка","name":"ДТ\\Клязьминская ул. 4","address":"Клязьминская ул. 4","type":"Спортивная площадка","parent_id":"1195406105","parent_name":"ДТ\\Клязьминская ул. 4","site_type":"Резиновая крошка","improvement_year":"2017"},"geometry":{"type":"Point","coordinates":[37.520781,55.883554]}},{"type":"Feature","id":"sp-1033568981-1398","properties":{"category":"СП","layer":"sp","district":"Дмитровский","section":"Без участка","name":"ДТ\\Клязьминская ул. 28А","address":"Клязьминская ул. 28А","type":"Спортивная площадка","parent_id":"1033568981","parent_name":"ДТ\\Клязьминская ул. 28А","site_type":"Резиновая крошка","improvement_year":"2022"},"geometry":{"type":"Point","coordinates":[37.530439,55.893111]}},{"type":"Feature","id":"sp-893800910-1402","properties":{"category":"СП","layer":"sp","district":"Дмитровский","section":"Без участка","name":"ДТ\\Дмитровское шоссе 155 к.3","address":"Дмитровское шоссе 155 к.3","type":"Спортивная площадка","parent_id":"893800910","parent_name":"ДТ\\Дмитровское шоссе 155 к.3","site_type":"Резиновая крошка","improvement_year":"2019"},"geometry":{"type":"Point","coordinates":[37.541481,55.897644]}},{"type":"Feature","id":"sp-1181287356-1415","properties":{"category":"СП","layer":"sp","district":"Дмитровский","section":"Без участка","name":"ДТ\\Клязьминская ул. 5 к.1","address":"Клязьминская ул. 5 к.1","type":"Спортивная площадка","parent_id":"1181287356","parent_name":"ДТ\\Клязьминская ул. 5 к.1","site_type":"Резиновая крошка","improvement_year":"2018"},"geometry":{"type":"Point","coordinates":[37.519224,55.887156]}},{"type":"Feature","id":"sp-944403989-1416","properties":{"category":"СП","layer":"sp","district":"Дмитровский","section":"Без участка","name":"ДТ\\Клязьминская ул. 28","address":"Клязьминская ул. 28","type":"Спортивная площадка","parent_id":"944403989","parent_name":"ДТ\\Клязьминская ул. 28","site_type":"Резиновая крошка","improvement_year":"2010"},"geometry":{"type":"Point","coordinates":[37.530361,55.89339]}},{"type":"Feature","id":"sp-1303603590-1417","properties":{"category":"СП","layer":"sp","district":"Дмитровский","section":"Без участка","name":"ДТ\\Клязьминская ул. 28","address":"Клязьминская ул. 28","type":"Спортивная площадка","parent_id":"1303603590","parent_name":"ДТ\\Клязьминская ул. 28","site_type":"Резиновая крошка","improvement_year":"2010"},"geometry":{"type":"Point","coordinates":[37.530361,55.89339]}},{"type":"Feature","id":"sp-1322704743-1418","properties":{"category":"СП","layer":"sp","district":"Дмитровский","section":"Без участка","name":"ДТ\\Долгопрудная улица дом 5","address":"Долгопрудная улица дом 5","type":"Спортивная площадка","parent_id":"1322704743","parent_name":"ДТ\\Долгопрудная улица дом 5","site_type":"Резиновая крошка","improvement_year":"2010"},"geometry":{"type":"Point","coordinates":[37.540766,55.893316]}},{"type":"Feature","id":"sp-1179405247-1422","properties":{"category":"СП","layer":"sp","district":"Западное Дегунино","section":"Без участка","name":"ДТ\\Весенняя ул. 8","address":"Весенняя ул. 8","type":"Спортивная площадка","parent_id":"1179405247","parent_name":"ДТ\\Весенняя ул. 8","site_type":"Асфальтобетонное","improvement_year":"2024"},"geometry":{"type":"Point","coordinates":[37.517514,55.873247]}},{"type":"Feature","id":"sp-911623288-1433","properties":{"category":"СП","layer":"sp","district":"Западное Дегунино","section":"Без участка","name":"ДТ\\Федоренко Маршала ул. 4 к.1","address":"Федоренко Маршала ул. 4 к.1","type":"Спортивная площадка","parent_id":"911623288","parent_name":"ДТ\\Федоренко Маршала ул. 4 к.1","site_type":"Резиновая крошка","improvement_year":"2022"},"geometry":{"type":"Point","coordinates":[37.495173,55.879895]}},{"type":"Feature","id":"sp-1116227228-1449","properties":{"category":"СП","layer":"sp","district":"Западное Дегунино","section":"Без участка","name":"ДТ\\Базовская ул. 12; Новая ул. 9","address":"Базовская ул. 12; Новая ул. 9","type":"Спортивная площадка","parent_id":"1116227228","parent_name":"ДТ\\Базовская ул. 12; Новая ул. 9","site_type":"Резиновая крошка","improvement_year":"2019"},"geometry":{"type":"Point","coordinates":[37.511255,55.876535]}},{"type":"Feature","id":"sp-1116227228-1452","properties":{"category":"СП","layer":"sp","district":"Западное Дегунино","section":"Без участка","name":"ДТ\\Базовская ул. 12; Новая ул. 9","address":"Базовская ул. 12; Новая ул. 9","type":"Спортивная площадка","parent_id":"1116227228","parent_name":"ДТ\\Базовская ул. 12; Новая ул. 9","site_type":"Резиновая крошка","improvement_year":"2019"},"geometry":{"type":"Point","coordinates":[37.511632,55.8769]}},{"type":"Feature","id":"sp-1273589331-1455","properties":{"category":"СП","layer":"sp","district":"Западное Дегунино","section":"Без участка","name":"ДТ\\Базовская ул. 14","address":"Базовская ул. 14","type":"Спортивная площадка","parent_id":"1273589331","parent_name":"ДТ\\Базовская ул. 14","site_type":"Резиновая крошка","improvement_year":"2017"},"geometry":{"type":"Point","coordinates":[37.511632,55.8769]}},{"type":"Feature","id":"sp-1128703170-1466","properties":{"category":"СП","layer":"sp","district":"Западное Дегунино","section":"Без участка","name":"ДТ\\Федоренко Маршала ул. 10 к.1","address":"Федоренко Маршала ул. 10 к.1","type":"Спортивная площадка","parent_id":"1128703170","parent_name":"ДТ\\Федоренко Маршала ул. 10 к.1","site_type":"Резиновая крошка","improvement_year":"2025"},"geometry":{"type":"Point","coordinates":[37.491186,55.881472]}},{"type":"Feature","id":"sp-1265564708-1473","properties":{"category":"СП","layer":"sp","district":"Западное Дегунино","section":"Без участка","name":"ДТ\\Ивана Сусанина ул. 8 к.1","address":"Ивана Сусанина ул. 8 к.1","type":"Спортивная площадка","parent_id":"1265564708","parent_name":"ДТ\\Ивана Сусанина ул. 8 к.1","site_type":"Резиновая крошка","improvement_year":"2018"},"geometry":{"type":"Point","coordinates":[37.528687,55.870469]}},{"type":"Feature","id":"sp-1266240939-1477","properties":{"category":"СП","layer":"sp","district":"Западное Дегунино","section":"Без участка","name":"ДТ\\Дегунинская ул. 5","address":"Дегунинская ул. 5","type":"Спортивная площадка","parent_id":"1266240939","parent_name":"ДТ\\Дегунинская ул. 5","site_type":"Резиновая крошка","improvement_year":"2021"},"geometry":{"type":"Point","coordinates":[37.536093,55.864342]}},{"type":"Feature","id":"sp-1268477208-1489","properties":{"category":"СП","layer":"sp","district":"Западное Дегунино","section":"Без участка","name":"ДТ\\Путейская ул. 2","address":"Путейская ул. 2","type":"Спортивная площадка","parent_id":"1268477208","parent_name":"ДТ\\Путейская ул. 2","site_type":"Резиновая крошка","improvement_year":"2022"},"geometry":{"type":"Point","coordinates":[37.514466,55.869548]}},{"type":"Feature","id":"sp-1268477219-1491","properties":{"category":"СП","layer":"sp","district":"Западное Дегунино","section":"Без участка","name":"ДТ\\Путейская ул. 2","address":"Путейская ул. 2","type":"Спортивная площадка","parent_id":"1268477219","parent_name":"ДТ\\Путейская ул. 2","site_type":"Резиновая крошка","improvement_year":"2022"},"geometry":{"type":"Point","coordinates":[37.51449,55.869888]}},{"type":"Feature","id":"sp-1268880383-1496","properties":{"category":"СП","layer":"sp","district":"Западное Дегунино","section":"Без участка","name":"ДТ\\Весенняя ул. 3 к.1, 5","address":"Весенняя ул. 3 к.1, 5","type":"Спортивная площадка","parent_id":"1268880383","parent_name":"ДТ\\Весенняя ул. 3 к.1, 5","site_type":"Резиновая крошка","improvement_year":"2019"},"geometry":{"type":"Point","coordinates":[37.514841,55.87228]}},{"type":"Feature","id":"sp-1268880399-1499","properties":{"category":"СП","layer":"sp","district":"Западное Дегунино","section":"Без участка","name":"ДТ\\Весенняя ул. 3 к.1, 5","address":"Весенняя ул. 3 к.1, 5","type":"Спортивная площадка","parent_id":"1268880399","parent_name":"ДТ\\Весенняя ул. 3 к.1, 5","site_type":"Резиновая крошка","improvement_year":"2019"},"geometry":{"type":"Point","coordinates":[37.515006,55.872382]}},{"type":"Feature","id":"sp-1268936219-1500","properties":{"category":"СП","layer":"sp","district":"Западное Дегунино","section":"Без участка","name":"ДТ\\Коровинское шоссе 15 к.2","address":"Коровинское шоссе 15 к.2","type":"Спортивная площадка","parent_id":"1268936219","parent_name":"ДТ\\Коровинское шоссе 15 к.2","site_type":"Резиновая крошка","improvement_year":"2018"},"geometry":{"type":"Point","coordinates":[37.530065,55.870406]}},{"type":"Feature","id":"sp-1268936233-1502","properties":{"category":"СП","layer":"sp","district":"Западное Дегунино","section":"Без участка","name":"ДТ\\Коровинское шоссе 15 к.2","address":"Коровинское шоссе 15 к.2","type":"Спортивная площадка","parent_id":"1268936233","parent_name":"ДТ\\Коровинское шоссе 15 к.2","site_type":"Резиновая крошка","improvement_year":"2025"},"geometry":{"type":"Point","coordinates":[37.53028,55.8703]}},{"type":"Feature","id":"sp-1268936237-1503","properties":{"category":"СП","layer":"sp","district":"Западное Дегунино","section":"Без участка","name":"ДТ\\Коровинское шоссе 15 к.2","address":"Коровинское шоссе 15 к.2","type":"Спортивная площадка","parent_id":"1268936237","parent_name":"ДТ\\Коровинское шоссе 15 к.2","site_type":"Резиновая крошка","improvement_year":"2018"},"geometry":{"type":"Point","coordinates":[37.532109,55.869848]}},{"type":"Feature","id":"sp-1269039794-1505","properties":{"category":"СП","layer":"sp","district":"Западное Дегунино","section":"Без участка","name":"ДТ\\Коровинское шоссе 7 к.3","address":"Коровинское шоссе 7 к.3","type":"Спортивная площадка","parent_id":"1269039794","parent_name":"ДТ\\Коровинское шоссе 7 к.3","site_type":"Резиновая крошка","improvement_year":"2018"},"geometry":{"type":"Point","coordinates":[37.538356,55.866785]}},{"type":"Feature","id":"sp-1269716129-1511","properties":{"category":"СП","layer":"sp","district":"Западное Дегунино","section":"Без участка","name":"ДТ\\Новая ул. 1","address":"Новая ул. 1","type":"Спортивная площадка","parent_id":"1269716129","parent_name":"ДТ\\Новая ул. 1","site_type":"Резиновая крошка","improvement_year":"2019"},"geometry":{"type":"Point","coordinates":[37.508582,55.873358]}},{"type":"Feature","id":"sp-1269716160-1513","properties":{"category":"СП","layer":"sp","district":"Западное Дегунино","section":"Без участка","name":"ДТ\\Новая ул. 1","address":"Новая ул. 1","type":"Спортивная площадка","parent_id":"1269716160","parent_name":"ДТ\\Новая ул. 1","site_type":"Резиновая крошка","improvement_year":"2019"},"geometry":{"type":"Point","coordinates":[37.508892,55.873576]}},{"type":"Feature","id":"sp-1271401327-1519","properties":{"category":"СП","layer":"sp","district":"Западное Дегунино","section":"Без участка","name":"ДТ\\Федоренко Маршала ул. 4 к.2","address":"Федоренко Маршала ул. 4 к.2","type":"Спортивная площадка","parent_id":"1271401327","parent_name":"ДТ\\Федоренко Маршала ул. 4 к.2","site_type":"Резиновая крошка","improvement_year":"2018"},"geometry":{"type":"Point","coordinates":[37.49377,55.880693]}},{"type":"Feature","id":"sp-1271404804-1524","properties":{"category":"СП","layer":"sp","district":"Западное Дегунино","section":"Без участка","name":"ДТ\\Талдомская ул. 17 к.2","address":"Талдомская ул. 17 к.2","type":"Спортивная площадка","parent_id":"1271404804","parent_name":"ДТ\\Талдомская ул. 17 к.2","site_type":"Резиновая крошка","improvement_year":"2023"},"geometry":{"type":"Point","coordinates":[37.521974,55.874327]}},{"type":"Feature","id":"sp-1271591784-1527","properties":{"category":"СП","layer":"sp","district":"Западное Дегунино","section":"Без участка","name":"ДТ\\Дегунинская ул. 3","address":"Дегунинская ул. 3","type":"Спортивная площадка","parent_id":"1271591784","parent_name":"ДТ\\Дегунинская ул. 3","site_type":"Резиновая крошка","improvement_year":"2021"},"geometry":{"type":"Point","coordinates":[37.536402,55.86405]}},{"type":"Feature","id":"sp-1271878138-1531","properties":{"category":"СП","layer":"sp","district":"Западное Дегунино","section":"Без участка","name":"ДТ\\Талдомская ул. 17 к.1","address":"Талдомская ул. 17 к.1","type":"Спортивная площадка","parent_id":"1271878138","parent_name":"ДТ\\Талдомская ул. 17 к.1","site_type":"Резиновая крошка","improvement_year":"2023"},"geometry":{"type":"Point","coordinates":[37.522096,55.874156]}},{"type":"Feature","id":"sp-1272020483-1535","properties":{"category":"СП","layer":"sp","district":"Западное Дегунино","section":"Без участка","name":"ДТ\\Дегунинская ул. 13 к.1, 13 к.2","address":"Дегунинская ул. 13 к.1, 13 к.2","type":"Спортивная площадка","parent_id":"1272020483","parent_name":"ДТ\\Дегунинская ул. 13 к.1, 13 к.2","site_type":"резиновая крошка","improvement_year":"2019"},"geometry":{"type":"Point","coordinates":[37.532157,55.865199]}},{"type":"Feature","id":"sp-1272020487-1537","properties":{"category":"СП","layer":"sp","district":"Западное Дегунино","section":"Без участка","name":"ДТ\\Дегунинская ул. 13 к.1, 13 к.2","address":"Дегунинская ул. 13 к.1, 13 к.2","type":"Спортивная площадка","parent_id":"1272020487","parent_name":"ДТ\\Дегунинская ул. 13 к.1, 13 к.2","site_type":"резиновая крошка","improvement_year":"2021"},"geometry":{"type":"Point","coordinates":[37.531996,55.864615]}},{"type":"Feature","id":"sp-1272020497-1538","properties":{"category":"СП","layer":"sp","district":"Западное Дегунино","section":"Без участка","name":"ДТ\\Дегунинская ул. 13 к.1, 13 к.2","address":"Дегунинская ул. 13 к.1, 13 к.2","type":"Спортивная площадка","parent_id":"1272020497","parent_name":"ДТ\\Дегунинская ул. 13 к.1, 13 к.2","site_type":"Асфальтобетонное","improvement_year":"2021"},"geometry":{"type":"Point","coordinates":[37.531806,55.864321]}},{"type":"Feature","id":"sp-1272773788-1544","properties":{"category":"СП","layer":"sp","district":"Западное Дегунино","section":"Без участка","name":"ДТ\\Краснополянская ул. 6 к.1, 6 к.2","address":"Краснополянская ул. 6 к.1, 6 к.2","type":"Спортивная площадка","parent_id":"1272773788","parent_name":"ДТ\\Краснополянская ул. 6 к.1, 6 к.2","site_type":"Резиновая крошка","improvement_year":"2024"},"geometry":{"type":"Point","coordinates":[37.491746,55.885939]}},{"type":"Feature","id":"sp-1272773796-1545","properties":{"category":"СП","layer":"sp","district":"Западное Дегунино","section":"Без участка","name":"ДТ\\Краснополянская ул. 6 к.1, 6 к.2","address":"Краснополянская ул. 6 к.1, 6 к.2","type":"Спортивная площадка","parent_id":"1272773796","parent_name":"ДТ\\Краснополянская ул. 6 к.1, 6 к.2","site_type":"Резиновая крошка","improvement_year":"2024"},"geometry":{"type":"Point","coordinates":[37.49105,55.88472]}},{"type":"Feature","id":"sp-1273223309-1554","properties":{"category":"СП","layer":"sp","district":"Западное Дегунино","section":"Без участка","name":"ДТ\\Ангарская ул. 22 к.1, 22 к.2, 22 к.3, 22 к.4, 22 к.5","address":"Ангарская ул. 22 к.1, 22 к.2, 22 к.3, 22 к.4, 22 к.5","type":"Спортивная площадка","parent_id":"1273223309","parent_name":"ДТ\\Ангарская ул. 22 к.1, 22 к.2, 22 к.3, 22 к.4, 22 к.5","site_type":"Асфальтобетонное","improvement_year":"2018"},"geometry":{"type":"Point","coordinates":[37.519209,55.875428]}},{"type":"Feature","id":"sp-1273291958-1556","properties":{"category":"СП","layer":"sp","district":"Западное Дегунино","section":"Без участка","name":"ДТ\\Бусиновская Горка ул. 11 к.1, 11 к.2, 11 к.3","address":"Бусиновская Горка ул. 11 к.1, 11 к.2, 11 к.3","type":"Спортивная площадка","parent_id":"1273291958","parent_name":"ДТ\\Бусиновская Горка ул. 11 к.1, 11 к.2, 11 к.3","site_type":"Резиновая крошка","improvement_year":"2024"},"geometry":{"type":"Point","coordinates":[37.491593,55.884252]}},{"type":"Feature","id":"sp-1274183764-1560","properties":{"category":"СП","layer":"sp","district":"Западное Дегунино","section":"Без участка","name":"ДТ\\Ангарская ул. 6","address":"Ангарская ул. 6","type":"Спортивная площадка","parent_id":"1274183764","parent_name":"ДТ\\Ангарская ул. 6","site_type":"Резиновая крошка","improvement_year":"2024"},"geometry":{"type":"Point","coordinates":[37.513212,55.871473]}},{"type":"Feature","id":"sp-1127954149-1563","properties":{"category":"СП","layer":"sp","district":"Западное Дегунино","section":"Без участка","name":"ДТ\\Базовская ул. 17","address":"Базовская ул. 17","type":"Спортивная площадка","parent_id":"1127954149","parent_name":"ДТ\\Базовская ул. 17","site_type":"Резиновая крошка","improvement_year":"2021"},"geometry":{"type":"Point","coordinates":[37.511702,55.880653]}},{"type":"Feature","id":"sp-1275195900-1570","properties":{"category":"СП","layer":"sp","district":"Западное Дегунино","section":"Без участка","name":"ДТ\\Весенняя ул. 4; Талдомская ул. 11 к.1, 11 к.2, 11 к.3","address":"Весенняя ул. 4; Талдомская ул. 11 к.1, 11 к.2, 11 к.3","type":"Спортивная площадка","parent_id":"1275195900","parent_name":"ДТ\\Весенняя ул. 4; Талдомская ул. 11 к.1, 11 к.2, 11 к.3","site_type":"Резиновая крошка","improvement_year":"2019"},"geometry":{"type":"Point","coordinates":[37.518915,55.872864]}},{"type":"Feature","id":"sp-1269716153-1574","properties":{"category":"СП","layer":"sp","district":"Западное Дегунино","section":"Без участка","name":"ДТ\\Новая ул. 1","address":"Новая ул. 1","type":"Спортивная площадка","parent_id":"1269716153","parent_name":"ДТ\\Новая ул. 1","site_type":"Асфальтобетонное","improvement_year":"2019"},"geometry":{"type":"Point","coordinates":[37.508849,55.873596]}},{"type":"Feature","id":"sp-1280852642-1575","properties":{"category":"СП","layer":"sp","district":"Западное Дегунино","section":"Без участка","name":"ДТ\\Ангарская ул. 20 к.1","address":"Ангарская ул. 20 к.1","type":"Спортивная площадка","parent_id":"1280852642","parent_name":"ДТ\\Ангарская ул. 20 к.1","site_type":"Резиновая крошка","improvement_year":"2014"},"geometry":{"type":"Point","coordinates":[37.516562,55.87454]}},{"type":"Feature","id":"sp-1274103305-1577","properties":{"category":"СП","layer":"sp","district":"Западное Дегунино","section":"Без участка","name":"ДТ\\Коровинское шоссе 11 к.1","address":"Коровинское шоссе 11 к.1","type":"Спортивная площадка","parent_id":"1274103305","parent_name":"ДТ\\Коровинское шоссе 11 к.1","site_type":"Асфальтобетонное","improvement_year":"2023"},"geometry":{"type":"Point","coordinates":[37.535841,55.86905]}},{"type":"Feature","id":"sp-1128703174-1578","properties":{"category":"СП","layer":"sp","district":"Западное Дегунино","section":"Без участка","name":"ДТ\\Федоренко Маршала ул. 10 к.1","address":"Федоренко Маршала ул. 10 к.1","type":"Спортивная площадка","parent_id":"1128703174","parent_name":"ДТ\\Федоренко Маршала ул. 10 к.1","site_type":"Асфальтобетонное","improvement_year":"2025"},"geometry":{"type":"Point","coordinates":[37.490659,55.88142]}},{"type":"Feature","id":"sp-1272014213-1579","properties":{"category":"СП","layer":"sp","district":"Западное Дегунино","section":"Без участка","name":"ДТ\\Ангарская ул. 26 к.3, 28 к.2; Коровинское шоссе 23 к.1, 25/30","address":"Ангарская ул. 26 к.3, 28 к.2; Коровинское шоссе 23 к.1, 25/30","type":"Спортивная площадка","parent_id":"1272014213","parent_name":"ДТ\\Ангарская ул. 26 к.3, 28 к.2; Коровинское шоссе 23 к.1, 25/30","site_type":"Резиновая крошка","improvement_year":"2022"},"geometry":{"type":"Point","coordinates":[37.522174,55.877282]}},{"type":"Feature","id":"sp-1273291800-1581","properties":{"category":"СП","layer":"sp","district":"Западное Дегунино","section":"Без участка","name":"ДТ\\Бусиновская Горка ул. 11 к.1, 11 к.2, 11 к.3","address":"Бусиновская Горка ул. 11 к.1, 11 к.2, 11 к.3","type":"Спортивная площадка","parent_id":"1273291800","parent_name":"ДТ\\Бусиновская Горка ул. 11 к.1, 11 к.2, 11 к.3","site_type":"Резиновая крошка","improvement_year":"2024"},"geometry":{"type":"Point","coordinates":[37.491297,55.884248]}},{"type":"Feature","id":"sp-1272783291-1583","properties":{"category":"СП","layer":"sp","district":"Западное Дегунино","section":"Без участка","name":"ДТ\\Весенняя ул. 14, 18","address":"Весенняя ул. 14, 18","type":"Спортивная площадка","parent_id":"1272783291","parent_name":"ДТ\\Весенняя ул. 14, 18","site_type":"Резиновая крошка","improvement_year":"2019"},"geometry":{"type":"Point","coordinates":[37.51301,55.874397]}},{"type":"Feature","id":"sp-1272783305-1584","properties":{"category":"СП","layer":"sp","district":"Западное Дегунино","section":"Без участка","name":"ДТ\\Весенняя ул. 14, 18","address":"Весенняя ул. 14, 18","type":"Спортивная площадка","parent_id":"1272783305","parent_name":"ДТ\\Весенняя ул. 14, 18","site_type":"Резиновая крошка","improvement_year":"2019"},"geometry":{"type":"Point","coordinates":[37.513128,55.874808]}},{"type":"Feature","id":"sp-1280655434-1587","properties":{"category":"СП","layer":"sp","district":"Западное Дегунино","section":"Без участка","name":"ДТ\\Ангарская ул. 17","address":"Ангарская ул. 17","type":"Спортивная площадка","parent_id":"1280655434","parent_name":"ДТ\\Ангарская ул. 17","site_type":"Резиновая крошка","improvement_year":"2023"},"geometry":{"type":"Point","coordinates":[37.516208,55.876495]}},{"type":"Feature","id":"sp-1323410844-1592","properties":{"category":"СП","layer":"sp","district":"Западное Дегунино","section":"Без участка","name":"ДТ\\Федоренко Маршала ул. 14 к.4","address":"Федоренко Маршала ул. 14 к.4","type":"Спортивная площадка","parent_id":"1323410844","parent_name":"ДТ\\Федоренко Маршала ул. 14 к.4","site_type":"Резиновая крошка","improvement_year":"2025"},"geometry":{"type":"Point","coordinates":[37.489039,55.88323]}},{"type":"Feature","id":"sp-1323753688-1594","properties":{"category":"СП","layer":"sp","district":"Западное Дегунино","section":"Без участка","name":"ДТ\\Базовская улица дом 24Б","address":"Базовская улица дом 24Б","type":"Спортивная площадка","parent_id":"1323753688","parent_name":"ДТ\\Базовская улица дом 24Б","site_type":"Резиновая крошка","improvement_year":"2025"},"geometry":{"type":"Point","coordinates":[37.515871,55.88005]}},{"type":"Feature","id":"sp-1155511149-1600","properties":{"category":"СП","layer":"sp","district":"Западное Дегунино","section":"Без участка","name":"ДТ\\Ивана Сусанина ул. 6 к.2","address":"Ивана Сусанина ул. 6 к.2","type":"Спортивная площадка","parent_id":"1155511149","parent_name":"ДТ\\Ивана Сусанина ул. 6 к.2","site_type":"Резиновая крошка","improvement_year":"2025"},"geometry":{"type":"Point","coordinates":[37.527625,55.868728]}},{"type":"Feature","id":"sp-1179347860-1602","properties":{"category":"СП","layer":"sp","district":"Западное Дегунино","section":"Без участка","name":"ДТ\\Коровинское шоссе 3А к.1","address":"Коровинское шоссе 3А к.1","type":"Спортивная площадка","parent_id":"1179347860","parent_name":"ДТ\\Коровинское шоссе 3А к.1","site_type":"Резиновая крошка","improvement_year":"2014"},"geometry":{"type":"Point","coordinates":[37.542121,55.865964]}},{"type":"Feature","id":"sp-911522067-1605","properties":{"category":"СП","layer":"sp","district":"Западное Дегунино","section":"Без участка","name":"ДТ\\Коровинское шоссе 29, 29А, 29Б","address":"Коровинское шоссе 29, 29А, 29Б","type":"Спортивная площадка","parent_id":"911522067","parent_name":"ДТ\\Коровинское шоссе 29, 29А, 29Б","site_type":"Резиновая крошка","improvement_year":"2025"},"geometry":{"type":"Point","coordinates":[37.520046,55.879439]}},{"type":"Feature","id":"sp-1253885259-1610","properties":{"category":"СП","layer":"sp","district":"Западное Дегунино","section":"Без участка","name":"ДТ\\Дегунинская ул. 12 к.1","address":"Дегунинская ул. 12 к.1","type":"Спортивная площадка","parent_id":"1253885259","parent_name":"ДТ\\Дегунинская ул. 12 к.1","site_type":"Резиновая крошка","improvement_year":"2025"},"geometry":{"type":"Point","coordinates":[37.536113,55.865753]}},{"type":"Feature","id":"sp-1253972725-1612","properties":{"category":"СП","layer":"sp","district":"Западное Дегунино","section":"Без участка","name":"ДТ\\Дегунинская ул. 20 к.1","address":"Дегунинская ул. 20 к.1","type":"Спортивная площадка","parent_id":"1253972725","parent_name":"ДТ\\Дегунинская ул. 20 к.1","site_type":"Резиновая крошка","improvement_year":"2025"},"geometry":{"type":"Point","coordinates":[37.532824,55.867336]}},{"type":"Feature","id":"sp-1253972729-1614","properties":{"category":"СП","layer":"sp","district":"Западное Дегунино","section":"Без участка","name":"ДТ\\Дегунинская ул. 20 к.1","address":"Дегунинская ул. 20 к.1","type":"Спортивная площадка","parent_id":"1253972729","parent_name":"ДТ\\Дегунинская ул. 20 к.1","site_type":"Резиновая крошка","improvement_year":"2025"},"geometry":{"type":"Point","coordinates":[37.532394,55.867103]}},{"type":"Feature","id":"sp-1323753698-1619","properties":{"category":"СП","layer":"sp","district":"Западное Дегунино","section":"Без участка","name":"ДТ\\Базовская улица дом 24Б","address":"Базовская улица дом 24Б","type":"Спортивная площадка","parent_id":"1323753698","parent_name":"ДТ\\Базовская улица дом 24Б","site_type":"Резиновая крошка","improvement_year":"2025"},"geometry":{"type":"Point","coordinates":[37.51587,55.880069]}},{"type":"Feature","id":"sp-1323666511-1623","properties":{"category":"СП","layer":"sp","district":"Западное Дегунино","section":"Без участка","name":"ДТ\\Базовская улица дом 26","address":"Базовская улица дом 26","type":"Спортивная площадка","parent_id":"1323666511","parent_name":"ДТ\\Базовская улица дом 26","site_type":"Резиновая крошка","improvement_year":"2025"},"geometry":{"type":"Point","coordinates":[37.517774,55.881717]}},{"type":"Feature","id":"sp-913568445-1628","properties":{"category":"СП","layer":"sp","district":"Коптево","section":"Без участка","name":"ДТ\\Коптевская ул. 28 к.1, 28 к.2, 28 к.3; Михалковский 3-й пер. 21","address":"Коптевская ул. 28 к.1, 28 к.2, 28 к.3; Михалковский 3-й пер. 21","type":"Спортивная площадка","parent_id":"913568445","parent_name":"ДТ\\Коптевская ул. 28 к.1, 28 к.2, 28 к.3; Михалковский 3-й пер. 21","site_type":"Резиновая крошка","improvement_year":"2017"},"geometry":{"type":"Point","coordinates":[37.523144,55.836035]}},{"type":"Feature","id":"sp-1137611221-1629","properties":{"category":"СП","layer":"sp","district":"Коптево","section":"Без участка","name":"ДТ\\Михалковская ул. 26 к.1, 26 к.2; Черепановых пр. 30, 32, 36, 38 к.1","address":"Михалковская ул. 26 к.1, 26 к.2; Черепановых пр. 30, 32, 36, 38 к.1","type":"Спортивная площадка","parent_id":"1137611221","parent_name":"ДТ\\Михалковская ул. 26 к.1, 26 к.2; Черепановых пр. 30, 32, 36, 38 к.1","site_type":"Резиновая крошка","improvement_year":"2025"},"geometry":{"type":"Point","coordinates":[37.529505,55.841141]}},{"type":"Feature","id":"sp-1137611249-1631","properties":{"category":"СП","layer":"sp","district":"Коптево","section":"Без участка","name":"ДТ\\Михалковская ул. 26 к.1, 26 к.2; Черепановых пр. 30, 32, 36, 38 к.1","address":"Михалковская ул. 26 к.1, 26 к.2; Черепановых пр. 30, 32, 36, 38 к.1","type":"Спортивная площадка","parent_id":"1137611249","parent_name":"ДТ\\Михалковская ул. 26 к.1, 26 к.2; Черепановых пр. 30, 32, 36, 38 к.1","site_type":"Резиновая крошка","improvement_year":"2025"},"geometry":{"type":"Point","coordinates":[37.528841,55.841005]}},{"type":"Feature","id":"sp-1184102604-1642","properties":{"category":"СП","layer":"sp","district":"Коптево","section":"Без участка","name":"ДТ\\Железняка Матроса бульв. 8","address":"Железняка Матроса бульв. 8","type":"Спортивная площадка","parent_id":"1184102604","parent_name":"ДТ\\Железняка Матроса бульв. 8","site_type":"Резиновая крошка","improvement_year":"2017"},"geometry":{"type":"Point","coordinates":[37.526076,55.827988]}},{"type":"Feature","id":"sp-1137479454-1645","properties":{"category":"СП","layer":"sp","district":"Коптево","section":"Без участка","name":"ДТ\\Приорова ул. 14, 14А, 16 к.1, 16 к.3","address":"Приорова ул. 14, 14А, 16 к.1, 16 к.3","type":"Спортивная площадка","parent_id":"1137479454","parent_name":"ДТ\\Приорова ул. 14, 14А, 16 к.1, 16 к.3","site_type":"Резиновая крошка","improvement_year":"2017"},"geometry":{"type":"Point","coordinates":[37.528157,55.82107]}},{"type":"Feature","id":"sp-1087689474-1651","properties":{"category":"СП","layer":"sp","district":"Коптево","section":"Без участка","name":"ДТ\\Академическая Б. ул. 77 к.1, 77 к.2, 77 к.3","address":"Академическая Б. ул. 77 к.1, 77 к.2, 77 к.3","type":"Спортивная площадка","parent_id":"1087689474","parent_name":"ДТ\\Академическая Б. ул. 77 к.1, 77 к.2, 77 к.3","site_type":"Асфальтобетонное","improvement_year":"2024"},"geometry":{"type":"Point","coordinates":[37.555266,55.843814]}},{"type":"Feature","id":"sp-938702771-1653","properties":{"category":"СП","layer":"sp","district":"Коптево","section":"Без участка","name":"ДТ\\Новомихалковский 3-й пр. 13; Рычагова Генерала ул. 4, 6","address":"Новомихалковский 3-й пр. 13; Рычагова Генерала ул. 4, 6","type":"Спортивная площадка","parent_id":"938702771","parent_name":"ДТ\\Новомихалковский 3-й пр. 13; Рычагова Генерала ул. 4, 6","site_type":"Резиновая крошка","improvement_year":"2017"},"geometry":{"type":"Point","coordinates":[37.534839,55.83978]}},{"type":"Feature","id":"sp-938702773-1654","properties":{"category":"СП","layer":"sp","district":"Коптево","section":"Без участка","name":"ДТ\\Новомихалковский 3-й пр. 13; Рычагова Генерала ул. 4, 6","address":"Новомихалковский 3-й пр. 13; Рычагова Генерала ул. 4, 6","type":"Спортивная площадка","parent_id":"938702773","parent_name":"ДТ\\Новомихалковский 3-й пр. 13; Рычагова Генерала ул. 4, 6","site_type":"Резиновая крошка","improvement_year":"2017"},"geometry":{"type":"Point","coordinates":[37.534523,55.839937]}},{"type":"Feature","id":"sp-938702779-1655","properties":{"category":"СП","layer":"sp","district":"Коптево","section":"Без участка","name":"ДТ\\Новомихалковский 3-й пр. 13; Рычагова Генерала ул. 4, 6","address":"Новомихалковский 3-й пр. 13; Рычагова Генерала ул. 4, 6","type":"Спортивная площадка","parent_id":"938702779","parent_name":"ДТ\\Новомихалковский 3-й пр. 13; Рычагова Генерала ул. 4, 6","site_type":"Резиновая крошка","improvement_year":"2017"},"geometry":{"type":"Point","coordinates":[37.534857,55.839866]}},{"type":"Feature","id":"sp-1143930654-1657","properties":{"category":"СП","layer":"sp","district":"Коптево","section":"Без участка","name":"ДТ\\Новомихалковский 1-й пр. 4, 6, 8; Новомихалковский 3-й пр. 9","address":"Новомихалковский 1-й пр. 4, 6, 8; Новомихалковский 3-й пр. 9","type":"Спортивная площадка","parent_id":"1143930654","parent_name":"ДТ\\Новомихалковский 1-й пр. 4, 6, 8; Новомихалковский 3-й пр. 9","site_type":"Резиновая крошка","improvement_year":"2012"},"geometry":{"type":"Point","coordinates":[37.537611,55.839239]}},{"type":"Feature","id":"sp-1191697864-1658","properties":{"category":"СП","layer":"sp","district":"Коптево","section":"Без участка","name":"ДТ\\Новомихалковский 3-й пр. 15 к.1, 17, 17А; Рычагова Генерала ул. 3 к.1, 3 к.2","address":"Новомихалковский 3-й пр. 15 к.1, 17, 17А; Рычагова Генерала ул. 3 к.1, 3 к.2","type":"Спортивная площадка","parent_id":"1191697864","parent_name":"ДТ\\Новомихалковский 3-й пр. 15 к.1, 17, 17А; Рычагова Генерала ул. 3 к.1, 3 к.2","site_type":"Резиновая крошка","improvement_year":"2019"},"geometry":{"type":"Point","coordinates":[37.532134,55.840121]}},{"type":"Feature","id":"sp-1191698072-1659","properties":{"category":"СП","layer":"sp","district":"Коптево","section":"Без участка","name":"ДТ\\Новомихалковский 3-й пр. 15 к.1, 17, 17А; Рычагова Генерала ул. 3 к.1, 3 к.2","address":"Новомихалковский 3-й пр. 15 к.1, 17, 17А; Рычагова Генерала ул. 3 к.1, 3 к.2","type":"Спортивная площадка","parent_id":"1191698072","parent_name":"ДТ\\Новомихалковский 3-й пр. 15 к.1, 17, 17А; Рычагова Генерала ул. 3 к.1, 3 к.2","site_type":"Резиновая крошка","improvement_year":"2019"},"geometry":{"type":"Point","coordinates":[37.532134,55.840121]}},{"type":"Feature","id":"sp-1040714769-1660","properties":{"category":"СП","layer":"sp","district":"Коптево","section":"Без участка","name":"ДТ\\Академическая Б. ул. 23А; Железняка Матроса бульв. 6","address":"Академическая Б. ул. 23А; Железняка Матроса бульв. 6","type":"Спортивная площадка","parent_id":"1040714769","parent_name":"ДТ\\Академическая Б. ул. 23А; Железняка Матроса бульв. 6","site_type":"Резиновая крошка","improvement_year":"2015"},"geometry":{"type":"Point","coordinates":[37.527234,55.827182]}},{"type":"Feature","id":"sp-1040714773-1663","properties":{"category":"СП","layer":"sp","district":"Коптево","section":"Без участка","name":"ДТ\\Академическая Б. ул. 23А; Железняка Матроса бульв. 6","address":"Академическая Б. ул. 23А; Железняка Матроса бульв. 6","type":"Спортивная площадка","parent_id":"1040714773","parent_name":"ДТ\\Академическая Б. ул. 23А; Железняка Матроса бульв. 6","site_type":"Резиновая крошка","improvement_year":"2021"},"geometry":{"type":"Point","coordinates":[37.527235,55.827024]}},{"type":"Feature","id":"sp-1192998659-1668","properties":{"category":"СП","layer":"sp","district":"Коптево","section":"Без участка","name":"ДТ\\Академическая Б. ул. 10/13, 8 к.1, 8 к.2; Приорова ул. 11","address":"Академическая Б. ул. 10/13, 8 к.1, 8 к.2; Приорова ул. 11","type":"Спортивная площадка","parent_id":"1192998659","parent_name":"ДТ\\Академическая Б. ул. 10/13, 8 к.1, 8 к.2; Приорова ул. 11","site_type":"Резиновая крошка","improvement_year":"2023"},"geometry":{"type":"Point","coordinates":[37.525705,55.819015]}},{"type":"Feature","id":"sp-1087090173-1669","properties":{"category":"СП","layer":"sp","district":"Коптево","section":"Без участка","name":"ДТ\\Железняка Матроса бульв. 19, 21","address":"Железняка Матроса бульв. 19, 21","type":"Спортивная площадка","parent_id":"1087090173","parent_name":"ДТ\\Железняка Матроса бульв. 19, 21","site_type":"Резиновая крошка","improvement_year":"2016"},"geometry":{"type":"Point","coordinates":[37.526055,55.833805]}},{"type":"Feature","id":"sp-1150115943-1684","properties":{"category":"СП","layer":"sp","district":"Коптево","section":"Без участка","name":"ДТ\\Коптевская ул. 83 к.1, 83 к.2, 89 к.10, 89 к.8; Черепановых пр. 16","address":"Коптевская ул. 83 к.1, 83 к.2, 89 к.10, 89 к.8; Черепановых пр. 16","type":"Спортивная площадка","parent_id":"1150115943","parent_name":"ДТ\\Коптевская ул. 83 к.1, 83 к.2, 89 к.10, 89 к.8; Черепановых пр. 16","site_type":"Резиновая крошка","improvement_year":"2019"},"geometry":{"type":"Point","coordinates":[37.519594,55.836522]}},{"type":"Feature","id":"sp-1327215223-1687","properties":{"category":"СП","layer":"sp","district":"Коптево","section":"Без участка","name":"ДТ\\Коптевская ул. 83 к.1, 83 к.2, 89 к.10, 89 к.8; Черепановых пр. 16","address":"Коптевская ул. 83 к.1, 83 к.2, 89 к.10, 89 к.8; Черепановых пр. 16","type":"Спортивная площадка","parent_id":"1327215223","parent_name":"ДТ\\Коптевская ул. 83 к.1, 83 к.2, 89 к.10, 89 к.8; Черепановых пр. 16","site_type":"Резиновая крошка","improvement_year":"2025"},"geometry":{"type":"Point","coordinates":[37.52021,55.836436]}},{"type":"Feature","id":"sp-939768216-1695","properties":{"category":"СП","layer":"sp","district":"Коптево","section":"Без участка","name":"ДТ\\Железняка Матроса бульв. 31 к.1, 31 к.2, 31 к.3","address":"Железняка Матроса бульв. 31 к.1, 31 к.2, 31 к.3","type":"Спортивная площадка","parent_id":"939768216","parent_name":"ДТ\\Железняка Матроса бульв. 31 к.1, 31 к.2, 31 к.3","site_type":"Резиновая крошка","improvement_year":"2020"},"geometry":{"type":"Point","coordinates":[37.529468,55.83684]}},{"type":"Feature","id":"sp-939768240-1698","properties":{"category":"СП","layer":"sp","district":"Коптево","section":"Без участка","name":"ДТ\\Железняка Матроса бульв. 31 к.1, 31 к.2, 31 к.3","address":"Железняка Матроса бульв. 31 к.1, 31 к.2, 31 к.3","type":"Спортивная площадка","parent_id":"939768240","parent_name":"ДТ\\Железняка Матроса бульв. 31 к.1, 31 к.2, 31 к.3","site_type":"Резиновая крошка","improvement_year":"2020"},"geometry":{"type":"Point","coordinates":[37.529421,55.836962]}},{"type":"Feature","id":"sp-1137461824-1702","properties":{"category":"СП","layer":"sp","district":"Коптево","section":"Без участка","name":"ДТ\\Приорова ул. 38, 38А, 40, 40 к.2, 42","address":"Приорова ул. 38, 38А, 40, 40 к.2, 42","type":"Спортивная площадка","parent_id":"1137461824","parent_name":"ДТ\\Приорова ул. 38, 38А, 40, 40 к.2, 42","site_type":"Резиновая крошка","improvement_year":"2019"},"geometry":{"type":"Point","coordinates":[37.519676,55.825417]}},{"type":"Feature","id":"sp-1137461830-1704","properties":{"category":"СП","layer":"sp","district":"Коптево","section":"Без участка","name":"ДТ\\Приорова ул. 38, 38А, 40, 40 к.2, 42","address":"Приорова ул. 38, 38А, 40, 40 к.2, 42","type":"Спортивная площадка","parent_id":"1137461830","parent_name":"ДТ\\Приорова ул. 38, 38А, 40, 40 к.2, 42","site_type":"Резиновая крошка","improvement_year":"2019"},"geometry":{"type":"Point","coordinates":[37.520816,55.825425]}},{"type":"Feature","id":"sp-1137461838-1705","properties":{"category":"СП","layer":"sp","district":"Коптево","section":"Без участка","name":"ДТ\\Приорова ул. 38, 38А, 40, 40 к.2, 42","address":"Приорова ул. 38, 38А, 40, 40 к.2, 42","type":"Спортивная площадка","parent_id":"1137461838","parent_name":"ДТ\\Приорова ул. 38, 38А, 40, 40 к.2, 42","site_type":"Резиновая крошка","improvement_year":"2019"},"geometry":{"type":"Point","coordinates":[37.519555,55.825532]}},{"type":"Feature","id":"sp-1137461846-1706","properties":{"category":"СП","layer":"sp","district":"Коптево","section":"Без участка","name":"ДТ\\Приорова ул. 38, 38А, 40, 40 к.2, 42","address":"Приорова ул. 38, 38А, 40, 40 к.2, 42","type":"Спортивная площадка","parent_id":"1137461846","parent_name":"ДТ\\Приорова ул. 38, 38А, 40, 40 к.2, 42","site_type":"Плиточное","improvement_year":"2019"},"geometry":{"type":"Point","coordinates":[37.519652,55.82555]}},{"type":"Feature","id":"sp-1191899250-1707","properties":{"category":"СП","layer":"sp","district":"Коптево","section":"Без участка","name":"ДТ\\Новомихалковский 4-й пр. 6","address":"Новомихалковский 4-й пр. 6","type":"Спортивная площадка","parent_id":"1191899250","parent_name":"ДТ\\Новомихалковский 4-й пр. 6","site_type":"Резиновая крошка","improvement_year":"2019"},"geometry":{"type":"Point","coordinates":[37.546168,55.841503]}},{"type":"Feature","id":"sp-1191899256-1710","properties":{"category":"СП","layer":"sp","district":"Коптево","section":"Без участка","name":"ДТ\\Новомихалковский 4-й пр. 6","address":"Новомихалковский 4-й пр. 6","type":"Спортивная площадка","parent_id":"1191899256","parent_name":"ДТ\\Новомихалковский 4-й пр. 6","site_type":"Резиновая крошка","improvement_year":"2019"},"geometry":{"type":"Point","coordinates":[37.545892,55.84149]}},{"type":"Feature","id":"sp-951691114-1720","properties":{"category":"СП","layer":"sp","district":"Коптево","section":"Без участка","name":"ДТ\\Академическая Б. ул. 17; Зои и Александра Космодемьянских ул. 38, 40, 42","address":"Академическая Б. ул. 17; Зои и Александра Космодемьянских ул. 38, 40, 42","type":"Спортивная площадка","parent_id":"951691114","parent_name":"ДТ\\Академическая Б. ул. 17; Зои и Александра Космодемьянских ул. 38, 40, 42","site_type":"Резиновая крошка","improvement_year":"2019"},"geometry":{"type":"Point","coordinates":[37.526546,55.824437]}},{"type":"Feature","id":"sp-951691156-1722","properties":{"category":"СП","layer":"sp","district":"Коптево","section":"Без участка","name":"ДТ\\Академическая Б. ул. 17; Зои и Александра Космодемьянских ул. 38, 40, 42","address":"Академическая Б. ул. 17; Зои и Александра Космодемьянских ул. 38, 40, 42","type":"Спортивная площадка","parent_id":"951691156","parent_name":"ДТ\\Академическая Б. ул. 17; Зои и Александра Космодемьянских ул. 38, 40, 42","site_type":"Резиновая крошка","improvement_year":"2019"},"geometry":{"type":"Point","coordinates":[37.5264,55.824324]}},{"type":"Feature","id":"sp-912085187-1726","properties":{"category":"СП","layer":"sp","district":"Коптево","section":"Без участка","name":"ДТ\\Академическая Б. ул. 21, 21А, 23","address":"Академическая Б. ул. 21, 21А, 23","type":"Спортивная площадка","parent_id":"912085187","parent_name":"ДТ\\Академическая Б. ул. 21, 21А, 23","site_type":"Резиновая крошка","improvement_year":"2017"},"geometry":{"type":"Point","coordinates":[37.528743,55.827166]}},{"type":"Feature","id":"sp-911912175-1734","properties":{"category":"СП","layer":"sp","district":"Коптево","section":"Без участка","name":"ДТ\\Волкова Космонавта ул. 29 к.1, 31 к.1","address":"Волкова Космонавта ул. 29 к.1, 31 к.1","type":"Спортивная площадка","parent_id":"911912175","parent_name":"ДТ\\Волкова Космонавта ул. 29 к.1, 31 к.1","site_type":"Резиновая крошка","improvement_year":"2017"},"geometry":{"type":"Point","coordinates":[37.524777,55.817021]}},{"type":"Feature","id":"sp-1017112810-1736","properties":{"category":"СП","layer":"sp","district":"Коптево","section":"Без участка","name":"ДТ\\Михалковская ул. 1/51","address":"Михалковская ул. 1/51","type":"Спортивная площадка","parent_id":"1017112810","parent_name":"ДТ\\Михалковская ул. 1/51","site_type":"Резиновая крошка","improvement_year":"2025"},"geometry":{"type":"Point","coordinates":[37.536353,55.836568]}},{"type":"Feature","id":"sp-1087678760-1739","properties":{"category":"СП","layer":"sp","district":"Коптево","section":"Без участка","name":"ДТ\\Академическая Б. ул. 27, 29","address":"Академическая Б. ул. 27, 29","type":"Спортивная площадка","parent_id":"1087678760","parent_name":"ДТ\\Академическая Б. ул. 27, 29","site_type":"Резиновая крошка","improvement_year":"2022"},"geometry":{"type":"Point","coordinates":[37.528176,55.828322]}},{"type":"Feature","id":"sp-973976905-1756","properties":{"category":"СП","layer":"sp","district":"Коптево","section":"Без участка","name":"ДТ\\Рычагова Генерала ул. 21","address":"Рычагова Генерала ул. 21","type":"Спортивная площадка","parent_id":"973976905","parent_name":"ДТ\\Рычагова Генерала ул. 21","site_type":"Резиновая крошка","improvement_year":"2019"},"geometry":{"type":"Point","coordinates":[37.54102,55.842658]}},{"type":"Feature","id":"sp-974009235-1758","properties":{"category":"СП","layer":"sp","district":"Коптево","section":"Без участка","name":"ДТ\\Лихоборские Бугры ул. 4 к.1","address":"Лихоборские Бугры ул. 4 к.1","type":"Спортивная площадка","parent_id":"974009235","parent_name":"ДТ\\Лихоборские Бугры ул. 4 к.1","site_type":"Резиновая крошка","improvement_year":"2019"},"geometry":{"type":"Point","coordinates":[37.549534,55.84208]}},{"type":"Feature","id":"sp-1148067698-1760","properties":{"category":"СП","layer":"sp","district":"Коптево","section":"Без участка","name":"ДТ\\Соболевский пр. 20Б","address":"Соболевский пр. 20Б","type":"Спортивная площадка","parent_id":"1148067698","parent_name":"ДТ\\Соболевский пр. 20Б","site_type":"Резиновая крошка","improvement_year":"2022"},"geometry":{"type":"Point","coordinates":[37.523666,55.835031]}},{"type":"Feature","id":"sp-1123241505-1765","properties":{"category":"СП","layer":"sp","district":"Коптево","section":"Без участка","name":"ДТ\\Волкова Космонавта ул. 33; Приорова ул. 1, 3, 5","address":"Волкова Космонавта ул. 33; Приорова ул. 1, 3, 5","type":"Спортивная площадка","parent_id":"1123241505","parent_name":"ДТ\\Волкова Космонавта ул. 33; Приорова ул. 1, 3, 5","site_type":"Асфальтобетонное","improvement_year":"2024"},"geometry":{"type":"Point","coordinates":[37.529998,55.816387]}},{"type":"Feature","id":"sp-1285395888-1767","properties":{"category":"СП","layer":"sp","district":"Коптево","section":"Без участка","name":"ДТ\\Волкова Космонавта ул. 33; Приорова ул. 1, 3, 5","address":"Волкова Космонавта ул. 33; Приорова ул. 1, 3, 5","type":"Спортивная площадка","parent_id":"1285395888","parent_name":"ДТ\\Волкова Космонавта ул. 33; Приорова ул. 1, 3, 5","site_type":"Асфальтобетонное","improvement_year":"2020"},"geometry":{"type":"Point","coordinates":[37.529241,55.817274]}},{"type":"Feature","id":"sp-879917014-1769","properties":{"category":"СП","layer":"sp","district":"Коптево","section":"Без участка","name":"ДТ\\Академическая Б. ул. 4; Волкова Космонавта ул. 25/2, 27, 29","address":"Академическая Б. ул. 4; Волкова Космонавта ул. 25/2, 27, 29","type":"Спортивная площадка","parent_id":"879917014","parent_name":"ДТ\\Академическая Б. ул. 4; Волкова Космонавта ул. 25/2, 27, 29","site_type":"Резиновая крошка","improvement_year":"2021"},"geometry":{"type":"Point","coordinates":[37.52366,55.817247]}},{"type":"Feature","id":"sp-1192998621-1770","properties":{"category":"СП","layer":"sp","district":"Коптево","section":"Без участка","name":"ДТ\\Академическая Б. ул. 10/13, 8 к.1, 8 к.2; Приорова ул. 11","address":"Академическая Б. ул. 10/13, 8 к.1, 8 к.2; Приорова ул. 11","type":"Спортивная площадка","parent_id":"1192998621","parent_name":"ДТ\\Академическая Б. ул. 10/13, 8 к.1, 8 к.2; Приорова ул. 11","site_type":"Резиновая крошка","improvement_year":"2023"},"geometry":{"type":"Point","coordinates":[37.526006,55.819092]}},{"type":"Feature","id":"sp-911939275-1771","properties":{"category":"СП","layer":"sp","district":"Коптево","section":"Без участка","name":"ДТ\\Академическая Б. ул. 15 к.5; Зои и Александра Космодемьянских ул. 36А, 36Б","address":"Академическая Б. ул. 15 к.5; Зои и Александра Космодемьянских ул. 36А, 36Б","type":"Спортивная площадка","parent_id":"911939275","parent_name":"ДТ\\Академическая Б. ул. 15 к.5; Зои и Александра Космодемьянских ул. 36А, 36Б","site_type":"Резиновая крошка","improvement_year":"2019"},"geometry":{"type":"Point","coordinates":[37.525699,55.823764]}},{"type":"Feature","id":"sp-1287394102-1773","properties":{"category":"СП","layer":"sp","district":"Коптево","section":"Без участка","name":"ДТ\\Академическая Б. ул. 22, 24А, 24 к.1, 24 к.2","address":"Академическая Б. ул. 22, 24А, 24 к.1, 24 к.2","type":"Спортивная площадка","parent_id":"1287394102","parent_name":"ДТ\\Академическая Б. ул. 22, 24А, 24 к.1, 24 к.2","site_type":"Асфальтобетонное","improvement_year":"2024"},"geometry":{"type":"Point","coordinates":[37.529962,55.824003]}},{"type":"Feature","id":"sp-1289978340-1791","properties":{"category":"СП","layer":"sp","district":"Коптево","section":"Без участка","name":"ДТ\\Михалковский 3-й пер. 20 к.1, 20 к.2, 20 к.3","address":"Михалковский 3-й пер. 20 к.1, 20 к.2, 20 к.3","type":"Спортивная площадка","parent_id":"1289978340","parent_name":"ДТ\\Михалковский 3-й пер. 20 к.1, 20 к.2, 20 к.3","site_type":"Резиновая крошка","improvement_year":"2026"},"geometry":{"type":"Point","coordinates":[37.526723,55.837682]}},{"type":"Feature","id":"sp-1142328903-1793","properties":{"category":"СП","layer":"sp","district":"Коптево","section":"Без участка","name":"ДТ\\Черепановых пр. 44, 46А, 46Б","address":"Черепановых пр. 44, 46А, 46Б","type":"Спортивная площадка","parent_id":"1142328903","parent_name":"ДТ\\Черепановых пр. 44, 46А, 46Б","site_type":"Резиновая крошка","improvement_year":"2017"},"geometry":{"type":"Point","coordinates":[37.533364,55.842042]}},{"type":"Feature","id":"sp-1290884516-1798","properties":{"category":"СП","layer":"sp","district":"Коптево","section":"Без участка","name":"ДТ\\Новомихалковский 3-й пр. 1; Новомихалковский 4-й пр. 3","address":"Новомихалковский 3-й пр. 1; Новомихалковский 4-й пр. 3","type":"Спортивная площадка","parent_id":"1290884516","parent_name":"ДТ\\Новомихалковский 3-й пр. 1; Новомихалковский 4-й пр. 3","site_type":"Резиновая крошка","improvement_year":"2019"},"geometry":{"type":"Point","coordinates":[37.544294,55.840253]}},{"type":"Feature","id":"sp-1193052176-1809","properties":{"category":"СП","layer":"sp","district":"Коптево","section":"Без участка","name":"ДТ\\Академическая Б. ул. 75 к.1, 75 к.2","address":"Академическая Б. ул. 75 к.1, 75 к.2","type":"Спортивная площадка","parent_id":"1193052176","parent_name":"ДТ\\Академическая Б. ул. 75 к.1, 75 к.2","site_type":"Асфальтобетонное","improvement_year":"2023"},"geometry":{"type":"Point","coordinates":[37.55361,55.84375]}},{"type":"Feature","id":"sp-1118897451-1811","properties":{"category":"СП","layer":"sp","district":"Коптево","section":"Без участка","name":"ДТ\\Академическая Б. ул. 73 к.3","address":"Академическая Б. ул. 73 к.3","type":"Спортивная площадка","parent_id":"1118897451","parent_name":"ДТ\\Академическая Б. ул. 73 к.3","site_type":"Резиновая крошка","improvement_year":"2016"},"geometry":{"type":"Point","coordinates":[37.549954,55.842512]}},{"type":"Feature","id":"sp-973802524-1813","properties":{"category":"СП","layer":"sp","district":"Коптево","section":"Без участка","name":"ДТ\\Академическая Б. ул. 73 к.3","address":"Академическая Б. ул. 73 к.3","type":"Спортивная площадка","parent_id":"973802524","parent_name":"ДТ\\Академическая Б. ул. 73 к.3","site_type":"Резиновая крошка","improvement_year":"2023"},"geometry":{"type":"Point","coordinates":[37.551515,55.842671]}},{"type":"Feature","id":"sp-944293762-1819","properties":{"category":"СП","layer":"sp","district":"Коптево","section":"Без участка","name":"ДТ\\Железняка Матроса бульв. 13, 13А","address":"Железняка Матроса бульв. 13, 13А","type":"Спортивная площадка","parent_id":"944293762","parent_name":"ДТ\\Железняка Матроса бульв. 13, 13А","site_type":"Резиновая крошка","improvement_year":"2018"},"geometry":{"type":"Point","coordinates":[37.524785,55.829966]}},{"type":"Feature","id":"sp-944293768-1820","properties":{"category":"СП","layer":"sp","district":"Коптево","section":"Без участка","name":"ДТ\\Железняка Матроса бульв. 13, 13А","address":"Железняка Матроса бульв. 13, 13А","type":"Спортивная площадка","parent_id":"944293768","parent_name":"ДТ\\Железняка Матроса бульв. 13, 13А","site_type":"Резиновая крошка","improvement_year":"2018"},"geometry":{"type":"Point","coordinates":[37.524601,55.82988]}},{"type":"Feature","id":"sp-920950586-1822","properties":{"category":"СП","layer":"sp","district":"Коптево","section":"Без участка","name":"ДТ\\Лихоборские Бугры ул. 14; Черепановых пр. 64 к.1, 64 к.2","address":"Лихоборские Бугры ул. 14; Черепановых пр. 64 к.1, 64 к.2","type":"Спортивная площадка","parent_id":"920950586","parent_name":"ДТ\\Лихоборские Бугры ул. 14; Черепановых пр. 64 к.1, 64 к.2","site_type":"Асфальтобетонное","improvement_year":"2024"},"geometry":{"type":"Point","coordinates":[37.546583,55.843974]}},{"type":"Feature","id":"sp-920950584-1823","properties":{"category":"СП","layer":"sp","district":"Коптево","section":"Без участка","name":"ДТ\\Лихоборские Бугры ул. 14; Черепановых пр. 64 к.1, 64 к.2","address":"Лихоборские Бугры ул. 14; Черепановых пр. 64 к.1, 64 к.2","type":"Спортивная площадка","parent_id":"920950584","parent_name":"ДТ\\Лихоборские Бугры ул. 14; Черепановых пр. 64 к.1, 64 к.2","site_type":"Асфальтобетонное","improvement_year":"2024"},"geometry":{"type":"Point","coordinates":[37.549969,55.844296]}},{"type":"Feature","id":"sp-857906689-1827","properties":{"category":"СП","layer":"sp","district":"Коптево","section":"Без участка","name":"ДТ\\Коптевская ул. 75, 77, 79/1; Старокоптевский пер. 3","address":"Коптевская ул. 75, 77, 79/1; Старокоптевский пер. 3","type":"Спортивная площадка","parent_id":"857906689","parent_name":"ДТ\\Коптевская ул. 75, 77, 79/1; Старокоптевский пер. 3","site_type":"Резиновая крошка","improvement_year":"2017"},"geometry":{"type":"Point","coordinates":[37.519621,55.834259]}},{"type":"Feature","id":"sp-1194251957-1830","properties":{"category":"СП","layer":"sp","district":"Коптево","section":"Без участка","name":"ДТ\\Новомихалковский 1-й пр. 10, 12, 14; Новомихалковский 3-й пр. 11","address":"Новомихалковский 1-й пр. 10, 12, 14; Новомихалковский 3-й пр. 11","type":"Спортивная площадка","parent_id":"1194251957","parent_name":"ДТ\\Новомихалковский 1-й пр. 10, 12, 14; Новомихалковский 3-й пр. 11","site_type":"Асфальтобетонное","improvement_year":"2012"},"geometry":{"type":"Point","coordinates":[37.534983,55.839125]}},{"type":"Feature","id":"sp-913520742-1836","properties":{"category":"СП","layer":"sp","district":"Коптево","section":"Без участка","name":"ДТ\\Зои и Александра Космодемьянских ул. 35/1","address":"Зои и Александра Космодемьянских ул. 35/1","type":"Спортивная площадка","parent_id":"913520742","parent_name":"ДТ\\Зои и Александра Космодемьянских ул. 35/1","site_type":"Резиновая крошка","improvement_year":"2019"},"geometry":{"type":"Point","coordinates":[37.525554,55.82569]}},{"type":"Feature","id":"sp-913520740-1838","properties":{"category":"СП","layer":"sp","district":"Коптево","section":"Без участка","name":"ДТ\\Зои и Александра Космодемьянских ул. 35/1","address":"Зои и Александра Космодемьянских ул. 35/1","type":"Спортивная площадка","parent_id":"913520740","parent_name":"ДТ\\Зои и Александра Космодемьянских ул. 35/1","site_type":"Резиновая крошка","improvement_year":"2019"},"geometry":{"type":"Point","coordinates":[37.525455,55.825669]}},{"type":"Feature","id":"sp-1282339856-1842","properties":{"category":"СП","layer":"sp","district":"Коптево","section":"Без участка","name":"ДТ\\Железняка Матроса бульв. 17/14; Коптевский бульв. 16 к.1, 16 к.2, 16 к.3, 18","address":"Железняка Матроса бульв. 17/14; Коптевский бульв. 16 к.1, 16 к.2, 16 к.3, 18","type":"Спортивная площадка","parent_id":"1282339856","parent_name":"ДТ\\Железняка Матроса бульв. 17/14; Коптевский бульв. 16 к.1, 16 к.2, 16 к.3, 18","site_type":"Резиновая крошка","improvement_year":"2022"},"geometry":{"type":"Point","coordinates":[37.525914,55.83245]}},{"type":"Feature","id":"sp-1097615650-1846","properties":{"category":"СП","layer":"sp","district":"Коптево","section":"Без участка","name":"ДТ\\Черепановых пр. 56, 56 к.1","address":"Черепановых пр. 56, 56 к.1","type":"Спортивная площадка","parent_id":"1097615650","parent_name":"ДТ\\Черепановых пр. 56, 56 к.1","site_type":"Резиновая крошка","improvement_year":"2025"},"geometry":{"type":"Point","coordinates":[37.539398,55.84358]}},{"type":"Feature","id":"sp-1324759241-1851","properties":{"category":"СП","layer":"sp","district":"Коптево","section":"Без участка","name":"ДТ\\проезд Черепановых дом 10","address":"проезд Черепановых дом 10","type":"Спортивная площадка","parent_id":"1324759241","parent_name":"ДТ\\проезд Черепановых дом 10","site_type":"Резиновая крошка","improvement_year":"2025"},"geometry":{"type":"Point","coordinates":[37.516374,55.834701]}},{"type":"Feature","id":"sp-1324759293-1852","properties":{"category":"СП","layer":"sp","district":"Коптево","section":"Без участка","name":"ДТ\\проезд Черепановых дом 10","address":"проезд Черепановых дом 10","type":"Спортивная площадка","parent_id":"1324759293","parent_name":"ДТ\\проезд Черепановых дом 10","site_type":"Резиновая крошка","improvement_year":"2025"},"geometry":{"type":"Point","coordinates":[37.516374,55.834701]}},{"type":"Feature","id":"sp-1052746066-1856","properties":{"category":"СП","layer":"sp","district":"Коптево","section":"Без участка","name":"ДТ\\Железняка Матроса бульв. 11А","address":"Железняка Матроса бульв. 11А","type":"Спортивная площадка","parent_id":"1052746066","parent_name":"ДТ\\Железняка Матроса бульв. 11А","site_type":"Резиновая крошка","improvement_year":"2025"},"geometry":{"type":"Point","coordinates":[37.522813,55.829407]}},{"type":"Feature","id":"sp-911833178-1861","properties":{"category":"СП","layer":"sp","district":"Коптево","section":"Без участка","name":"ДТ\\Новопетровская ул. 16А","address":"Новопетровская ул. 16А","type":"Спортивная площадка","parent_id":"911833178","parent_name":"ДТ\\Новопетровская ул. 16А","site_type":"Асфальтобетонное","improvement_year":"2019"},"geometry":{"type":"Point","coordinates":[37.523005,55.826695]}},{"type":"Feature","id":"sp-1269327396-1880","properties":{"category":"СП","layer":"sp","district":"Коптево","section":"Участок 4","name":"ДТ\\Черепановых пр. 54А","address":"Черепановых пр. 54А","type":"Спортивная площадка","parent_id":"1269327396","parent_name":"ДТ\\Черепановых пр. 54А","site_type":"Резиновая крошка","improvement_year":"2025"},"geometry":{"type":"Point","coordinates":[37.538606,55.842723]}},{"type":"Feature","id":"sp-1324111769-1889","properties":{"category":"СП","layer":"sp","district":"Коптево","section":"Без участка","name":"ДТ\\Михалковская улица дом 10","address":"Михалковская улица дом 10","type":"Спортивная площадка","parent_id":"1324111769","parent_name":"ДТ\\Михалковская улица дом 10","site_type":"Резиновая крошка","improvement_year":"2026"},"geometry":{"type":"Point","coordinates":[37.535809,55.838545]}},{"type":"Feature","id":"sp-1325376786-1890","properties":{"category":"СП","layer":"sp","district":"Коптево","section":"Без участка","name":"ДТ\\3-й Михалковский переулок дом 17","address":"3-й Михалковский переулок дом 17","type":"Спортивная площадка","parent_id":"1325376786","parent_name":"ДТ\\3-й Михалковский переулок дом 17","site_type":"Резиновая крошка","improvement_year":"2026"},"geometry":{"type":"Point","coordinates":[37.524502,55.835761]}},{"type":"Feature","id":"sp-1026688083-1895","properties":{"category":"СП","layer":"sp","district":"Левобережный","section":"Без участка","name":"ДТ\\Прибрежный пр. 4","address":"Прибрежный пр. 4","type":"Спортивная площадка","parent_id":"1026688083","parent_name":"ДТ\\Прибрежный пр. 4","site_type":"Резиновая крошка","improvement_year":"2019"},"geometry":{"type":"Point","coordinates":[37.461341,55.872068]}},{"type":"Feature","id":"sp-1026543986-1900","properties":{"category":"СП","layer":"sp","district":"Левобережный","section":"Без участка","name":"ДТ\\Прибрежный пр. 1","address":"Прибрежный пр. 1","type":"Спортивная площадка","parent_id":"1026543986","parent_name":"ДТ\\Прибрежный пр. 1","site_type":"Резиновая крошка","improvement_year":"2017"},"geometry":{"type":"Point","coordinates":[37.460783,55.873282]}},{"type":"Feature","id":"sp-989715247-1911","properties":{"category":"СП","layer":"sp","district":"Левобережный","section":"Без участка","name":"ДТ\\Ленинградское шоссе 96 к.1","address":"Ленинградское шоссе 96 к.1","type":"Спортивная площадка","parent_id":"989715247","parent_name":"ДТ\\Ленинградское шоссе 96 к.1","site_type":"Резиновая крошка","improvement_year":"2019"},"geometry":{"type":"Point","coordinates":[37.47017,55.857219]}},{"type":"Feature","id":"sp-1024832059-1922","properties":{"category":"СП","layer":"sp","district":"Левобережный","section":"Без участка","name":"ДТ\\Валдайский пр. 10 к.1","address":"Валдайский пр. 10 к.1","type":"Спортивная площадка","parent_id":"1024832059","parent_name":"ДТ\\Валдайский пр. 10 к.1","site_type":"Асфальтобетонное","improvement_year":"2026"},"geometry":{"type":"Point","coordinates":[37.468528,55.86621]}},{"type":"Feature","id":"sp-1189692336-1930","properties":{"category":"СП","layer":"sp","district":"Левобережный","section":"Без участка","name":"ДТ\\Валдайский пр. 9А к.1","address":"Валдайский пр. 9А к.1","type":"Спортивная площадка","parent_id":"1189692336","parent_name":"ДТ\\Валдайский пр. 9А к.1","site_type":"Резиновая крошка","improvement_year":"2026"},"geometry":{"type":"Point","coordinates":[37.465565,55.869198]}},{"type":"Feature","id":"sp-1019431562-1933","properties":{"category":"СП","layer":"sp","district":"Левобережный","section":"Без участка","name":"ДТ\\Смольная ул. 51 к.1","address":"Смольная ул. 51 к.1","type":"Спортивная площадка","parent_id":"1019431562","parent_name":"ДТ\\Смольная ул. 51 к.1","site_type":"Асфальтобетонное","improvement_year":"2018"},"geometry":{"type":"Point","coordinates":[37.476226,55.86468]}},{"type":"Feature","id":"sp-1019398878-1934","properties":{"category":"СП","layer":"sp","district":"Левобережный","section":"Без участка","name":"ДТ\\Смольная ул. 51 к.2","address":"Смольная ул. 51 к.2","type":"Спортивная площадка","parent_id":"1019398878","parent_name":"ДТ\\Смольная ул. 51 к.2","site_type":"Резиновая крошка","improvement_year":"2019"},"geometry":{"type":"Point","coordinates":[37.476063,55.86373]}},{"type":"Feature","id":"sp-1017744587-1936","properties":{"category":"СП","layer":"sp","district":"Левобережный","section":"Без участка","name":"ДТ\\Беломорская ул. 22","address":"Беломорская ул. 22","type":"Спортивная площадка","parent_id":"1017744587","parent_name":"ДТ\\Беломорская ул. 22","site_type":"Резиновая крошка","improvement_year":"2015"},"geometry":{"type":"Point","coordinates":[37.474636,55.86338]}},{"type":"Feature","id":"sp-1017744589-1937","properties":{"category":"СП","layer":"sp","district":"Левобережный","section":"Без участка","name":"ДТ\\Беломорская ул. 22","address":"Беломорская ул. 22","type":"Спортивная площадка","parent_id":"1017744589","parent_name":"ДТ\\Беломорская ул. 22","site_type":"Резиновая крошка","improvement_year":"2015"},"geometry":{"type":"Point","coordinates":[37.474519,55.863099]}},{"type":"Feature","id":"sp-1136642643-1939","properties":{"category":"СП","layer":"sp","district":"Левобережный","section":"Без участка","name":"ДТ\\Беломорская ул. 11 к.1","address":"Беломорская ул. 11 к.1","type":"Спортивная площадка","parent_id":"1136642643","parent_name":"ДТ\\Беломорская ул. 11 к.1","site_type":"Резиновая крошка","improvement_year":"2019"},"geometry":{"type":"Point","coordinates":[37.470703,55.865391]}},{"type":"Feature","id":"sp-1136642652-1940","properties":{"category":"СП","layer":"sp","district":"Левобережный","section":"Без участка","name":"ДТ\\Беломорская ул. 11 к.1","address":"Беломорская ул. 11 к.1","type":"Спортивная площадка","parent_id":"1136642652","parent_name":"ДТ\\Беломорская ул. 11 к.1","site_type":"Резиновая крошка","improvement_year":"2015"},"geometry":{"type":"Point","coordinates":[37.472159,55.865714]}},{"type":"Feature","id":"sp-1136642661-1941","properties":{"category":"СП","layer":"sp","district":"Левобережный","section":"Без участка","name":"ДТ\\Беломорская ул. 11 к.1","address":"Беломорская ул. 11 к.1","type":"Спортивная площадка","parent_id":"1136642661","parent_name":"ДТ\\Беломорская ул. 11 к.1","site_type":"Резиновая крошка","improvement_year":"2015"},"geometry":{"type":"Point","coordinates":[37.47256,55.865699]}},{"type":"Feature","id":"sp-1136642684-1942","properties":{"category":"СП","layer":"sp","district":"Левобережный","section":"Без участка","name":"ДТ\\Беломорская ул. 11 к.1","address":"Беломорская ул. 11 к.1","type":"Спортивная площадка","parent_id":"1136642684","parent_name":"ДТ\\Беломорская ул. 11 к.1","site_type":"Асфальтобетонное","improvement_year":"2015"},"geometry":{"type":"Point","coordinates":[37.47233,55.865755]}},{"type":"Feature","id":"sp-1137365574-1949","properties":{"category":"СП","layer":"sp","district":"Левобережный","section":"Без участка","name":"ДТ\\Ленинградское шоссе 124 к.3","address":"Ленинградское шоссе 124 к.3","type":"Спортивная площадка","parent_id":"1137365574","parent_name":"ДТ\\Ленинградское шоссе 124 к.3","site_type":"Плиточное","improvement_year":"2021"},"geometry":{"type":"Point","coordinates":[37.464653,55.868286]}},{"type":"Feature","id":"sp-1137365576-1950","properties":{"category":"СП","layer":"sp","district":"Левобережный","section":"Без участка","name":"ДТ\\Ленинградское шоссе 124 к.3","address":"Ленинградское шоссе 124 к.3","type":"Спортивная площадка","parent_id":"1137365576","parent_name":"ДТ\\Ленинградское шоссе 124 к.3","site_type":"Резиновая крошка","improvement_year":"2021"},"geometry":{"type":"Point","coordinates":[37.463976,55.868826]}},{"type":"Feature","id":"sp-1137365578-1951","properties":{"category":"СП","layer":"sp","district":"Левобережный","section":"Без участка","name":"ДТ\\Ленинградское шоссе 124 к.3","address":"Ленинградское шоссе 124 к.3","type":"Спортивная площадка","parent_id":"1137365578","parent_name":"ДТ\\Ленинградское шоссе 124 к.3","site_type":"Резиновая крошка","improvement_year":"2021"},"geometry":{"type":"Point","coordinates":[37.464428,55.868217]}},{"type":"Feature","id":"sp-1185469509-1957","properties":{"category":"СП","layer":"sp","district":"Левобережный","section":"Без участка","name":"ДТ\\Беломорская ул. 13 к.1","address":"Беломорская ул. 13 к.1","type":"Спортивная площадка","parent_id":"1185469509","parent_name":"ДТ\\Беломорская ул. 13 к.1","site_type":"Резиновая крошка","improvement_year":"2025"},"geometry":{"type":"Point","coordinates":[37.473223,55.865896]}},{"type":"Feature","id":"sp-1185469513-1959","properties":{"category":"СП","layer":"sp","district":"Левобережный","section":"Без участка","name":"ДТ\\Беломорская ул. 13 к.1","address":"Беломорская ул. 13 к.1","type":"Спортивная площадка","parent_id":"1185469513","parent_name":"ДТ\\Беломорская ул. 13 к.1","site_type":"Резиновая крошка","improvement_year":"2025"},"geometry":{"type":"Point","coordinates":[37.473495,55.866157]}},{"type":"Feature","id":"sp-1185469559-1960","properties":{"category":"СП","layer":"sp","district":"Левобережный","section":"Без участка","name":"ДТ\\Беломорская ул. 13 к.1","address":"Беломорская ул. 13 к.1","type":"Спортивная площадка","parent_id":"1185469559","parent_name":"ДТ\\Беломорская ул. 13 к.1","site_type":"Резиновая крошка","improvement_year":"2025"},"geometry":{"type":"Point","coordinates":[37.473257,55.866135]}},{"type":"Feature","id":"sp-1192614026-1962","properties":{"category":"СП","layer":"sp","district":"Левобережный","section":"Без участка","name":"ДТ\\Валдайский пр. 13А к.1","address":"Валдайский пр. 13А к.1","type":"Спортивная площадка","parent_id":"1192614026","parent_name":"ДТ\\Валдайский пр. 13А к.1","site_type":"Резиновая крошка","improvement_year":"2026"},"geometry":{"type":"Point","coordinates":[37.464463,55.870833]}},{"type":"Feature","id":"sp-1189745525-1967","properties":{"category":"СП","layer":"sp","district":"Левобережный","section":"Без участка","name":"ДТ\\Ленинградское шоссе 108","address":"Ленинградское шоссе 108","type":"Спортивная площадка","parent_id":"1189745525","parent_name":"ДТ\\Ленинградское шоссе 108","site_type":"Резиновая крошка","improvement_year":"2022"},"geometry":{"type":"Point","coordinates":[37.467959,55.859963]}},{"type":"Feature","id":"sp-1136642630-1970","properties":{"category":"СП","layer":"sp","district":"Левобережный","section":"Без участка","name":"ДТ\\Беломорская ул. 11 к.1","address":"Беломорская ул. 11 к.1","type":"Спортивная площадка","parent_id":"1136642630","parent_name":"ДТ\\Беломорская ул. 11 к.1","site_type":"Резиновая крошка","improvement_year":"2023"},"geometry":{"type":"Point","coordinates":[37.470844,55.865079]}},{"type":"Feature","id":"sp-1192614024-1971","properties":{"category":"СП","layer":"sp","district":"Левобережный","section":"Без участка","name":"ДТ\\Валдайский пр. 13А к.1","address":"Валдайский пр. 13А к.1","type":"Спортивная площадка","parent_id":"1192614024","parent_name":"ДТ\\Валдайский пр. 13А к.1","site_type":"Резиновая крошка","improvement_year":"2026"},"geometry":{"type":"Point","coordinates":[37.464882,55.870314]}},{"type":"Feature","id":"sp-1019398874-1972","properties":{"category":"СП","layer":"sp","district":"Левобережный","section":"Без участка","name":"ДТ\\Смольная ул. 51 к.2","address":"Смольная ул. 51 к.2","type":"Спортивная площадка","parent_id":"1019398874","parent_name":"ДТ\\Смольная ул. 51 к.2","site_type":"Резиновая крошка","improvement_year":"2019"},"geometry":{"type":"Point","coordinates":[37.476406,55.864578]}},{"type":"Feature","id":"sp-988058915-1981","properties":{"category":"СП","layer":"sp","district":"Левобережный","section":"Без участка","name":"ДТ\\Прибрежный пр. 5","address":"Прибрежный пр. 5","type":"Спортивная площадка","parent_id":"988058915","parent_name":"ДТ\\Прибрежный пр. 5","site_type":"Резиновая крошка","improvement_year":"2018"},"geometry":{"type":"Point","coordinates":[37.46230515854157,55.873796533319286]}},{"type":"Feature","id":"sp-988058918-1983","properties":{"category":"СП","layer":"sp","district":"Левобережный","section":"Без участка","name":"ДТ\\Прибрежный пр. 5","address":"Прибрежный пр. 5","type":"Спортивная площадка","parent_id":"988058918","parent_name":"ДТ\\Прибрежный пр. 5","site_type":"Резиновая крошка","improvement_year":"2018"},"geometry":{"type":"Point","coordinates":[37.46264737930542,55.87376863669908]}},{"type":"Feature","id":"sp-1019095875-1989","properties":{"category":"СП","layer":"sp","district":"Левобережный","section":"Без участка","name":"ДТ\\Ленинградское шоссе 108 к.1","address":"Ленинградское шоссе 108 к.1","type":"Спортивная площадка","parent_id":"1019095875","parent_name":"ДТ\\Ленинградское шоссе 108 к.1","site_type":"Резиновая крошка","improvement_year":"2024"},"geometry":{"type":"Point","coordinates":[37.46922,55.86073]}},{"type":"Feature","id":"sp-1019095859-1990","properties":{"category":"СП","layer":"sp","district":"Левобережный","section":"Без участка","name":"ДТ\\Ленинградское шоссе 108 к.1","address":"Ленинградское шоссе 108 к.1","type":"Спортивная площадка","parent_id":"1019095859","parent_name":"ДТ\\Ленинградское шоссе 108 к.1","site_type":"Резиновая крошка","improvement_year":"2024"},"geometry":{"type":"Point","coordinates":[37.468982,55.861166]}},{"type":"Feature","id":"sp-1143602188-1992","properties":{"category":"СП","layer":"sp","district":"Левобережный","section":"Без участка","name":"ДТ\\Смольная ул. 61 к.1","address":"Смольная ул. 61 к.1","type":"Спортивная площадка","parent_id":"1143602188","parent_name":"ДТ\\Смольная ул. 61 к.1","site_type":"Резиновая крошка","improvement_year":"2025"},"geometry":{"type":"Point","coordinates":[37.471873,55.869199]}},{"type":"Feature","id":"sp-1143602186-1993","properties":{"category":"СП","layer":"sp","district":"Левобережный","section":"Без участка","name":"ДТ\\Смольная ул. 61 к.1","address":"Смольная ул. 61 к.1","type":"Спортивная площадка","parent_id":"1143602186","parent_name":"ДТ\\Смольная ул. 61 к.1","site_type":"Резиновая крошка","improvement_year":"2025"},"geometry":{"type":"Point","coordinates":[37.472865,55.867904]}},{"type":"Feature","id":"sp-1143602176-1996","properties":{"category":"СП","layer":"sp","district":"Левобережный","section":"Без участка","name":"ДТ\\Смольная ул. 61 к.1","address":"Смольная ул. 61 к.1","type":"Спортивная площадка","parent_id":"1143602176","parent_name":"ДТ\\Смольная ул. 61 к.1","site_type":"Резиновая крошка","improvement_year":"2025"},"geometry":{"type":"Point","coordinates":[37.472928,55.867997]}},{"type":"Feature","id":"sp-1143602184-1997","properties":{"category":"СП","layer":"sp","district":"Левобережный","section":"Без участка","name":"ДТ\\Смольная ул. 61 к.1","address":"Смольная ул. 61 к.1","type":"Спортивная площадка","parent_id":"1143602184","parent_name":"ДТ\\Смольная ул. 61 к.1","site_type":"Резиновая крошка","improvement_year":"2025"},"geometry":{"type":"Point","coordinates":[37.472673,55.868157]}},{"type":"Feature","id":"sp-1194057823-1999","properties":{"category":"СП","layer":"sp","district":"Левобережный","section":"Без участка","name":"ДТ\\Беломорская ул. 10 к.3","address":"Беломорская ул. 10 к.3","type":"Спортивная площадка","parent_id":"1194057823","parent_name":"ДТ\\Беломорская ул. 10 к.3","site_type":"Асфальтобетонное","improvement_year":"2019"},"geometry":{"type":"Point","coordinates":[37.471484,55.860673]}},{"type":"Feature","id":"sp-1194057821-2000","properties":{"category":"СП","layer":"sp","district":"Левобережный","section":"Без участка","name":"ДТ\\Беломорская ул. 10 к.3","address":"Беломорская ул. 10 к.3","type":"Спортивная площадка","parent_id":"1194057821","parent_name":"ДТ\\Беломорская ул. 10 к.3","site_type":"Песчано-гравийная смесь","improvement_year":"2015"},"geometry":{"type":"Point","coordinates":[37.47194,55.86171]}},{"type":"Feature","id":"sp-1194057831-2001","properties":{"category":"СП","layer":"sp","district":"Левобережный","section":"Без участка","name":"ДТ\\Беломорская ул. 10 к.3","address":"Беломорская ул. 10 к.3","type":"Спортивная площадка","parent_id":"1194057831","parent_name":"ДТ\\Беломорская ул. 10 к.3","site_type":"Резиновая крошка","improvement_year":"2025"},"geometry":{"type":"Point","coordinates":[37.471247,55.860846]}},{"type":"Feature","id":"sp-1194057825-2002","properties":{"category":"СП","layer":"sp","district":"Левобережный","section":"Без участка","name":"ДТ\\Беломорская ул. 10 к.3","address":"Беломорская ул. 10 к.3","type":"Спортивная площадка","parent_id":"1194057825","parent_name":"ДТ\\Беломорская ул. 10 к.3","site_type":"Резиновая крошка","improvement_year":"2025"},"geometry":{"type":"Point","coordinates":[37.471975,55.860921]}},{"type":"Feature","id":"sp-1030576534-2009","properties":{"category":"СП","layer":"sp","district":"Левобережный","section":"Без участка","name":"ДТ\\Смольная ул. 49","address":"Смольная ул. 49","type":"Спортивная площадка","parent_id":"1030576534","parent_name":"ДТ\\Смольная ул. 49","site_type":"Резиновая крошка","improvement_year":"2015"},"geometry":{"type":"Point","coordinates":[37.477681,55.863325]}},{"type":"Feature","id":"sp-1027558708-2011","properties":{"category":"СП","layer":"sp","district":"Левобережный","section":"Без участка","name":"ДТ\\Смольная ул. 41, 43, 45","address":"Смольная ул. 41, 43, 45","type":"Спортивная площадка","parent_id":"1027558708","parent_name":"ДТ\\Смольная ул. 41, 43, 45","site_type":"Резиновая крошка","improvement_year":"2026"},"geometry":{"type":"Point","coordinates":[37.478818,55.861376]}},{"type":"Feature","id":"sp-1027558706-2012","properties":{"category":"СП","layer":"sp","district":"Левобережный","section":"Без участка","name":"ДТ\\Смольная ул. 41, 43, 45","address":"Смольная ул. 41, 43, 45","type":"Спортивная площадка","parent_id":"1027558706","parent_name":"ДТ\\Смольная ул. 41, 43, 45","site_type":"Резиновая крошка","improvement_year":"2026"},"geometry":{"type":"Point","coordinates":[37.478818,55.861376]}},{"type":"Feature","id":"sp-1091128662-2014","properties":{"category":"СП","layer":"sp","district":"Левобережный","section":"Без участка","name":"ДТ\\Валдайский пр. 17А к.1","address":"Валдайский пр. 17А к.1","type":"Спортивная площадка","parent_id":"1091128662","parent_name":"ДТ\\Валдайский пр. 17А к.1","site_type":"Резиновая крошка","improvement_year":"2026"},"geometry":{"type":"Point","coordinates":[37.463362,55.872428]}},{"type":"Feature","id":"sp-1200924188-2017","properties":{"category":"СП","layer":"sp","district":"Левобережный","section":"Без участка","name":"ДТ\\Ленинградское шоссе 112 к.4","address":"Ленинградское шоссе 112 к.4","type":"Спортивная площадка","parent_id":"1200924188","parent_name":"ДТ\\Ленинградское шоссе 112 к.4","site_type":"Резиновая крошка","improvement_year":"2022"},"geometry":{"type":"Point","coordinates":[37.465705,55.865606]}},{"type":"Feature","id":"sp-985972826-2023","properties":{"category":"СП","layer":"sp","district":"Левобережный","section":"Без участка","name":"ДТ\\Фестивальная ул. 5","address":"Фестивальная ул. 5","type":"Спортивная площадка","parent_id":"985972826","parent_name":"ДТ\\Фестивальная ул. 5","site_type":"Резиновая крошка","improvement_year":"2019"},"geometry":{"type":"Point","coordinates":[37.473845,55.855308]}},{"type":"Feature","id":"sp-1140337054-2026","properties":{"category":"СП","layer":"sp","district":"Левобережный","section":"Без участка","name":"ДТ\\Ленинградское шоссе 98 к.6","address":"Ленинградское шоссе 98 к.6","type":"Спортивная площадка","parent_id":"1140337054","parent_name":"ДТ\\Ленинградское шоссе 98 к.6","site_type":"Резиновая крошка","improvement_year":"2023"},"geometry":{"type":"Point","coordinates":[37.471263,55.859183]}},{"type":"Feature","id":"sp-1193354548-2033","properties":{"category":"СП","layer":"sp","district":"Левобережный","section":"Без участка","name":"ДТ\\Фестивальная ул. 13 к.2","address":"Фестивальная ул. 13 к.2","type":"Спортивная площадка","parent_id":"1193354548","parent_name":"ДТ\\Фестивальная ул. 13 к.2","site_type":"Резиновая крошка","improvement_year":"2018"},"geometry":{"type":"Point","coordinates":[37.476742,55.856001]}},{"type":"Feature","id":"sp-1189717207-2035","properties":{"category":"СП","layer":"sp","district":"Левобережный","section":"Без участка","name":"ДТ\\Фестивальная ул. 41 к.2","address":"Фестивальная ул. 41 к.2","type":"Спортивная площадка","parent_id":"1189717207","parent_name":"ДТ\\Фестивальная ул. 41 к.2","site_type":"Резиновая крошка","improvement_year":"2019"},"geometry":{"type":"Point","coordinates":[37.482394,55.85913]}},{"type":"Feature","id":"sp-1189154038-2037","properties":{"category":"СП","layer":"sp","district":"Левобережный","section":"Без участка","name":"ДТ\\Ленинградское шоссе 112 к.3","address":"Ленинградское шоссе 112 к.3","type":"Спортивная площадка","parent_id":"1189154038","parent_name":"ДТ\\Ленинградское шоссе 112 к.3","site_type":"Резиновая крошка","improvement_year":"2024"},"geometry":{"type":"Point","coordinates":[37.466074,55.865105]}},{"type":"Feature","id":"sp-1189154042-2038","properties":{"category":"СП","layer":"sp","district":"Левобережный","section":"Без участка","name":"ДТ\\Ленинградское шоссе 112 к.3","address":"Ленинградское шоссе 112 к.3","type":"Спортивная площадка","parent_id":"1189154042","parent_name":"ДТ\\Ленинградское шоссе 112 к.3","site_type":"Резиновая крошка","improvement_year":"2024"},"geometry":{"type":"Point","coordinates":[37.465646,55.865034]}},{"type":"Feature","id":"sp-1027555076-2040","properties":{"category":"СП","layer":"sp","district":"Левобережный","section":"Без участка","name":"ДТ\\Фестивальная ул. 4","address":"Фестивальная ул. 4","type":"Спортивная площадка","parent_id":"1027555076","parent_name":"ДТ\\Фестивальная ул. 4","site_type":"Резиновая крошка","improvement_year":"2019"},"geometry":{"type":"Point","coordinates":[37.484642,55.856973]}},{"type":"Feature","id":"sp-1041177792-2044","properties":{"category":"СП","layer":"sp","district":"Молжаниновский","section":"Без участка","name":"ДТ\\Синявинская ул. 11 к.10, 11 к.4","address":"Синявинская ул. 11 к.10, 11 к.4","type":"Спортивная площадка","parent_id":"1041177792","parent_name":"ДТ\\Синявинская ул. 11 к.10, 11 к.4","site_type":"Резиновая крошка","improvement_year":"2023"},"geometry":{"type":"Point","coordinates":[37.34645,55.94725]}},{"type":"Feature","id":"sp-1041177852-2046","properties":{"category":"СП","layer":"sp","district":"Молжаниновский","section":"Без участка","name":"ДТ\\Синявинская ул. 11 к.10, 11 к.4","address":"Синявинская ул. 11 к.10, 11 к.4","type":"Спортивная площадка","parent_id":"1041177852","parent_name":"ДТ\\Синявинская ул. 11 к.10, 11 к.4","site_type":"Резиновая крошка","improvement_year":"2023"},"geometry":{"type":"Point","coordinates":[37.346115,55.947367]}},{"type":"Feature","id":"sp-1144281644-2047","properties":{"category":"СП","layer":"sp","district":"Молжаниновский","section":"Без участка","name":"ДТ\\Синявинская ул. 11 к.1, 11 к.2","address":"Синявинская ул. 11 к.1, 11 к.2","type":"Спортивная площадка","parent_id":"1144281644","parent_name":"ДТ\\Синявинская ул. 11 к.1, 11 к.2","site_type":"Резиновая крошка","improvement_year":"2023"},"geometry":{"type":"Point","coordinates":[37.346102,55.948861]}},{"type":"Feature","id":"sp-1000129781-2048","properties":{"category":"СП","layer":"sp","district":"Молжаниновский","section":"Без участка","name":"ДТ\\Синявинская ул. 11 к.3","address":"Синявинская ул. 11 к.3","type":"Спортивная площадка","parent_id":"1000129781","parent_name":"ДТ\\Синявинская ул. 11 к.3","site_type":"Резиновая крошка","improvement_year":"2018"},"geometry":{"type":"Point","coordinates":[37.347106,55.948277]}},{"type":"Feature","id":"sp-1000129783-2049","properties":{"category":"СП","layer":"sp","district":"Молжаниновский","section":"Без участка","name":"ДТ\\Синявинская ул. 11 к.3","address":"Синявинская ул. 11 к.3","type":"Спортивная площадка","parent_id":"1000129783","parent_name":"ДТ\\Синявинская ул. 11 к.3","site_type":"Резиновая крошка","improvement_year":"2018"},"geometry":{"type":"Point","coordinates":[37.347336,55.948152]}},{"type":"Feature","id":"sp-1000129787-2051","properties":{"category":"СП","layer":"sp","district":"Молжаниновский","section":"Без участка","name":"ДТ\\Синявинская ул. 11 к.3","address":"Синявинская ул. 11 к.3","type":"Спортивная площадка","parent_id":"1000129787","parent_name":"ДТ\\Синявинская ул. 11 к.3","site_type":"Резиновая крошка","improvement_year":"2018"},"geometry":{"type":"Point","coordinates":[37.347009,55.948386]}},{"type":"Feature","id":"sp-1000129809-2053","properties":{"category":"СП","layer":"sp","district":"Молжаниновский","section":"Без участка","name":"ДТ\\Синявинская ул. 11 к.3","address":"Синявинская ул. 11 к.3","type":"Спортивная площадка","parent_id":"1000129809","parent_name":"ДТ\\Синявинская ул. 11 к.3","site_type":"Резиновая крошка","improvement_year":"2018"},"geometry":{"type":"Point","coordinates":[37.347296,55.94838]}},{"type":"Feature","id":"sp-1046352159-2055","properties":{"category":"СП","layer":"sp","district":"Молжаниновский","section":"Без участка","name":"ДТ\\Синявинская ул. 11 к.5","address":"Синявинская ул. 11 к.5","type":"Спортивная площадка","parent_id":"1046352159","parent_name":"ДТ\\Синявинская ул. 11 к.5","site_type":"Резиновая крошка","improvement_year":"2018"},"geometry":{"type":"Point","coordinates":[37.344492,55.946349]}},{"type":"Feature","id":"sp-1046352161-2056","properties":{"category":"СП","layer":"sp","district":"Молжаниновский","section":"Без участка","name":"ДТ\\Синявинская ул. 11 к.5","address":"Синявинская ул. 11 к.5","type":"Спортивная площадка","parent_id":"1046352161","parent_name":"ДТ\\Синявинская ул. 11 к.5","site_type":"Резиновая крошка","improvement_year":"2018"},"geometry":{"type":"Point","coordinates":[37.344278,55.946491]}},{"type":"Feature","id":"sp-898915795-2059","properties":{"category":"СП","layer":"sp","district":"Молжаниновский","section":"Без участка","name":"ДТ\\Синявинская ул. 11 к.6, 11 к.7, 11 к.8, 11 к.9","address":"Синявинская ул. 11 к.6, 11 к.7, 11 к.8, 11 к.9","type":"Спортивная площадка","parent_id":"898915795","parent_name":"ДТ\\Синявинская ул. 11 к.6, 11 к.7, 11 к.8, 11 к.9","site_type":"Резиновая крошка","improvement_year":"2018"},"geometry":{"type":"Point","coordinates":[37.345385,55.945741]}},{"type":"Feature","id":"sp-898915797-2060","properties":{"category":"СП","layer":"sp","district":"Молжаниновский","section":"Без участка","name":"ДТ\\Синявинская ул. 11 к.6, 11 к.7, 11 к.8, 11 к.9","address":"Синявинская ул. 11 к.6, 11 к.7, 11 к.8, 11 к.9","type":"Спортивная площадка","parent_id":"898915797","parent_name":"ДТ\\Синявинская ул. 11 к.6, 11 к.7, 11 к.8, 11 к.9","site_type":"Резиновая крошка","improvement_year":"2018"},"geometry":{"type":"Point","coordinates":[37.345686,55.945874]}},{"type":"Feature","id":"sp-898915839-2061","properties":{"category":"СП","layer":"sp","district":"Молжаниновский","section":"Без участка","name":"ДТ\\Синявинская ул. 11 к.6, 11 к.7, 11 к.8, 11 к.9","address":"Синявинская ул. 11 к.6, 11 к.7, 11 к.8, 11 к.9","type":"Спортивная площадка","parent_id":"898915839","parent_name":"ДТ\\Синявинская ул. 11 к.6, 11 к.7, 11 к.8, 11 к.9","site_type":"Резиновая крошка","improvement_year":"2018"},"geometry":{"type":"Point","coordinates":[37.345857,55.945989]}},{"type":"Feature","id":"sp-898915841-2062","properties":{"category":"СП","layer":"sp","district":"Молжаниновский","section":"Без участка","name":"ДТ\\Синявинская ул. 11 к.6, 11 к.7, 11 к.8, 11 к.9","address":"Синявинская ул. 11 к.6, 11 к.7, 11 к.8, 11 к.9","type":"Спортивная площадка","parent_id":"898915841","parent_name":"ДТ\\Синявинская ул. 11 к.6, 11 к.7, 11 к.8, 11 к.9","site_type":"Резиновая крошка","improvement_year":"2018"},"geometry":{"type":"Point","coordinates":[37.346161,55.945805]}},{"type":"Feature","id":"sp-892715860-2066","properties":{"category":"СП","layer":"sp","district":"Молжаниновский","section":"Без участка","name":"ДТ\\Синявинская ул. 11 к.15, 11 к.16","address":"Синявинская ул. 11 к.15, 11 к.16","type":"Спортивная площадка","parent_id":"892715860","parent_name":"ДТ\\Синявинская ул. 11 к.15, 11 к.16","site_type":"Резиновая крошка","improvement_year":"2024"},"geometry":{"type":"Point","coordinates":[37.34816,55.944246]}},{"type":"Feature","id":"sp-982766995-2072","properties":{"category":"СП","layer":"sp","district":"Савеловский","section":"Без участка","name":"ДТ\\Хуторская 1-я ул. 2 к.1, 2 к.2, 2 к.3","address":"Хуторская 1-я ул. 2 к.1, 2 к.2, 2 к.3","type":"Спортивная площадка","parent_id":"982766995","parent_name":"ДТ\\Хуторская 1-я ул. 2 к.1, 2 к.2, 2 к.3","site_type":"Резиновая крошка","improvement_year":"2019"},"geometry":{"type":"Point","coordinates":[37.565909,55.801479]}},{"type":"Feature","id":"sp-1129373960-2085","properties":{"category":"СП","layer":"sp","district":"Савеловский","section":"Без участка","name":"ДТ\\Вятская ул. 1, 3; Масловка Нижн. ул. 6 к.1, 6 к.2","address":"Вятская ул. 1, 3; Масловка Нижн. ул. 6 к.1, 6 к.2","type":"Спортивная площадка","parent_id":"1129373960","parent_name":"ДТ\\Вятская ул. 1, 3; Масловка Нижн. ул. 6 к.1, 6 к.2","site_type":"Резиновая крошка","improvement_year":"2012"},"geometry":{"type":"Point","coordinates":[37.58024,55.792613]}},{"type":"Feature","id":"sp-982846011-2093","properties":{"category":"СП","layer":"sp","district":"Савеловский","section":"Без участка","name":"ДТ\\Вятский 4-й пер. 27","address":"Вятский 4-й пер. 27","type":"Спортивная площадка","parent_id":"982846011","parent_name":"ДТ\\Вятский 4-й пер. 27","site_type":"Резиновая крошка","improvement_year":"2018"},"geometry":{"type":"Point","coordinates":[37.573342,55.80015]}},{"type":"Feature","id":"sp-988817736-2095","properties":{"category":"СП","layer":"sp","district":"Савеловский","section":"Без участка","name":"ДТ\\Квесисская 2-я ул. 23; Полтавская ул. 4","address":"Квесисская 2-я ул. 23; Полтавская ул. 4","type":"Спортивная площадка","parent_id":"988817736","parent_name":"ДТ\\Квесисская 2-я ул. 23; Полтавская ул. 4","site_type":"Резиновая крошка","improvement_year":"2019"},"geometry":{"type":"Point","coordinates":[37.57494,55.794294]}},{"type":"Feature","id":"sp-988387367-2099","properties":{"category":"СП","layer":"sp","district":"Савеловский","section":"Без участка","name":"ДТ\\Петровско-Разумовский пр. 24 к.17, 24 к.18, 24 к.19","address":"Петровско-Разумовский пр. 24 к.17, 24 к.18, 24 к.19","type":"Спортивная площадка","parent_id":"988387367","parent_name":"ДТ\\Петровско-Разумовский пр. 24 к.17, 24 к.18, 24 к.19","site_type":"Резиновая крошка","improvement_year":"2022"},"geometry":{"type":"Point","coordinates":[37.566222,55.803272]}},{"type":"Feature","id":"sp-982116226-2100","properties":{"category":"СП","layer":"sp","district":"Савеловский","section":"Без участка","name":"ДТ\\Вятский 4-й пер. 16 к.1, 16 к.2","address":"Вятский 4-й пер. 16 к.1, 16 к.2","type":"Спортивная площадка","parent_id":"982116226","parent_name":"ДТ\\Вятский 4-й пер. 16 к.1, 16 к.2","site_type":"Резиновая крошка","improvement_year":"2014"},"geometry":{"type":"Point","coordinates":[37.570684,55.800687]}},{"type":"Feature","id":"sp-982116232-2103","properties":{"category":"СП","layer":"sp","district":"Савеловский","section":"Без участка","name":"ДТ\\Вятский 4-й пер. 16 к.1, 16 к.2","address":"Вятский 4-й пер. 16 к.1, 16 к.2","type":"Спортивная площадка","parent_id":"982116232","parent_name":"ДТ\\Вятский 4-й пер. 16 к.1, 16 к.2","site_type":"Резиновая крошка","improvement_year":"2014"},"geometry":{"type":"Point","coordinates":[37.57132,55.80155]}},{"type":"Feature","id":"sp-982833834-2105","properties":{"category":"СП","layer":"sp","district":"Савеловский","section":"Без участка","name":"ДТ\\Петровско-Разумовский Стар. пр. 5-13","address":"Петровско-Разумовский Стар. пр. 5-13","type":"Спортивная площадка","parent_id":"982833834","parent_name":"ДТ\\Петровско-Разумовский Стар. пр. 5-13","site_type":"Резиновая крошка","improvement_year":"2018"},"geometry":{"type":"Point","coordinates":[37.560049,55.799392]}},{"type":"Feature","id":"sp-982103465-2113","properties":{"category":"СП","layer":"sp","district":"Савеловский","section":"Без участка","name":"ДТ\\Хуторской 2-й пер. 4/13","address":"Хуторской 2-й пер. 4/13","type":"Спортивная площадка","parent_id":"982103465","parent_name":"ДТ\\Хуторской 2-й пер. 4/13","site_type":"Резиновая крошка","improvement_year":"2015"},"geometry":{"type":"Point","coordinates":[37.577367,55.806335]}},{"type":"Feature","id":"sp-1189534877-2129","properties":{"category":"СП","layer":"sp","district":"Савеловский","section":"Без участка","name":"ДТ\\Вятский 4-й пер. 23; Полтавская ул. 18","address":"Вятский 4-й пер. 23; Полтавская ул. 18","type":"Спортивная площадка","parent_id":"1189534877","parent_name":"ДТ\\Вятский 4-й пер. 23; Полтавская ул. 18","site_type":"Резиновая крошка","improvement_year":"2023"},"geometry":{"type":"Point","coordinates":[37.573435,55.800072]}},{"type":"Feature","id":"sp-1194949901-2137","properties":{"category":"СП","layer":"sp","district":"Савеловский","section":"Без участка","name":"ДТ\\Башиловская ул. 23 к.2, 23 к.3","address":"Башиловская ул. 23 к.2, 23 к.3","type":"Спортивная площадка","parent_id":"1194949901","parent_name":"ДТ\\Башиловская ул. 23 к.2, 23 к.3","site_type":"Резиновая крошка","improvement_year":"2023"},"geometry":{"type":"Point","coordinates":[37.5726,55.801531]}},{"type":"Feature","id":"sp-1019384751-2142","properties":{"category":"СП","layer":"sp","district":"Савеловский","section":"Без участка","name":"ДТ\\Юннатов ул. 17 к.1, 17 к.2, 17 к.3, 17 к.4","address":"Юннатов ул. 17 к.1, 17 к.2, 17 к.3, 17 к.4","type":"Спортивная площадка","parent_id":"1019384751","parent_name":"ДТ\\Юннатов ул. 17 к.1, 17 к.2, 17 к.3, 17 к.4","site_type":"Резиновая крошка","improvement_year":"2019"},"geometry":{"type":"Point","coordinates":[37.557187,55.802585]}},{"type":"Feature","id":"sp-1136567979-2144","properties":{"category":"СП","layer":"sp","district":"Савеловский","section":"Без участка","name":"ДТ\\Бутырская ул. 3, 5","address":"Бутырская ул. 3, 5","type":"Спортивная площадка","parent_id":"1136567979","parent_name":"ДТ\\Бутырская ул. 3, 5","site_type":"Резиновая крошка","improvement_year":"2018"},"geometry":{"type":"Point","coordinates":[37.582972,55.793576]}},{"type":"Feature","id":"sp-1136567981-2145","properties":{"category":"СП","layer":"sp","district":"Савеловский","section":"Без участка","name":"ДТ\\Бутырская ул. 3, 5","address":"Бутырская ул. 3, 5","type":"Спортивная площадка","parent_id":"1136567981","parent_name":"ДТ\\Бутырская ул. 3, 5","site_type":"Резиновая крошка","improvement_year":"2018"},"geometry":{"type":"Point","coordinates":[37.583101,55.793717]}},{"type":"Feature","id":"sp-1204422204-2146","properties":{"category":"СП","layer":"sp","district":"Савеловский","section":"Без участка","name":"ДТ\\Башиловская ул. 29; Хуторская 2-я ул. 27","address":"Башиловская ул. 29; Хуторская 2-я ул. 27","type":"Спортивная площадка","parent_id":"1204422204","parent_name":"ДТ\\Башиловская ул. 29; Хуторская 2-я ул. 27","site_type":"Резиновая крошка","improvement_year":"2023"},"geometry":{"type":"Point","coordinates":[37.571133,55.80497]}},{"type":"Feature","id":"sp-1139549213-2154","properties":{"category":"СП","layer":"sp","district":"Савеловский","section":"Без участка","name":"ДТ\\Петровско-Разумовский пр. 12","address":"Петровско-Разумовский пр. 12","type":"Спортивная площадка","parent_id":"1139549213","parent_name":"ДТ\\Петровско-Разумовский пр. 12","site_type":"Асфальтобетонное","improvement_year":"2024"},"geometry":{"type":"Point","coordinates":[37.570087,55.795493]}},{"type":"Feature","id":"sp-1139549219-2155","properties":{"category":"СП","layer":"sp","district":"Савеловский","section":"Без участка","name":"ДТ\\Петровско-Разумовский пр. 12","address":"Петровско-Разумовский пр. 12","type":"Спортивная площадка","parent_id":"1139549219","parent_name":"ДТ\\Петровско-Разумовский пр. 12","site_type":"Асфальтобетонное","improvement_year":"2023"},"geometry":{"type":"Point","coordinates":[37.570172,55.795629]}},{"type":"Feature","id":"sp-1290007648-2158","properties":{"category":"СП","layer":"sp","district":"Савеловский","section":"Без участка","name":"ДТ\\Петровско-Разумовский пр. 14","address":"Петровско-Разумовский пр. 14","type":"Спортивная площадка","parent_id":"1290007648","parent_name":"ДТ\\Петровско-Разумовский пр. 14","site_type":"Резиновая крошка","improvement_year":"2024"},"geometry":{"type":"Point","coordinates":[37.56994,55.796388]}},{"type":"Feature","id":"sp-986003295-2163","properties":{"category":"СП","layer":"sp","district":"Савеловский","section":"Без участка","name":"ДТ\\Петровско-Разумовский Стар. пр. 3; Юннатов ул. 8А","address":"Петровско-Разумовский Стар. пр. 3; Юннатов ул. 8А","type":"Спортивная площадка","parent_id":"986003295","parent_name":"ДТ\\Петровско-Разумовский Стар. пр. 3; Юннатов ул. 8А","site_type":"Резиновая крошка","improvement_year":"2018"},"geometry":{"type":"Point","coordinates":[37.562691,55.799749]}},{"type":"Feature","id":"sp-987085427-2166","properties":{"category":"СП","layer":"sp","district":"Савеловский","section":"Без участка","name":"ДТ\\Бутырская ул. 65/68","address":"Бутырская ул. 65/68","type":"Спортивная площадка","parent_id":"987085427","parent_name":"ДТ\\Бутырская ул. 65/68","site_type":"Асфальтобетонное","improvement_year":"2016"},"geometry":{"type":"Point","coordinates":[37.581887,55.801984]}},{"type":"Feature","id":"sp-987085429-2167","properties":{"category":"СП","layer":"sp","district":"Савеловский","section":"Без участка","name":"ДТ\\Бутырская ул. 65/68","address":"Бутырская ул. 65/68","type":"Спортивная площадка","parent_id":"987085429","parent_name":"ДТ\\Бутырская ул. 65/68","site_type":"Резиновая крошка","improvement_year":"2025"},"geometry":{"type":"Point","coordinates":[37.581887,55.801984]}},{"type":"Feature","id":"sp-1178583698-2169","properties":{"category":"СП","layer":"sp","district":"Савеловский","section":"Без участка","name":"ДТ\\Бутырская ул. 15","address":"Бутырская ул. 15","type":"Спортивная площадка","parent_id":"1178583698","parent_name":"ДТ\\Бутырская ул. 15","site_type":"Резиновая крошка","improvement_year":"2025"},"geometry":{"type":"Point","coordinates":[37.582381,55.797296]}},{"type":"Feature","id":"sp-1189727505-2174","properties":{"category":"СП","layer":"sp","district":"Савеловский","section":"Без участка","name":"ДТ\\Башиловская ул. 15, 17; Писцовая ул. 14","address":"Башиловская ул. 15, 17; Писцовая ул. 14","type":"Спортивная площадка","parent_id":"1189727505","parent_name":"ДТ\\Башиловская ул. 15, 17; Писцовая ул. 14","site_type":"Резиновая крошка","improvement_year":"2023"},"geometry":{"type":"Point","coordinates":[37.575306,55.798227]}},{"type":"Feature","id":"sp-986221543-2176","properties":{"category":"СП","layer":"sp","district":"Савеловский","section":"Без участка","name":"ДТ\\Масловка Нижн. ул. 14; Полтавская ул. 2","address":"Масловка Нижн. ул. 14; Полтавская ул. 2","type":"Спортивная площадка","parent_id":"986221543","parent_name":"ДТ\\Масловка Нижн. ул. 14; Полтавская ул. 2","site_type":"Резиновая крошка","improvement_year":"2025"},"geometry":{"type":"Point","coordinates":[37.575613,55.792762]}},{"type":"Feature","id":"sp-986221551-2177","properties":{"category":"СП","layer":"sp","district":"Савеловский","section":"Без участка","name":"ДТ\\Масловка Нижн. ул. 14; Полтавская ул. 2","address":"Масловка Нижн. ул. 14; Полтавская ул. 2","type":"Спортивная площадка","parent_id":"986221551","parent_name":"ДТ\\Масловка Нижн. ул. 14; Полтавская ул. 2","site_type":"Резиновая крошка","improvement_year":"2025"},"geometry":{"type":"Point","coordinates":[37.575746,55.792653]}},{"type":"Feature","id":"sp-986221531-2178","properties":{"category":"СП","layer":"sp","district":"Савеловский","section":"Без участка","name":"ДТ\\Масловка Нижн. ул. 14; Полтавская ул. 2","address":"Масловка Нижн. ул. 14; Полтавская ул. 2","type":"Спортивная площадка","parent_id":"986221531","parent_name":"ДТ\\Масловка Нижн. ул. 14; Полтавская ул. 2","site_type":"Резиновая крошка","improvement_year":"2025"},"geometry":{"type":"Point","coordinates":[37.575879,55.792704]}},{"type":"Feature","id":"sp-1204350842-2180","properties":{"category":"СП","layer":"sp","district":"Савеловский","section":"Без участка","name":"ДТ\\Мирской пер. 4, 8 к.1, 8 к.2, 8 к.3; Петровско-Разумовский пр. 17, 17А","address":"Мирской пер. 4, 8 к.1, 8 к.2, 8 к.3; Петровско-Разумовский пр. 17, 17А","type":"Спортивная площадка","parent_id":"1204350842","parent_name":"ДТ\\Мирской пер. 4, 8 к.1, 8 к.2, 8 к.3; Петровско-Разумовский пр. 17, 17А","site_type":"Резиновая крошка","improvement_year":"2024"},"geometry":{"type":"Point","coordinates":[37.565829,55.797946]}},{"type":"Feature","id":"sp-1198535040-2187","properties":{"category":"СП","layer":"sp","district":"Савеловский","section":"Без участка","name":"ДТ\\Петровско-Разумовский пр. 16, 16 к.2","address":"Петровско-Разумовский пр. 16, 16 к.2","type":"Спортивная площадка","parent_id":"1198535040","parent_name":"ДТ\\Петровско-Разумовский пр. 16, 16 к.2","site_type":"Резиновая крошка","improvement_year":"2024"},"geometry":{"type":"Point","coordinates":[37.569335,55.798029]}},{"type":"Feature","id":"sp-1198535044-2189","properties":{"category":"СП","layer":"sp","district":"Савеловский","section":"Без участка","name":"ДТ\\Петровско-Разумовский пр. 16, 16 к.2","address":"Петровско-Разумовский пр. 16, 16 к.2","type":"Спортивная площадка","parent_id":"1198535044","parent_name":"ДТ\\Петровско-Разумовский пр. 16, 16 к.2","site_type":"Резиновая крошка","improvement_year":"2024"},"geometry":{"type":"Point","coordinates":[37.56983,55.797874]}},{"type":"Feature","id":"sp-988216720-2203","properties":{"category":"СП","layer":"sp","district":"Савеловский","section":"Без участка","name":"ДТ\\Масловка Верхн. ул. 10, 12, 8","address":"Масловка Верхн. ул. 10, 12, 8","type":"Спортивная площадка","parent_id":"988216720","parent_name":"ДТ\\Масловка Верхн. ул. 10, 12, 8","site_type":"Резиновая крошка","improvement_year":"2018"},"geometry":{"type":"Point","coordinates":[37.566286,55.793617]}},{"type":"Feature","id":"sp-1136826733-2227","properties":{"category":"СП","layer":"sp","district":"Савеловский","section":"Без участка","name":"ДТ\\Юннатов ул. 15 к.1, 15 к.2","address":"Юннатов ул. 15 к.1, 15 к.2","type":"Спортивная площадка","parent_id":"1136826733","parent_name":"ДТ\\Юннатов ул. 15 к.1, 15 к.2","site_type":"Резиновая крошка","improvement_year":"2022"},"geometry":{"type":"Point","coordinates":[37.557776,55.801984]}},{"type":"Feature","id":"sp-989685345-2239","properties":{"category":"СП","layer":"sp","district":"Савеловский","section":"Без участка","name":"ДТ\\Бутырская ул. 53 к.1, 53 к.2, 53 к.3","address":"Бутырская ул. 53 к.1, 53 к.2, 53 к.3","type":"Спортивная площадка","parent_id":"989685345","parent_name":"ДТ\\Бутырская ул. 53 к.1, 53 к.2, 53 к.3","site_type":"Резиновая крошка","improvement_year":"2025"},"geometry":{"type":"Point","coordinates":[37.582779,55.800415]}},{"type":"Feature","id":"sp-1324761625-2240","properties":{"category":"СП","layer":"sp","district":"Савеловский","section":"Без участка","name":"ДТ\\2-я Хуторская улица дом 33, корпус 1, дом 33, корпус 2","address":"2-я Хуторская улица дом 33, корпус 1, дом 33, корпус 2","type":"Спортивная площадка","parent_id":"1324761625","parent_name":"ДТ\\2-я Хуторская улица дом 33, корпус 1, дом 33, корпус 2","site_type":"Резиновая крошка","improvement_year":"2025"},"geometry":{"type":"Point","coordinates":[37.567575,55.804071]}},{"type":"Feature","id":"sp-1130343067-2243","properties":{"category":"СП","layer":"sp","district":"Сокол","section":"Без участка","name":"ДТ\\Волоколамское шоссе 16Б к.2, 16Б к.3; Константина Царева ул. 4, 6","address":"Волоколамское шоссе 16Б к.2, 16Б к.3; Константина Царева ул. 4, 6","type":"Спортивная площадка","parent_id":"1130343067","parent_name":"ДТ\\Волоколамское шоссе 16Б к.2, 16Б к.3; Константина Царева ул. 4, 6","site_type":"Резиновая крошка","improvement_year":"2021"},"geometry":{"type":"Point","coordinates":[37.49187,55.811041]}},{"type":"Feature","id":"sp-1195815001-2247","properties":{"category":"СП","layer":"sp","district":"Сокол","section":"Без участка","name":"ДТ\\Волоколамское шоссе 7, 7А, 7Б","address":"Волоколамское шоссе 7, 7А, 7Б","type":"Спортивная площадка","parent_id":"1195815001","parent_name":"ДТ\\Волоколамское шоссе 7, 7А, 7Б","site_type":"Резиновая крошка","improvement_year":"2024"},"geometry":{"type":"Point","coordinates":[37.500495,55.806958]}},{"type":"Feature","id":"sp-905467110-2250","properties":{"category":"СП","layer":"sp","district":"Сокол","section":"Без участка","name":"ДТ\\Новопесчаная ул. 17 к.1, 17 к.2, 17 к.3, 17 к.4; Песчаная 2-я ул. 5","address":"Новопесчаная ул. 17 к.1, 17 к.2, 17 к.3, 17 к.4; Песчаная 2-я ул. 5","type":"Спортивная площадка","parent_id":"905467110","parent_name":"ДТ\\Новопесчаная ул. 17 к.1, 17 к.2, 17 к.3, 17 к.4; Песчаная 2-я ул. 5","site_type":"Резиновая крошка","improvement_year":"2017"},"geometry":{"type":"Point","coordinates":[37.516427,55.797314]}},{"type":"Feature","id":"sp-905467112-2251","properties":{"category":"СП","layer":"sp","district":"Сокол","section":"Без участка","name":"ДТ\\Новопесчаная ул. 17 к.1, 17 к.2, 17 к.3, 17 к.4; Песчаная 2-я ул. 5","address":"Новопесчаная ул. 17 к.1, 17 к.2, 17 к.3, 17 к.4; Песчаная 2-я ул. 5","type":"Спортивная площадка","parent_id":"905467112","parent_name":"ДТ\\Новопесчаная ул. 17 к.1, 17 к.2, 17 к.3, 17 к.4; Песчаная 2-я ул. 5","site_type":"Резиновая крошка","improvement_year":"2017"},"geometry":{"type":"Point","coordinates":[37.516188,55.797068]}},{"type":"Feature","id":"sp-905467118-2253","properties":{"category":"СП","layer":"sp","district":"Сокол","section":"Без участка","name":"ДТ\\Новопесчаная ул. 17 к.1, 17 к.2, 17 к.3, 17 к.4; Песчаная 2-я ул. 5","address":"Новопесчаная ул. 17 к.1, 17 к.2, 17 к.3, 17 к.4; Песчаная 2-я ул. 5","type":"Спортивная площадка","parent_id":"905467118","parent_name":"ДТ\\Новопесчаная ул. 17 к.1, 17 к.2, 17 к.3, 17 к.4; Песчаная 2-я ул. 5","site_type":"Резиновая крошка","improvement_year":"2017"},"geometry":{"type":"Point","coordinates":[37.514803,55.797184]}},{"type":"Feature","id":"sp-905467122-2254","properties":{"category":"СП","layer":"sp","district":"Сокол","section":"Без участка","name":"ДТ\\Новопесчаная ул. 17 к.1, 17 к.2, 17 к.3, 17 к.4; Песчаная 2-я ул. 5","address":"Новопесчаная ул. 17 к.1, 17 к.2, 17 к.3, 17 к.4; Песчаная 2-я ул. 5","type":"Спортивная площадка","parent_id":"905467122","parent_name":"ДТ\\Новопесчаная ул. 17 к.1, 17 к.2, 17 к.3, 17 к.4; Песчаная 2-я ул. 5","site_type":"Резиновая крошка","improvement_year":"2017"},"geometry":{"type":"Point","coordinates":[37.516222,55.797442]}},{"type":"Feature","id":"sp-905467130-2255","properties":{"category":"СП","layer":"sp","district":"Сокол","section":"Без участка","name":"ДТ\\Новопесчаная ул. 17 к.1, 17 к.2, 17 к.3, 17 к.4; Песчаная 2-я ул. 5","address":"Новопесчаная ул. 17 к.1, 17 к.2, 17 к.3, 17 к.4; Песчаная 2-я ул. 5","type":"Спортивная площадка","parent_id":"905467130","parent_name":"ДТ\\Новопесчаная ул. 17 к.1, 17 к.2, 17 к.3, 17 к.4; Песчаная 2-я ул. 5","site_type":"Резиновая крошка","improvement_year":"2017"},"geometry":{"type":"Point","coordinates":[37.51468,55.797199]}},{"type":"Feature","id":"sp-993452812-2256","properties":{"category":"СП","layer":"sp","district":"Сокол","section":"Без участка","name":"ДТ\\Алабяна ул. 15","address":"Алабяна ул. 15","type":"Спортивная площадка","parent_id":"993452812","parent_name":"ДТ\\Алабяна ул. 15","site_type":"Резиновая крошка","improvement_year":"2021"},"geometry":{"type":"Point","coordinates":[37.506048,55.797785]}},{"type":"Feature","id":"sp-993452824-2259","properties":{"category":"СП","layer":"sp","district":"Сокол","section":"Без участка","name":"ДТ\\Алабяна ул. 15","address":"Алабяна ул. 15","type":"Спортивная площадка","parent_id":"993452824","parent_name":"ДТ\\Алабяна ул. 15","site_type":"Резиновая крошка","improvement_year":"2021"},"geometry":{"type":"Point","coordinates":[37.505802,55.798099]}},{"type":"Feature","id":"sp-989252448-2265","properties":{"category":"СП","layer":"sp","district":"Сокол","section":"Без участка","name":"ДТ\\Волоколамское шоссе 10","address":"Волоколамское шоссе 10","type":"Спортивная площадка","parent_id":"989252448","parent_name":"ДТ\\Волоколамское шоссе 10","site_type":"Резиновая крошка","improvement_year":"2021"},"geometry":{"type":"Point","coordinates":[37.497737,55.809186]}},{"type":"Feature","id":"sp-918494484-2266","properties":{"category":"СП","layer":"sp","district":"Сокол","section":"Без участка","name":"ДТ\\Песчаный пер. 18 к.1, 18 к.2, 20 к.1, 20 к.2","address":"Песчаный пер. 18 к.1, 18 к.2, 20 к.1, 20 к.2","type":"Спортивная площадка","parent_id":"918494484","parent_name":"ДТ\\Песчаный пер. 18 к.1, 18 к.2, 20 к.1, 20 к.2","site_type":"Резиновая крошка","improvement_year":"2021"},"geometry":{"type":"Point","coordinates":[37.507544,55.797413]}},{"type":"Feature","id":"sp-1136444632-2270","properties":{"category":"СП","layer":"sp","district":"Сокол","section":"Без участка","name":"ДТ\\Новопесчаная ул. 16 к.1, 16 к.2, 18; Сальвадора Альенде ул. 1, 3, 5","address":"Новопесчаная ул. 16 к.1, 16 к.2, 18; Сальвадора Альенде ул. 1, 3, 5","type":"Спортивная площадка","parent_id":"1136444632","parent_name":"ДТ\\Новопесчаная ул. 16 к.1, 16 к.2, 18; Сальвадора Альенде ул. 1, 3, 5","site_type":"Резиновая крошка","improvement_year":"2025"},"geometry":{"type":"Point","coordinates":[37.509892,55.794751]}},{"type":"Feature","id":"sp-1136444646-2271","properties":{"category":"СП","layer":"sp","district":"Сокол","section":"Без участка","name":"ДТ\\Новопесчаная ул. 16 к.1, 16 к.2, 18; Сальвадора Альенде ул. 1, 3, 5","address":"Новопесчаная ул. 16 к.1, 16 к.2, 18; Сальвадора Альенде ул. 1, 3, 5","type":"Спортивная площадка","parent_id":"1136444646","parent_name":"ДТ\\Новопесчаная ул. 16 к.1, 16 к.2, 18; Сальвадора Альенде ул. 1, 3, 5","site_type":"Резиновая крошка","improvement_year":"2025"},"geometry":{"type":"Point","coordinates":[37.510508,55.795497]}},{"type":"Feature","id":"sp-1063047639-2272","properties":{"category":"СП","layer":"sp","district":"Сокол","section":"Без участка","name":"ДТ\\Светлый пр. 4 к.3, 4 к.4, 6 к.3","address":"Светлый пр. 4 к.3, 4 к.4, 6 к.3","type":"Спортивная площадка","parent_id":"1063047639","parent_name":"ДТ\\Светлый пр. 4 к.3, 4 к.4, 6 к.3","site_type":"Резиновая крошка","improvement_year":"2015"},"geometry":{"type":"Point","coordinates":[37.491439,55.812984]}},{"type":"Feature","id":"sp-1030008635-2277","properties":{"category":"СП","layer":"sp","district":"Сокол","section":"Без участка","name":"ДТ\\Новопесчаная ул. 23 к.1, 23 к.2, 23 к.3, 23 к.4, 23 к.5, 23 к.6, 23 к.7","address":"Новопесчаная ул. 23 к.1, 23 к.2, 23 к.3, 23 к.4, 23 к.5, 23 к.6, 23 к.7","type":"Спортивная площадка","parent_id":"1030008635","parent_name":"ДТ\\Новопесчаная ул. 23 к.1, 23 к.2, 23 к.3, 23 к.4, 23 к.5, 23 к.6, 23 к.7","site_type":"Резиновая крошка","improvement_year":"2017"},"geometry":{"type":"Point","coordinates":[37.511826,55.79366]}},{"type":"Feature","id":"sp-1158649479-2283","properties":{"category":"СП","layer":"sp","district":"Сокол","section":"Без участка","name":"ДТ\\Алабяна ул. 3 к.1, 3 к.2, 3 к.3, 5; Песчаная ул. 10, 12","address":"Алабяна ул. 3 к.1, 3 к.2, 3 к.3, 5; Песчаная ул. 10, 12","type":"Спортивная площадка","parent_id":"1158649479","parent_name":"ДТ\\Алабяна ул. 3 к.1, 3 к.2, 3 к.3, 5; Песчаная ул. 10, 12","site_type":"Резиновая крошка","improvement_year":"2018"},"geometry":{"type":"Point","coordinates":[37.509546,55.802405]}},{"type":"Feature","id":"sp-1158649497-2286","properties":{"category":"СП","layer":"sp","district":"Сокол","section":"Без участка","name":"ДТ\\Алабяна ул. 3 к.1, 3 к.2, 3 к.3, 5; Песчаная ул. 10, 12","address":"Алабяна ул. 3 к.1, 3 к.2, 3 к.3, 5; Песчаная ул. 10, 12","type":"Спортивная площадка","parent_id":"1158649497","parent_name":"ДТ\\Алабяна ул. 3 к.1, 3 к.2, 3 к.3, 5; Песчаная ул. 10, 12","site_type":"Плиточное","improvement_year":"2018"},"geometry":{"type":"Point","coordinates":[37.509182,55.802561]}},{"type":"Feature","id":"sp-1028555341-2288","properties":{"category":"СП","layer":"sp","district":"Сокол","section":"Без участка","name":"ДТ\\Песчаная 2-я ул. 6 к.1, 6 к.2, 6 к.3, 6 к.4, 6 к.5","address":"Песчаная 2-я ул. 6 к.1, 6 к.2, 6 к.3, 6 к.4, 6 к.5","type":"Спортивная площадка","parent_id":"1028555341","parent_name":"ДТ\\Песчаная 2-я ул. 6 к.1, 6 к.2, 6 к.3, 6 к.4, 6 к.5","site_type":"Резиновая крошка","improvement_year":"2017"},"geometry":{"type":"Point","coordinates":[37.515164,55.794998]}},{"type":"Feature","id":"sp-1194824058-2290","properties":{"category":"СП","layer":"sp","district":"Сокол","section":"Без участка","name":"ДТ\\Волоколамское шоссе 13; Панфилова ул. 18А","address":"Волоколамское шоссе 13; Панфилова ул. 18А","type":"Спортивная площадка","parent_id":"1194824058","parent_name":"ДТ\\Волоколамское шоссе 13; Панфилова ул. 18А","site_type":"Резиновая крошка","improvement_year":"2019"},"geometry":{"type":"Point","coordinates":[37.495459,55.807803]}},{"type":"Feature","id":"sp-1194824068-2292","properties":{"category":"СП","layer":"sp","district":"Сокол","section":"Без участка","name":"ДТ\\Волоколамское шоссе 13; Панфилова ул. 18А","address":"Волоколамское шоссе 13; Панфилова ул. 18А","type":"Спортивная площадка","parent_id":"1194824068","parent_name":"ДТ\\Волоколамское шоссе 13; Панфилова ул. 18А","site_type":"Резиновая крошка","improvement_year":"2021"},"geometry":{"type":"Point","coordinates":[37.496044,55.807795]}},{"type":"Feature","id":"sp-1087930379-2295","properties":{"category":"СП","layer":"sp","district":"Сокол","section":"Без участка","name":"ДТ\\Песчаный М. пер. 2, 4, 6, 8","address":"Песчаный М. пер. 2, 4, 6, 8","type":"Спортивная площадка","parent_id":"1087930379","parent_name":"ДТ\\Песчаный М. пер. 2, 4, 6, 8","site_type":"Резиновая крошка","improvement_year":"2023"},"geometry":{"type":"Point","coordinates":[37.506659,55.804198]}},{"type":"Feature","id":"sp-1087930385-2296","properties":{"category":"СП","layer":"sp","district":"Сокол","section":"Без участка","name":"ДТ\\Песчаный М. пер. 2, 4, 6, 8","address":"Песчаный М. пер. 2, 4, 6, 8","type":"Спортивная площадка","parent_id":"1087930385","parent_name":"ДТ\\Песчаный М. пер. 2, 4, 6, 8","site_type":"Грунтовое","improvement_year":"2023"},"geometry":{"type":"Point","coordinates":[37.506622,55.803894]}},{"type":"Feature","id":"sp-1087930391-2297","properties":{"category":"СП","layer":"sp","district":"Сокол","section":"Без участка","name":"ДТ\\Песчаный М. пер. 2, 4, 6, 8","address":"Песчаный М. пер. 2, 4, 6, 8","type":"Спортивная площадка","parent_id":"1087930391","parent_name":"ДТ\\Песчаный М. пер. 2, 4, 6, 8","site_type":"Резиновая крошка","improvement_year":"2023"},"geometry":{"type":"Point","coordinates":[37.506678,55.803847]}},{"type":"Feature","id":"sp-1087930395-2298","properties":{"category":"СП","layer":"sp","district":"Сокол","section":"Без участка","name":"ДТ\\Песчаный М. пер. 2, 4, 6, 8","address":"Песчаный М. пер. 2, 4, 6, 8","type":"Спортивная площадка","parent_id":"1087930395","parent_name":"ДТ\\Песчаный М. пер. 2, 4, 6, 8","site_type":"Резиновая крошка","improvement_year":"2023"},"geometry":{"type":"Point","coordinates":[37.507238,55.803405]}},{"type":"Feature","id":"sp-1138171823-2299","properties":{"category":"СП","layer":"sp","district":"Сокол","section":"Без участка","name":"ДТ\\Ленинградский просп. 75А, 75Б, 75 к.1, 75 к.1А, 75 к.1Б","address":"Ленинградский просп. 75А, 75Б, 75 к.1, 75 к.1А, 75 к.1Б","type":"Спортивная площадка","parent_id":"1138171823","parent_name":"ДТ\\Ленинградский просп. 75А, 75Б, 75 к.1, 75 к.1А, 75 к.1Б","site_type":"Резиновая крошка","improvement_year":"2022"},"geometry":{"type":"Point","coordinates":[37.511267,55.804685]}},{"type":"Feature","id":"sp-1138171831-2301","properties":{"category":"СП","layer":"sp","district":"Сокол","section":"Без участка","name":"ДТ\\Ленинградский просп. 75А, 75Б, 75 к.1, 75 к.1А, 75 к.1Б","address":"Ленинградский просп. 75А, 75Б, 75 к.1, 75 к.1А, 75 к.1Б","type":"Спортивная площадка","parent_id":"1138171831","parent_name":"ДТ\\Ленинградский просп. 75А, 75Б, 75 к.1, 75 к.1А, 75 к.1Б","site_type":"Резиновая крошка","improvement_year":"2022"},"geometry":{"type":"Point","coordinates":[37.510123,55.803913]}},{"type":"Feature","id":"sp-1084066297-2304","properties":{"category":"СП","layer":"sp","district":"Сокол","section":"Без участка","name":"ДТ\\Новопесчаная улица дом 4, корпус 1, дом 4, корпус 2, дом 6, корпус 1, дом 6, корпус 2","address":"Новопесчаная улица дом 4, корпус 1, дом 4, корпус 2, дом 6, корпус 1, дом 6, корпус 2","type":"Спортивная площадка","parent_id":"1084066297","parent_name":"ДТ\\Новопесчаная улица дом 4, корпус 1, дом 4, корпус 2, дом 6, корпус 1, дом 6, корпус 2","site_type":"Резиновая крошка","improvement_year":"2022"},"geometry":{"type":"Point","coordinates":[37.516313,55.801783]}},{"type":"Feature","id":"sp-1029974036-2307","properties":{"category":"СП","layer":"sp","district":"Сокол","section":"Без участка","name":"ДТ\\Новопесчаная ул. 19 к.1, 19 к.2, 19 к.3, 19 к.4; Песчаная 2-я ул. 8","address":"Новопесчаная ул. 19 к.1, 19 к.2, 19 к.3, 19 к.4; Песчаная 2-я ул. 8","type":"Спортивная площадка","parent_id":"1029974036","parent_name":"ДТ\\Новопесчаная ул. 19 к.1, 19 к.2, 19 к.3, 19 к.4; Песчаная 2-я ул. 8","site_type":"Резиновая крошка","improvement_year":"2017"},"geometry":{"type":"Point","coordinates":[37.513104,55.79549]}},{"type":"Feature","id":"sp-999637367-2309","properties":{"category":"СП","layer":"sp","district":"Сокол","section":"Без участка","name":"ДТ\\Песчаный пер. 14 к.1, 14 к.2, 16","address":"Песчаный пер. 14 к.1, 14 к.2, 16","type":"Спортивная площадка","parent_id":"999637367","parent_name":"ДТ\\Песчаный пер. 14 к.1, 14 к.2, 16","site_type":"Резиновая крошка","improvement_year":"2021"},"geometry":{"type":"Point","coordinates":[37.509041,55.798563]}},{"type":"Feature","id":"sp-999637373-2310","properties":{"category":"СП","layer":"sp","district":"Сокол","section":"Без участка","name":"ДТ\\Песчаный пер. 14 к.1, 14 к.2, 16","address":"Песчаный пер. 14 к.1, 14 к.2, 16","type":"Спортивная площадка","parent_id":"999637373","parent_name":"ДТ\\Песчаный пер. 14 к.1, 14 к.2, 16","site_type":"Резиновая крошка","improvement_year":"2021"},"geometry":{"type":"Point","coordinates":[37.509123,55.797829]}},{"type":"Feature","id":"sp-1087102246-2312","properties":{"category":"СП","layer":"sp","district":"Сокол","section":"Без участка","name":"ДТ\\Ленинградский просп. 77 к.1, 77 к.2, 77 к.3, 77 к.4","address":"Ленинградский просп. 77 к.1, 77 к.2, 77 к.3, 77 к.4","type":"Спортивная площадка","parent_id":"1087102246","parent_name":"ДТ\\Ленинградский просп. 77 к.1, 77 к.2, 77 к.3, 77 к.4","site_type":"Резиновая крошка","improvement_year":"2019"},"geometry":{"type":"Point","coordinates":[37.50744,55.805093]}},{"type":"Feature","id":"sp-1116698453-2316","properties":{"category":"СП","layer":"sp","district":"Сокол","section":"Без участка","name":"ДТ\\Светлый пр. 10 к.1, 10 к.2, 8 к.1, 8 к.2","address":"Светлый пр. 10 к.1, 10 к.2, 8 к.1, 8 к.2","type":"Спортивная площадка","parent_id":"1116698453","parent_name":"ДТ\\Светлый пр. 10 к.1, 10 к.2, 8 к.1, 8 к.2","site_type":"Резиновая крошка","improvement_year":"2015"},"geometry":{"type":"Point","coordinates":[37.489328,55.812866]}},{"type":"Feature","id":"sp-1119609514-2319","properties":{"category":"СП","layer":"sp","district":"Сокол","section":"Без участка","name":"ДТ\\Светлый проезд дом 4, корпус 1, дом 4, корпус 2, дом 6, корпус 1, дом 6, корпус 2","address":"Светлый проезд дом 4, корпус 1, дом 4, корпус 2, дом 6, корпус 1, дом 6, корпус 2","type":"Спортивная площадка","parent_id":"1119609514","parent_name":"ДТ\\Светлый проезд дом 4, корпус 1, дом 4, корпус 2, дом 6, корпус 1, дом 6, корпус 2","site_type":"Резиновая крошка","improvement_year":"2015"},"geometry":{"type":"Point","coordinates":[37.488704,55.813138]}},{"type":"Feature","id":"sp-1277246336-2321","properties":{"category":"СП","layer":"sp","district":"Сокол","section":"Без участка","name":"ДТ\\Алабяна ул. 10 к.1, 10 к.2, 10 к.3, 10 к.4, 10 к.5, 10 к.6","address":"Алабяна ул. 10 к.1, 10 к.2, 10 к.3, 10 к.4, 10 к.5, 10 к.6","type":"Спортивная площадка","parent_id":"1277246336","parent_name":"ДТ\\Алабяна ул. 10 к.1, 10 к.2, 10 к.3, 10 к.4, 10 к.5, 10 к.6","site_type":"Резиновая крошка","improvement_year":"2023"},"geometry":{"type":"Point","coordinates":[37.502754,55.800339]}},{"type":"Feature","id":"sp-1279967272-2325","properties":{"category":"СП","layer":"sp","district":"Сокол","section":"Без участка","name":"ДТ\\Алабяна ул. 12 к.1, 12 к.2, 12 к.3, 12 к.4; Панфилова ул. 2 к.1, 2 к.2, 2 к.3, 2 к.4","address":"Алабяна ул. 12 к.1, 12 к.2, 12 к.3, 12 к.4; Панфилова ул. 2 к.1, 2 к.2, 2 к.3, 2 к.4","type":"Спортивная площадка","parent_id":"1279967272","parent_name":"ДТ\\Алабяна ул. 12 к.1, 12 к.2, 12 к.3, 12 к.4; Панфилова ул. 2 к.1, 2 к.2, 2 к.3, 2 к.4","site_type":"Искусственная трава","improvement_year":"2022"},"geometry":{"type":"Point","coordinates":[37.500748,55.799835]}},{"type":"Feature","id":"sp-1119609518-2326","properties":{"category":"СП","layer":"sp","district":"Сокол","section":"Без участка","name":"ДТ\\Светлый проезд дом 4, корпус 1, дом 4, корпус 2, дом 6, корпус 1, дом 6, корпус 2","address":"Светлый проезд дом 4, корпус 1, дом 4, корпус 2, дом 6, корпус 1, дом 6, корпус 2","type":"Спортивная площадка","parent_id":"1119609518","parent_name":"ДТ\\Светлый проезд дом 4, корпус 1, дом 4, корпус 2, дом 6, корпус 1, дом 6, корпус 2","site_type":"Асфальтобетонное","improvement_year":"2015"},"geometry":{"type":"Point","coordinates":[37.48848,55.813098]}},{"type":"Feature","id":"sp-1087102256-2327","properties":{"category":"СП","layer":"sp","district":"Сокол","section":"Без участка","name":"ДТ\\Ленинградский просп. 77 к.1, 77 к.2, 77 к.3, 77 к.4","address":"Ленинградский просп. 77 к.1, 77 к.2, 77 к.3, 77 к.4","type":"Спортивная площадка","parent_id":"1087102256","parent_name":"ДТ\\Ленинградский просп. 77 к.1, 77 к.2, 77 к.3, 77 к.4","site_type":"Асфальтобетонное","improvement_year":"2019"},"geometry":{"type":"Point","coordinates":[37.506444,55.805713]}},{"type":"Feature","id":"sp-1087102252-2328","properties":{"category":"СП","layer":"sp","district":"Сокол","section":"Без участка","name":"ДТ\\Ленинградский просп. 77 к.1, 77 к.2, 77 к.3, 77 к.4","address":"Ленинградский просп. 77 к.1, 77 к.2, 77 к.3, 77 к.4","type":"Спортивная площадка","parent_id":"1087102252","parent_name":"ДТ\\Ленинградский просп. 77 к.1, 77 к.2, 77 к.3, 77 к.4","site_type":"Асфальтобетонное","improvement_year":"2019"},"geometry":{"type":"Point","coordinates":[37.50742,55.805257]}},{"type":"Feature","id":"sp-1282677329-2330","properties":{"category":"СП","layer":"sp","district":"Сокол","section":"Без участка","name":"ДТ\\Песчаная 3-я ул. 5 к.1, 5 к.2, 5 к.3, 5 к.4","address":"Песчаная 3-я ул. 5 к.1, 5 к.2, 5 к.3, 5 к.4","type":"Спортивная площадка","parent_id":"1282677329","parent_name":"ДТ\\Песчаная 3-я ул. 5 к.1, 5 к.2, 5 к.3, 5 к.4","site_type":"Резиновая крошка","improvement_year":"2017"},"geometry":{"type":"Point","coordinates":[37.514416,55.793354]}},{"type":"Feature","id":"sp-1282677354-2331","properties":{"category":"СП","layer":"sp","district":"Сокол","section":"Без участка","name":"ДТ\\Песчаная 3-я ул. 5 к.1, 5 к.2, 5 к.3, 5 к.4","address":"Песчаная 3-я ул. 5 к.1, 5 к.2, 5 к.3, 5 к.4","type":"Спортивная площадка","parent_id":"1282677354","parent_name":"ДТ\\Песчаная 3-я ул. 5 к.1, 5 к.2, 5 к.3, 5 к.4","site_type":"Резиновая крошка","improvement_year":"2017"},"geometry":{"type":"Point","coordinates":[37.514465,55.793579]}},{"type":"Feature","id":"sp-1029974020-2332","properties":{"category":"СП","layer":"sp","district":"Сокол","section":"Без участка","name":"ДТ\\Новопесчаная ул. 19 к.1, 19 к.2, 19 к.3, 19 к.4; Песчаная 2-я ул. 8","address":"Новопесчаная ул. 19 к.1, 19 к.2, 19 к.3, 19 к.4; Песчаная 2-я ул. 8","type":"Спортивная площадка","parent_id":"1029974020","parent_name":"ДТ\\Новопесчаная ул. 19 к.1, 19 к.2, 19 к.3, 19 к.4; Песчаная 2-я ул. 8","site_type":"Асфальтобетонное","improvement_year":"2017"},"geometry":{"type":"Point","coordinates":[37.513233,55.795462]}},{"type":"Feature","id":"sp-1281967930-2333","properties":{"category":"СП","layer":"sp","district":"Сокол","section":"Без участка","name":"ДТ\\Волоколамское шоссе дом 1, корпус А, дом 1, корпус Б","address":"Волоколамское шоссе дом 1, корпус А, дом 1, корпус Б","type":"Спортивная площадка","parent_id":"1281967930","parent_name":"ДТ\\Волоколамское шоссе дом 1, корпус А, дом 1, корпус Б","site_type":"Резиновая крошка","improvement_year":"2021"},"geometry":{"type":"Point","coordinates":[37.504695,55.806321]}},{"type":"Feature","id":"sp-1281967916-2334","properties":{"category":"СП","layer":"sp","district":"Сокол","section":"Без участка","name":"ДТ\\Волоколамское шоссе дом 1, корпус А, дом 1, корпус Б","address":"Волоколамское шоссе дом 1, корпус А, дом 1, корпус Б","type":"Спортивная площадка","parent_id":"1281967916","parent_name":"ДТ\\Волоколамское шоссе дом 1, корпус А, дом 1, корпус Б","site_type":"Резиновая крошка","improvement_year":"2021"},"geometry":{"type":"Point","coordinates":[37.504413,55.80625]}},{"type":"Feature","id":"sp-1072529577-2336","properties":{"category":"СП","layer":"sp","district":"Сокол","section":"Без участка","name":"ДТ\\Песчаный переулок дом 10, корпус 1, дом 10, корпус 2, дом 12, дом 8","address":"Песчаный переулок дом 10, корпус 1, дом 10, корпус 2, дом 12, дом 8","type":"Спортивная площадка","parent_id":"1072529577","parent_name":"ДТ\\Песчаный переулок дом 10, корпус 1, дом 10, корпус 2, дом 12, дом 8","site_type":"Искусственная трава","improvement_year":"2021"},"geometry":{"type":"Point","coordinates":[37.508723,55.798771]}},{"type":"Feature","id":"sp-1141136896-2339","properties":{"category":"СП","layer":"sp","district":"Сокол","section":"Без участка","name":"ДТ\\Ленинградское шоссе 3 к.1, 3 стр.1","address":"Ленинградское шоссе 3 к.1, 3 стр.1","type":"Спортивная площадка","parent_id":"1141136896","parent_name":"ДТ\\Ленинградское шоссе 3 к.1, 3 стр.1","site_type":"Резиновая крошка","improvement_year":"2025"},"geometry":{"type":"Point","coordinates":[37.504722,55.808943]}},{"type":"Feature","id":"sp-1317008719-2340","properties":{"category":"СП","layer":"sp","district":"Сокол","section":"Без участка","name":"ДТ\\Ленинградское шоссе 3 к.1, 3 стр.1","address":"Ленинградское шоссе 3 к.1, 3 стр.1","type":"Спортивная площадка","parent_id":"1317008719","parent_name":"ДТ\\Ленинградское шоссе 3 к.1, 3 стр.1","site_type":"Резиновая крошка","improvement_year":"2025"},"geometry":{"type":"Point","coordinates":[37.504516,55.808819]}},{"type":"Feature","id":"sp-1193254649-2342","properties":{"category":"СП","layer":"sp","district":"Сокол","section":"Без участка","name":"ДТ\\Волоколамское шоссе 15/22","address":"Волоколамское шоссе 15/22","type":"Спортивная площадка","parent_id":"1193254649","parent_name":"ДТ\\Волоколамское шоссе 15/22","site_type":"Резиновая крошка","improvement_year":"2025"},"geometry":{"type":"Point","coordinates":[37.493526,55.808243]}},{"type":"Feature","id":"sp-1193254651-2343","properties":{"category":"СП","layer":"sp","district":"Сокол","section":"Без участка","name":"ДТ\\Волоколамское шоссе 15/22","address":"Волоколамское шоссе 15/22","type":"Спортивная площадка","parent_id":"1193254651","parent_name":"ДТ\\Волоколамское шоссе 15/22","site_type":"Резиновая крошка","improvement_year":"2025"},"geometry":{"type":"Point","coordinates":[37.492968,55.808152]}},{"type":"Feature","id":"sp-1193254657-2345","properties":{"category":"СП","layer":"sp","district":"Сокол","section":"Без участка","name":"ДТ\\Волоколамское шоссе 15/22","address":"Волоколамское шоссе 15/22","type":"Спортивная площадка","parent_id":"1193254657","parent_name":"ДТ\\Волоколамское шоссе 15/22","site_type":"Резиновая крошка","improvement_year":"2025"},"geometry":{"type":"Point","coordinates":[37.493333,55.808395]}},{"type":"Feature","id":"sp-1320606807-2346","properties":{"category":"СП","layer":"sp","district":"Сокол","section":"Без участка","name":"ДТ\\Волоколамское шоссе 15/22","address":"Волоколамское шоссе 15/22","type":"Спортивная площадка","parent_id":"1320606807","parent_name":"ДТ\\Волоколамское шоссе 15/22","site_type":"Резиновая крошка","improvement_year":"2025"},"geometry":{"type":"Point","coordinates":[37.493676,55.808361]}},{"type":"Feature","id":"sp-1124920176-2368","properties":{"category":"СП","layer":"sp","district":"Сокол","section":"Без участка","name":"ДТ\\Куусинена ул. 23 к.2; Новопесчаная ул. 25/23, 25 к.2","address":"Куусинена ул. 23 к.2; Новопесчаная ул. 25/23, 25 к.2","type":"Спортивная площадка","parent_id":"1124920176","parent_name":"ДТ\\Куусинена ул. 23 к.2; Новопесчаная ул. 25/23, 25 к.2","site_type":"Резиновая крошка","improvement_year":"2024"},"geometry":{"type":"Point","coordinates":[37.507049,55.79263]}},{"type":"Feature","id":"sp-1043377171-2377","properties":{"category":"СП","layer":"sp","district":"Сокол","section":"Без участка","name":"ДТ\\Зорге ул. 32, 34","address":"Зорге ул. 32, 34","type":"Спортивная площадка","parent_id":"1043377171","parent_name":"ДТ\\Зорге ул. 32, 34","site_type":"Резиновая крошка","improvement_year":"2021"},"geometry":{"type":"Point","coordinates":[37.504468,55.795377]}},{"type":"Feature","id":"sp-927227433-2383","properties":{"category":"СП","layer":"sp","district":"Тимирязевский","section":"Без участка","name":"ДТ\\Дмитровское шоссе 15 к.1, 15 к.2","address":"Дмитровское шоссе 15 к.1, 15 к.2","type":"Спортивная площадка","parent_id":"927227433","parent_name":"ДТ\\Дмитровское шоссе 15 к.1, 15 к.2","site_type":"Резиновая крошка","improvement_year":"2011"},"geometry":{"type":"Point","coordinates":[37.572726,55.819266]}},{"type":"Feature","id":"sp-1030429826-2391","properties":{"category":"СП","layer":"sp","district":"Тимирязевский","section":"Без участка","name":"ДТ\\Костякова ул. 11, 11 к.1, 13","address":"Костякова ул. 11, 11 к.1, 13","type":"Спортивная площадка","parent_id":"1030429826","parent_name":"ДТ\\Костякова ул. 11, 11 к.1, 13","site_type":"Резиновая крошка","improvement_year":"2011"},"geometry":{"type":"Point","coordinates":[37.568942,55.814519]}},{"type":"Feature","id":"sp-1025080991-2397","properties":{"category":"СП","layer":"sp","district":"Тимирязевский","section":"Без участка","name":"ДТ\\Дмитровское шоссе 33 к.4, 33 к.5, 33 к.6, 33 к.7","address":"Дмитровское шоссе 33 к.4, 33 к.5, 33 к.6, 33 к.7","type":"Спортивная площадка","parent_id":"1025080991","parent_name":"ДТ\\Дмитровское шоссе 33 к.4, 33 к.5, 33 к.6, 33 к.7","site_type":"Резиновая крошка","improvement_year":"2012"},"geometry":{"type":"Point","coordinates":[37.566345,55.828721]}},{"type":"Feature","id":"sp-1108494359-2406","properties":{"category":"СП","layer":"sp","district":"Тимирязевский","section":"Без участка","name":"ДТ\\Локомотивный пр. 29, 31","address":"Локомотивный пр. 29, 31","type":"Спортивная площадка","parent_id":"1108494359","parent_name":"ДТ\\Локомотивный пр. 29, 31","site_type":"Резиновая крошка","improvement_year":"2014"},"geometry":{"type":"Point","coordinates":[37.572237,55.847711]}},{"type":"Feature","id":"sp-1139222459-2409","properties":{"category":"СП","layer":"sp","district":"Тимирязевский","section":"Без участка","name":"ДТ\\Вучетича ул. 15 к.1, 17 к.1","address":"Вучетича ул. 15 к.1, 17 к.1","type":"Спортивная площадка","parent_id":"1139222459","parent_name":"ДТ\\Вучетича ул. 15 к.1, 17 к.1","site_type":"Гравийное","improvement_year":"2012"},"geometry":{"type":"Point","coordinates":[37.557147,55.811163]}},{"type":"Feature","id":"sp-1139222467-2412","properties":{"category":"СП","layer":"sp","district":"Тимирязевский","section":"Без участка","name":"ДТ\\Вучетича ул. 15 к.1, 17 к.1","address":"Вучетича ул. 15 к.1, 17 к.1","type":"Спортивная площадка","parent_id":"1139222467","parent_name":"ДТ\\Вучетича ул. 15 к.1, 17 к.1","site_type":"Резиновая крошка","improvement_year":"2015"},"geometry":{"type":"Point","coordinates":[37.556808,55.811633]}},{"type":"Feature","id":"sp-1139222473-2414","properties":{"category":"СП","layer":"sp","district":"Тимирязевский","section":"Без участка","name":"ДТ\\Вучетича ул. 15 к.1, 17 к.1","address":"Вучетича ул. 15 к.1, 17 к.1","type":"Спортивная площадка","parent_id":"1139222473","parent_name":"ДТ\\Вучетича ул. 15 к.1, 17 к.1","site_type":"Резиновая крошка","improvement_year":"2014"},"geometry":{"type":"Point","coordinates":[37.556872,55.811835]}},{"type":"Feature","id":"sp-1187333234-2420","properties":{"category":"СП","layer":"sp","district":"Тимирязевский","section":"Без участка","name":"ДТ\\Дмитровское шоссе 25 к.1; Ивановская ул. 32, 34, 36; Красностуденческий пр. 1; Немчинова ул. 2","address":"Дмитровское шоссе 25 к.1; Ивановская ул. 32, 34, 36; Красностуденческий пр. 1; Немчинова ул. 2","type":"Спортивная площадка","parent_id":"1187333234","parent_name":"ДТ\\Дмитровское шоссе 25 к.1; Ивановская ул. 32, 34, 36; Красностуденческий пр. 1; Немчинова ул. 2","site_type":"Резиновая крошка","improvement_year":"2015"},"geometry":{"type":"Point","coordinates":[37.570321,55.824849]}},{"type":"Feature","id":"sp-1023355284-2436","properties":{"category":"СП","layer":"sp","district":"Тимирязевский","section":"Без участка","name":"ДТ\\Ивановская ул. 16, 18","address":"Ивановская ул. 16, 18","type":"Спортивная площадка","parent_id":"1023355284","parent_name":"ДТ\\Ивановская ул. 16, 18","site_type":"Резиновая крошка","improvement_year":"2012"},"geometry":{"type":"Point","coordinates":[37.571934,55.820793]}},{"type":"Feature","id":"sp-1139220805-2438","properties":{"category":"СП","layer":"sp","district":"Тимирязевский","section":"Без участка","name":"ДТ\\Вучетича ул. 4","address":"Вучетича ул. 4","type":"Спортивная площадка","parent_id":"1139220805","parent_name":"ДТ\\Вучетича ул. 4","site_type":"Резиновая крошка","improvement_year":"2011"},"geometry":{"type":"Point","coordinates":[37.560983,55.807966]}},{"type":"Feature","id":"sp-1139859711-2443","properties":{"category":"СП","layer":"sp","district":"Тимирязевский","section":"Без участка","name":"ДТ\\Дмитровское шоссе 48 к.1, 48 к.2, 50 к.1; Нижнелихоборский 3-й пр. 14","address":"Дмитровское шоссе 48 к.1, 48 к.2, 50 к.1; Нижнелихоборский 3-й пр. 14","type":"Спортивная площадка","parent_id":"1139859711","parent_name":"ДТ\\Дмитровское шоссе 48 к.1, 48 к.2, 50 к.1; Нижнелихоборский 3-й пр. 14","site_type":"Резиновая крошка","improvement_year":"2015"},"geometry":{"type":"Point","coordinates":[37.570601,55.845703]}},{"type":"Feature","id":"sp-1139859721-2446","properties":{"category":"СП","layer":"sp","district":"Тимирязевский","section":"Без участка","name":"ДТ\\Дмитровское шоссе 48 к.1, 48 к.2, 50 к.1; Нижнелихоборский 3-й пр. 14","address":"Дмитровское шоссе 48 к.1, 48 к.2, 50 к.1; Нижнелихоборский 3-й пр. 14","type":"Спортивная площадка","parent_id":"1139859721","parent_name":"ДТ\\Дмитровское шоссе 48 к.1, 48 к.2, 50 к.1; Нижнелихоборский 3-й пр. 14","site_type":"Резиновая крошка","improvement_year":"2011"},"geometry":{"type":"Point","coordinates":[37.57112,55.845708]}},{"type":"Feature","id":"sp-1176769546-2448","properties":{"category":"СП","layer":"sp","district":"Тимирязевский","section":"Без участка","name":"ДТ\\Вучетича ул. 11 к.1, 11 к.2, 9 к.1, 9 к.2","address":"Вучетича ул. 11 к.1, 11 к.2, 9 к.1, 9 к.2","type":"Спортивная площадка","parent_id":"1176769546","parent_name":"ДТ\\Вучетича ул. 11 к.1, 11 к.2, 9 к.1, 9 к.2","site_type":"Резиновая крошка","improvement_year":"2012"},"geometry":{"type":"Point","coordinates":[37.558265,55.809261]}},{"type":"Feature","id":"sp-1139836702-2462","properties":{"category":"СП","layer":"sp","district":"Тимирязевский","section":"Без участка","name":"ДТ\\Дмитровское шоссе 52 к.1, 52 к.2, 54 к.2; Нижнелихоборский 3-й пр. 11","address":"Дмитровское шоссе 52 к.1, 52 к.2, 54 к.2; Нижнелихоборский 3-й пр. 11","type":"Спортивная площадка","parent_id":"1139836702","parent_name":"ДТ\\Дмитровское шоссе 52 к.1, 52 к.2, 54 к.2; Нижнелихоборский 3-й пр. 11","site_type":"Резиновая крошка","improvement_year":"2023"},"geometry":{"type":"Point","coordinates":[37.570356,55.847188]}},{"type":"Feature","id":"sp-1050139887-2466","properties":{"category":"СП","layer":"sp","district":"Тимирязевский","section":"Без участка","name":"ДТ\\Дмитровский пр. 16 к.2","address":"Дмитровский пр. 16 к.2","type":"Спортивная площадка","parent_id":"1050139887","parent_name":"ДТ\\Дмитровский пр. 16 к.2","site_type":"Резиновая крошка","improvement_year":"2011"},"geometry":{"type":"Point","coordinates":[37.567064,55.808444]}},{"type":"Feature","id":"sp-1050139895-2468","properties":{"category":"СП","layer":"sp","district":"Тимирязевский","section":"Без участка","name":"ДТ\\Дмитровский пр. 16 к.2","address":"Дмитровский пр. 16 к.2","type":"Спортивная площадка","parent_id":"1050139895","parent_name":"ДТ\\Дмитровский пр. 16 к.2","site_type":"Плиточное","improvement_year":"2012"},"geometry":{"type":"Point","coordinates":[37.566989,55.808547]}},{"type":"Feature","id":"sp-1193808121-2470","properties":{"category":"СП","layer":"sp","district":"Тимирязевский","section":"Без участка","name":"ДТ\\Дмитровское шоссе 44 к.1, 44 к.2, 44 к.3","address":"Дмитровское шоссе 44 к.1, 44 к.2, 44 к.3","type":"Спортивная площадка","parent_id":"1193808121","parent_name":"ДТ\\Дмитровское шоссе 44 к.1, 44 к.2, 44 к.3","site_type":"Резиновая крошка","improvement_year":"2011"},"geometry":{"type":"Point","coordinates":[37.572773,55.843323]}},{"type":"Feature","id":"sp-1193808123-2471","properties":{"category":"СП","layer":"sp","district":"Тимирязевский","section":"Без участка","name":"ДТ\\Дмитровское шоссе 44 к.1, 44 к.2, 44 к.3","address":"Дмитровское шоссе 44 к.1, 44 к.2, 44 к.3","type":"Спортивная площадка","parent_id":"1193808123","parent_name":"ДТ\\Дмитровское шоссе 44 к.1, 44 к.2, 44 к.3","site_type":"Резиновая крошка","improvement_year":"2015"},"geometry":{"type":"Point","coordinates":[37.571582,55.843357]}},{"type":"Feature","id":"sp-1193264621-2475","properties":{"category":"СП","layer":"sp","district":"Тимирязевский","section":"Без участка","name":"ДТ\\Дмитровское шоссе 29 к.1, 31, 33 к.1","address":"Дмитровское шоссе 29 к.1, 31, 33 к.1","type":"Спортивная площадка","parent_id":"1193264621","parent_name":"ДТ\\Дмитровское шоссе 29 к.1, 31, 33 к.1","site_type":"Резиновая крошка","improvement_year":"2015"},"geometry":{"type":"Point","coordinates":[37.570898,55.829179]}},{"type":"Feature","id":"sp-1185982499-2478","properties":{"category":"СП","layer":"sp","district":"Тимирязевский","section":"Без участка","name":"ДТ\\Дмитровское шоссе 33 к.2, 35 к.1, 37 к.1, 39 к.1, 39 к.2","address":"Дмитровское шоссе 33 к.2, 35 к.1, 37 к.1, 39 к.1, 39 к.2","type":"Спортивная площадка","parent_id":"1185982499","parent_name":"ДТ\\Дмитровское шоссе 33 к.2, 35 к.1, 37 к.1, 39 к.1, 39 к.2","site_type":"Гравийное","improvement_year":"2019"},"geometry":{"type":"Point","coordinates":[37.570839,55.829234]}},{"type":"Feature","id":"sp-1185982525-2483","properties":{"category":"СП","layer":"sp","district":"Тимирязевский","section":"Без участка","name":"ДТ\\Дмитровское шоссе 33 к.2, 35 к.1, 37 к.1, 39 к.1, 39 к.2","address":"Дмитровское шоссе 33 к.2, 35 к.1, 37 к.1, 39 к.1, 39 к.2","type":"Спортивная площадка","parent_id":"1185982525","parent_name":"ДТ\\Дмитровское шоссе 33 к.2, 35 к.1, 37 к.1, 39 к.1, 39 к.2","site_type":"Гравийное","improvement_year":"2019"},"geometry":{"type":"Point","coordinates":[37.566503,55.828716]}},{"type":"Feature","id":"sp-1185982537-2486","properties":{"category":"СП","layer":"sp","district":"Тимирязевский","section":"Без участка","name":"ДТ\\Дмитровское шоссе 33 к.2, 35 к.1, 37 к.1, 39 к.1, 39 к.2","address":"Дмитровское шоссе 33 к.2, 35 к.1, 37 к.1, 39 к.1, 39 к.2","type":"Спортивная площадка","parent_id":"1185982537","parent_name":"ДТ\\Дмитровское шоссе 33 к.2, 35 к.1, 37 к.1, 39 к.1, 39 к.2","site_type":"Гравийное","improvement_year":"2011"},"geometry":{"type":"Point","coordinates":[37.568666,55.828667]}},{"type":"Feature","id":"sp-1185982547-2487","properties":{"category":"СП","layer":"sp","district":"Тимирязевский","section":"Без участка","name":"ДТ\\Дмитровское шоссе 33 к.2, 35 к.1, 37 к.1, 39 к.1, 39 к.2","address":"Дмитровское шоссе 33 к.2, 35 к.1, 37 к.1, 39 к.1, 39 к.2","type":"Спортивная площадка","parent_id":"1185982547","parent_name":"ДТ\\Дмитровское шоссе 33 к.2, 35 к.1, 37 к.1, 39 к.1, 39 к.2","site_type":"Гравийное","improvement_year":"2015"},"geometry":{"type":"Point","coordinates":[37.567006,55.828722]}},{"type":"Feature","id":"sp-933700859-2490","properties":{"category":"СП","layer":"sp","district":"Тимирязевский","section":"Без участка","name":"ДТ\\Костякова ул. 10","address":"Костякова ул. 10","type":"Спортивная площадка","parent_id":"933700859","parent_name":"ДТ\\Костякова ул. 10","site_type":"Грунтовое","improvement_year":"2011"},"geometry":{"type":"Point","coordinates":[37.571682,55.814603]}},{"type":"Feature","id":"sp-1148246965-2493","properties":{"category":"СП","layer":"sp","district":"Тимирязевский","section":"Без участка","name":"ДТ\\Красностуденческий пр. 4","address":"Красностуденческий пр. 4","type":"Спортивная площадка","parent_id":"1148246965","parent_name":"ДТ\\Красностуденческий пр. 4","site_type":"Резиновая крошка","improvement_year":"2025"},"geometry":{"type":"Point","coordinates":[37.563975,55.825502]}},{"type":"Feature","id":"sp-1148246974-2494","properties":{"category":"СП","layer":"sp","district":"Тимирязевский","section":"Без участка","name":"ДТ\\Красностуденческий пр. 4","address":"Красностуденческий пр. 4","type":"Спортивная площадка","parent_id":"1148246974","parent_name":"ДТ\\Красностуденческий пр. 4","site_type":"Асфальтобетонное","improvement_year":"2011"},"geometry":{"type":"Point","coordinates":[37.563501,55.825471]}},{"type":"Feature","id":"sp-927654663-2496","properties":{"category":"СП","layer":"sp","district":"Тимирязевский","section":"Без участка","name":"ДТ\\Дмитровский пр. 16","address":"Дмитровский пр. 16","type":"Спортивная площадка","parent_id":"927654663","parent_name":"ДТ\\Дмитровский пр. 16","site_type":"Резиновая крошка","improvement_year":"2012"},"geometry":{"type":"Point","coordinates":[37.567246,55.80873]}},{"type":"Feature","id":"sp-1022767446-2498","properties":{"category":"СП","layer":"sp","district":"Тимирязевский","section":"Без участка","name":"ДТ\\Ивановская ул. 14 к.1, 14 к.2","address":"Ивановская ул. 14 к.1, 14 к.2","type":"Спортивная площадка","parent_id":"1022767446","parent_name":"ДТ\\Ивановская ул. 14 к.1, 14 к.2","site_type":"Грунтовое","improvement_year":"2011"},"geometry":{"type":"Point","coordinates":[37.56947,55.818505]}},{"type":"Feature","id":"sp-1139232669-2499","properties":{"category":"СП","layer":"sp","district":"Тимирязевский","section":"Без участка","name":"ДТ\\Дмитровское шоссе 59 к.1; Нижнелихоборский 3-й пр. 6, 8, 8А","address":"Дмитровское шоссе 59 к.1; Нижнелихоборский 3-й пр. 6, 8, 8А","type":"Спортивная площадка","parent_id":"1139232669","parent_name":"ДТ\\Дмитровское шоссе 59 к.1; Нижнелихоборский 3-й пр. 6, 8, 8А","site_type":"Резиновая крошка","improvement_year":"2015"},"geometry":{"type":"Point","coordinates":[37.566849,55.845211]}},{"type":"Feature","id":"sp-1195006915-2506","properties":{"category":"СП","layer":"sp","district":"Тимирязевский","section":"Без участка","name":"ДТ\\Астрадамская ул. 6, 6 к.1; Тимирязевская ул. 23, 25, 25 к.2","address":"Астрадамская ул. 6, 6 к.1; Тимирязевская ул. 23, 25, 25 к.2","type":"Спортивная площадка","parent_id":"1195006915","parent_name":"ДТ\\Астрадамская ул. 6, 6 к.1; Тимирязевская ул. 23, 25, 25 к.2","site_type":"Резиновая крошка","improvement_year":"2011"},"geometry":{"type":"Point","coordinates":[37.564532,55.814298]}},{"type":"Feature","id":"sp-1089296750-2511","properties":{"category":"СП","layer":"sp","district":"Тимирязевский","section":"Без участка","name":"ДТ\\Линейный пр. 8; Локомотивный пр. 11/10","address":"Линейный пр. 8; Локомотивный пр. 11/10","type":"Спортивная площадка","parent_id":"1089296750","parent_name":"ДТ\\Линейный пр. 8; Локомотивный пр. 11/10","site_type":"Резиновая крошка","improvement_year":"2015"},"geometry":{"type":"Point","coordinates":[37.574364,55.84145]}},{"type":"Feature","id":"sp-934425876-2520","properties":{"category":"СП","layer":"sp","district":"Тимирязевский","section":"Без участка","name":"ДТ\\Дмитровский пр. 14; Тимирязевская ул. 11, 11 к.1, 7, 9","address":"Дмитровский пр. 14; Тимирязевская ул. 11, 11 к.1, 7, 9","type":"Спортивная площадка","parent_id":"934425876","parent_name":"ДТ\\Дмитровский пр. 14; Тимирязевская ул. 11, 11 к.1, 7, 9","site_type":"Резиновая крошка","improvement_year":"2012"},"geometry":{"type":"Point","coordinates":[37.568762,55.809209]}},{"type":"Feature","id":"sp-940819781-2521","properties":{"category":"СП","layer":"sp","district":"Тимирязевский","section":"Без участка","name":"ДТ\\Дмитровский пр. 6 к.1, 6 к.2; Костякова ул. 2/6","address":"Дмитровский пр. 6 к.1, 6 к.2; Костякова ул. 2/6","type":"Спортивная площадка","parent_id":"940819781","parent_name":"ДТ\\Дмитровский пр. 6 к.1, 6 к.2; Костякова ул. 2/6","site_type":"Резиновая крошка","improvement_year":"2014"},"geometry":{"type":"Point","coordinates":[37.577344,55.809898]}},{"type":"Feature","id":"sp-933669044-2527","properties":{"category":"СП","layer":"sp","district":"Тимирязевский","section":"Без участка","name":"ДТ\\Астрадамская ул. 7","address":"Астрадамская ул. 7","type":"Спортивная площадка","parent_id":"933669044","parent_name":"ДТ\\Астрадамская ул. 7","site_type":"Резиновая крошка","improvement_year":"2015"},"geometry":{"type":"Point","coordinates":[37.564179,55.81453]}},{"type":"Feature","id":"sp-1193264609-2529","properties":{"category":"СП","layer":"sp","district":"Тимирязевский","section":"Без участка","name":"ДТ\\Дмитровское шоссе 29 к.1, 31, 33 к.1","address":"Дмитровское шоссе 29 к.1, 31, 33 к.1","type":"Спортивная площадка","parent_id":"1193264609","parent_name":"ДТ\\Дмитровское шоссе 29 к.1, 31, 33 к.1","site_type":"Асфальтобетонное","improvement_year":"2015"},"geometry":{"type":"Point","coordinates":[37.570519,55.829066]}},{"type":"Feature","id":"sp-906620832-2531","properties":{"category":"СП","layer":"sp","district":"Тимирязевский","section":"Без участка","name":"ДТ\\Дубки ул. 2","address":"Дубки ул. 2","type":"Спортивная площадка","parent_id":"906620832","parent_name":"ДТ\\Дубки ул. 2","site_type":"Резиновая крошка","improvement_year":"2014"},"geometry":{"type":"Point","coordinates":[37.56692,55.816691]}},{"type":"Feature","id":"sp-953105377-2539","properties":{"category":"СП","layer":"sp","district":"Тимирязевский","section":"Без участка","name":"ДТ\\Вучетича ул. 28 к.1, 28 к.2, 28 к.3, 28 к.4","address":"Вучетича ул. 28 к.1, 28 к.2, 28 к.3, 28 к.4","type":"Спортивная площадка","parent_id":"953105377","parent_name":"ДТ\\Вучетича ул. 28 к.1, 28 к.2, 28 к.3, 28 к.4","site_type":"Искусственная трава","improvement_year":"2014"},"geometry":{"type":"Point","coordinates":[37.558063,55.813145]}},{"type":"Feature","id":"sp-1306265856-2543","properties":{"category":"СП","layer":"sp","district":"Тимирязевский","section":"Без участка","name":"ДТ\\Костякова ул. 6/5","address":"Костякова ул. 6/5","type":"Спортивная площадка","parent_id":"1306265856","parent_name":"ДТ\\Костякова ул. 6/5","site_type":"Резиновая крошка","improvement_year":"2014"},"geometry":{"type":"Point","coordinates":[37.573869,55.811697]}},{"type":"Feature","id":"sp-1025915317-2546","properties":{"category":"СП","layer":"sp","district":"Тимирязевский","section":"Без участка","name":"ДТ\\Дмитровский пр. 4, 4А, 4 к.2, 4 к.3, 4 к.4; Дмитровское шоссе 1 к.1","address":"Дмитровский пр. 4, 4А, 4 к.2, 4 к.3, 4 к.4; Дмитровское шоссе 1 к.1","type":"Спортивная площадка","parent_id":"1025915317","parent_name":"ДТ\\Дмитровский пр. 4, 4А, 4 к.2, 4 к.3, 4 к.4; Дмитровское шоссе 1 к.1","site_type":"Резиновая крошка","improvement_year":"2012"},"geometry":{"type":"Point","coordinates":[37.576674,55.810875]}},{"type":"Feature","id":"sp-1026740097-2567","properties":{"category":"СП","layer":"sp","district":"Тимирязевский","section":"Без участка","name":"ДТ\\Дмитровское шоссе 38 к.1","address":"Дмитровское шоссе 38 к.1","type":"Спортивная площадка","parent_id":"1026740097","parent_name":"ДТ\\Дмитровское шоссе 38 к.1","site_type":"Резиновая крошка","improvement_year":"2014"},"geometry":{"type":"Point","coordinates":[37.571718,55.841119]}},{"type":"Feature","id":"sp-915193490-2572","properties":{"category":"СП","layer":"sp","district":"Тимирязевский","section":"Без участка","name":"ДТ\\Астрадамский пр. 9","address":"Астрадамский пр. 9","type":"Спортивная площадка","parent_id":"915193490","parent_name":"ДТ\\Астрадамский пр. 9","site_type":"Резиновая крошка","improvement_year":"2011"},"geometry":{"type":"Point","coordinates":[37.562691,55.812558]}},{"type":"Feature","id":"sp-1022869152-2577","properties":{"category":"СП","layer":"sp","district":"Тимирязевский","section":"Без участка","name":"ДТ\\Костякова ул. 8","address":"Костякова ул. 8","type":"Спортивная площадка","parent_id":"1022869152","parent_name":"ДТ\\Костякова ул. 8","site_type":"Резиновая крошка","improvement_year":"2015"},"geometry":{"type":"Point","coordinates":[37.572878,55.81341]}},{"type":"Feature","id":"sp-1176807445-2588","properties":{"category":"СП","layer":"sp","district":"Тимирязевский","section":"Без участка","name":"ДТ\\Дмитровское шоссе 55","address":"Дмитровское шоссе 55","type":"Спортивная площадка","parent_id":"1176807445","parent_name":"ДТ\\Дмитровское шоссе 55","site_type":"Резиновая крошка","improvement_year":"2011"},"geometry":{"type":"Point","coordinates":[37.566017,55.843633]}},{"type":"Feature","id":"sp-1196562541-2590","properties":{"category":"СП","layer":"sp","district":"Тимирязевский","section":"Без участка","name":"ДТ\\Чуксин туп. 3","address":"Чуксин туп. 3","type":"Спортивная площадка","parent_id":"1196562541","parent_name":"ДТ\\Чуксин туп. 3","site_type":"Резиновая крошка","improvement_year":"2012"},"geometry":{"type":"Point","coordinates":[37.559696,55.806194]}},{"type":"Feature","id":"sp-1022893743-2592","properties":{"category":"СП","layer":"sp","district":"Тимирязевский","section":"Без участка","name":"ДТ\\Дмитровское шоссе дом 7, корпус 2","address":"Дмитровское шоссе дом 7, корпус 2","type":"Спортивная площадка","parent_id":"1022893743","parent_name":"ДТ\\Дмитровское шоссе дом 7, корпус 2","site_type":"Асфальтобетонное","improvement_year":"2011"},"geometry":{"type":"Point","coordinates":[37.57603,55.813897]}},{"type":"Feature","id":"sp-1324809800-2596","properties":{"category":"СП","layer":"sp","district":"Тимирязевский","section":"Без участка","name":"ДТ\\Дмитровское шоссе дом 55А","address":"Дмитровское шоссе дом 55А","type":"Спортивная площадка","parent_id":"1324809800","parent_name":"ДТ\\Дмитровское шоссе дом 55А","site_type":"Резиновая крошка","improvement_year":"2011"},"geometry":{"type":"Point","coordinates":[37.567932,55.843559]}},{"type":"Feature","id":"sp-1324809864-2597","properties":{"category":"СП","layer":"sp","district":"Тимирязевский","section":"Без участка","name":"ДТ\\Дмитровское шоссе дом 55А","address":"Дмитровское шоссе дом 55А","type":"Спортивная площадка","parent_id":"1324809864","parent_name":"ДТ\\Дмитровское шоссе дом 55А","site_type":"Резиновая крошка","improvement_year":"2015"},"geometry":{"type":"Point","coordinates":[37.567474,55.843505]}},{"type":"Feature","id":"sp-946850481-2601","properties":{"category":"СП","layer":"sp","district":"Ховрино","section":"Без участка","name":"ДТ\\Петрозаводская ул. 32 к.2","address":"Петрозаводская ул. 32 к.2","type":"Спортивная площадка","parent_id":"946850481","parent_name":"ДТ\\Петрозаводская ул. 32 к.2","site_type":"Резиновая крошка","improvement_year":"2021"},"geometry":{"type":"Point","coordinates":[37.48861,55.868326]}},{"type":"Feature","id":"sp-980663548-2610","properties":{"category":"СП","layer":"sp","district":"Ховрино","section":"Без участка","name":"ДТ\\Петрозаводская ул. 5 к.1, 5 к.2","address":"Петрозаводская ул. 5 к.1, 5 к.2","type":"Спортивная площадка","parent_id":"980663548","parent_name":"ДТ\\Петрозаводская ул. 5 к.1, 5 к.2","site_type":"Резиновая крошка","improvement_year":"2026"},"geometry":{"type":"Point","coordinates":[37.498153,55.863857]}},{"type":"Feature","id":"sp-980663550-2611","properties":{"category":"СП","layer":"sp","district":"Ховрино","section":"Без участка","name":"ДТ\\Петрозаводская ул. 5 к.1, 5 к.2","address":"Петрозаводская ул. 5 к.1, 5 к.2","type":"Спортивная площадка","parent_id":"980663550","parent_name":"ДТ\\Петрозаводская ул. 5 к.1, 5 к.2","site_type":"Резиновая крошка","improvement_year":"2026"},"geometry":{"type":"Point","coordinates":[37.498153,55.863857]}},{"type":"Feature","id":"sp-913027548-2620","properties":{"category":"СП","layer":"sp","district":"Ховрино","section":"Без участка","name":"ДТ\\Дыбенко ул. 18 к.1","address":"Дыбенко ул. 18 к.1","type":"Спортивная площадка","parent_id":"913027548","parent_name":"ДТ\\Дыбенко ул. 18 к.1","site_type":"Резиновая крошка","improvement_year":"2021"},"geometry":{"type":"Point","coordinates":[37.486178,55.871858]}},{"type":"Feature","id":"sp-1086630641-2623","properties":{"category":"СП","layer":"sp","district":"Ховрино","section":"Без участка","name":"ДТ\\Дыбенко ул. 22 к.1, 22 к.2","address":"Дыбенко ул. 22 к.1, 22 к.2","type":"Спортивная площадка","parent_id":"1086630641","parent_name":"ДТ\\Дыбенко ул. 22 к.1, 22 к.2","site_type":"Резиновая крошка","improvement_year":"2021"},"geometry":{"type":"Point","coordinates":[37.485208,55.872651]}},{"type":"Feature","id":"sp-1143751731-2628","properties":{"category":"СП","layer":"sp","district":"Ховрино","section":"Без участка","name":"ДТ\\Зеленоградская ул. 17 к.1","address":"Зеленоградская ул. 17 к.1","type":"Спортивная площадка","parent_id":"1143751731","parent_name":"ДТ\\Зеленоградская ул. 17 к.1","site_type":"Резиновая крошка","improvement_year":"2024"},"geometry":{"type":"Point","coordinates":[37.500435,55.870816]}},{"type":"Feature","id":"sp-1143751739-2629","properties":{"category":"СП","layer":"sp","district":"Ховрино","section":"Без участка","name":"ДТ\\Зеленоградская ул. 17 к.1","address":"Зеленоградская ул. 17 к.1","type":"Спортивная площадка","parent_id":"1143751739","parent_name":"ДТ\\Зеленоградская ул. 17 к.1","site_type":"Резиновая крошка","improvement_year":"2024"},"geometry":{"type":"Point","coordinates":[37.500359,55.870859]}},{"type":"Feature","id":"sp-943961929-2630","properties":{"category":"СП","layer":"sp","district":"Ховрино","section":"Без участка","name":"ДТ\\Зеленоградская ул. 19 к.1","address":"Зеленоградская ул. 19 к.1","type":"Спортивная площадка","parent_id":"943961929","parent_name":"ДТ\\Зеленоградская ул. 19 к.1","site_type":"Резиновая крошка","improvement_year":"2026"},"geometry":{"type":"Point","coordinates":[37.497397,55.871694]}},{"type":"Feature","id":"sp-1142008458-2633","properties":{"category":"СП","layer":"sp","district":"Ховрино","section":"Без участка","name":"ДТ\\Онежская ул. 57/34","address":"Онежская ул. 57/34","type":"Спортивная площадка","parent_id":"1142008458","parent_name":"ДТ\\Онежская ул. 57/34","site_type":"Резиновая крошка","improvement_year":"2021"},"geometry":{"type":"Point","coordinates":[37.505897,55.860987]}},{"type":"Feature","id":"sp-1142008482-2634","properties":{"category":"СП","layer":"sp","district":"Ховрино","section":"Без участка","name":"ДТ\\Онежская ул. 57/34","address":"Онежская ул. 57/34","type":"Спортивная площадка","parent_id":"1142008482","parent_name":"ДТ\\Онежская ул. 57/34","site_type":"Резиновая крошка","improvement_year":"2021"},"geometry":{"type":"Point","coordinates":[37.505484,55.861242]}},{"type":"Feature","id":"sp-1142008592-2636","properties":{"category":"СП","layer":"sp","district":"Ховрино","section":"Без участка","name":"ДТ\\Онежская ул. 57/34","address":"Онежская ул. 57/34","type":"Спортивная площадка","parent_id":"1142008592","parent_name":"ДТ\\Онежская ул. 57/34","site_type":"Резиновая крошка","improvement_year":"2021"},"geometry":{"type":"Point","coordinates":[37.505065,55.86156]}},{"type":"Feature","id":"sp-1191447772-2638","properties":{"category":"СП","layer":"sp","district":"Ховрино","section":"Без участка","name":"ДТ\\Фестивальная ул. 51 к.1","address":"Фестивальная ул. 51 к.1","type":"Спортивная площадка","parent_id":"1191447772","parent_name":"ДТ\\Фестивальная ул. 51 к.1","site_type":"Резиновая крошка","improvement_year":"2026"},"geometry":{"type":"Point","coordinates":[37.493114,55.86022]}},{"type":"Feature","id":"sp-941769720-2647","properties":{"category":"СП","layer":"sp","district":"Ховрино","section":"Без участка","name":"ДТ\\Петрозаводская ул. 12 к.1","address":"Петрозаводская ул. 12 к.1","type":"Спортивная площадка","parent_id":"941769720","parent_name":"ДТ\\Петрозаводская ул. 12 к.1","site_type":"Грунтовое","improvement_year":"2025"},"geometry":{"type":"Point","coordinates":[37.503035,55.864102]}},{"type":"Feature","id":"sp-934131967-2649","properties":{"category":"СП","layer":"sp","district":"Ховрино","section":"Без участка","name":"ДТ\\Фестивальная ул. 22 к.7","address":"Фестивальная ул. 22 к.7","type":"Спортивная площадка","parent_id":"934131967","parent_name":"ДТ\\Фестивальная ул. 22 к.7","site_type":"Резиновая крошка","improvement_year":"2021"},"geometry":{"type":"Point","coordinates":[37.504693,55.857769]}},{"type":"Feature","id":"sp-1024928986-2662","properties":{"category":"СП","layer":"sp","district":"Ховрино","section":"Без участка","name":"ДТ\\Левобережная ул. 4 к.10, 4 к.14, 4 к.15, 4 к.9","address":"Левобережная ул. 4 к.10, 4 к.14, 4 к.15, 4 к.9","type":"Спортивная площадка","parent_id":"1024928986","parent_name":"ДТ\\Левобережная ул. 4 к.10, 4 к.14, 4 к.15, 4 к.9","site_type":"Резиновая крошка","improvement_year":"2018"},"geometry":{"type":"Point","coordinates":[37.480516,55.869846]}},{"type":"Feature","id":"sp-1024928988-2663","properties":{"category":"СП","layer":"sp","district":"Ховрино","section":"Без участка","name":"ДТ\\Левобережная ул. 4 к.10, 4 к.14, 4 к.15, 4 к.9","address":"Левобережная ул. 4 к.10, 4 к.14, 4 к.15, 4 к.9","type":"Спортивная площадка","parent_id":"1024928988","parent_name":"ДТ\\Левобережная ул. 4 к.10, 4 к.14, 4 к.15, 4 к.9","site_type":"Резиновая крошка","improvement_year":"2018"},"geometry":{"type":"Point","coordinates":[37.480265,55.869763]}},{"type":"Feature","id":"sp-1024929004-2664","properties":{"category":"СП","layer":"sp","district":"Ховрино","section":"Без участка","name":"ДТ\\Левобережная ул. 4 к.10, 4 к.14, 4 к.15, 4 к.9","address":"Левобережная ул. 4 к.10, 4 к.14, 4 к.15, 4 к.9","type":"Спортивная площадка","parent_id":"1024929004","parent_name":"ДТ\\Левобережная ул. 4 к.10, 4 к.14, 4 к.15, 4 к.9","site_type":"Асфальтобетонное","improvement_year":"2018"},"geometry":{"type":"Point","coordinates":[37.4813,55.869504]}},{"type":"Feature","id":"sp-1024929006-2665","properties":{"category":"СП","layer":"sp","district":"Ховрино","section":"Без участка","name":"ДТ\\Левобережная ул. 4 к.10, 4 к.14, 4 к.15, 4 к.9","address":"Левобережная ул. 4 к.10, 4 к.14, 4 к.15, 4 к.9","type":"Спортивная площадка","parent_id":"1024929006","parent_name":"ДТ\\Левобережная ул. 4 к.10, 4 к.14, 4 к.15, 4 к.9","site_type":"Асфальтобетонное","improvement_year":"2018"},"geometry":{"type":"Point","coordinates":[37.481891,55.868946]}},{"type":"Feature","id":"sp-1024929014-2666","properties":{"category":"СП","layer":"sp","district":"Ховрино","section":"Без участка","name":"ДТ\\Левобережная ул. 4 к.10, 4 к.14, 4 к.15, 4 к.9","address":"Левобережная ул. 4 к.10, 4 к.14, 4 к.15, 4 к.9","type":"Спортивная площадка","parent_id":"1024929014","parent_name":"ДТ\\Левобережная ул. 4 к.10, 4 к.14, 4 к.15, 4 к.9","site_type":"Асфальтобетонное","improvement_year":"2018"},"geometry":{"type":"Point","coordinates":[37.48094,55.869887]}},{"type":"Feature","id":"sp-1024929016-2667","properties":{"category":"СП","layer":"sp","district":"Ховрино","section":"Без участка","name":"ДТ\\Левобережная ул. 4 к.10, 4 к.14, 4 к.15, 4 к.9","address":"Левобережная ул. 4 к.10, 4 к.14, 4 к.15, 4 к.9","type":"Спортивная площадка","parent_id":"1024929016","parent_name":"ДТ\\Левобережная ул. 4 к.10, 4 к.14, 4 к.15, 4 к.9","site_type":"Асфальтобетонное","improvement_year":"2018"},"geometry":{"type":"Point","coordinates":[37.481963,55.868894]}},{"type":"Feature","id":"sp-1024929020-2668","properties":{"category":"СП","layer":"sp","district":"Ховрино","section":"Без участка","name":"ДТ\\Левобережная ул. 4 к.10, 4 к.14, 4 к.15, 4 к.9","address":"Левобережная ул. 4 к.10, 4 к.14, 4 к.15, 4 к.9","type":"Спортивная площадка","parent_id":"1024929020","parent_name":"ДТ\\Левобережная ул. 4 к.10, 4 к.14, 4 к.15, 4 к.9","site_type":"Асфальтобетонное","improvement_year":"2018"},"geometry":{"type":"Point","coordinates":[37.481185,55.869806]}},{"type":"Feature","id":"sp-1024929028-2669","properties":{"category":"СП","layer":"sp","district":"Ховрино","section":"Без участка","name":"ДТ\\Левобережная ул. 4 к.10, 4 к.14, 4 к.15, 4 к.9","address":"Левобережная ул. 4 к.10, 4 к.14, 4 к.15, 4 к.9","type":"Спортивная площадка","parent_id":"1024929028","parent_name":"ДТ\\Левобережная ул. 4 к.10, 4 к.14, 4 к.15, 4 к.9","site_type":"Асфальтобетонное","improvement_year":"2018"},"geometry":{"type":"Point","coordinates":[37.481049,55.870053]}},{"type":"Feature","id":"sp-1024929036-2670","properties":{"category":"СП","layer":"sp","district":"Ховрино","section":"Без участка","name":"ДТ\\Левобережная ул. 4 к.10, 4 к.14, 4 к.15, 4 к.9","address":"Левобережная ул. 4 к.10, 4 к.14, 4 к.15, 4 к.9","type":"Спортивная площадка","parent_id":"1024929036","parent_name":"ДТ\\Левобережная ул. 4 к.10, 4 к.14, 4 к.15, 4 к.9","site_type":"Асфальтобетонное","improvement_year":"2018"},"geometry":{"type":"Point","coordinates":[37.481172,55.869944]}},{"type":"Feature","id":"sp-1024929048-2671","properties":{"category":"СП","layer":"sp","district":"Ховрино","section":"Без участка","name":"ДТ\\Левобережная ул. 4 к.10, 4 к.14, 4 к.15, 4 к.9","address":"Левобережная ул. 4 к.10, 4 к.14, 4 к.15, 4 к.9","type":"Спортивная площадка","parent_id":"1024929048","parent_name":"ДТ\\Левобережная ул. 4 к.10, 4 к.14, 4 к.15, 4 к.9","site_type":"Асфальтобетонное","improvement_year":"2018"},"geometry":{"type":"Point","coordinates":[37.481422,55.86954]}},{"type":"Feature","id":"sp-1028697118-2676","properties":{"category":"СП","layer":"sp","district":"Ховрино","section":"Без участка","name":"ДТ\\Левобережная ул. 4 к.11, 4 к.12, 4 к.18, 4 к.22","address":"Левобережная ул. 4 к.11, 4 к.12, 4 к.18, 4 к.22","type":"Спортивная площадка","parent_id":"1028697118","parent_name":"ДТ\\Левобережная ул. 4 к.11, 4 к.12, 4 к.18, 4 к.22","site_type":"Резиновая крошка","improvement_year":"2018"},"geometry":{"type":"Point","coordinates":[37.480904,55.868752]}},{"type":"Feature","id":"sp-968220782-2680","properties":{"category":"СП","layer":"sp","district":"Ховрино","section":"Без участка","name":"ДТ\\Петрозаводская ул. 24 к.2","address":"Петрозаводская ул. 24 к.2","type":"Спортивная площадка","parent_id":"968220782","parent_name":"ДТ\\Петрозаводская ул. 24 к.2","site_type":"Резиновая крошка","improvement_year":"2022"},"geometry":{"type":"Point","coordinates":[37.494918,55.868163]}},{"type":"Feature","id":"sp-1087784849-2684","properties":{"category":"СП","layer":"sp","district":"Ховрино","section":"Без участка","name":"ДТ\\Дыбенко ул. 14 к.1, 14 к.2, 16 к.1","address":"Дыбенко ул. 14 к.1, 14 к.2, 16 к.1","type":"Спортивная площадка","parent_id":"1087784849","parent_name":"ДТ\\Дыбенко ул. 14 к.1, 14 к.2, 16 к.1","site_type":"Резиновая крошка","improvement_year":"2021"},"geometry":{"type":"Point","coordinates":[37.485357,55.871008]}},{"type":"Feature","id":"sp-946865561-2693","properties":{"category":"СП","layer":"sp","district":"Ховрино","section":"Без участка","name":"ДТ\\Петрозаводская ул. 28 к.1","address":"Петрозаводская ул. 28 к.1","type":"Спортивная площадка","parent_id":"946865561","parent_name":"ДТ\\Петрозаводская ул. 28 к.1","site_type":"Резиновая крошка","improvement_year":"2025"},"geometry":{"type":"Point","coordinates":[37.490782,55.867687]}},{"type":"Feature","id":"sp-1155626282-2694","properties":{"category":"СП","layer":"sp","district":"Ховрино","section":"Без участка","name":"ДТ\\Лавочкина ул. 54 к.2","address":"Лавочкина ул. 54 к.2","type":"Спортивная площадка","parent_id":"1155626282","parent_name":"ДТ\\Лавочкина ул. 54 к.2","site_type":"Резиновая крошка","improvement_year":"2019"},"geometry":{"type":"Point","coordinates":[37.486027,55.865696]}},{"type":"Feature","id":"sp-937576612-2705","properties":{"category":"СП","layer":"sp","district":"Ховрино","section":"Без участка","name":"ДТ\\Дыбенко ул. 6 к.1, 6 к.2","address":"Дыбенко ул. 6 к.1, 6 к.2","type":"Спортивная площадка","parent_id":"937576612","parent_name":"ДТ\\Дыбенко ул. 6 к.1, 6 к.2","site_type":"Резиновая крошка","improvement_year":"2019"},"geometry":{"type":"Point","coordinates":[37.486676,55.869]}},{"type":"Feature","id":"sp-1191672297-2708","properties":{"category":"СП","layer":"sp","district":"Ховрино","section":"Без участка","name":"ДТ\\Фестивальная ул. 59 к.1, 59 к.2, 59 к.3","address":"Фестивальная ул. 59 к.1, 59 к.2, 59 к.3","type":"Спортивная площадка","parent_id":"1191672297","parent_name":"ДТ\\Фестивальная ул. 59 к.1, 59 к.2, 59 к.3","site_type":"Резиновая крошка","improvement_year":"2023"},"geometry":{"type":"Point","coordinates":[37.494989,55.862582]}},{"type":"Feature","id":"sp-1148893992-2711","properties":{"category":"СП","layer":"sp","district":"Ховрино","section":"Без участка","name":"ДТ\\Лавочкина ул. 46 к.1, 46 к.2","address":"Лавочкина ул. 46 к.1, 46 к.2","type":"Спортивная площадка","parent_id":"1148893992","parent_name":"ДТ\\Лавочкина ул. 46 к.1, 46 к.2","site_type":"Резиновая крошка","improvement_year":"2018"},"geometry":{"type":"Point","coordinates":[37.488619,55.862021]}},{"type":"Feature","id":"sp-949605729-2717","properties":{"category":"СП","layer":"sp","district":"Ховрино","section":"Без участка","name":"ДТ\\Клинская ул. 4 к.2, 4 к.3","address":"Клинская ул. 4 к.2, 4 к.3","type":"Спортивная площадка","parent_id":"949605729","parent_name":"ДТ\\Клинская ул. 4 к.2, 4 к.3","site_type":"Резиновая крошка","improvement_year":"2018"},"geometry":{"type":"Point","coordinates":[37.498856,55.870202]}},{"type":"Feature","id":"sp-917662129-2719","properties":{"category":"СП","layer":"sp","district":"Ховрино","section":"Без участка","name":"ДТ\\Ляпидевского ул. 2, 2 к.1; Флотская ул. 9 к.1","address":"Ляпидевского ул. 2, 2 к.1; Флотская ул. 9 к.1","type":"Спортивная площадка","parent_id":"917662129","parent_name":"ДТ\\Ляпидевского ул. 2, 2 к.1; Флотская ул. 9 к.1","site_type":"Резиновая крошка","improvement_year":"2019"},"geometry":{"type":"Point","coordinates":[37.499675,55.854624]}},{"type":"Feature","id":"sp-1130219884-2726","properties":{"category":"СП","layer":"sp","district":"Ховрино","section":"Без участка","name":"ДТ\\Фестивальная ул. 55, 57","address":"Фестивальная ул. 55, 57","type":"Спортивная площадка","parent_id":"1130219884","parent_name":"ДТ\\Фестивальная ул. 55, 57","site_type":"Резиновая крошка","improvement_year":"2026"},"geometry":{"type":"Point","coordinates":[37.495817,55.860946]}},{"type":"Feature","id":"sp-1149059189-2730","properties":{"category":"СП","layer":"sp","district":"Ховрино","section":"Без участка","name":"ДТ\\Фестивальная ул. 65","address":"Фестивальная ул. 65","type":"Спортивная площадка","parent_id":"1149059189","parent_name":"ДТ\\Фестивальная ул. 65","site_type":"Резиновая крошка","improvement_year":"2022"},"geometry":{"type":"Point","coordinates":[37.498647,55.862203]}},{"type":"Feature","id":"sp-1149059203-2733","properties":{"category":"СП","layer":"sp","district":"Ховрино","section":"Без участка","name":"ДТ\\Фестивальная ул. 65","address":"Фестивальная ул. 65","type":"Спортивная площадка","parent_id":"1149059203","parent_name":"ДТ\\Фестивальная ул. 65","site_type":"Резиновая крошка","improvement_year":"2022"},"geometry":{"type":"Point","coordinates":[37.498614,55.861977]}},{"type":"Feature","id":"sp-919087500-2734","properties":{"category":"СП","layer":"sp","district":"Ховрино","section":"Без участка","name":"ДТ\\Дыбенко ул. 36 к.3, 36 к.4","address":"Дыбенко ул. 36 к.3, 36 к.4","type":"Спортивная площадка","parent_id":"919087500","parent_name":"ДТ\\Дыбенко ул. 36 к.3, 36 к.4","site_type":"Резиновая крошка","improvement_year":"2021"},"geometry":{"type":"Point","coordinates":[37.484865,55.877501]}},{"type":"Feature","id":"sp-919087506-2736","properties":{"category":"СП","layer":"sp","district":"Ховрино","section":"Без участка","name":"ДТ\\Дыбенко ул. 36 к.3, 36 к.4","address":"Дыбенко ул. 36 к.3, 36 к.4","type":"Спортивная площадка","parent_id":"919087506","parent_name":"ДТ\\Дыбенко ул. 36 к.3, 36 к.4","site_type":"Резиновая крошка","improvement_year":"2021"},"geometry":{"type":"Point","coordinates":[37.484457,55.877407]}},{"type":"Feature","id":"sp-919087508-2737","properties":{"category":"СП","layer":"sp","district":"Ховрино","section":"Без участка","name":"ДТ\\Дыбенко ул. 36 к.3, 36 к.4","address":"Дыбенко ул. 36 к.3, 36 к.4","type":"Спортивная площадка","parent_id":"919087508","parent_name":"ДТ\\Дыбенко ул. 36 к.3, 36 к.4","site_type":"Резиновая крошка","improvement_year":"2021"},"geometry":{"type":"Point","coordinates":[37.485203,55.877592]}},{"type":"Feature","id":"sp-937628422-2743","properties":{"category":"СП","layer":"sp","district":"Ховрино","section":"Без участка","name":"ДТ\\Зеленоградская ул. 21, 21 к.1","address":"Зеленоградская ул. 21, 21 к.1","type":"Спортивная площадка","parent_id":"937628422","parent_name":"ДТ\\Зеленоградская ул. 21, 21 к.1","site_type":"Резиновая крошка","improvement_year":"2021"},"geometry":{"type":"Point","coordinates":[37.49785,55.872477]}},{"type":"Feature","id":"sp-1117529597-2756","properties":{"category":"СП","layer":"sp","district":"Ховрино","section":"Без участка","name":"ДТ\\Петрозаводская ул. 3","address":"Петрозаводская ул. 3","type":"Спортивная площадка","parent_id":"1117529597","parent_name":"ДТ\\Петрозаводская ул. 3","site_type":"Резиновая крошка","improvement_year":"2023"},"geometry":{"type":"Point","coordinates":[37.500251,55.862806]}},{"type":"Feature","id":"sp-919220549-2763","properties":{"category":"СП","layer":"sp","district":"Ховрино","section":"Без участка","name":"ДТ\\Ляпидевского ул. 10","address":"Ляпидевского ул. 10","type":"Спортивная площадка","parent_id":"919220549","parent_name":"ДТ\\Ляпидевского ул. 10","site_type":"Резиновая крошка","improvement_year":"2021"},"geometry":{"type":"Point","coordinates":[37.497208,55.857065]}},{"type":"Feature","id":"sp-918353989-2765","properties":{"category":"СП","layer":"sp","district":"Ховрино","section":"Без участка","name":"ДТ\\Дыбенко ул. 14 к.3","address":"Дыбенко ул. 14 к.3","type":"Спортивная площадка","parent_id":"918353989","parent_name":"ДТ\\Дыбенко ул. 14 к.3","site_type":"Резиновая крошка","improvement_year":"2021"},"geometry":{"type":"Point","coordinates":[37.487666,55.87076]}},{"type":"Feature","id":"sp-1097623493-2782","properties":{"category":"СП","layer":"sp","district":"Ховрино","section":"Без участка","name":"ДТ\\Клинская ул. 2А к.7","address":"Клинская ул. 2А к.7","type":"Спортивная площадка","parent_id":"1097623493","parent_name":"ДТ\\Клинская ул. 2А к.7","site_type":"Резиновая крошка","improvement_year":"2022"},"geometry":{"type":"Point","coordinates":[37.503109,55.869167]}},{"type":"Feature","id":"sp-1188246583-2784","properties":{"category":"СП","layer":"sp","district":"Ховрино","section":"Без участка","name":"ДТ\\Зеленоградская ул. 17, 17 к.4","address":"Зеленоградская ул. 17, 17 к.4","type":"Спортивная площадка","parent_id":"1188246583","parent_name":"ДТ\\Зеленоградская ул. 17, 17 к.4","site_type":"Резиновая крошка","improvement_year":"2024"},"geometry":{"type":"Point","coordinates":[37.500944,55.870394]}},{"type":"Feature","id":"sp-1188246587-2785","properties":{"category":"СП","layer":"sp","district":"Ховрино","section":"Без участка","name":"ДТ\\Зеленоградская ул. 17, 17 к.4","address":"Зеленоградская ул. 17, 17 к.4","type":"Спортивная площадка","parent_id":"1188246587","parent_name":"ДТ\\Зеленоградская ул. 17, 17 к.4","site_type":"Резиновая крошка","improvement_year":"2024"},"geometry":{"type":"Point","coordinates":[37.500717,55.870653]}},{"type":"Feature","id":"sp-968220788-2786","properties":{"category":"СП","layer":"sp","district":"Ховрино","section":"Без участка","name":"ДТ\\Петрозаводская ул. 24 к.2","address":"Петрозаводская ул. 24 к.2","type":"Спортивная площадка","parent_id":"968220788","parent_name":"ДТ\\Петрозаводская ул. 24 к.2","site_type":"Асфальтобетонное","improvement_year":"2022"},"geometry":{"type":"Point","coordinates":[37.494934,55.868134]}},{"type":"Feature","id":"sp-1087784883-2787","properties":{"category":"СП","layer":"sp","district":"Ховрино","section":"Без участка","name":"ДТ\\Дыбенко ул. 14 к.1, 14 к.2, 16 к.1","address":"Дыбенко ул. 14 к.1, 14 к.2, 16 к.1","type":"Спортивная площадка","parent_id":"1087784883","parent_name":"ДТ\\Дыбенко ул. 14 к.1, 14 к.2, 16 к.1","site_type":"Плиточное","improvement_year":"2021"},"geometry":{"type":"Point","coordinates":[37.485354,55.870999]}},{"type":"Feature","id":"sp-1320099387-2794","properties":{"category":"СП","layer":"sp","district":"Ховрино","section":"Без участка","name":"ДТ\\Клинская ул. 2А","address":"Клинская ул. 2А","type":"Спортивная площадка","parent_id":"1320099387","parent_name":"ДТ\\Клинская ул. 2А","site_type":"Резиновая крошка","improvement_year":"2025"},"geometry":{"type":"Point","coordinates":[37.501948,55.868582]}},{"type":"Feature","id":"sp-918621300-2810","properties":{"category":"СП","layer":"sp","district":"Ховрино","section":"Без участка","name":"ДТ\\Лавочкина ул. 56/23","address":"Лавочкина ул. 56/23","type":"Спортивная площадка","parent_id":"918621300","parent_name":"ДТ\\Лавочкина ул. 56/23","site_type":"Резиновая крошка","improvement_year":"2025"},"geometry":{"type":"Point","coordinates":[37.485989,55.865732]}},{"type":"Feature","id":"sp-918621304-2811","properties":{"category":"СП","layer":"sp","district":"Ховрино","section":"Без участка","name":"ДТ\\Лавочкина ул. 56/23","address":"Лавочкина ул. 56/23","type":"Спортивная площадка","parent_id":"918621304","parent_name":"ДТ\\Лавочкина ул. 56/23","site_type":"Резиновая крошка","improvement_year":"2025"},"geometry":{"type":"Point","coordinates":[37.485761,55.866426]}},{"type":"Feature","id":"sp-1146115217-2831","properties":{"category":"СП","layer":"sp","district":"Ховрино","section":"Без участка","name":"ДТ\\Петрозаводская ул. 28 к.5","address":"Петрозаводская ул. 28 к.5","type":"Спортивная площадка","parent_id":"1146115217","parent_name":"ДТ\\Петрозаводская ул. 28 к.5","site_type":"Резиновая крошка","improvement_year":"2021"},"geometry":{"type":"Point","coordinates":[37.487754,55.870788]}},{"type":"Feature","id":"sp-1140459683-2847","properties":{"category":"СП","layer":"sp","district":"Ховрино","section":"Без участка","name":"ДТ\\Фестивальная ул. 30 к.2","address":"Фестивальная ул. 30 к.2","type":"Спортивная площадка","parent_id":"1140459683","parent_name":"ДТ\\Фестивальная ул. 30 к.2","site_type":"Резиновая крошка","improvement_year":"2021"},"geometry":{"type":"Point","coordinates":[37.504867,55.859895]}},{"type":"Feature","id":"sp-1140459713-2848","properties":{"category":"СП","layer":"sp","district":"Ховрино","section":"Без участка","name":"ДТ\\Фестивальная ул. 30 к.2","address":"Фестивальная ул. 30 к.2","type":"Спортивная площадка","parent_id":"1140459713","parent_name":"ДТ\\Фестивальная ул. 30 к.2","site_type":"Резиновая крошка","improvement_year":"2021"},"geometry":{"type":"Point","coordinates":[37.505218,55.860182]}},{"type":"Feature","id":"sp-931866326-2855","properties":{"category":"СП","layer":"sp","district":"Ховрино","section":"Без участка","name":"ДТ\\Ляпидевского ул. 10 к.1","address":"Ляпидевского ул. 10 к.1","type":"Спортивная площадка","parent_id":"931866326","parent_name":"ДТ\\Ляпидевского ул. 10 к.1","site_type":"Резиновая крошка","improvement_year":"2021"},"geometry":{"type":"Point","coordinates":[37.498165,55.856941]}},{"type":"Feature","id":"sp-1087345080-2863","properties":{"category":"СП","layer":"sp","district":"Ховрино","section":"Без участка","name":"ДТ\\Левобережная ул. 4 к.8","address":"Левобережная ул. 4 к.8","type":"Спортивная площадка","parent_id":"1087345080","parent_name":"ДТ\\Левобережная ул. 4 к.8","site_type":"Резиновая крошка","improvement_year":"2018"},"geometry":{"type":"Point","coordinates":[37.479496,55.871055]}},{"type":"Feature","id":"sp-1087345084-2865","properties":{"category":"СП","layer":"sp","district":"Ховрино","section":"Без участка","name":"ДТ\\Левобережная ул. 4 к.8","address":"Левобережная ул. 4 к.8","type":"Спортивная площадка","parent_id":"1087345084","parent_name":"ДТ\\Левобережная ул. 4 к.8","site_type":"Резиновая крошка","improvement_year":"2018"},"geometry":{"type":"Point","coordinates":[37.479679,55.871119]}},{"type":"Feature","id":"sp-947354543-2872","properties":{"category":"СП","layer":"sp","district":"Хорошевский","section":"Без участка","name":"ДТ\\Куусинена ул. 4А к.3, 4А к.4","address":"Куусинена ул. 4А к.3, 4А к.4","type":"Спортивная площадка","parent_id":"947354543","parent_name":"ДТ\\Куусинена ул. 4А к.3, 4А к.4","site_type":"Резиновая крошка","improvement_year":"2018"},"geometry":{"type":"Point","coordinates":[37.518051,55.780703]}},{"type":"Feature","id":"sp-1043176908-2878","properties":{"category":"СП","layer":"sp","district":"Хорошевский","section":"Без участка","name":"ДТ\\Зорге ул. 14 к.1, 14 к.2, 14 к.3; Куусинена ул. 15 к.1, 15 к.2, 15 к.3","address":"Зорге ул. 14 к.1, 14 к.2, 14 к.3; Куусинена ул. 15 к.1, 15 к.2, 15 к.3","type":"Спортивная площадка","parent_id":"1043176908","parent_name":"ДТ\\Зорге ул. 14 к.1, 14 к.2, 14 к.3; Куусинена ул. 15 к.1, 15 к.2, 15 к.3","site_type":"Резиновая крошка","improvement_year":"2021"},"geometry":{"type":"Point","coordinates":[37.511957,55.784689]}},{"type":"Feature","id":"sp-1043176914-2880","properties":{"category":"СП","layer":"sp","district":"Хорошевский","section":"Без участка","name":"ДТ\\Зорге ул. 14 к.1, 14 к.2, 14 к.3; Куусинена ул. 15 к.1, 15 к.2, 15 к.3","address":"Зорге ул. 14 к.1, 14 к.2, 14 к.3; Куусинена ул. 15 к.1, 15 к.2, 15 к.3","type":"Спортивная площадка","parent_id":"1043176914","parent_name":"ДТ\\Зорге ул. 14 к.1, 14 к.2, 14 к.3; Куусинена ул. 15 к.1, 15 к.2, 15 к.3","site_type":"Резиновая крошка","improvement_year":"2021"},"geometry":{"type":"Point","coordinates":[37.512218,55.784515]}},{"type":"Feature","id":"sp-920091665-2884","properties":{"category":"СП","layer":"sp","district":"Хорошевский","section":"Без участка","name":"ДТ\\Поликарпова ул. 21 к.4","address":"Поликарпова ул. 21 к.4","type":"Спортивная площадка","parent_id":"920091665","parent_name":"ДТ\\Поликарпова ул. 21 к.4","site_type":"Резиновая крошка","improvement_year":"2016"},"geometry":{"type":"Point","coordinates":[37.544412,55.777708]}},{"type":"Feature","id":"sp-920091671-2885","properties":{"category":"СП","layer":"sp","district":"Хорошевский","section":"Без участка","name":"ДТ\\Поликарпова ул. 21 к.4","address":"Поликарпова ул. 21 к.4","type":"Спортивная площадка","parent_id":"920091671","parent_name":"ДТ\\Поликарпова ул. 21 к.4","site_type":"Асфальтобетонное","improvement_year":"2016"},"geometry":{"type":"Point","coordinates":[37.544144,55.777986]}},{"type":"Feature","id":"sp-985089894-2891","properties":{"category":"СП","layer":"sp","district":"Хорошевский","section":"Без участка","name":"ДТ\\Аэропорта пр. 3; Викторенко ул. 12, 12/1, 14","address":"Аэропорта пр. 3; Викторенко ул. 12, 12/1, 14","type":"Спортивная площадка","parent_id":"985089894","parent_name":"ДТ\\Аэропорта пр. 3; Викторенко ул. 12, 12/1, 14","site_type":"Резиновая крошка","improvement_year":"2024"},"geometry":{"type":"Point","coordinates":[37.523662,55.795559]}},{"type":"Feature","id":"sp-1120287049-2892","properties":{"category":"СП","layer":"sp","district":"Хорошевский","section":"Без участка","name":"ДТ\\Хорошевское шоссе 13А к.1, 13А к.2","address":"Хорошевское шоссе 13А к.1, 13А к.2","type":"Спортивная площадка","parent_id":"1120287049","parent_name":"ДТ\\Хорошевское шоссе 13А к.1, 13А к.2","site_type":"Резиновая крошка","improvement_year":"2022"},"geometry":{"type":"Point","coordinates":[37.530042,55.774998]}},{"type":"Feature","id":"sp-1120287051-2893","properties":{"category":"СП","layer":"sp","district":"Хорошевский","section":"Без участка","name":"ДТ\\Хорошевское шоссе 13А к.1, 13А к.2","address":"Хорошевское шоссе 13А к.1, 13А к.2","type":"Спортивная площадка","parent_id":"1120287051","parent_name":"ДТ\\Хорошевское шоссе 13А к.1, 13А к.2","site_type":"Резиновая крошка","improvement_year":"2022"},"geometry":{"type":"Point","coordinates":[37.530249,55.774955]}},{"type":"Feature","id":"sp-989340347-2899","properties":{"category":"СП","layer":"sp","district":"Хорошевский","section":"Без участка","name":"ДТ\\Аэропорта пр. 11, 11А, 11Б","address":"Аэропорта пр. 11, 11А, 11Б","type":"Спортивная площадка","parent_id":"989340347","parent_name":"ДТ\\Аэропорта пр. 11, 11А, 11Б","site_type":"Резиновая крошка","improvement_year":"2022"},"geometry":{"type":"Point","coordinates":[37.522356,55.795668]}},{"type":"Feature","id":"sp-1116702597-2905","properties":{"category":"СП","layer":"sp","district":"Хорошевский","section":"Без участка","name":"ДТ\\Полины Осипенко ул. 22 к.1, 22 к.2, 22 к.3, 22 к.4","address":"Полины Осипенко ул. 22 к.1, 22 к.2, 22 к.3, 22 к.4","type":"Спортивная площадка","parent_id":"1116702597","parent_name":"ДТ\\Полины Осипенко ул. 22 к.1, 22 к.2, 22 к.3, 22 к.4","site_type":"Резиновая крошка","improvement_year":"2013"},"geometry":{"type":"Point","coordinates":[37.527101,55.78167]}},{"type":"Feature","id":"sp-1116702607-2907","properties":{"category":"СП","layer":"sp","district":"Хорошевский","section":"Без участка","name":"ДТ\\Полины Осипенко ул. 22 к.1, 22 к.2, 22 к.3, 22 к.4","address":"Полины Осипенко ул. 22 к.1, 22 к.2, 22 к.3, 22 к.4","type":"Спортивная площадка","parent_id":"1116702607","parent_name":"ДТ\\Полины Осипенко ул. 22 к.1, 22 к.2, 22 к.3, 22 к.4","site_type":"Резиновая крошка","improvement_year":"2013"},"geometry":{"type":"Point","coordinates":[37.527379,55.781851]}},{"type":"Feature","id":"sp-920078130-2909","properties":{"category":"СП","layer":"sp","district":"Хорошевский","section":"Без участка","name":"ДТ\\Острякова ул. 6","address":"Острякова ул. 6","type":"Спортивная площадка","parent_id":"920078130","parent_name":"ДТ\\Острякова ул. 6","site_type":"Резиновая крошка","improvement_year":"2021"},"geometry":{"type":"Point","coordinates":[37.525457,55.800427]}},{"type":"Feature","id":"sp-992529015-2914","properties":{"category":"СП","layer":"sp","district":"Хорошевский","section":"Без участка","name":"ДТ\\Ленинградский просп. 57; Острякова ул. 8","address":"Ленинградский просп. 57; Острякова ул. 8","type":"Спортивная площадка","parent_id":"992529015","parent_name":"ДТ\\Ленинградский просп. 57; Острякова ул. 8","site_type":"Резиновая крошка","improvement_year":"2021"},"geometry":{"type":"Point","coordinates":[37.525466,55.800417]}},{"type":"Feature","id":"sp-992529029-2915","properties":{"category":"СП","layer":"sp","district":"Хорошевский","section":"Без участка","name":"ДТ\\Ленинградский просп. 57; Острякова ул. 8","address":"Ленинградский просп. 57; Острякова ул. 8","type":"Спортивная площадка","parent_id":"992529029","parent_name":"ДТ\\Ленинградский просп. 57; Острякова ул. 8","site_type":"Резиновая крошка","improvement_year":"2021"},"geometry":{"type":"Point","coordinates":[37.524274,55.80035]}},{"type":"Feature","id":"sp-988824438-2916","properties":{"category":"СП","layer":"sp","district":"Хорошевский","section":"Без участка","name":"ДТ\\Магистральный пер. 7 к.1, 7 к.2","address":"Магистральный пер. 7 к.1, 7 к.2","type":"Спортивная площадка","parent_id":"988824438","parent_name":"ДТ\\Магистральный пер. 7 к.1, 7 к.2","site_type":"Резиновая крошка","improvement_year":"2014"},"geometry":{"type":"Point","coordinates":[37.526049,55.773182]}},{"type":"Feature","id":"sp-988824444-2917","properties":{"category":"СП","layer":"sp","district":"Хорошевский","section":"Без участка","name":"ДТ\\Магистральный пер. 7 к.1, 7 к.2","address":"Магистральный пер. 7 к.1, 7 к.2","type":"Спортивная площадка","parent_id":"988824444","parent_name":"ДТ\\Магистральный пер. 7 к.1, 7 к.2","site_type":"Резиновая крошка","improvement_year":"2014"},"geometry":{"type":"Point","coordinates":[37.525746,55.773151]}},{"type":"Feature","id":"sp-986636972-2933","properties":{"category":"СП","layer":"sp","district":"Хорошевский","section":"Без участка","name":"ДТ\\Гризодубовой ул. 4 к.3; Ходынский бульв. 13","address":"Гризодубовой ул. 4 к.3; Ходынский бульв. 13","type":"Спортивная площадка","parent_id":"986636972","parent_name":"ДТ\\Гризодубовой ул. 4 к.3; Ходынский бульв. 13","site_type":"Резиновая крошка","improvement_year":"2019"},"geometry":{"type":"Point","coordinates":[37.523533,55.785102]}},{"type":"Feature","id":"sp-986636980-2936","properties":{"category":"СП","layer":"sp","district":"Хорошевский","section":"Без участка","name":"ДТ\\Гризодубовой ул. 4 к.3; Ходынский бульв. 13","address":"Гризодубовой ул. 4 к.3; Ходынский бульв. 13","type":"Спортивная площадка","parent_id":"986636980","parent_name":"ДТ\\Гризодубовой ул. 4 к.3; Ходынский бульв. 13","site_type":"Резиновая крошка","improvement_year":"2019"},"geometry":{"type":"Point","coordinates":[37.524195,55.785172]}},{"type":"Feature","id":"sp-989615248-2943","properties":{"category":"СП","layer":"sp","district":"Хорошевский","section":"Без участка","name":"ДТ\\Березовой Рощи пр. 10; Ходынский бульв. 19","address":"Березовой Рощи пр. 10; Ходынский бульв. 19","type":"Спортивная площадка","parent_id":"989615248","parent_name":"ДТ\\Березовой Рощи пр. 10; Ходынский бульв. 19","site_type":"Резиновая крошка","improvement_year":"2010"},"geometry":{"type":"Point","coordinates":[37.519879,55.789022]}},{"type":"Feature","id":"sp-920342907-2954","properties":{"category":"СП","layer":"sp","district":"Хорошевский","section":"Без участка","name":"ДТ\\Хорошевский 1-й пр. 2/17, 4 к.1, 4 к.2, 4 к.3, 6","address":"Хорошевский 1-й пр. 2/17, 4 к.1, 4 к.2, 4 к.3, 6","type":"Спортивная площадка","parent_id":"920342907","parent_name":"ДТ\\Хорошевский 1-й пр. 2/17, 4 к.1, 4 к.2, 4 к.3, 6","site_type":"Резиновая крошка","improvement_year":"2014"},"geometry":{"type":"Point","coordinates":[37.548023,55.776984]}},{"type":"Feature","id":"sp-1193696628-2963","properties":{"category":"СП","layer":"sp","district":"Хорошевский","section":"Без участка","name":"ДТ\\Хорошевский 1-й пр. 12 к.1, 12 к.2, 12 к.3, 14 к.1, 14 к.2, 14 к.3","address":"Хорошевский 1-й пр. 12 к.1, 12 к.2, 12 к.3, 14 к.1, 14 к.2, 14 к.3","type":"Спортивная площадка","parent_id":"1193696628","parent_name":"ДТ\\Хорошевский 1-й пр. 12 к.1, 12 к.2, 12 к.3, 14 к.1, 14 к.2, 14 к.3","site_type":"Резиновая крошка","improvement_year":"2024"},"geometry":{"type":"Point","coordinates":[37.545319,55.775279]}},{"type":"Feature","id":"sp-1189532323-2970","properties":{"category":"СП","layer":"sp","district":"Хорошевский","section":"Без участка","name":"ДТ\\Хорошевское шоссе 13А к.3, 13 к.3","address":"Хорошевское шоссе 13А к.3, 13 к.3","type":"Спортивная площадка","parent_id":"1189532323","parent_name":"ДТ\\Хорошевское шоссе 13А к.3, 13 к.3","site_type":"Резиновая крошка","improvement_year":"2024"},"geometry":{"type":"Point","coordinates":[37.532488,55.775137]}},{"type":"Feature","id":"sp-1193705966-2972","properties":{"category":"СП","layer":"sp","district":"Хорошевский","section":"Без участка","name":"ДТ\\Хорошевское шоссе 82 к.11, 82 к.2, 82 к.7, 82 к.8","address":"Хорошевское шоссе 82 к.11, 82 к.2, 82 к.7, 82 к.8","type":"Спортивная площадка","parent_id":"1193705966","parent_name":"ДТ\\Хорошевское шоссе 82 к.11, 82 к.2, 82 к.7, 82 к.8","site_type":"Резиновая крошка","improvement_year":"2017"},"geometry":{"type":"Point","coordinates":[37.520769,55.77957]}},{"type":"Feature","id":"sp-1191965433-2974","properties":{"category":"СП","layer":"sp","district":"Хорошевский","section":"Без участка","name":"ДТ\\Хорошевское шоссе 82 к.1, 82 к.9, 84 к.1, 84 к.2, 84 к.3, 84 к.4","address":"Хорошевское шоссе 82 к.1, 82 к.9, 84 к.1, 84 к.2, 84 к.3, 84 к.4","type":"Спортивная площадка","parent_id":"1191965433","parent_name":"ДТ\\Хорошевское шоссе 82 к.1, 82 к.9, 84 к.1, 84 к.2, 84 к.3, 84 к.4","site_type":"Грунтовое","improvement_year":"2017"},"geometry":{"type":"Point","coordinates":[37.520498,55.778345]}},{"type":"Feature","id":"sp-1198559766-2977","properties":{"category":"СП","layer":"sp","district":"Хорошевский","section":"Без участка","name":"ДТ\\Зорге ул. 18 к.1, 18 к.2, 18 к.3; Куусинена ул. 19 к.1, 19 к.2, 19 к.3","address":"Зорге ул. 18 к.1, 18 к.2, 18 к.3; Куусинена ул. 19 к.1, 19 к.2, 19 к.3","type":"Спортивная площадка","parent_id":"1198559766","parent_name":"ДТ\\Зорге ул. 18 к.1, 18 к.2, 18 к.3; Куусинена ул. 19 к.1, 19 к.2, 19 к.3","site_type":"Резиновая крошка","improvement_year":"2023"},"geometry":{"type":"Point","coordinates":[37.510365,55.786453]}},{"type":"Feature","id":"sp-920733801-2980","properties":{"category":"СП","layer":"sp","district":"Хорошевский","section":"Без участка","name":"ДТ\\Хорошевское шоссе 52 к.1, 52 к.2","address":"Хорошевское шоссе 52 к.1, 52 к.2","type":"Спортивная площадка","parent_id":"920733801","parent_name":"ДТ\\Хорошевское шоссе 52 к.1, 52 к.2","site_type":"Резиновая крошка","improvement_year":"2019"},"geometry":{"type":"Point","coordinates":[37.53149,55.777518]}},{"type":"Feature","id":"sp-1198938724-2982","properties":{"category":"СП","layer":"sp","district":"Хорошевский","section":"Без участка","name":"ДТ\\Магистральная 1-я ул. 22 к.1, 22 к.2","address":"Магистральная 1-я ул. 22 к.1, 22 к.2","type":"Спортивная площадка","parent_id":"1198938724","parent_name":"ДТ\\Магистральная 1-я ул. 22 к.1, 22 к.2","site_type":"Резиновая крошка","improvement_year":"2011"},"geometry":{"type":"Point","coordinates":[37.515021,55.772604]}},{"type":"Feature","id":"sp-1193274101-2984","properties":{"category":"СП","layer":"sp","district":"Хорошевский","section":"Без участка","name":"ДТ\\Поликарпова ул. 19 к.1, 19 к.2","address":"Поликарпова ул. 19 к.1, 19 к.2","type":"Спортивная площадка","parent_id":"1193274101","parent_name":"ДТ\\Поликарпова ул. 19 к.1, 19 к.2","site_type":"Резиновая крошка","improvement_year":"2017"},"geometry":{"type":"Point","coordinates":[37.548066,55.778955]}},{"type":"Feature","id":"sp-1193274111-2985","properties":{"category":"СП","layer":"sp","district":"Хорошевский","section":"Без участка","name":"ДТ\\Поликарпова ул. 19 к.1, 19 к.2","address":"Поликарпова ул. 19 к.1, 19 к.2","type":"Спортивная площадка","parent_id":"1193274111","parent_name":"ДТ\\Поликарпова ул. 19 к.1, 19 к.2","site_type":"Резиновая крошка","improvement_year":"2017"},"geometry":{"type":"Point","coordinates":[37.547981,55.778945]}},{"type":"Feature","id":"sp-1182634382-2986","properties":{"category":"СП","layer":"sp","district":"Хорошевский","section":"Без участка","name":"ДТ\\Ленинградский просп. 45 к.1, 45 к.2, 45 к.3","address":"Ленинградский просп. 45 к.1, 45 к.2, 45 к.3","type":"Спортивная площадка","parent_id":"1182634382","parent_name":"ДТ\\Ленинградский просп. 45 к.1, 45 к.2, 45 к.3","site_type":"Резиновая крошка","improvement_year":"2024"},"geometry":{"type":"Point","coordinates":[37.533136,55.798362]}},{"type":"Feature","id":"sp-1189361860-2989","properties":{"category":"СП","layer":"sp","district":"Хорошевский","section":"Без участка","name":"ДТ\\Хорошевское шоссе 50 к.1, 50 к.2, 50 к.3","address":"Хорошевское шоссе 50 к.1, 50 к.2, 50 к.3","type":"Спортивная площадка","parent_id":"1189361860","parent_name":"ДТ\\Хорошевское шоссе 50 к.1, 50 к.2, 50 к.3","site_type":"Резиновая крошка","improvement_year":"2024"},"geometry":{"type":"Point","coordinates":[37.534209,55.777612]}},{"type":"Feature","id":"sp-1189361868-2990","properties":{"category":"СП","layer":"sp","district":"Хорошевский","section":"Без участка","name":"ДТ\\Хорошевское шоссе 50 к.1, 50 к.2, 50 к.3","address":"Хорошевское шоссе 50 к.1, 50 к.2, 50 к.3","type":"Спортивная площадка","parent_id":"1189361868","parent_name":"ДТ\\Хорошевское шоссе 50 к.1, 50 к.2, 50 к.3","site_type":"Резиновая крошка","improvement_year":"2024"},"geometry":{"type":"Point","coordinates":[37.534245,55.778365]}},{"type":"Feature","id":"sp-1189361879-2992","properties":{"category":"СП","layer":"sp","district":"Хорошевский","section":"Без участка","name":"ДТ\\Хорошевское шоссе 50 к.1, 50 к.2, 50 к.3","address":"Хорошевское шоссе 50 к.1, 50 к.2, 50 к.3","type":"Спортивная площадка","parent_id":"1189361879","parent_name":"ДТ\\Хорошевское шоссе 50 к.1, 50 к.2, 50 к.3","site_type":"Резиновая крошка","improvement_year":"2024"},"geometry":{"type":"Point","coordinates":[37.53451,55.778214]}},{"type":"Feature","id":"sp-1137921626-2996","properties":{"category":"СП","layer":"sp","district":"Хорошевский","section":"Без участка","name":"ДТ\\Магистральная 3-я ул. 20Б, 26Б","address":"Магистральная 3-я ул. 20Б, 26Б","type":"Спортивная площадка","parent_id":"1137921626","parent_name":"ДТ\\Магистральная 3-я ул. 20Б, 26Б","site_type":"Резиновая крошка","improvement_year":"2017"},"geometry":{"type":"Point","coordinates":[37.519017,55.767486]}},{"type":"Feature","id":"sp-1137921636-2997","properties":{"category":"СП","layer":"sp","district":"Хорошевский","section":"Без участка","name":"ДТ\\Магистральная 3-я ул. 20Б, 26Б","address":"Магистральная 3-я ул. 20Б, 26Б","type":"Спортивная площадка","parent_id":"1137921636","parent_name":"ДТ\\Магистральная 3-я ул. 20Б, 26Б","site_type":"Резиновая крошка","improvement_year":"2017"},"geometry":{"type":"Point","coordinates":[37.519564,55.767799]}},{"type":"Feature","id":"sp-1270726678-3013","properties":{"category":"СП","layer":"sp","district":"Хорошевский","section":"Без участка","name":"ДТ\\Магистральная 5-я ул. 18, 20","address":"Магистральная 5-я ул. 18, 20","type":"Спортивная площадка","parent_id":"1270726678","parent_name":"ДТ\\Магистральная 5-я ул. 18, 20","site_type":"Резиновая крошка","improvement_year":"2022"},"geometry":{"type":"Point","coordinates":[37.530031,55.774983]}},{"type":"Feature","id":"sp-1278727377-3021","properties":{"category":"СП","layer":"sp","district":"Хорошевский","section":"Без участка","name":"ДТ\\Хорошевский 2-й пр. 7А, 7Б","address":"Хорошевский 2-й пр. 7А, 7Б","type":"Спортивная площадка","parent_id":"1278727377","parent_name":"ДТ\\Хорошевский 2-й пр. 7А, 7Б","site_type":"Резиновая крошка","improvement_year":"2011"},"geometry":{"type":"Point","coordinates":[37.534109,55.773464]}},{"type":"Feature","id":"sp-1278727409-3022","properties":{"category":"СП","layer":"sp","district":"Хорошевский","section":"Без участка","name":"ДТ\\Хорошевский 2-й пр. 7А, 7Б","address":"Хорошевский 2-й пр. 7А, 7Б","type":"Спортивная площадка","parent_id":"1278727409","parent_name":"ДТ\\Хорошевский 2-й пр. 7А, 7Б","site_type":"Резиновая крошка","improvement_year":"2011"},"geometry":{"type":"Point","coordinates":[37.534007,55.773425]}},{"type":"Feature","id":"sp-1185246497-3023","properties":{"category":"СП","layer":"sp","district":"Хорошевский","section":"Без участка","name":"ДТ\\Полины Осипенко ул. 8 к.1, 8 к.2","address":"Полины Осипенко ул. 8 к.1, 8 к.2","type":"Спортивная площадка","parent_id":"1185246497","parent_name":"ДТ\\Полины Осипенко ул. 8 к.1, 8 к.2","site_type":"Асфальтобетонное","improvement_year":"2013"},"geometry":{"type":"Point","coordinates":[37.535749,55.7806]}},{"type":"Feature","id":"sp-1024000236-3025","properties":{"category":"СП","layer":"sp","district":"Хорошевский","section":"Без участка","name":"ДТ\\Хорошевское шоссе 68 к.5","address":"Хорошевское шоссе 68 к.5","type":"Спортивная площадка","parent_id":"1024000236","parent_name":"ДТ\\Хорошевское шоссе 68 к.5","site_type":"Резиновая крошка","improvement_year":"2014"},"geometry":{"type":"Point","coordinates":[37.527289,55.780033]}},{"type":"Feature","id":"sp-1309461658-3030","properties":{"category":"СП","layer":"sp","district":"Хорошевский","section":"Без участка","name":"ДТ\\Хорошевское шоссе 39 к.1, 39 к.2, 41 к.Г, 41 к.Е, 43 к.В","address":"Хорошевское шоссе 39 к.1, 39 к.2, 41 к.Г, 41 к.Е, 43 к.В","type":"Спортивная площадка","parent_id":"1309461658","parent_name":"ДТ\\Хорошевское шоссе 39 к.1, 39 к.2, 41 к.Г, 41 к.Е, 43 к.В","site_type":"Резиновая крошка","improvement_year":"2016"},"geometry":{"type":"Point","coordinates":[37.510865,55.776787]}},{"type":"Feature","id":"sp-1309461668-3031","properties":{"category":"СП","layer":"sp","district":"Хорошевский","section":"Без участка","name":"ДТ\\Хорошевское шоссе 39 к.1, 39 к.2, 41 к.Г, 41 к.Е, 43 к.В","address":"Хорошевское шоссе 39 к.1, 39 к.2, 41 к.Г, 41 к.Е, 43 к.В","type":"Спортивная площадка","parent_id":"1309461668","parent_name":"ДТ\\Хорошевское шоссе 39 к.1, 39 к.2, 41 к.Г, 41 к.Е, 43 к.В","site_type":"Резиновая крошка","improvement_year":"2016"},"geometry":{"type":"Point","coordinates":[37.51115,55.77672]}},{"type":"Feature","id":"sp-989623298-3036","properties":{"category":"СП","layer":"sp","district":"Хорошевский","section":"Без участка","name":"ДТ\\Березовой Рощи пр. 4, 6, 8; Ходынский бульв. 17","address":"Березовой Рощи пр. 4, 6, 8; Ходынский бульв. 17","type":"Спортивная площадка","parent_id":"989623298","parent_name":"ДТ\\Березовой Рощи пр. 4, 6, 8; Ходынский бульв. 17","site_type":"Резиновая крошка","improvement_year":"2010"},"geometry":{"type":"Point","coordinates":[37.520176,55.787637]}},{"type":"Feature","id":"sp-989623284-3038","properties":{"category":"СП","layer":"sp","district":"Хорошевский","section":"Без участка","name":"ДТ\\Березовой Рощи пр. 4, 6, 8; Ходынский бульв. 17","address":"Березовой Рощи пр. 4, 6, 8; Ходынский бульв. 17","type":"Спортивная площадка","parent_id":"989623284","parent_name":"ДТ\\Березовой Рощи пр. 4, 6, 8; Ходынский бульв. 17","site_type":"Резиновая крошка","improvement_year":"2010"},"geometry":{"type":"Point","coordinates":[37.520615,55.787548]}},{"type":"Feature","id":"sp-1314993039-3043","properties":{"category":"СП","layer":"sp","district":"Хорошевский","section":"Без участка","name":"ДТ\\Викторенко ул. 3","address":"Викторенко ул. 3","type":"Спортивная площадка","parent_id":"1314993039","parent_name":"ДТ\\Викторенко ул. 3","site_type":"Резиновая крошка","improvement_year":"2011"},"geometry":{"type":"Point","coordinates":[37.529637,55.798544]}},{"type":"Feature","id":"sp-1023400470-3045","properties":{"category":"СП","layer":"sp","district":"Хорошевский","section":"Без участка","name":"ДТ\\Гризодубовой ул. 2; Ходынский бульв. 5 к.1, 5 к.2, 5 к.3, 5 к.4","address":"Гризодубовой ул. 2; Ходынский бульв. 5 к.1, 5 к.2, 5 к.3, 5 к.4","type":"Спортивная площадка","parent_id":"1023400470","parent_name":"ДТ\\Гризодубовой ул. 2; Ходынский бульв. 5 к.1, 5 к.2, 5 к.3, 5 к.4","site_type":"Резиновая крошка","improvement_year":"2025"},"geometry":{"type":"Point","coordinates":[37.531724,55.783091]}},{"type":"Feature","id":"sp-1023400482-3046","properties":{"category":"СП","layer":"sp","district":"Хорошевский","section":"Без участка","name":"ДТ\\Гризодубовой ул. 2; Ходынский бульв. 5 к.1, 5 к.2, 5 к.3, 5 к.4","address":"Гризодубовой ул. 2; Ходынский бульв. 5 к.1, 5 к.2, 5 к.3, 5 к.4","type":"Спортивная площадка","parent_id":"1023400482","parent_name":"ДТ\\Гризодубовой ул. 2; Ходынский бульв. 5 к.1, 5 к.2, 5 к.3, 5 к.4","site_type":"Асфальтобетонное","improvement_year":"2025"},"geometry":{"type":"Point","coordinates":[37.531975,55.783097]}},{"type":"Feature","id":"sp-1023400450-3049","properties":{"category":"СП","layer":"sp","district":"Хорошевский","section":"Без участка","name":"ДТ\\Гризодубовой ул. 2; Ходынский бульв. 5 к.1, 5 к.2, 5 к.3, 5 к.4","address":"Гризодубовой ул. 2; Ходынский бульв. 5 к.1, 5 к.2, 5 к.3, 5 к.4","type":"Спортивная площадка","parent_id":"1023400450","parent_name":"ДТ\\Гризодубовой ул. 2; Ходынский бульв. 5 к.1, 5 к.2, 5 к.3, 5 к.4","site_type":"Резиновая крошка","improvement_year":"2025"},"geometry":{"type":"Point","coordinates":[37.531889,55.78374]}},{"type":"Feature","id":"sp-1118355762-3052","properties":{"category":"СП","layer":"sp","district":"Хорошевский","section":"Без участка","name":"ДТ\\Хорошевский 3-й пр. 8; Хорошевское шоссе 5 к.1, 5 к.2","address":"Хорошевский 3-й пр. 8; Хорошевское шоссе 5 к.1, 5 к.2","type":"Спортивная площадка","parent_id":"1118355762","parent_name":"ДТ\\Хорошевский 3-й пр. 8; Хорошевское шоссе 5 к.1, 5 к.2","site_type":"Асфальтобетонное","improvement_year":"2025"},"geometry":{"type":"Point","coordinates":[37.539569,55.774154]}},{"type":"Feature","id":"sp-1118355744-3054","properties":{"category":"СП","layer":"sp","district":"Хорошевский","section":"Без участка","name":"ДТ\\Хорошевский 3-й пр. 8; Хорошевское шоссе 5 к.1, 5 к.2","address":"Хорошевский 3-й пр. 8; Хорошевское шоссе 5 к.1, 5 к.2","type":"Спортивная площадка","parent_id":"1118355744","parent_name":"ДТ\\Хорошевский 3-й пр. 8; Хорошевское шоссе 5 к.1, 5 к.2","site_type":"Асфальтобетонное","improvement_year":"2025"},"geometry":{"type":"Point","coordinates":[37.539541,55.774302]}},{"type":"Feature","id":"sp-1189563157-3059","properties":{"category":"СП","layer":"sp","district":"Хорошевский","section":"Без участка","name":"ДТ\\Микояна Авиаконструктора ул. 14 к.1, 14 к.2","address":"Микояна Авиаконструктора ул. 14 к.1, 14 к.2","type":"Спортивная площадка","parent_id":"1189563157","parent_name":"ДТ\\Микояна Авиаконструктора ул. 14 к.1, 14 к.2","site_type":"Резиновая крошка","improvement_year":"2025"},"geometry":{"type":"Point","coordinates":[37.528114,55.793178]}},{"type":"Feature","id":"sp-1189563151-3061","properties":{"category":"СП","layer":"sp","district":"Хорошевский","section":"Без участка","name":"ДТ\\Микояна Авиаконструктора ул. 14 к.1, 14 к.2","address":"Микояна Авиаконструктора ул. 14 к.1, 14 к.2","type":"Спортивная площадка","parent_id":"1189563151","parent_name":"ДТ\\Микояна Авиаконструктора ул. 14 к.1, 14 к.2","site_type":"Резиновая крошка","improvement_year":"2024"},"geometry":{"type":"Point","coordinates":[37.526495,55.792906]}},{"type":"Feature","id":"sp-1191920728-3068","properties":{"category":"СП","layer":"sp","district":"Хорошевский","section":"Без участка","name":"ДТ\\Хорошевское шоссе 68 к.1, 70 к.1, 70 к.3, 72 к.1, 72 к.3","address":"Хорошевское шоссе 68 к.1, 70 к.1, 70 к.3, 72 к.1, 72 к.3","type":"Спортивная площадка","parent_id":"1191920728","parent_name":"ДТ\\Хорошевское шоссе 68 к.1, 70 к.1, 70 к.3, 72 к.1, 72 к.3","site_type":"Резиновая крошка","improvement_year":"2024"},"geometry":{"type":"Point","coordinates":[37.52658,55.778938]}},{"type":"Feature","id":"sp-1191920732-3069","properties":{"category":"СП","layer":"sp","district":"Хорошевский","section":"Без участка","name":"ДТ\\Хорошевское шоссе 68 к.1, 70 к.1, 70 к.3, 72 к.1, 72 к.3","address":"Хорошевское шоссе 68 к.1, 70 к.1, 70 к.3, 72 к.1, 72 к.3","type":"Спортивная площадка","parent_id":"1191920732","parent_name":"ДТ\\Хорошевское шоссе 68 к.1, 70 к.1, 70 к.3, 72 к.1, 72 к.3","site_type":"Резиновая крошка","improvement_year":"2024"},"geometry":{"type":"Point","coordinates":[37.526427,55.779074]}},{"type":"Feature","id":"sp-1042906594-3081","properties":{"category":"СП","layer":"sp","district":"Хорошевский","section":"Без участка","name":"ДТ\\Магистральная 5-я ул. 10, 12, 8","address":"Магистральная 5-я ул. 10, 12, 8","type":"Спортивная площадка","parent_id":"1042906594","parent_name":"ДТ\\Магистральная 5-я ул. 10, 12, 8","site_type":"Резиновая крошка","improvement_year":"2019"},"geometry":{"type":"Point","coordinates":[37.526003,55.771482]}},{"type":"Feature","id":"sp-1019818192-3082","properties":{"category":"СП","layer":"sp","district":"Хорошевский","section":"Без участка","name":"ДТ\\Березовой Рощи пр. 3 к.1, 3 к.2","address":"Березовой Рощи пр. 3 к.1, 3 к.2","type":"Спортивная площадка","parent_id":"1019818192","parent_name":"ДТ\\Березовой Рощи пр. 3 к.1, 3 к.2","site_type":"Резиновая крошка","improvement_year":"2010"},"geometry":{"type":"Point","coordinates":[37.518878,55.786648]}},{"type":"Feature","id":"sp-1019818198-3084","properties":{"category":"СП","layer":"sp","district":"Хорошевский","section":"Без участка","name":"ДТ\\Березовой Рощи пр. 3 к.1, 3 к.2","address":"Березовой Рощи пр. 3 к.1, 3 к.2","type":"Спортивная площадка","parent_id":"1019818198","parent_name":"ДТ\\Березовой Рощи пр. 3 к.1, 3 к.2","site_type":"Грунтовое","improvement_year":"2010"},"geometry":{"type":"Point","coordinates":[37.518913,55.786496]}},{"type":"Feature","id":"sp-1119511796-3085","properties":{"category":"СП","layer":"sp","district":"Хорошевский","section":"Без участка","name":"ДТ\\Хорошевский 2-й пр. 5","address":"Хорошевский 2-й пр. 5","type":"Спортивная площадка","parent_id":"1119511796","parent_name":"ДТ\\Хорошевский 2-й пр. 5","site_type":"Резиновая крошка","improvement_year":"2013"},"geometry":{"type":"Point","coordinates":[37.533953,55.774345]}},{"type":"Feature","id":"sp-1270350843-3089","properties":{"category":"СП","layer":"sp","district":"Хорошевский","section":"Без участка","name":"ДТ\\Полины Осипенко ул. 14 к.1","address":"Полины Осипенко ул. 14 к.1","type":"Спортивная площадка","parent_id":"1270350843","parent_name":"ДТ\\Полины Осипенко ул. 14 к.1","site_type":"Резиновая крошка","improvement_year":"2024"},"geometry":{"type":"Point","coordinates":[37.533581,55.780123]}},{"type":"Feature","id":"sp-1310860728-3096","properties":{"category":"СП","layer":"sp","district":"Хорошевский","section":"Без участка","name":"ДТ\\Викторенко ул. 11","address":"Викторенко ул. 11","type":"Спортивная площадка","parent_id":"1310860728","parent_name":"ДТ\\Викторенко ул. 11","site_type":"Резиновая крошка","improvement_year":"2018"},"geometry":{"type":"Point","coordinates":[37.526038,55.79543]}},{"type":"Feature","id":"sp-1310860735-3097","properties":{"category":"СП","layer":"sp","district":"Хорошевский","section":"Без участка","name":"ДТ\\Викторенко ул. 11","address":"Викторенко ул. 11","type":"Спортивная площадка","parent_id":"1310860735","parent_name":"ДТ\\Викторенко ул. 11","site_type":"Резиновая крошка","improvement_year":"2018"},"geometry":{"type":"Point","coordinates":[37.52628,55.795463]}},{"type":"Feature","id":"sp-1193288326-3100","properties":{"category":"СП","layer":"sp","district":"Хорошевский","section":"Без участка","name":"ДТ\\Гризодубовой ул. 4 к.1; Ходынский бульв. 9","address":"Гризодубовой ул. 4 к.1; Ходынский бульв. 9","type":"Спортивная площадка","parent_id":"1193288326","parent_name":"ДТ\\Гризодубовой ул. 4 к.1; Ходынский бульв. 9","site_type":"Плиточное","improvement_year":"2024"},"geometry":{"type":"Point","coordinates":[37.527969,55.783516]}}]}