{
  "type": "FeatureCollection",
  "name": "sao_smm_storage_locations_wgs84",
  "metadata": {
    "source": "Места хранения СММ Зима.xlsx, первый лист",
    "coordinate_order": "[longitude, latitude] (WGS84 / CRS84)",
    "source_rows_with_coordinates": 2101,
    "unique_locations_inside_sao": 402,
    "unique_locations_excluded_outside_sao": 0,
    "note": "Точки созданы по координатам реестра; точность и режим хранения требуют служебной сверки."
  },
  "features": [
    {
      "type": "Feature",
      "properties": {
        "name": "Место хранения СММ № 1",
        "address": "Балтийский 2-й пер.4",
        "district": "Аэропорт",
        "section": "5.0",
        "smm_units": 36,
        "source_rows": 36,
        "purpose": "Место хранения СММ в зимний период",
        "coordinate_status": "Координата из реестра мест хранения СММ",
        "verification": "Требуется служебная сверка перед утверждением",
        "source": "Места хранения СММ Зима.xlsx"
      },
      "geometry": {
        "type": "Point",
        "coordinates": [
          37.52483,
          55.807792
        ]
      }
    },
    {
      "type": "Feature",
      "properties": {
        "name": "Место хранения СММ № 2",
        "address": "Коптевский М. пр. 4",
        "district": "Аэропорт",
        "section": "1.0",
        "smm_units": 36,
        "source_rows": 36,
        "purpose": "Место хранения СММ в зимний период",
        "coordinate_status": "Координата из реестра мест хранения СММ",
        "verification": "Требуется служебная сверка перед утверждением",
        "source": "Места хранения СММ Зима.xlsx"
      },
      "geometry": {
        "type": "Point",
        "coordinates": [
          37.533046,
          55.809499
        ]
      }
    },
    {
      "type": "Feature",
      "properties": {
        "name": "Место хранения СММ № 3",
        "address": "Красноармейская ул. 32",
        "district": "Аэропорт",
        "section": "2.0",
        "smm_units": 45,
        "source_rows": 45,
        "purpose": "Место хранения СММ в зимний период",
        "coordinate_status": "Координата из реестра мест хранения СММ",
        "verification": "Требуется служебная сверка перед утверждением",
        "source": "Места хранения СММ Зима.xlsx"
      },
      "geometry": {
        "type": "Point",
        "coordinates": [
          37.53925,
          55.8023
        ]
      }
    },
    {
      "type": "Feature",
      "properties": {
        "name": "Место хранения СММ № 4",
        "address": "Масловка Верхн. ул., 7",
        "district": "Аэропорт",
        "section": "3.0",
        "smm_units": 43,
        "source_rows": 43,
        "purpose": "Место хранения СММ в зимний период",
        "coordinate_status": "Координата из реестра мест хранения СММ",
        "verification": "Требуется служебная сверка перед утверждением",
        "source": "Места хранения СММ Зима.xlsx"
      },
      "geometry": {
        "type": "Point",
        "coordinates": [
          37.565453,
          55.792486
        ]
      }
    },
    {
      "type": "Feature",
      "properties": {
        "name": "Место хранения СММ № 5",
        "address": "5-я ул. Ямского поля 27",
        "district": "Беговой",
        "section": "2.0",
        "smm_units": 2,
        "source_rows": 2,
        "purpose": "Место хранения СММ в зимний период",
        "coordinate_status": "Координата из реестра мест хранения СММ",
        "verification": "Требуется служебная сверка перед утверждением",
        "source": "Места хранения СММ Зима.xlsx"
      },
      "geometry": {
        "type": "Point",
        "coordinates": [
          37.576471,
          55.788443
        ]
      }
    },
    {
      "type": "Feature",
      "properties": {
        "name": "Место хранения СММ № 6",
        "address": "Башиловка Нов. ул. 10",
        "district": "Беговой",
        "section": "2.0",
        "smm_units": 6,
        "source_rows": 6,
        "purpose": "Место хранения СММ в зимний период",
        "coordinate_status": "Координата из реестра мест хранения СММ",
        "verification": "Требуется служебная сверка перед утверждением",
        "source": "Места хранения СММ Зима.xlsx"
      },
      "geometry": {
        "type": "Point",
        "coordinates": [
          37.570712,
          55.78811
        ]
      }
    },
    {
      "type": "Feature",
      "properties": {
        "name": "Место хранения СММ № 7",
        "address": "Башиловка Нов. ул. 12",
        "district": "Беговой",
        "section": "2.0",
        "smm_units": 2,
        "source_rows": 2,
        "purpose": "Место хранения СММ в зимний период",
        "coordinate_status": "Координата из реестра мест хранения СММ",
        "verification": "Требуется служебная сверка перед утверждением",
        "source": "Места хранения СММ Зима.xlsx"
      },
      "geometry": {
        "type": "Point",
        "coordinates": [
          37.570721,
          55.78857
        ]
      }
    },
    {
      "type": "Feature",
      "properties": {
        "name": "Место хранения СММ № 8",
        "address": "Башиловка Нов. ул. 8",
        "district": "Беговой",
        "section": "2.0",
        "smm_units": 1,
        "source_rows": 1,
        "purpose": "Место хранения СММ в зимний период",
        "coordinate_status": "Координата из реестра мест хранения СММ",
        "verification": "Требуется служебная сверка перед утверждением",
        "source": "Места хранения СММ Зима.xlsx"
      },
      "geometry": {
        "type": "Point",
        "coordinates": [
          37.569538,
          55.787422
        ]
      }
    },
    {
      "type": "Feature",
      "properties": {
        "name": "Место хранения СММ № 9",
        "address": "Беговая аллея д.3",
        "district": "Беговой",
        "section": "1.0",
        "smm_units": 4,
        "source_rows": 4,
        "purpose": "Место хранения СММ в зимний период",
        "coordinate_status": "Координата из реестра мест хранения СММ",
        "verification": "Требуется служебная сверка перед утверждением",
        "source": "Места хранения СММ Зима.xlsx"
      },
      "geometry": {
        "type": "Point",
        "coordinates": [
          37.565219,
          55.782922
        ]
      }
    },
    {
      "type": "Feature",
      "properties": {
        "name": "Место хранения СММ № 10",
        "address": "Беговая аллея д.5 к.2",
        "district": "Беговой",
        "section": "1.0",
        "smm_units": 3,
        "source_rows": 3,
        "purpose": "Место хранения СММ в зимний период",
        "coordinate_status": "Координата из реестра мест хранения СММ",
        "verification": "Требуется служебная сверка перед утверждением",
        "source": "Места хранения СММ Зима.xlsx"
      },
      "geometry": {
        "type": "Point",
        "coordinates": [
          37.564175,
          55.782142
        ]
      }
    },
    {
      "type": "Feature",
      "properties": {
        "name": "Место хранения СММ № 11",
        "address": "Беговая ул. д.18 к.2",
        "district": "Беговой",
        "section": "4.0",
        "smm_units": 4,
        "source_rows": 4,
        "purpose": "Место хранения СММ в зимний период",
        "coordinate_status": "Координата из реестра мест хранения СММ",
        "verification": "Требуется служебная сверка перед утверждением",
        "source": "Места хранения СММ Зима.xlsx"
      },
      "geometry": {
        "type": "Point",
        "coordinates": [
          37.558005,
          55.777606
        ]
      }
    },
    {
      "type": "Feature",
      "properties": {
        "name": "Место хранения СММ № 12",
        "address": "Беговая ул. д.2",
        "district": "Беговой",
        "section": "4.0",
        "smm_units": 1,
        "source_rows": 1,
        "purpose": "Место хранения СММ в зимний период",
        "coordinate_status": "Координата из реестра мест хранения СММ",
        "verification": "Требуется служебная сверка перед утверждением",
        "source": "Места хранения СММ Зима.xlsx"
      },
      "geometry": {
        "type": "Point",
        "coordinates": [
          37.556316,
          55.774796
        ]
      }
    },
    {
      "type": "Feature",
      "properties": {
        "name": "Место хранения СММ № 13",
        "address": "Беговая ул. д.26",
        "district": "Беговой",
        "section": "4.0",
        "smm_units": 1,
        "source_rows": 1,
        "purpose": "Место хранения СММ в зимний период",
        "coordinate_status": "Координата из реестра мест хранения СММ",
        "verification": "Требуется служебная сверка перед утверждением",
        "source": "Места хранения СММ Зима.xlsx"
      },
      "geometry": {
        "type": "Point",
        "coordinates": [
          37.560296,
          55.780886
        ]
      }
    },
    {
      "type": "Feature",
      "properties": {
        "name": "Место хранения СММ № 14",
        "address": "Беговая ул. д.34",
        "district": "Беговой",
        "section": "4.0",
        "smm_units": 4,
        "source_rows": 4,
        "purpose": "Место хранения СММ в зимний период",
        "coordinate_status": "Координата из реестра мест хранения СММ",
        "verification": "Требуется служебная сверка перед утверждением",
        "source": "Места хранения СММ Зима.xlsx"
      },
      "geometry": {
        "type": "Point",
        "coordinates": [
          37.564329,
          55.783656
        ]
      }
    },
    {
      "type": "Feature",
      "properties": {
        "name": "Место хранения СММ № 15",
        "address": "Беговая ул. д.6",
        "district": "Беговой",
        "section": "4.0",
        "smm_units": 7,
        "source_rows": 7,
        "purpose": "Место хранения СММ в зимний период",
        "coordinate_status": "Координата из реестра мест хранения СММ",
        "verification": "Требуется служебная сверка перед утверждением",
        "source": "Места хранения СММ Зима.xlsx"
      },
      "geometry": {
        "type": "Point",
        "coordinates": [
          37.555741,
          55.776244
        ]
      }
    },
    {
      "type": "Feature",
      "properties": {
        "name": "Место хранения СММ № 16",
        "address": "Верхняя ул. д.1",
        "district": "Беговой",
        "section": "1.0",
        "smm_units": 6,
        "source_rows": 6,
        "purpose": "Место хранения СММ в зимний период",
        "coordinate_status": "Координата из реестра мест хранения СММ",
        "verification": "Требуется служебная сверка перед утверждением",
        "source": "Места хранения СММ Зима.xlsx"
      },
      "geometry": {
        "type": "Point",
        "coordinates": [
          37.575738,
          55.77676
        ]
      }
    },
    {
      "type": "Feature",
      "properties": {
        "name": "Место хранения СММ № 17",
        "address": "ДТ\\Ямского Поля 1-я ул. 24",
        "district": "Беговой",
        "section": "5.0",
        "smm_units": 1,
        "source_rows": 1,
        "purpose": "Место хранения СММ в зимний период",
        "coordinate_status": "Координата из реестра мест хранения СММ",
        "verification": "Требуется служебная сверка перед утверждением",
        "source": "Места хранения СММ Зима.xlsx"
      },
      "geometry": {
        "type": "Point",
        "coordinates": [
          37.585167,
          55.782813
        ]
      }
    },
    {
      "type": "Feature",
      "properties": {
        "name": "Место хранения СММ № 18",
        "address": "Ленинградский просп. 33 к.1",
        "district": "Беговой",
        "section": "4.0",
        "smm_units": 1,
        "source_rows": 1,
        "purpose": "Место хранения СММ в зимний период",
        "coordinate_status": "Координата из реестра мест хранения СММ",
        "verification": "Требуется служебная сверка перед утверждением",
        "source": "Места хранения СММ Зима.xlsx"
      },
      "geometry": {
        "type": "Point",
        "coordinates": [
          37.560457,
          55.78648
        ]
      }
    },
    {
      "type": "Feature",
      "properties": {
        "name": "Место хранения СММ № 19",
        "address": "Ленинградский просп. 33А",
        "district": "Беговой",
        "section": "4.0",
        "smm_units": 2,
        "source_rows": 2,
        "purpose": "Место хранения СММ в зимний период",
        "coordinate_status": "Координата из реестра мест хранения СММ",
        "verification": "Требуется служебная сверка перед утверждением",
        "source": "Места хранения СММ Зима.xlsx"
      },
      "geometry": {
        "type": "Point",
        "coordinates": [
          37.557583,
          55.788454
        ]
      }
    },
    {
      "type": "Feature",
      "properties": {
        "name": "Место хранения СММ № 20",
        "address": "Ленинградский просп. д.10",
        "district": "Беговой",
        "section": "5.0",
        "smm_units": 4,
        "source_rows": 4,
        "purpose": "Место хранения СММ в зимний период",
        "coordinate_status": "Координата из реестра мест хранения СММ",
        "verification": "Требуется служебная сверка перед утверждением",
        "source": "Места хранения СММ Зима.xlsx"
      },
      "geometry": {
        "type": "Point",
        "coordinates": [
          37.579933,
          55.779712
        ]
      }
    },
    {
      "type": "Feature",
      "properties": {
        "name": "Место хранения СММ № 21",
        "address": "Ленинградский просп. д.26 к.2",
        "district": "Беговой",
        "section": "5.0",
        "smm_units": 7,
        "source_rows": 7,
        "purpose": "Место хранения СММ в зимний период",
        "coordinate_status": "Координата из реестра мест хранения СММ",
        "verification": "Требуется служебная сверка перед утверждением",
        "source": "Места хранения СММ Зима.xlsx"
      },
      "geometry": {
        "type": "Point",
        "coordinates": [
          37.573402,
          55.784069
        ]
      }
    },
    {
      "type": "Feature",
      "properties": {
        "name": "Место хранения СММ № 22",
        "address": "Ленинградский просп. д.27",
        "district": "Беговой",
        "section": "1.0",
        "smm_units": 1,
        "source_rows": 1,
        "purpose": "Место хранения СММ в зимний период",
        "coordinate_status": "Координата из реестра мест хранения СММ",
        "verification": "Требуется служебная сверка перед утверждением",
        "source": "Места хранения СММ Зима.xlsx"
      },
      "geometry": {
        "type": "Point",
        "coordinates": [
          37.566444,
          55.78398
        ]
      }
    },
    {
      "type": "Feature",
      "properties": {
        "name": "Место хранения СММ № 23",
        "address": "Н. Масловка 5",
        "district": "Беговой",
        "section": "2.0",
        "smm_units": 3,
        "source_rows": 2,
        "purpose": "Место хранения СММ в зимний период",
        "coordinate_status": "Координата из реестра мест хранения СММ",
        "verification": "Требуется служебная сверка перед утверждением",
        "source": "Места хранения СММ Зима.xlsx"
      },
      "geometry": {
        "type": "Point",
        "coordinates": [
          37.569538,
          55.787422
        ]
      }
    },
    {
      "type": "Feature",
      "properties": {
        "name": "Место хранения СММ № 24",
        "address": "Нижняя ул. д.6",
        "district": "Беговой",
        "section": "1.0",
        "smm_units": 4,
        "source_rows": 4,
        "purpose": "Место хранения СММ в зимний период",
        "coordinate_status": "Координата из реестра мест хранения СММ",
        "verification": "Требуется служебная сверка перед утверждением",
        "source": "Места хранения СММ Зима.xlsx"
      },
      "geometry": {
        "type": "Point",
        "coordinates": [
          37.576961,
          55.77711
        ]
      }
    },
    {
      "type": "Feature",
      "properties": {
        "name": "Место хранения СММ № 25",
        "address": "Правды ул. д. 7/9",
        "district": "Беговой",
        "section": "5.0",
        "smm_units": 4,
        "source_rows": 4,
        "purpose": "Место хранения СММ в зимний период",
        "coordinate_status": "Координата из реестра мест хранения СММ",
        "verification": "Требуется служебная сверка перед утверждением",
        "source": "Места хранения СММ Зима.xlsx"
      },
      "geometry": {
        "type": "Point",
        "coordinates": [
          37.576288,
          55.785762
        ]
      }
    },
    {
      "type": "Feature",
      "properties": {
        "name": "Место хранения СММ № 26",
        "address": "Правды ул. д.2А",
        "district": "Беговой",
        "section": "5.0",
        "smm_units": 9,
        "source_rows": 9,
        "purpose": "Место хранения СММ в зимний период",
        "coordinate_status": "Координата из реестра мест хранения СММ",
        "verification": "Требуется служебная сверка перед утверждением",
        "source": "Места хранения СММ Зима.xlsx"
      },
      "geometry": {
        "type": "Point",
        "coordinates": [
          37.575765,
          55.782663
        ]
      }
    },
    {
      "type": "Feature",
      "properties": {
        "name": "Место хранения СММ № 27",
        "address": "Правды ул. д.4",
        "district": "Беговой",
        "section": "5.0",
        "smm_units": 1,
        "source_rows": 1,
        "purpose": "Место хранения СММ в зимний период",
        "coordinate_status": "Координата из реестра мест хранения СММ",
        "verification": "Требуется служебная сверка перед утверждением",
        "source": "Места хранения СММ Зима.xlsx"
      },
      "geometry": {
        "type": "Point",
        "coordinates": [
          37.576704,
          55.783239
        ]
      }
    },
    {
      "type": "Feature",
      "properties": {
        "name": "Место хранения СММ № 28",
        "address": "Расковой 16/26 к.1",
        "district": "Беговой",
        "section": "2.0",
        "smm_units": 3,
        "source_rows": 3,
        "purpose": "Место хранения СММ в зимний период",
        "coordinate_status": "Координата из реестра мест хранения СММ",
        "verification": "Требуется служебная сверка перед утверждением",
        "source": "Места хранения СММ Зима.xlsx"
      },
      "geometry": {
        "type": "Point",
        "coordinates": [
          37.572411,
          55.78698
        ]
      }
    },
    {
      "type": "Feature",
      "properties": {
        "name": "Место хранения СММ № 29",
        "address": "Расковой дом 26/29",
        "district": "Беговой",
        "section": "2.0",
        "smm_units": 3,
        "source_rows": 2,
        "purpose": "Место хранения СММ в зимний период",
        "coordinate_status": "Координата из реестра мест хранения СММ",
        "verification": "Требуется служебная сверка перед утверждением",
        "source": "Места хранения СММ Зима.xlsx"
      },
      "geometry": {
        "type": "Point",
        "coordinates": [
          37.575327,
          55.789093
        ]
      }
    },
    {
      "type": "Feature",
      "properties": {
        "name": "Место хранения СММ № 30",
        "address": "Расковой ул. 12",
        "district": "Беговой",
        "section": "5.0",
        "smm_units": 1,
        "source_rows": 1,
        "purpose": "Место хранения СММ в зимний период",
        "coordinate_status": "Координата из реестра мест хранения СММ",
        "verification": "Требуется служебная сверка перед утверждением",
        "source": "Места хранения СММ Зима.xlsx"
      },
      "geometry": {
        "type": "Point",
        "coordinates": [
          37.57245,
          55.786252
        ]
      }
    },
    {
      "type": "Feature",
      "properties": {
        "name": "Место хранения СММ № 31",
        "address": "Расковой ул. 16/26 к.2",
        "district": "Беговой",
        "section": "2.0",
        "smm_units": 1,
        "source_rows": 1,
        "purpose": "Место хранения СММ в зимний период",
        "coordinate_status": "Координата из реестра мест хранения СММ",
        "verification": "Требуется служебная сверка перед утверждением",
        "source": "Места хранения СММ Зима.xlsx"
      },
      "geometry": {
        "type": "Point",
        "coordinates": [
          37.574401,
          55.786559
        ]
      }
    },
    {
      "type": "Feature",
      "properties": {
        "name": "Место хранения СММ № 32",
        "address": "Расковой ул. 16/26 к.3",
        "district": "Беговой",
        "section": "2.0",
        "smm_units": 1,
        "source_rows": 1,
        "purpose": "Место хранения СММ в зимний период",
        "coordinate_status": "Координата из реестра мест хранения СММ",
        "verification": "Требуется служебная сверка перед утверждением",
        "source": "Места хранения СММ Зима.xlsx"
      },
      "geometry": {
        "type": "Point",
        "coordinates": [
          37.575684,
          55.787315
        ]
      }
    },
    {
      "type": "Feature",
      "properties": {
        "name": "Место хранения СММ № 33",
        "address": "Расковой ул. 25",
        "district": "Беговой",
        "section": "2.0",
        "smm_units": 6,
        "source_rows": 6,
        "purpose": "Место хранения СММ в зимний период",
        "coordinate_status": "Координата из реестра мест хранения СММ",
        "verification": "Требуется служебная сверка перед утверждением",
        "source": "Места хранения СММ Зима.xlsx"
      },
      "geometry": {
        "type": "Point",
        "coordinates": [
          37.575367,
          55.790484
        ]
      }
    },
    {
      "type": "Feature",
      "properties": {
        "name": "Место хранения СММ № 34",
        "address": "Скаковая ул. д. 34 к.3",
        "district": "Беговой",
        "section": "1.0",
        "smm_units": 1,
        "source_rows": 1,
        "purpose": "Место хранения СММ в зимний период",
        "coordinate_status": "Координата из реестра мест хранения СММ",
        "verification": "Требуется служебная сверка перед утверждением",
        "source": "Места хранения СММ Зима.xlsx"
      },
      "geometry": {
        "type": "Point",
        "coordinates": [
          37.57121,
          55.777394
        ]
      }
    },
    {
      "type": "Feature",
      "properties": {
        "name": "Место хранения СММ № 35",
        "address": "Скаковая ул. д.13 к.1",
        "district": "Беговой",
        "section": "1.0",
        "smm_units": 2,
        "source_rows": 2,
        "purpose": "Место хранения СММ в зимний период",
        "coordinate_status": "Координата из реестра мест хранения СММ",
        "verification": "Требуется служебная сверка перед утверждением",
        "source": "Места хранения СММ Зима.xlsx"
      },
      "geometry": {
        "type": "Point",
        "coordinates": [
          37.571498,
          55.779084
        ]
      }
    },
    {
      "type": "Feature",
      "properties": {
        "name": "Место хранения СММ № 36",
        "address": "Скаковая ул. д.7/21",
        "district": "Беговой",
        "section": "1.0",
        "smm_units": 7,
        "source_rows": 7,
        "purpose": "Место хранения СММ в зимний период",
        "coordinate_status": "Координата из реестра мест хранения СММ",
        "verification": "Требуется служебная сверка перед утверждением",
        "source": "Места хранения СММ Зима.xlsx"
      },
      "geometry": {
        "type": "Point",
        "coordinates": [
          37.568218,
          55.781833
        ]
      }
    },
    {
      "type": "Feature",
      "properties": {
        "name": "Место хранения СММ № 37",
        "address": "пер. Расковой 24",
        "district": "Беговой",
        "section": "2.0",
        "smm_units": 2,
        "source_rows": 1,
        "purpose": "Место хранения СММ в зимний период",
        "coordinate_status": "Координата из реестра мест хранения СММ",
        "verification": "Требуется служебная сверка перед утверждением",
        "source": "Места хранения СММ Зима.xlsx"
      },
      "geometry": {
        "type": "Point",
        "coordinates": [
          37.573779,
          55.786608
        ]
      }
    },
    {
      "type": "Feature",
      "properties": {
        "name": "Место хранения СММ № 38",
        "address": "800 летия Москвы,   д. 8",
        "district": "Бескудниковский",
        "section": "5.0",
        "smm_units": 13,
        "source_rows": 13,
        "purpose": "Место хранения СММ в зимний период",
        "coordinate_status": "Координата из реестра мест хранения СММ",
        "verification": "Требуется служебная сверка перед утверждением",
        "source": "Места хранения СММ Зима.xlsx"
      },
      "geometry": {
        "type": "Point",
        "coordinates": [
          37.539994,
          55.876728
        ]
      }
    },
    {
      "type": "Feature",
      "properties": {
        "name": "Место хранения СММ № 39",
        "address": "Бескудниковский   бульвар , д. 22",
        "district": "Бескудниковский",
        "section": "3.0",
        "smm_units": 1,
        "source_rows": 1,
        "purpose": "Место хранения СММ в зимний период",
        "coordinate_status": "Координата из реестра мест хранения СММ",
        "verification": "Требуется служебная сверка перед утверждением",
        "source": "Места хранения СММ Зима.xlsx"
      },
      "geometry": {
        "type": "Point",
        "coordinates": [
          37.564527,
          55.855957
        ]
      }
    },
    {
      "type": "Feature",
      "properties": {
        "name": "Место хранения СММ № 40",
        "address": "Бескудниковский   бульвар , д. 22",
        "district": "Бескудниковский",
        "section": "3.0",
        "smm_units": 12,
        "source_rows": 9,
        "purpose": "Место хранения СММ в зимний период",
        "coordinate_status": "Координата из реестра мест хранения СММ",
        "verification": "Требуется служебная сверка перед утверждением",
        "source": "Места хранения СММ Зима.xlsx"
      },
      "geometry": {
        "type": "Point",
        "coordinates": [
          37.561877,
          55.864838
        ]
      }
    },
    {
      "type": "Feature",
      "properties": {
        "name": "Место хранения СММ № 41",
        "address": "Бескудниковский б-р , д. 13",
        "district": "Бескудниковский",
        "section": "8.0",
        "smm_units": 6,
        "source_rows": 5,
        "purpose": "Место хранения СММ в зимний период",
        "coordinate_status": "Координата из реестра мест хранения СММ",
        "verification": "Требуется служебная сверка перед утверждением",
        "source": "Места хранения СММ Зима.xlsx"
      },
      "geometry": {
        "type": "Point",
        "coordinates": [
          37.559137,
          55.863793
        ]
      }
    },
    {
      "type": "Feature",
      "properties": {
        "name": "Место хранения СММ № 42",
        "address": "Бескудниковский б-р 15 к.1",
        "district": "Бескудниковский",
        "section": "8.0",
        "smm_units": 4,
        "source_rows": 3,
        "purpose": "Место хранения СММ в зимний период",
        "coordinate_status": "Координата из реестра мест хранения СММ",
        "verification": "Требуется служебная сверка перед утверждением",
        "source": "Места хранения СММ Зима.xlsx"
      },
      "geometry": {
        "type": "Point",
        "coordinates": [
          37.558894,
          55.86447
        ]
      }
    },
    {
      "type": "Feature",
      "properties": {
        "name": "Место хранения СММ № 43",
        "address": "Бескудниковский б-р,  30 к.4",
        "district": "Бескудниковский",
        "section": "4.0",
        "smm_units": 3,
        "source_rows": 3,
        "purpose": "Место хранения СММ в зимний период",
        "coordinate_status": "Координата из реестра мест хранения СММ",
        "verification": "Требуется служебная сверка перед утверждением",
        "source": "Места хранения СММ Зима.xlsx"
      },
      "geometry": {
        "type": "Point",
        "coordinates": [
          37.558894,
          55.869465
        ]
      }
    },
    {
      "type": "Feature",
      "properties": {
        "name": "Место хранения СММ № 44",
        "address": "Бескудниковский б-р,  д. 23 к.1",
        "district": "Бескудниковский",
        "section": "8.0",
        "smm_units": 5,
        "source_rows": 5,
        "purpose": "Место хранения СММ в зимний период",
        "coordinate_status": "Координата из реестра мест хранения СММ",
        "verification": "Требуется служебная сверка перед утверждением",
        "source": "Места хранения СММ Зима.xlsx"
      },
      "geometry": {
        "type": "Point",
        "coordinates": [
          37.556496,
          55.867642
        ]
      }
    },
    {
      "type": "Feature",
      "properties": {
        "name": "Место хранения СММ № 45",
        "address": "Бескудниковский б-р,  д. 31",
        "district": "Бескудниковский",
        "section": "4.0",
        "smm_units": 7,
        "source_rows": 7,
        "purpose": "Место хранения СММ в зимний период",
        "coordinate_status": "Координата из реестра мест хранения СММ",
        "verification": "Требуется служебная сверка перед утверждением",
        "source": "Места хранения СММ Зима.xlsx"
      },
      "geometry": {
        "type": "Point",
        "coordinates": [
          37.552391,
          55.872309
        ]
      }
    },
    {
      "type": "Feature",
      "properties": {
        "name": "Место хранения СММ № 46",
        "address": "Дмитровское ш. д. 96 к.  5",
        "district": "Бескудниковский",
        "section": "4.0",
        "smm_units": 1,
        "source_rows": 1,
        "purpose": "Место хранения СММ в зимний период",
        "coordinate_status": "Координата из реестра мест хранения СММ",
        "verification": "Требуется служебная сверка перед утверждением",
        "source": "Места хранения СММ Зима.xlsx"
      },
      "geometry": {
        "type": "Point",
        "coordinates": [
          37.55028,
          55.876233
        ]
      }
    },
    {
      "type": "Feature",
      "properties": {
        "name": "Место хранения СММ № 47",
        "address": "Дмитровское ш., 76 к 1",
        "district": "Бескудниковский",
        "section": "8.0",
        "smm_units": 6,
        "source_rows": 5,
        "purpose": "Место хранения СММ в зимний период",
        "coordinate_status": "Координата из реестра мест хранения СММ",
        "verification": "Требуется служебная сверка перед утверждением",
        "source": "Места хранения СММ Зима.xlsx"
      },
      "geometry": {
        "type": "Point",
        "coordinates": [
          37.554376,
          55.861231
        ]
      }
    },
    {
      "type": "Feature",
      "properties": {
        "name": "Место хранения СММ № 48",
        "address": "Дмитровское ш., д .96, к.4",
        "district": "Бескудниковский",
        "section": "4.0",
        "smm_units": 3,
        "source_rows": 3,
        "purpose": "Место хранения СММ в зимний период",
        "coordinate_status": "Координата из реестра мест хранения СММ",
        "verification": "Требуется служебная сверка перед утверждением",
        "source": "Места хранения СММ Зима.xlsx"
      },
      "geometry": {
        "type": "Point",
        "coordinates": [
          37.549633,
          55.877087
        ]
      }
    },
    {
      "type": "Feature",
      "properties": {
        "name": "Место хранения СММ № 49",
        "address": "Дмитровское ш., д .96,к. 5",
        "district": "Бескудниковский",
        "section": "4.0",
        "smm_units": 3,
        "source_rows": 3,
        "purpose": "Место хранения СММ в зимний период",
        "coordinate_status": "Координата из реестра мест хранения СММ",
        "verification": "Требуется служебная сверка перед утверждением",
        "source": "Места хранения СММ Зима.xlsx"
      },
      "geometry": {
        "type": "Point",
        "coordinates": [
          37.55028,
          55.876233
        ]
      }
    },
    {
      "type": "Feature",
      "properties": {
        "name": "Место хранения СММ № 50",
        "address": "Дмитровское ш., д.  66",
        "district": "Бескудниковский",
        "section": "8.0",
        "smm_units": 4,
        "source_rows": 3,
        "purpose": "Место хранения СММ в зимний период",
        "coordinate_status": "Координата из реестра мест хранения СММ",
        "verification": "Требуется служебная сверка перед утверждением",
        "source": "Места хранения СММ Зима.xlsx"
      },
      "geometry": {
        "type": "Point",
        "coordinates": [
          37.56079,
          55.857998
        ]
      }
    },
    {
      "type": "Feature",
      "properties": {
        "name": "Место хранения СММ № 51",
        "address": "Дмитровское ш., д. 94 к .1",
        "district": "Бескудниковский",
        "section": "4.0",
        "smm_units": 3,
        "source_rows": 3,
        "purpose": "Место хранения СММ в зимний период",
        "coordinate_status": "Координата из реестра мест хранения СММ",
        "verification": "Требуется служебная сверка перед утверждением",
        "source": "Места хранения СММ Зима.xlsx"
      },
      "geometry": {
        "type": "Point",
        "coordinates": [
          37.549004,
          55.874799
        ]
      }
    },
    {
      "type": "Feature",
      "properties": {
        "name": "Место хранения СММ № 52",
        "address": "Дмитровское ш.,д. 96,  к.3",
        "district": "Бескудниковский",
        "section": "4.0",
        "smm_units": 5,
        "source_rows": 5,
        "purpose": "Место хранения СММ в зимний период",
        "coordinate_status": "Координата из реестра мест хранения СММ",
        "verification": "Требуется служебная сверка перед утверждением",
        "source": "Места хранения СММ Зима.xlsx"
      },
      "geometry": {
        "type": "Point",
        "coordinates": [
          37.548213,
          55.877329
        ]
      }
    },
    {
      "type": "Feature",
      "properties": {
        "name": "Место хранения СММ № 53",
        "address": "Дубнинская д.  53 к.1",
        "district": "Бескудниковский",
        "section": "4.0",
        "smm_units": 10,
        "source_rows": 10,
        "purpose": "Место хранения СММ в зимний период",
        "coordinate_status": "Координата из реестра мест хранения СММ",
        "verification": "Требуется служебная сверка перед утверждением",
        "source": "Места хранения СММ Зима.xlsx"
      },
      "geometry": {
        "type": "Point",
        "coordinates": [
          37.55849,
          55.872112
        ]
      }
    },
    {
      "type": "Feature",
      "properties": {
        "name": "Место хранения СММ № 54",
        "address": "Дубнинская ул.  д.  3",
        "district": "Бескудниковский",
        "section": "3.0",
        "smm_units": 14,
        "source_rows": 10,
        "purpose": "Место хранения СММ в зимний период",
        "coordinate_status": "Координата из реестра мест хранения СММ",
        "verification": "Требуется служебная сверка перед утверждением",
        "source": "Места хранения СММ Зима.xlsx"
      },
      "geometry": {
        "type": "Point",
        "coordinates": [
          37.564527,
          55.855957
        ]
      }
    },
    {
      "type": "Feature",
      "properties": {
        "name": "Место хранения СММ № 55",
        "address": "Дубнинская ул.,д.  3",
        "district": "Бескудниковский",
        "section": "3.0",
        "smm_units": 5,
        "source_rows": 5,
        "purpose": "Место хранения СММ в зимний период",
        "coordinate_status": "Координата из реестра мест хранения СММ",
        "verification": "Требуется служебная сверка перед утверждением",
        "source": "Места хранения СММ Зима.xlsx"
      },
      "geometry": {
        "type": "Point",
        "coordinates": [
          37.564527,
          55.855957
        ]
      }
    },
    {
      "type": "Feature",
      "properties": {
        "name": "Место хранения СММ № 56",
        "address": "Рогачевский пер.,  д .7 к.1",
        "district": "Бескудниковский",
        "section": "4.0",
        "smm_units": 3,
        "source_rows": 3,
        "purpose": "Место хранения СММ в зимний период",
        "coordinate_status": "Координата из реестра мест хранения СММ",
        "verification": "Требуется служебная сверка перед утверждением",
        "source": "Места хранения СММ Зима.xlsx"
      },
      "geometry": {
        "type": "Point",
        "coordinates": [
          37.553693,
          55.868981
        ]
      }
    },
    {
      "type": "Feature",
      "properties": {
        "name": "Место хранения СММ № 57",
        "address": "Селигерская ул.  д. 32А",
        "district": "Бескудниковский",
        "section": "5.0",
        "smm_units": 19,
        "source_rows": 19,
        "purpose": "Место хранения СММ в зимний период",
        "coordinate_status": "Координата из реестра мест хранения СММ",
        "verification": "Требуется служебная сверка перед утверждением",
        "source": "Места хранения СММ Зима.xlsx"
      },
      "geometry": {
        "type": "Point",
        "coordinates": [
          37.544306,
          55.869087
        ]
      }
    },
    {
      "type": "Feature",
      "properties": {
        "name": "Место хранения СММ № 58",
        "address": "Селигерская ул., 12 к 2",
        "district": "Бескудниковский",
        "section": "8.0",
        "smm_units": 5,
        "source_rows": 4,
        "purpose": "Место хранения СММ в зимний период",
        "coordinate_status": "Координата из реестра мест хранения СММ",
        "verification": "Требуется служебная сверка перед утверждением",
        "source": "Места хранения СММ Зима.xlsx"
      },
      "geometry": {
        "type": "Point",
        "coordinates": [
          37.554457,
          55.864055
        ]
      }
    },
    {
      "type": "Feature",
      "properties": {
        "name": "Место хранения СММ № 59",
        "address": "Волкова Космонавта ул. 11",
        "district": "Войковский",
        "section": "1.0",
        "smm_units": 1,
        "source_rows": 1,
        "purpose": "Место хранения СММ в зимний период",
        "coordinate_status": "Координата из реестра мест хранения СММ",
        "verification": "Требуется служебная сверка перед утверждением",
        "source": "Места хранения СММ Зима.xlsx"
      },
      "geometry": {
        "type": "Point",
        "coordinates": [
          37.512506,
          55.816673
        ]
      }
    },
    {
      "type": "Feature",
      "properties": {
        "name": "Место хранения СММ № 60",
        "address": "ДТ\\ Ленинградское шоссе 9 к.3",
        "district": "Войковский",
        "section": "2.0",
        "smm_units": 1,
        "source_rows": 1,
        "purpose": "Место хранения СММ в зимний период",
        "coordinate_status": "Координата из реестра мест хранения СММ",
        "verification": "Требуется служебная сверка перед утверждением",
        "source": "Места хранения СММ Зима.xlsx"
      },
      "geometry": {
        "type": "Point",
        "coordinates": [
          37.497244,
          55.816832
        ]
      }
    },
    {
      "type": "Feature",
      "properties": {
        "name": "Место хранения СММ № 61",
        "address": "ДТ\\1-я Радиаторская улица дом 9",
        "district": "Войковский",
        "section": "2.0",
        "smm_units": 1,
        "source_rows": 1,
        "purpose": "Место хранения СММ в зимний период",
        "coordinate_status": "Координата из реестра мест хранения СММ",
        "verification": "Требуется служебная сверка перед утверждением",
        "source": "Места хранения СММ Зима.xlsx"
      },
      "geometry": {
        "type": "Point",
        "coordinates": [
          37.493436,
          55.81937
        ]
      }
    },
    {
      "type": "Feature",
      "properties": {
        "name": "Место хранения СММ № 62",
        "address": "ДТ\\3-я Радиаторская улица дом 10",
        "district": "Войковский",
        "section": "2.0",
        "smm_units": 1,
        "source_rows": 1,
        "purpose": "Место хранения СММ в зимний период",
        "coordinate_status": "Координата из реестра мест хранения СММ",
        "verification": "Требуется служебная сверка перед утверждением",
        "source": "Места хранения СММ Зима.xlsx"
      },
      "geometry": {
        "type": "Point",
        "coordinates": [
          37.491722,
          55.819017
        ]
      }
    },
    {
      "type": "Feature",
      "properties": {
        "name": "Место хранения СММ № 63",
        "address": "ДТ\\3-я Радиаторская улица дом 8",
        "district": "Войковский",
        "section": "2.0",
        "smm_units": 1,
        "source_rows": 1,
        "purpose": "Место хранения СММ в зимний период",
        "coordinate_status": "Координата из реестра мест хранения СММ",
        "verification": "Требуется служебная сверка перед утверждением",
        "source": "Места хранения СММ Зима.xlsx"
      },
      "geometry": {
        "type": "Point",
        "coordinates": [
          37.492069,
          55.818462
        ]
      }
    },
    {
      "type": "Feature",
      "properties": {
        "name": "Место хранения СММ № 64",
        "address": "ДТ\\Войковский 1-й пр. 10; Радиаторская 3-я ул. 3",
        "district": "Войковский",
        "section": "2.0",
        "smm_units": 1,
        "source_rows": 1,
        "purpose": "Место хранения СММ в зимний период",
        "coordinate_status": "Координата из реестра мест хранения СММ",
        "verification": "Требуется служебная сверка перед утверждением",
        "source": "Места хранения СММ Зима.xlsx"
      },
      "geometry": {
        "type": "Point",
        "coordinates": [
          37.492501,
          55.816371
        ]
      }
    },
    {
      "type": "Feature",
      "properties": {
        "name": "Место хранения СММ № 65",
        "address": "ДТ\\Войковский 1-й пр. 12, 14, 14Б, 14 к.2",
        "district": "Войковский",
        "section": "2.0",
        "smm_units": 1,
        "source_rows": 1,
        "purpose": "Место хранения СММ в зимний период",
        "coordinate_status": "Координата из реестра мест хранения СММ",
        "verification": "Требуется служебная сверка перед утверждением",
        "source": "Места хранения СММ Зима.xlsx"
      },
      "geometry": {
        "type": "Point",
        "coordinates": [
          37.491838,
          55.815675
        ]
      }
    },
    {
      "type": "Feature",
      "properties": {
        "name": "Место хранения СММ № 66",
        "address": "ДТ\\Войковский 1-й пр. 16А, 16 к.1, 16 к.2, 16 к.3",
        "district": "Войковский",
        "section": "2.0",
        "smm_units": 1,
        "source_rows": 1,
        "purpose": "Место хранения СММ в зимний период",
        "coordinate_status": "Координата из реестра мест хранения СММ",
        "verification": "Требуется служебная сверка перед утверждением",
        "source": "Места хранения СММ Зима.xlsx"
      },
      "geometry": {
        "type": "Point",
        "coordinates": [
          37.489169,
          55.81633
        ]
      }
    },
    {
      "type": "Feature",
      "properties": {
        "name": "Место хранения СММ № 67",
        "address": "ДТ\\Войковский 1-й пр. 4 к.1, 4 к.2; Ленинградское шоссе 9 к.2",
        "district": "Войковский",
        "section": "2.0",
        "smm_units": 1,
        "source_rows": 1,
        "purpose": "Место хранения СММ в зимний период",
        "coordinate_status": "Координата из реестра мест хранения СММ",
        "verification": "Требуется служебная сверка перед утверждением",
        "source": "Места хранения СММ Зима.xlsx"
      },
      "geometry": {
        "type": "Point",
        "coordinates": [
          37.496983,
          55.815536
        ]
      }
    },
    {
      "type": "Feature",
      "properties": {
        "name": "Место хранения СММ № 68",
        "address": "ДТ\\Войковский 1-й пр. 6 к.1, 6 к.2",
        "district": "Войковский",
        "section": "2.0",
        "smm_units": 1,
        "source_rows": 1,
        "purpose": "Место хранения СММ в зимний период",
        "coordinate_status": "Координата из реестра мест хранения СММ",
        "verification": "Требуется служебная сверка перед утверждением",
        "source": "Места хранения СММ Зима.xlsx"
      },
      "geometry": {
        "type": "Point",
        "coordinates": [
          37.495434,
          55.815612
        ]
      }
    },
    {
      "type": "Feature",
      "properties": {
        "name": "Место хранения СММ № 69",
        "address": "ДТ\\Войковский 2-й пр. 2/11",
        "district": "Войковский",
        "section": "2.0",
        "smm_units": 1,
        "source_rows": 1,
        "purpose": "Место хранения СММ в зимний период",
        "coordinate_status": "Координата из реестра мест хранения СММ",
        "verification": "Требуется служебная сверка перед утверждением",
        "source": "Места хранения СММ Зима.xlsx"
      },
      "geometry": {
        "type": "Point",
        "coordinates": [
          37.496894,
          55.817662
        ]
      }
    },
    {
      "type": "Feature",
      "properties": {
        "name": "Место хранения СММ № 70",
        "address": "ДТ\\Войковский 2-й пр. 3",
        "district": "Войковский",
        "section": "2.0",
        "smm_units": 1,
        "source_rows": 1,
        "purpose": "Место хранения СММ в зимний период",
        "coordinate_status": "Координата из реестра мест хранения СММ",
        "verification": "Требуется служебная сверка перед утверждением",
        "source": "Места хранения СММ Зима.xlsx"
      },
      "geometry": {
        "type": "Point",
        "coordinates": [
          37.495743,
          55.816651
        ]
      }
    },
    {
      "type": "Feature",
      "properties": {
        "name": "Место хранения СММ № 71",
        "address": "ДТ\\Войковский 2-й пр. 5",
        "district": "Войковский",
        "section": "2.0",
        "smm_units": 1,
        "source_rows": 1,
        "purpose": "Место хранения СММ в зимний период",
        "coordinate_status": "Координата из реестра мест хранения СММ",
        "verification": "Требуется служебная сверка перед утверждением",
        "source": "Места хранения СММ Зима.xlsx"
      },
      "geometry": {
        "type": "Point",
        "coordinates": [
          37.495098,
          55.816484
        ]
      }
    },
    {
      "type": "Feature",
      "properties": {
        "name": "Место хранения СММ № 72",
        "address": "ДТ\\Войковский 2-й пр. 7 к.1, 7 к.2; Радиаторская 3-я ул. 2, 4",
        "district": "Войковский",
        "section": "2.0",
        "smm_units": 1,
        "source_rows": 1,
        "purpose": "Место хранения СММ в зимний период",
        "coordinate_status": "Координата из реестра мест хранения СММ",
        "verification": "Требуется служебная сверка перед утверждением",
        "source": "Места хранения СММ Зима.xlsx"
      },
      "geometry": {
        "type": "Point",
        "coordinates": [
          37.494272,
          55.816488
        ]
      }
    },
    {
      "type": "Feature",
      "properties": {
        "name": "Место хранения СММ № 73",
        "address": "ДТ\\Войковский 2-й пр. 8",
        "district": "Войковский",
        "section": "2.0",
        "smm_units": 1,
        "source_rows": 1,
        "purpose": "Место хранения СММ в зимний период",
        "coordinate_status": "Координата из реестра мест хранения СММ",
        "verification": "Требуется служебная сверка перед утверждением",
        "source": "Места хранения СММ Зима.xlsx"
      },
      "geometry": {
        "type": "Point",
        "coordinates": [
          37.493791,
          55.81681
        ]
      }
    },
    {
      "type": "Feature",
      "properties": {
        "name": "Место хранения СММ № 74",
        "address": "ДТ\\Войковский 4-й пр. 10",
        "district": "Войковский",
        "section": "2.0",
        "smm_units": 1,
        "source_rows": 1,
        "purpose": "Место хранения СММ в зимний период",
        "coordinate_status": "Координата из реестра мест хранения СММ",
        "verification": "Требуется служебная сверка перед утверждением",
        "source": "Места хранения СММ Зима.xlsx"
      },
      "geometry": {
        "type": "Point",
        "coordinates": [
          37.490641,
          55.82087
        ]
      }
    },
    {
      "type": "Feature",
      "properties": {
        "name": "Место хранения СММ № 75",
        "address": "ДТ\\Войковский 4-й пр. 3, 5; Ленинградское шоссе 17/1",
        "district": "Войковский",
        "section": "2.0",
        "smm_units": 1,
        "source_rows": 1,
        "purpose": "Место хранения СММ в зимний период",
        "coordinate_status": "Координата из реестра мест хранения СММ",
        "verification": "Требуется служебная сверка перед утверждением",
        "source": "Места хранения СММ Зима.xlsx"
      },
      "geometry": {
        "type": "Point",
        "coordinates": [
          37.495688,
          55.820812
        ]
      }
    },
    {
      "type": "Feature",
      "properties": {
        "name": "Место хранения СММ № 76",
        "address": "ДТ\\Войковский 4-й пр. 4; Ленинградское шоссе 19, 21",
        "district": "Войковский",
        "section": "2.0",
        "smm_units": 1,
        "source_rows": 1,
        "purpose": "Место хранения СММ в зимний период",
        "coordinate_status": "Координата из реестра мест хранения СММ",
        "verification": "Требуется служебная сверка перед утверждением",
        "source": "Места хранения СММ Зима.xlsx"
      },
      "geometry": {
        "type": "Point",
        "coordinates": [
          37.494787,
          55.821918
        ]
      }
    },
    {
      "type": "Feature",
      "properties": {
        "name": "Место хранения СММ № 77",
        "address": "ДТ\\Войковский 4-й пр. 6А, 6 к.2",
        "district": "Войковский",
        "section": "2.0",
        "smm_units": 1,
        "source_rows": 1,
        "purpose": "Место хранения СММ в зимний период",
        "coordinate_status": "Координата из реестра мест хранения СММ",
        "verification": "Требуется служебная сверка перед утверждением",
        "source": "Места хранения СММ Зима.xlsx"
      },
      "geometry": {
        "type": "Point",
        "coordinates": [
          37.492822,
          55.821595
        ]
      }
    },
    {
      "type": "Feature",
      "properties": {
        "name": "Место хранения СММ № 78",
        "address": "ДТ\\Войковский 4-й пр. 8",
        "district": "Войковский",
        "section": "2.0",
        "smm_units": 1,
        "source_rows": 1,
        "purpose": "Место хранения СММ в зимний период",
        "coordinate_status": "Координата из реестра мест хранения СММ",
        "verification": "Требуется служебная сверка перед утверждением",
        "source": "Места хранения СММ Зима.xlsx"
      },
      "geometry": {
        "type": "Point",
        "coordinates": [
          37.491309,
          55.82166
        ]
      }
    },
    {
      "type": "Feature",
      "properties": {
        "name": "Место хранения СММ № 79",
        "address": "ДТ\\Войковский 4-й пр. 9; Радиаторская 1-я ул. 11; Радиаторская 2-я ул. 10, 12",
        "district": "Войковский",
        "section": "2.0",
        "smm_units": 1,
        "source_rows": 1,
        "purpose": "Место хранения СММ в зимний период",
        "coordinate_status": "Координата из реестра мест хранения СММ",
        "verification": "Требуется служебная сверка перед утверждением",
        "source": "Места хранения СММ Зима.xlsx"
      },
      "geometry": {
        "type": "Point",
        "coordinates": [
          37.492403,
          55.820898
        ]
      }
    },
    {
      "type": "Feature",
      "properties": {
        "name": "Место хранения СММ № 80",
        "address": "ДТ\\Войковский 5-й пр. 10, 14",
        "district": "Войковский",
        "section": "2.0",
        "smm_units": 1,
        "source_rows": 1,
        "purpose": "Место хранения СММ в зимний период",
        "coordinate_status": "Координата из реестра мест хранения СММ",
        "verification": "Требуется служебная сверка перед утверждением",
        "source": "Места хранения СММ Зима.xlsx"
      },
      "geometry": {
        "type": "Point",
        "coordinates": [
          37.489115,
          55.817419
        ]
      }
    },
    {
      "type": "Feature",
      "properties": {
        "name": "Место хранения СММ № 81",
        "address": "ДТ\\Войковский 5-й пр. 16, 16 к.2",
        "district": "Войковский",
        "section": "2.0",
        "smm_units": 1,
        "source_rows": 1,
        "purpose": "Место хранения СММ в зимний период",
        "coordinate_status": "Координата из реестра мест хранения СММ",
        "verification": "Требуется служебная сверка перед утверждением",
        "source": "Места хранения СММ Зима.xlsx"
      },
      "geometry": {
        "type": "Point",
        "coordinates": [
          37.488865,
          55.818737
        ]
      }
    },
    {
      "type": "Feature",
      "properties": {
        "name": "Место хранения СММ № 82",
        "address": "ДТ\\Войковский 5-й пр. 2, 4, 6",
        "district": "Войковский",
        "section": "2.0",
        "smm_units": 1,
        "source_rows": 1,
        "purpose": "Место хранения СММ в зимний период",
        "coordinate_status": "Координата из реестра мест хранения СММ",
        "verification": "Требуется служебная сверка перед утверждением",
        "source": "Места хранения СММ Зима.xlsx"
      },
      "geometry": {
        "type": "Point",
        "coordinates": [
          37.488245,
          55.815753
        ]
      }
    },
    {
      "type": "Feature",
      "properties": {
        "name": "Место хранения СММ № 83",
        "address": "ДТ\\Войковский 5-й пр. 8, 8 к.1",
        "district": "Войковский",
        "section": "2.0",
        "smm_units": 1,
        "source_rows": 1,
        "purpose": "Место хранения СММ в зимний период",
        "coordinate_status": "Координата из реестра мест хранения СММ",
        "verification": "Требуется служебная сверка перед утверждением",
        "source": "Места хранения СММ Зима.xlsx"
      },
      "geometry": {
        "type": "Point",
        "coordinates": [
          37.488388,
          55.817142
        ]
      }
    },
    {
      "type": "Feature",
      "properties": {
        "name": "Место хранения СММ № 84",
        "address": "ДТ\\Вокзальный пер. 10, 8 к.1, 8 к.2",
        "district": "Войковский",
        "section": "1.0",
        "smm_units": 1,
        "source_rows": 1,
        "purpose": "Место хранения СММ в зимний период",
        "coordinate_status": "Координата из реестра мест хранения СММ",
        "verification": "Требуется служебная сверка перед утверждением",
        "source": "Места хранения СММ Зима.xlsx"
      },
      "geometry": {
        "type": "Point",
        "coordinates": [
          37.51543,
          55.818049
        ]
      }
    },
    {
      "type": "Feature",
      "properties": {
        "name": "Место хранения СММ № 85",
        "address": "ДТ\\Вокзальный пер. 3 к.1",
        "district": "Войковский",
        "section": "1.0",
        "smm_units": 1,
        "source_rows": 1,
        "purpose": "Место хранения СММ в зимний период",
        "coordinate_status": "Координата из реестра мест хранения СММ",
        "verification": "Требуется служебная сверка перед утверждением",
        "source": "Места хранения СММ Зима.xlsx"
      },
      "geometry": {
        "type": "Point",
        "coordinates": [
          37.513198,
          55.818029
        ]
      }
    },
    {
      "type": "Feature",
      "properties": {
        "name": "Место хранения СММ № 86",
        "address": "ДТ\\Вокзальный пер. 3; Новоподмосковный 2-й пер. 4",
        "district": "Войковский",
        "section": "1.0",
        "smm_units": 1,
        "source_rows": 1,
        "purpose": "Место хранения СММ в зимний период",
        "coordinate_status": "Координата из реестра мест хранения СММ",
        "verification": "Требуется служебная сверка перед утверждением",
        "source": "Места хранения СММ Зима.xlsx"
      },
      "geometry": {
        "type": "Point",
        "coordinates": [
          37.509466,
          55.8169
        ]
      }
    },
    {
      "type": "Feature",
      "properties": {
        "name": "Место хранения СММ № 87",
        "address": "ДТ\\Вокзальный пер. 5, 7 к.1",
        "district": "Войковский",
        "section": "1.0",
        "smm_units": 1,
        "source_rows": 1,
        "purpose": "Место хранения СММ в зимний период",
        "coordinate_status": "Координата из реестра мест хранения СММ",
        "verification": "Требуется служебная сверка перед утверждением",
        "source": "Места хранения СММ Зима.xlsx"
      },
      "geometry": {
        "type": "Point",
        "coordinates": [
          37.51416,
          55.818274
        ]
      }
    },
    {
      "type": "Feature",
      "properties": {
        "name": "Место хранения СММ № 88",
        "address": "ДТ\\Вокзальный пер. 7 к.2",
        "district": "Войковский",
        "section": "1.0",
        "smm_units": 1,
        "source_rows": 1,
        "purpose": "Место хранения СММ в зимний период",
        "coordinate_status": "Координата из реестра мест хранения СММ",
        "verification": "Требуется служебная сверка перед утверждением",
        "source": "Места хранения СММ Зима.xlsx"
      },
      "geometry": {
        "type": "Point",
        "coordinates": [
          37.514796,
          55.818901
        ]
      }
    },
    {
      "type": "Feature",
      "properties": {
        "name": "Место хранения СММ № 89",
        "address": "ДТ\\Вокзальный пер. 9",
        "district": "Войковский",
        "section": "1.0",
        "smm_units": 1,
        "source_rows": 1,
        "purpose": "Место хранения СММ в зимний период",
        "coordinate_status": "Координата из реестра мест хранения СММ",
        "verification": "Требуется служебная сверка перед утверждением",
        "source": "Места хранения СММ Зима.xlsx"
      },
      "geometry": {
        "type": "Point",
        "coordinates": [
          37.515806,
          55.819044
        ]
      }
    },
    {
      "type": "Feature",
      "properties": {
        "name": "Место хранения СММ № 90",
        "address": "ДТ\\Волкова Космонавта ул. 15 к.1, 15 к.2, 15 к.3",
        "district": "Войковский",
        "section": "1.0",
        "smm_units": 1,
        "source_rows": 1,
        "purpose": "Место хранения СММ в зимний период",
        "coordinate_status": "Координата из реестра мест хранения СММ",
        "verification": "Требуется служебная сверка перед утверждением",
        "source": "Места хранения СММ Зима.xlsx"
      },
      "geometry": {
        "type": "Point",
        "coordinates": [
          37.515037,
          55.81652
        ]
      }
    },
    {
      "type": "Feature",
      "properties": {
        "name": "Место хранения СММ № 91",
        "address": "ДТ\\Волкова Космонавта ул. 17 к.1, 17 к.2",
        "district": "Войковский",
        "section": "1.0",
        "smm_units": 1,
        "source_rows": 1,
        "purpose": "Место хранения СММ в зимний период",
        "coordinate_status": "Координата из реестра мест хранения СММ",
        "verification": "Требуется служебная сверка перед утверждением",
        "source": "Места хранения СММ Зима.xlsx"
      },
      "geometry": {
        "type": "Point",
        "coordinates": [
          37.516522,
          55.816215
        ]
      }
    },
    {
      "type": "Feature",
      "properties": {
        "name": "Место хранения СММ № 92",
        "address": "ДТ\\Волкова Космонавта ул. 19, 21 к.1; Клары Цеткин ул. 5 к.1",
        "district": "Войковский",
        "section": "1.0",
        "smm_units": 1,
        "source_rows": 1,
        "purpose": "Место хранения СММ в зимний период",
        "coordinate_status": "Координата из реестра мест хранения СММ",
        "verification": "Требуется служебная сверка перед утверждением",
        "source": "Места хранения СММ Зима.xlsx"
      },
      "geometry": {
        "type": "Point",
        "coordinates": [
          37.517886,
          55.816801
        ]
      }
    },
    {
      "type": "Feature",
      "properties": {
        "name": "Место хранения СММ № 93",
        "address": "ДТ\\Волкова Космонавта ул. 21 к.2; Клары Цеткин ул. 3",
        "district": "Войковский",
        "section": "1.0",
        "smm_units": 1,
        "source_rows": 1,
        "purpose": "Место хранения СММ в зимний период",
        "coordinate_status": "Координата из реестра мест хранения СММ",
        "verification": "Требуется служебная сверка перед утверждением",
        "source": "Места хранения СММ Зима.xlsx"
      },
      "geometry": {
        "type": "Point",
        "coordinates": [
          37.518883,
          55.817027
        ]
      }
    },
    {
      "type": "Feature",
      "properties": {
        "name": "Место хранения СММ № 94",
        "address": "ДТ\\Волкова Космонавта ул. 5 к.1",
        "district": "Войковский",
        "section": "1.0",
        "smm_units": 1,
        "source_rows": 1,
        "purpose": "Место хранения СММ в зимний период",
        "coordinate_status": "Координата из реестра мест хранения СММ",
        "verification": "Требуется служебная сверка перед утверждением",
        "source": "Места хранения СММ Зима.xlsx"
      },
      "geometry": {
        "type": "Point",
        "coordinates": [
          37.507654,
          55.816409
        ]
      }
    },
    {
      "type": "Feature",
      "properties": {
        "name": "Место хранения СММ № 95",
        "address": "ДТ\\Волкова Космонавта ул. 5 к.2",
        "district": "Войковский",
        "section": "1.0",
        "smm_units": 1,
        "source_rows": 1,
        "purpose": "Место хранения СММ в зимний период",
        "coordinate_status": "Координата из реестра мест хранения СММ",
        "verification": "Требуется служебная сверка перед утверждением",
        "source": "Места хранения СММ Зима.xlsx"
      },
      "geometry": {
        "type": "Point",
        "coordinates": [
          37.506348,
          55.817233
        ]
      }
    },
    {
      "type": "Feature",
      "properties": {
        "name": "Место хранения СММ № 96",
        "address": "ДТ\\Волкова Космонавта ул. 7",
        "district": "Войковский",
        "section": "1.0",
        "smm_units": 1,
        "source_rows": 1,
        "purpose": "Место хранения СММ в зимний период",
        "coordinate_status": "Координата из реестра мест хранения СММ",
        "verification": "Требуется служебная сверка перед утверждением",
        "source": "Места хранения СММ Зима.xlsx"
      },
      "geometry": {
        "type": "Point",
        "coordinates": [
          37.51024,
          55.816648
        ]
      }
    },
    {
      "type": "Feature",
      "properties": {
        "name": "Место хранения СММ № 97",
        "address": "ДТ\\Волкова Космонавта ул. 9/2",
        "district": "Войковский",
        "section": "1.0",
        "smm_units": 1,
        "source_rows": 1,
        "purpose": "Место хранения СММ в зимний период",
        "coordinate_status": "Координата из реестра мест хранения СММ",
        "verification": "Требуется служебная сверка перед утверждением",
        "source": "Места хранения СММ Зима.xlsx"
      },
      "geometry": {
        "type": "Point",
        "coordinates": [
          37.512211,
          55.816083
        ]
      }
    },
    {
      "type": "Feature",
      "properties": {
        "name": "Место хранения СММ № 98",
        "address": "ДТ\\Выборгская ул. 10, 8",
        "district": "Войковский",
        "section": "3.0",
        "smm_units": 1,
        "source_rows": 1,
        "purpose": "Место хранения СММ в зимний период",
        "coordinate_status": "Координата из реестра мест хранения СММ",
        "verification": "Требуется служебная сверка перед утверждением",
        "source": "Места хранения СММ Зима.xlsx"
      },
      "geometry": {
        "type": "Point",
        "coordinates": [
          37.490717,
          55.833257
        ]
      }
    },
    {
      "type": "Feature",
      "properties": {
        "name": "Место хранения СММ № 99",
        "address": "ДТ\\Выборгская ул. 4 к.1",
        "district": "Войковский",
        "section": "3.0",
        "smm_units": 1,
        "source_rows": 1,
        "purpose": "Место хранения СММ в зимний период",
        "coordinate_status": "Координата из реестра мест хранения СММ",
        "verification": "Требуется служебная сверка перед утверждением",
        "source": "Места хранения СММ Зима.xlsx"
      },
      "geometry": {
        "type": "Point",
        "coordinates": [
          37.488767,
          55.832913
        ]
      }
    },
    {
      "type": "Feature",
      "properties": {
        "name": "Место хранения СММ № 100",
        "address": "ДТ\\Головинское шоссе 4, 6; Макарова Адмирала ул. 12",
        "district": "Войковский",
        "section": "3.0",
        "smm_units": 1,
        "source_rows": 1,
        "purpose": "Место хранения СММ в зимний период",
        "coordinate_status": "Координата из реестра мест хранения СММ",
        "verification": "Требуется служебная сверка перед утверждением",
        "source": "Места хранения СММ Зима.xlsx"
      },
      "geometry": {
        "type": "Point",
        "coordinates": [
          37.489517,
          55.839024
        ]
      }
    },
    {
      "type": "Feature",
      "properties": {
        "name": "Место хранения СММ № 101",
        "address": "ДТ\\Головинское шоссе 8А, 8 к.1, 8 к.3",
        "district": "Войковский",
        "section": "3.0",
        "smm_units": 1,
        "source_rows": 1,
        "purpose": "Место хранения СММ в зимний период",
        "coordinate_status": "Координата из реестра мест хранения СММ",
        "verification": "Требуется служебная сверка перед утверждением",
        "source": "Места хранения СММ Зима.xlsx"
      },
      "geometry": {
        "type": "Point",
        "coordinates": [
          37.49177,
          55.838413
        ]
      }
    },
    {
      "type": "Feature",
      "properties": {
        "name": "Место хранения СММ № 102",
        "address": "ДТ\\Зои и Александра Космодемьянских ул. 10",
        "district": "Войковский",
        "section": "5.0",
        "smm_units": 1,
        "source_rows": 1,
        "purpose": "Место хранения СММ в зимний период",
        "coordinate_status": "Координата из реестра мест хранения СММ",
        "verification": "Требуется служебная сверка перед утверждением",
        "source": "Места хранения СММ Зима.xlsx"
      },
      "geometry": {
        "type": "Point",
        "coordinates": [
          37.509938,
          55.820369
        ]
      }
    },
    {
      "type": "Feature",
      "properties": {
        "name": "Место хранения СММ № 103",
        "address": "ДТ\\Зои и Александра Космодемьянских ул. 14/10",
        "district": "Войковский",
        "section": "5.0",
        "smm_units": 1,
        "source_rows": 1,
        "purpose": "Место хранения СММ в зимний период",
        "coordinate_status": "Координата из реестра мест хранения СММ",
        "verification": "Требуется служебная сверка перед утверждением",
        "source": "Места хранения СММ Зима.xlsx"
      },
      "geometry": {
        "type": "Point",
        "coordinates": [
          37.512386,
          55.820395
        ]
      }
    },
    {
      "type": "Feature",
      "properties": {
        "name": "Место хранения СММ № 104",
        "address": "ДТ\\Зои и Александра Космодемьянских ул. 16 к.1, 16 к.2",
        "district": "Войковский",
        "section": "5.0",
        "smm_units": 1,
        "source_rows": 1,
        "purpose": "Место хранения СММ в зимний период",
        "coordinate_status": "Координата из реестра мест хранения СММ",
        "verification": "Требуется служебная сверка перед утверждением",
        "source": "Места хранения СММ Зима.xlsx"
      },
      "geometry": {
        "type": "Point",
        "coordinates": [
          37.51352,
          55.820572
        ]
      }
    },
    {
      "type": "Feature",
      "properties": {
        "name": "Место хранения СММ № 105",
        "address": "ДТ\\Зои и Александра Космодемьянских ул. 17/2",
        "district": "Войковский",
        "section": "5.0",
        "smm_units": 1,
        "source_rows": 1,
        "purpose": "Место хранения СММ в зимний период",
        "coordinate_status": "Координата из реестра мест хранения СММ",
        "verification": "Требуется служебная сверка перед утверждением",
        "source": "Места хранения СММ Зима.xlsx"
      },
      "geometry": {
        "type": "Point",
        "coordinates": [
          37.514606,
          55.822322
        ]
      }
    },
    {
      "type": "Feature",
      "properties": {
        "name": "Место хранения СММ № 106",
        "address": "ДТ\\Зои и Александра Космодемьянских ул. 20, 22 к.1, 22 к.2",
        "district": "Войковский",
        "section": "5.0",
        "smm_units": 1,
        "source_rows": 1,
        "purpose": "Место хранения СММ в зимний период",
        "coordinate_status": "Координата из реестра мест хранения СММ",
        "verification": "Требуется служебная сверка перед утверждением",
        "source": "Места хранения СММ Зима.xlsx"
      },
      "geometry": {
        "type": "Point",
        "coordinates": [
          37.514964,
          55.821683
        ]
      }
    },
    {
      "type": "Feature",
      "properties": {
        "name": "Место хранения СММ № 107",
        "address": "ДТ\\Зои и Александра Космодемьянских ул. 4 к.1, 4 к.2, 4 к.3",
        "district": "Войковский",
        "section": "1.0",
        "smm_units": 1,
        "source_rows": 1,
        "purpose": "Место хранения СММ в зимний период",
        "coordinate_status": "Координата из реестра мест хранения СММ",
        "verification": "Требуется служебная сверка перед утверждением",
        "source": "Места хранения СММ Зима.xlsx"
      },
      "geometry": {
        "type": "Point",
        "coordinates": [
          37.501982,
          55.818317
        ]
      }
    },
    {
      "type": "Feature",
      "properties": {
        "name": "Место хранения СММ № 108",
        "address": "ДТ\\Зои и Александра Космодемьянских ул. 6",
        "district": "Войковский",
        "section": "1.0",
        "smm_units": 1,
        "source_rows": 1,
        "purpose": "Место хранения СММ в зимний период",
        "coordinate_status": "Координата из реестра мест хранения СММ",
        "verification": "Требуется служебная сверка перед утверждением",
        "source": "Места хранения СММ Зима.xlsx"
      },
      "geometry": {
        "type": "Point",
        "coordinates": [
          37.505601,
          55.818199
        ]
      }
    },
    {
      "type": "Feature",
      "properties": {
        "name": "Место хранения СММ № 109",
        "address": "ДТ\\Зои и Александра Космодемьянских ул. 7 к.1, 7 к.2, 7 к.3, 7 к.4",
        "district": "Войковский",
        "section": "5.0",
        "smm_units": 1,
        "source_rows": 1,
        "purpose": "Место хранения СММ в зимний период",
        "coordinate_status": "Координата из реестра мест хранения СММ",
        "verification": "Требуется служебная сверка перед утверждением",
        "source": "Места хранения СММ Зима.xlsx"
      },
      "geometry": {
        "type": "Point",
        "coordinates": [
          37.50861,
          55.820783
        ]
      }
    },
    {
      "type": "Feature",
      "properties": {
        "name": "Место хранения СММ № 110",
        "address": "ДТ\\Зои и Александра Космодемьянских ул. 9 к.1, 9 к.2, 9 к.3, 9 к.4",
        "district": "Войковский",
        "section": "5.0",
        "smm_units": 1,
        "source_rows": 1,
        "purpose": "Место хранения СММ в зимний период",
        "coordinate_status": "Координата из реестра мест хранения СММ",
        "verification": "Требуется служебная сверка перед утверждением",
        "source": "Места хранения СММ Зима.xlsx"
      },
      "geometry": {
        "type": "Point",
        "coordinates": [
          37.510172,
          55.821271
        ]
      }
    },
    {
      "type": "Feature",
      "properties": {
        "name": "Место хранения СММ № 111",
        "address": "ДТ\\Клары Цеткин ул. 11 к.1, 11 к.2",
        "district": "Войковский",
        "section": "1.0",
        "smm_units": 1,
        "source_rows": 1,
        "purpose": "Место хранения СММ в зимний период",
        "coordinate_status": "Координата из реестра мест хранения СММ",
        "verification": "Требуется служебная сверка перед утверждением",
        "source": "Места хранения СММ Зима.xlsx"
      },
      "geometry": {
        "type": "Point",
        "coordinates": [
          37.516948,
          55.819002
        ]
      }
    },
    {
      "type": "Feature",
      "properties": {
        "name": "Место хранения СММ № 112",
        "address": "ДТ\\Клары Цеткин ул. 13",
        "district": "Войковский",
        "section": "1.0",
        "smm_units": 1,
        "source_rows": 1,
        "purpose": "Место хранения СММ в зимний период",
        "coordinate_status": "Координата из реестра мест хранения СММ",
        "verification": "Требуется служебная сверка перед утверждением",
        "source": "Места хранения СММ Зима.xlsx"
      },
      "geometry": {
        "type": "Point",
        "coordinates": [
          37.517516,
          55.819556
        ]
      }
    },
    {
      "type": "Feature",
      "properties": {
        "name": "Место хранения СММ № 113",
        "address": "ДТ\\Клары Цеткин ул. 17",
        "district": "Войковский",
        "section": "5.0",
        "smm_units": 1,
        "source_rows": 1,
        "purpose": "Место хранения СММ в зимний период",
        "coordinate_status": "Координата из реестра мест хранения СММ",
        "verification": "Требуется служебная сверка перед утверждением",
        "source": "Места хранения СММ Зима.xlsx"
      },
      "geometry": {
        "type": "Point",
        "coordinates": [
          37.518418,
          55.82079
        ]
      }
    },
    {
      "type": "Feature",
      "properties": {
        "name": "Место хранения СММ № 114",
        "address": "ДТ\\Клары Цеткин ул. 25 к.2",
        "district": "Войковский",
        "section": "5.0",
        "smm_units": 1,
        "source_rows": 1,
        "purpose": "Место хранения СММ в зимний период",
        "coordinate_status": "Координата из реестра мест хранения СММ",
        "verification": "Требуется служебная сверка перед утверждением",
        "source": "Места хранения СММ Зима.xlsx"
      },
      "geometry": {
        "type": "Point",
        "coordinates": [
          37.515511,
          55.823796
        ]
      }
    },
    {
      "type": "Feature",
      "properties": {
        "name": "Место хранения СММ № 115",
        "address": "ДТ\\Клары Цеткин ул. 29, 29 к.1, 31",
        "district": "Войковский",
        "section": "5.0",
        "smm_units": 1,
        "source_rows": 1,
        "purpose": "Место хранения СММ в зимний период",
        "coordinate_status": "Координата из реестра мест хранения СММ",
        "verification": "Требуется служебная сверка перед утверждением",
        "source": "Места хранения СММ Зима.xlsx"
      },
      "geometry": {
        "type": "Point",
        "coordinates": [
          37.514375,
          55.825354
        ]
      }
    },
    {
      "type": "Feature",
      "properties": {
        "name": "Место хранения СММ № 116",
        "address": "ДТ\\Клары Цеткин ул. 5, 7",
        "district": "Войковский",
        "section": "1.0",
        "smm_units": 1,
        "source_rows": 1,
        "purpose": "Место хранения СММ в зимний период",
        "coordinate_status": "Координата из реестра мест хранения СММ",
        "verification": "Требуется служебная сверка перед утверждением",
        "source": "Места хранения СММ Зима.xlsx"
      },
      "geometry": {
        "type": "Point",
        "coordinates": [
          37.51785,
          55.81738
        ]
      }
    },
    {
      "type": "Feature",
      "properties": {
        "name": "Место хранения СММ № 117",
        "address": "ДТ\\Клары Цеткин ул. 9 к.1, 9 к.2",
        "district": "Войковский",
        "section": "1.0",
        "smm_units": 1,
        "source_rows": 1,
        "purpose": "Место хранения СММ в зимний период",
        "coordinate_status": "Координата из реестра мест хранения СММ",
        "verification": "Требуется служебная сверка перед утверждением",
        "source": "Места хранения СММ Зима.xlsx"
      },
      "geometry": {
        "type": "Point",
        "coordinates": [
          37.516639,
          55.818253
        ]
      }
    },
    {
      "type": "Feature",
      "properties": {
        "name": "Место хранения СММ № 118",
        "address": "ДТ\\Ленинградское шоссе 13 к.1, 13 к.2",
        "district": "Войковский",
        "section": "2.0",
        "smm_units": 1,
        "source_rows": 1,
        "purpose": "Место хранения СММ в зимний период",
        "coordinate_status": "Координата из реестра мест хранения СММ",
        "verification": "Требуется служебная сверка перед утверждением",
        "source": "Места хранения СММ Зима.xlsx"
      },
      "geometry": {
        "type": "Point",
        "coordinates": [
          37.496988,
          55.818977
        ]
      }
    },
    {
      "type": "Feature",
      "properties": {
        "name": "Место хранения СММ № 119",
        "address": "ДТ\\Ленинградское шоссе 15",
        "district": "Войковский",
        "section": "2.0",
        "smm_units": 1,
        "source_rows": 1,
        "purpose": "Место хранения СММ в зимний период",
        "coordinate_status": "Координата из реестра мест хранения СММ",
        "verification": "Требуется служебная сверка перед утверждением",
        "source": "Места хранения СММ Зима.xlsx"
      },
      "geometry": {
        "type": "Point",
        "coordinates": [
          37.495973,
          55.820381
        ]
      }
    },
    {
      "type": "Feature",
      "properties": {
        "name": "Место хранения СММ № 120",
        "address": "ДТ\\Ленинградское шоссе 20 к.1",
        "district": "Войковский",
        "section": "3.0",
        "smm_units": 1,
        "source_rows": 1,
        "purpose": "Место хранения СММ в зимний период",
        "coordinate_status": "Координата из реестра мест хранения СММ",
        "verification": "Требуется служебная сверка перед утверждением",
        "source": "Места хранения СММ Зима.xlsx"
      },
      "geometry": {
        "type": "Point",
        "coordinates": [
          37.493886,
          55.8263
        ]
      }
    },
    {
      "type": "Feature",
      "properties": {
        "name": "Место хранения СММ № 121",
        "address": "ДТ\\Ленинградское шоссе 26 к.1, 28 к.1",
        "district": "Войковский",
        "section": "3.0",
        "smm_units": 1,
        "source_rows": 1,
        "purpose": "Место хранения СММ в зимний период",
        "coordinate_status": "Координата из реестра мест хранения СММ",
        "verification": "Требуется служебная сверка перед утверждением",
        "source": "Места хранения СММ Зима.xlsx"
      },
      "geometry": {
        "type": "Point",
        "coordinates": [
          37.491087,
          55.828065
        ]
      }
    },
    {
      "type": "Feature",
      "properties": {
        "name": "Место хранения СММ № 122",
        "address": "ДТ\\Ленинградское шоссе 26 к.2",
        "district": "Войковский",
        "section": "3.0",
        "smm_units": 1,
        "source_rows": 1,
        "purpose": "Место хранения СММ в зимний период",
        "coordinate_status": "Координата из реестра мест хранения СММ",
        "verification": "Требуется служебная сверка перед утверждением",
        "source": "Места хранения СММ Зима.xlsx"
      },
      "geometry": {
        "type": "Point",
        "coordinates": [
          37.492146,
          55.828202
        ]
      }
    },
    {
      "type": "Feature",
      "properties": {
        "name": "Место хранения СММ № 123",
        "address": "ДТ\\Ленинградское шоссе 28 к.2",
        "district": "Войковский",
        "section": "3.0",
        "smm_units": 1,
        "source_rows": 1,
        "purpose": "Место хранения СММ в зимний период",
        "coordinate_status": "Координата из реестра мест хранения СММ",
        "verification": "Требуется служебная сверка перед утверждением",
        "source": "Места хранения СММ Зима.xlsx"
      },
      "geometry": {
        "type": "Point",
        "coordinates": [
          37.492438,
          55.828988
        ]
      }
    },
    {
      "type": "Feature",
      "properties": {
        "name": "Место хранения СММ № 124",
        "address": "ДТ\\Ленинградское шоссе 29, 31",
        "district": "Войковский",
        "section": "3.0",
        "smm_units": 1,
        "source_rows": 1,
        "purpose": "Место хранения СММ в зимний период",
        "coordinate_status": "Координата из реестра мест хранения СММ",
        "verification": "Требуется служебная сверка перед утверждением",
        "source": "Места хранения СММ Зима.xlsx"
      },
      "geometry": {
        "type": "Point",
        "coordinates": [
          37.486321,
          55.830619
        ]
      }
    },
    {
      "type": "Feature",
      "properties": {
        "name": "Место хранения СММ № 125",
        "address": "ДТ\\Ленинградское шоссе 32, 34 к.2",
        "district": "Войковский",
        "section": "3.0",
        "smm_units": 1,
        "source_rows": 1,
        "purpose": "Место хранения СММ в зимний период",
        "coordinate_status": "Координата из реестра мест хранения СММ",
        "verification": "Требуется служебная сверка перед утверждением",
        "source": "Места хранения СММ Зима.xlsx"
      },
      "geometry": {
        "type": "Point",
        "coordinates": [
          37.491827,
          55.829704
        ]
      }
    },
    {
      "type": "Feature",
      "properties": {
        "name": "Место хранения СММ № 126",
        "address": "ДТ\\Ленинградское шоссе 33, 35",
        "district": "Войковский",
        "section": "3.0",
        "smm_units": 1,
        "source_rows": 1,
        "purpose": "Место хранения СММ в зимний период",
        "coordinate_status": "Координата из реестра мест хранения СММ",
        "verification": "Требуется служебная сверка перед утверждением",
        "source": "Места хранения СММ Зима.xlsx"
      },
      "geometry": {
        "type": "Point",
        "coordinates": [
          37.486916,
          55.831136
        ]
      }
    },
    {
      "type": "Feature",
      "properties": {
        "name": "Место хранения СММ № 127",
        "address": "ДТ\\Ленинградское шоссе 34 к.1, 36 к.1, 38 к.1",
        "district": "Войковский",
        "section": "3.0",
        "smm_units": 1,
        "source_rows": 1,
        "purpose": "Место хранения СММ в зимний период",
        "coordinate_status": "Координата из реестра мест хранения СММ",
        "verification": "Требуется служебная сверка перед утверждением",
        "source": "Места хранения СММ Зима.xlsx"
      },
      "geometry": {
        "type": "Point",
        "coordinates": [
          37.490263,
          55.829786
        ]
      }
    },
    {
      "type": "Feature",
      "properties": {
        "name": "Место хранения СММ № 128",
        "address": "ДТ\\Ленинградское шоссе 36 к.2",
        "district": "Войковский",
        "section": "3.0",
        "smm_units": 1,
        "source_rows": 1,
        "purpose": "Место хранения СММ в зимний период",
        "coordinate_status": "Координата из реестра мест хранения СММ",
        "verification": "Требуется служебная сверка перед утверждением",
        "source": "Места хранения СММ Зима.xlsx"
      },
      "geometry": {
        "type": "Point",
        "coordinates": [
          37.490733,
          55.830978
        ]
      }
    },
    {
      "type": "Feature",
      "properties": {
        "name": "Место хранения СММ № 129",
        "address": "ДТ\\Ленинградское шоссе 38 к.2",
        "district": "Войковский",
        "section": "3.0",
        "smm_units": 1,
        "source_rows": 1,
        "purpose": "Место хранения СММ в зимний период",
        "coordinate_status": "Координата из реестра мест хранения СММ",
        "verification": "Требуется служебная сверка перед утверждением",
        "source": "Места хранения СММ Зима.xlsx"
      },
      "geometry": {
        "type": "Point",
        "coordinates": [
          37.489951,
          55.83203
        ]
      }
    },
    {
      "type": "Feature",
      "properties": {
        "name": "Место хранения СММ № 130",
        "address": "ДТ\\Ленинградское шоссе 41 к.1, 41 к.2",
        "district": "Войковский",
        "section": "3.0",
        "smm_units": 1,
        "source_rows": 1,
        "purpose": "Место хранения СММ в зимний период",
        "coordinate_status": "Координата из реестра мест хранения СММ",
        "verification": "Требуется служебная сверка перед утверждением",
        "source": "Места хранения СММ Зима.xlsx"
      },
      "geometry": {
        "type": "Point",
        "coordinates": [
          37.479073,
          55.838853
        ]
      }
    },
    {
      "type": "Feature",
      "properties": {
        "name": "Место хранения СММ № 131",
        "address": "ДТ\\Ленинградское шоссе 46",
        "district": "Войковский",
        "section": "3.0",
        "smm_units": 1,
        "source_rows": 1,
        "purpose": "Место хранения СММ в зимний период",
        "coordinate_status": "Координата из реестра мест хранения СММ",
        "verification": "Требуется служебная сверка перед утверждением",
        "source": "Места хранения СММ Зима.xlsx"
      },
      "geometry": {
        "type": "Point",
        "coordinates": [
          37.486578,
          55.833631
        ]
      }
    },
    {
      "type": "Feature",
      "properties": {
        "name": "Место хранения СММ № 132",
        "address": "ДТ\\Ленинградское шоссе 50",
        "district": "Войковский",
        "section": "3.0",
        "smm_units": 1,
        "source_rows": 1,
        "purpose": "Место хранения СММ в зимний период",
        "coordinate_status": "Координата из реестра мест хранения СММ",
        "verification": "Требуется служебная сверка перед утверждением",
        "source": "Места хранения СММ Зима.xlsx"
      },
      "geometry": {
        "type": "Point",
        "coordinates": [
          37.485938,
          55.835125
        ]
      }
    },
    {
      "type": "Feature",
      "properties": {
        "name": "Место хранения СММ № 133",
        "address": "ДТ\\Ленинградское шоссе 52",
        "district": "Войковский",
        "section": "3.0",
        "smm_units": 1,
        "source_rows": 1,
        "purpose": "Место хранения СММ в зимний период",
        "coordinate_status": "Координата из реестра мест хранения СММ",
        "verification": "Требуется служебная сверка перед утверждением",
        "source": "Места хранения СММ Зима.xlsx"
      },
      "geometry": {
        "type": "Point",
        "coordinates": [
          37.484812,
          55.836616
        ]
      }
    },
    {
      "type": "Feature",
      "properties": {
        "name": "Место хранения СММ № 134",
        "address": "ДТ\\Ленинградское шоссе 56",
        "district": "Войковский",
        "section": "3.0",
        "smm_units": 1,
        "source_rows": 1,
        "purpose": "Место хранения СММ в зимний период",
        "coordinate_status": "Координата из реестра мест хранения СММ",
        "verification": "Требуется служебная сверка перед утверждением",
        "source": "Места хранения СММ Зима.xlsx"
      },
      "geometry": {
        "type": "Point",
        "coordinates": [
          37.483225,
          55.838156
        ]
      }
    },
    {
      "type": "Feature",
      "properties": {
        "name": "Место хранения СММ № 135",
        "address": "ДТ\\Ленинградское шоссе 8 к.1, 8 к.2, 8 к.3",
        "district": "Войковский",
        "section": "1.0",
        "smm_units": 1,
        "source_rows": 1,
        "purpose": "Место хранения СММ в зимний период",
        "coordinate_status": "Координата из реестра мест хранения СММ",
        "verification": "Требуется служебная сверка перед утверждением",
        "source": "Места хранения СММ Зима.xlsx"
      },
      "geometry": {
        "type": "Point",
        "coordinates": [
          37.501759,
          55.816637
        ]
      }
    },
    {
      "type": "Feature",
      "properties": {
        "name": "Место хранения СММ № 136",
        "address": "ДТ\\Ленинградское шоссе 9 к.1",
        "district": "Войковский",
        "section": "2.0",
        "smm_units": 1,
        "source_rows": 1,
        "purpose": "Место хранения СММ в зимний период",
        "coordinate_status": "Координата из реестра мест хранения СММ",
        "verification": "Требуется служебная сверка перед утверждением",
        "source": "Места хранения СММ Зима.xlsx"
      },
      "geometry": {
        "type": "Point",
        "coordinates": [
          37.498655,
          55.816655
        ]
      }
    },
    {
      "type": "Feature",
      "properties": {
        "name": "Место хранения СММ № 137",
        "address": "ДТ\\Ленинградское шоссе дом 22, дом 24, корпус 1, дом 24, корпус 2",
        "district": "Войковский",
        "section": "3.0",
        "smm_units": 1,
        "source_rows": 1,
        "purpose": "Место хранения СММ в зимний период",
        "coordinate_status": "Координата из реестра мест хранения СММ",
        "verification": "Требуется служебная сверка перед утверждением",
        "source": "Места хранения СММ Зима.xlsx"
      },
      "geometry": {
        "type": "Point",
        "coordinates": [
          37.492378,
          55.827535
        ]
      }
    },
    {
      "type": "Feature",
      "properties": {
        "name": "Место хранения СММ № 138",
        "address": "ДТ\\Ленинградское шоссе дом 40, дом 42, дом 44",
        "district": "Войковский",
        "section": "3.0",
        "smm_units": 1,
        "source_rows": 1,
        "purpose": "Место хранения СММ в зимний период",
        "coordinate_status": "Координата из реестра мест хранения СММ",
        "verification": "Требуется служебная сверка перед утверждением",
        "source": "Места хранения СММ Зима.xlsx"
      },
      "geometry": {
        "type": "Point",
        "coordinates": [
          37.488505,
          55.83146
        ]
      }
    },
    {
      "type": "Feature",
      "properties": {
        "name": "Место хранения СММ № 139",
        "address": "ДТ\\Ленинградское шоссе дом 48, корпус 1, дом 48, корпус 2, дом 48, корпус 3",
        "district": "Войковский",
        "section": "3.0",
        "smm_units": 1,
        "source_rows": 1,
        "purpose": "Место хранения СММ в зимний период",
        "coordinate_status": "Координата из реестра мест хранения СММ",
        "verification": "Требуется служебная сверка перед утверждением",
        "source": "Места хранения СММ Зима.xlsx"
      },
      "geometry": {
        "type": "Point",
        "coordinates": [
          37.487292,
          55.834883
        ]
      }
    },
    {
      "type": "Feature",
      "properties": {
        "name": "Место хранения СММ № 140",
        "address": "ДТ\\Макарова Адмирала ул. 11, 13",
        "district": "Войковский",
        "section": "3.0",
        "smm_units": 1,
        "source_rows": 1,
        "purpose": "Место хранения СММ в зимний период",
        "coordinate_status": "Координата из реестра мест хранения СММ",
        "verification": "Требуется служебная сверка перед утверждением",
        "source": "Места хранения СММ Зима.xlsx"
      },
      "geometry": {
        "type": "Point",
        "coordinates": [
          37.494645,
          55.828091
        ]
      }
    },
    {
      "type": "Feature",
      "properties": {
        "name": "Место хранения СММ № 141",
        "address": "ДТ\\Макарова Адмирала ул. 17 к.1, 17 к.2",
        "district": "Войковский",
        "section": "3.0",
        "smm_units": 1,
        "source_rows": 1,
        "purpose": "Место хранения СММ в зимний период",
        "coordinate_status": "Координата из реестра мест хранения СММ",
        "verification": "Требуется служебная сверка перед утверждением",
        "source": "Места хранения СММ Зима.xlsx"
      },
      "geometry": {
        "type": "Point",
        "coordinates": [
          37.493602,
          55.829932
        ]
      }
    },
    {
      "type": "Feature",
      "properties": {
        "name": "Место хранения СММ № 142",
        "address": "ДТ\\Макарова Адмирала ул. 19 к.1, 19 к.2, 21",
        "district": "Войковский",
        "section": "3.0",
        "smm_units": 1,
        "source_rows": 1,
        "purpose": "Место хранения СММ в зимний период",
        "coordinate_status": "Координата из реестра мест хранения СММ",
        "verification": "Требуется служебная сверка перед утверждением",
        "source": "Места хранения СММ Зима.xlsx"
      },
      "geometry": {
        "type": "Point",
        "coordinates": [
          37.492872,
          55.830855
        ]
      }
    },
    {
      "type": "Feature",
      "properties": {
        "name": "Место хранения СММ № 143",
        "address": "ДТ\\Макарова Адмирала ул. 3, 7",
        "district": "Войковский",
        "section": "3.0",
        "smm_units": 1,
        "source_rows": 1,
        "purpose": "Место хранения СММ в зимний период",
        "coordinate_status": "Координата из реестра мест хранения СММ",
        "verification": "Требуется служебная сверка перед утверждением",
        "source": "Места хранения СММ Зима.xlsx"
      },
      "geometry": {
        "type": "Point",
        "coordinates": [
          37.49425,
          55.826915
        ]
      }
    },
    {
      "type": "Feature",
      "properties": {
        "name": "Место хранения СММ № 144",
        "address": "ДТ\\Макарова Адмирала ул. 31, 33",
        "district": "Войковский",
        "section": "3.0",
        "smm_units": 1,
        "source_rows": 1,
        "purpose": "Место хранения СММ в зимний период",
        "coordinate_status": "Координата из реестра мест хранения СММ",
        "verification": "Требуется служебная сверка перед утверждением",
        "source": "Места хранения СММ Зима.xlsx"
      },
      "geometry": {
        "type": "Point",
        "coordinates": [
          37.489376,
          55.834923
        ]
      }
    },
    {
      "type": "Feature",
      "properties": {
        "name": "Место хранения СММ № 145",
        "address": "ДТ\\Макарова Адмирала ул. 35",
        "district": "Войковский",
        "section": "3.0",
        "smm_units": 1,
        "source_rows": 1,
        "purpose": "Место хранения СММ в зимний период",
        "coordinate_status": "Координата из реестра мест хранения СММ",
        "verification": "Требуется служебная сверка перед утверждением",
        "source": "Места хранения СММ Зима.xlsx"
      },
      "geometry": {
        "type": "Point",
        "coordinates": [
          37.488287,
          55.836191
        ]
      }
    },
    {
      "type": "Feature",
      "properties": {
        "name": "Место хранения СММ № 146",
        "address": "ДТ\\Макарова Адмирала ул. 37 к.1, 37 к.2",
        "district": "Войковский",
        "section": "3.0",
        "smm_units": 1,
        "source_rows": 1,
        "purpose": "Место хранения СММ в зимний период",
        "coordinate_status": "Координата из реестра мест хранения СММ",
        "verification": "Требуется служебная сверка перед утверждением",
        "source": "Места хранения СММ Зима.xlsx"
      },
      "geometry": {
        "type": "Point",
        "coordinates": [
          37.487971,
          55.836955
        ]
      }
    },
    {
      "type": "Feature",
      "properties": {
        "name": "Место хранения СММ № 147",
        "address": "ДТ\\Макарова Адмирала ул. 39",
        "district": "Войковский",
        "section": "3.0",
        "smm_units": 1,
        "source_rows": 1,
        "purpose": "Место хранения СММ в зимний период",
        "coordinate_status": "Координата из реестра мест хранения СММ",
        "verification": "Требуется служебная сверка перед утверждением",
        "source": "Места хранения СММ Зима.xlsx"
      },
      "geometry": {
        "type": "Point",
        "coordinates": [
          37.487421,
          55.837329
        ]
      }
    },
    {
      "type": "Feature",
      "properties": {
        "name": "Место хранения СММ № 148",
        "address": "ДТ\\Макарова Адмирала ул. 43, 45",
        "district": "Войковский",
        "section": "3.0",
        "smm_units": 1,
        "source_rows": 1,
        "purpose": "Место хранения СММ в зимний период",
        "coordinate_status": "Координата из реестра мест хранения СММ",
        "verification": "Требуется служебная сверка перед утверждением",
        "source": "Места хранения СММ Зима.xlsx"
      },
      "geometry": {
        "type": "Point",
        "coordinates": [
          37.485784,
          55.838386
        ]
      }
    },
    {
      "type": "Feature",
      "properties": {
        "name": "Место хранения СММ № 149",
        "address": "ДТ\\Макарова Адмирала ул. 9, 9А",
        "district": "Войковский",
        "section": "3.0",
        "smm_units": 1,
        "source_rows": 1,
        "purpose": "Место хранения СММ в зимний период",
        "coordinate_status": "Координата из реестра мест хранения СММ",
        "verification": "Требуется служебная сверка перед утверждением",
        "source": "Места хранения СММ Зима.xlsx"
      },
      "geometry": {
        "type": "Point",
        "coordinates": [
          37.494608,
          55.8275
        ]
      }
    },
    {
      "type": "Feature",
      "properties": {
        "name": "Место хранения СММ № 150",
        "address": "ДТ\\Нарвская ул. 11 к.1",
        "district": "Войковский",
        "section": "3.0",
        "smm_units": 1,
        "source_rows": 1,
        "purpose": "Место хранения СММ в зимний период",
        "coordinate_status": "Координата из реестра мест хранения СММ",
        "verification": "Требуется служебная сверка перед утверждением",
        "source": "Места хранения СММ Зима.xlsx"
      },
      "geometry": {
        "type": "Point",
        "coordinates": [
          37.503544,
          55.833431
        ]
      }
    },
    {
      "type": "Feature",
      "properties": {
        "name": "Место хранения СММ № 151",
        "address": "ДТ\\Нарвская ул. 11 к.2, 11 к.3",
        "district": "Войковский",
        "section": "3.0",
        "smm_units": 1,
        "source_rows": 1,
        "purpose": "Место хранения СММ в зимний период",
        "coordinate_status": "Координата из реестра мест хранения СММ",
        "verification": "Требуется служебная сверка перед утверждением",
        "source": "Места хранения СММ Зима.xlsx"
      },
      "geometry": {
        "type": "Point",
        "coordinates": [
          37.502561,
          55.833208
        ]
      }
    },
    {
      "type": "Feature",
      "properties": {
        "name": "Место хранения СММ № 152",
        "address": "ДТ\\Нарвская ул. 11 к.4, 11 к.5",
        "district": "Войковский",
        "section": "3.0",
        "smm_units": 1,
        "source_rows": 1,
        "purpose": "Место хранения СММ в зимний период",
        "coordinate_status": "Координата из реестра мест хранения СММ",
        "verification": "Требуется служебная сверка перед утверждением",
        "source": "Места хранения СММ Зима.xlsx"
      },
      "geometry": {
        "type": "Point",
        "coordinates": [
          37.500512,
          55.832453
        ]
      }
    },
    {
      "type": "Feature",
      "properties": {
        "name": "Место хранения СММ № 153",
        "address": "ДТ\\Нарвская ул. 13",
        "district": "Войковский",
        "section": "3.0",
        "smm_units": 1,
        "source_rows": 1,
        "purpose": "Место хранения СММ в зимний период",
        "coordinate_status": "Координата из реестра мест хранения СММ",
        "verification": "Требуется служебная сверка перед утверждением",
        "source": "Места хранения СММ Зима.xlsx"
      },
      "geometry": {
        "type": "Point",
        "coordinates": [
          37.504892,
          55.83432
        ]
      }
    },
    {
      "type": "Feature",
      "properties": {
        "name": "Место хранения СММ № 154",
        "address": "ДТ\\Нарвская ул. 15 к.1, 15 к.2",
        "district": "Войковский",
        "section": "3.0",
        "smm_units": 1,
        "source_rows": 1,
        "purpose": "Место хранения СММ в зимний период",
        "coordinate_status": "Координата из реестра мест хранения СММ",
        "verification": "Требуется служебная сверка перед утверждением",
        "source": "Места хранения СММ Зима.xlsx"
      },
      "geometry": {
        "type": "Point",
        "coordinates": [
          37.503692,
          55.834321
        ]
      }
    },
    {
      "type": "Feature",
      "properties": {
        "name": "Место хранения СММ № 155",
        "address": "ДТ\\Нарвская ул. 15 к.3",
        "district": "Войковский",
        "section": "3.0",
        "smm_units": 1,
        "source_rows": 1,
        "purpose": "Место хранения СММ в зимний период",
        "coordinate_status": "Координата из реестра мест хранения СММ",
        "verification": "Требуется служебная сверка перед утверждением",
        "source": "Места хранения СММ Зима.xlsx"
      },
      "geometry": {
        "type": "Point",
        "coordinates": [
          37.502328,
          55.834011
        ]
      }
    },
    {
      "type": "Feature",
      "properties": {
        "name": "Место хранения СММ № 156",
        "address": "ДТ\\Нарвская ул. 4",
        "district": "Войковский",
        "section": "3.0",
        "smm_units": 1,
        "source_rows": 1,
        "purpose": "Место хранения СММ в зимний период",
        "coordinate_status": "Координата из реестра мест хранения СММ",
        "verification": "Требуется служебная сверка перед утверждением",
        "source": "Места хранения СММ Зима.xlsx"
      },
      "geometry": {
        "type": "Point",
        "coordinates": [
          37.508014,
          55.833589
        ]
      }
    },
    {
      "type": "Feature",
      "properties": {
        "name": "Место хранения СММ № 157",
        "address": "ДТ\\Нарвская ул. 5",
        "district": "Войковский",
        "section": "3.0",
        "smm_units": 1,
        "source_rows": 1,
        "purpose": "Место хранения СММ в зимний период",
        "coordinate_status": "Координата из реестра мест хранения СММ",
        "verification": "Требуется служебная сверка перед утверждением",
        "source": "Места хранения СММ Зима.xlsx"
      },
      "geometry": {
        "type": "Point",
        "coordinates": [
          37.505925,
          55.832746
        ]
      }
    },
    {
      "type": "Feature",
      "properties": {
        "name": "Место хранения СММ № 158",
        "address": "ДТ\\Нарвская ул. 5А",
        "district": "Войковский",
        "section": "3.0",
        "smm_units": 1,
        "source_rows": 1,
        "purpose": "Место хранения СММ в зимний период",
        "coordinate_status": "Координата из реестра мест хранения СММ",
        "verification": "Требуется служебная сверка перед утверждением",
        "source": "Места хранения СММ Зима.xlsx"
      },
      "geometry": {
        "type": "Point",
        "coordinates": [
          37.504536,
          55.832268
        ]
      }
    },
    {
      "type": "Feature",
      "properties": {
        "name": "Место хранения СММ № 159",
        "address": "ДТ\\Нарвская ул. 7, 9",
        "district": "Войковский",
        "section": "3.0",
        "smm_units": 1,
        "source_rows": 1,
        "purpose": "Место хранения СММ в зимний период",
        "coordinate_status": "Координата из реестра мест хранения СММ",
        "verification": "Требуется служебная сверка перед утверждением",
        "source": "Места хранения СММ Зима.xlsx"
      },
      "geometry": {
        "type": "Point",
        "coordinates": [
          37.504828,
          55.833544
        ]
      }
    },
    {
      "type": "Feature",
      "properties": {
        "name": "Место хранения СММ № 160",
        "address": "ДТ\\Новоподмосковный 1-й пер. 2/1",
        "district": "Войковский",
        "section": "1.0",
        "smm_units": 1,
        "source_rows": 1,
        "purpose": "Место хранения СММ в зимний период",
        "coordinate_status": "Координата из реестра мест хранения СММ",
        "verification": "Требуется служебная сверка перед утверждением",
        "source": "Места хранения СММ Зима.xlsx"
      },
      "geometry": {
        "type": "Point",
        "coordinates": [
          37.503911,
          55.816259
        ]
      }
    },
    {
      "type": "Feature",
      "properties": {
        "name": "Место хранения СММ № 161",
        "address": "ДТ\\Новоподмосковный 1-й пер. 4",
        "district": "Войковский",
        "section": "1.0",
        "smm_units": 1,
        "source_rows": 1,
        "purpose": "Место хранения СММ в зимний период",
        "coordinate_status": "Координата из реестра мест хранения СММ",
        "verification": "Требуется служебная сверка перед утверждением",
        "source": "Места хранения СММ Зима.xlsx"
      },
      "geometry": {
        "type": "Point",
        "coordinates": [
          37.503256,
          55.817671
        ]
      }
    },
    {
      "type": "Feature",
      "properties": {
        "name": "Место хранения СММ № 162",
        "address": "ДТ\\Новоподмосковный 2-й пер. 10 к.1, 10 к.2",
        "district": "Войковский",
        "section": "5.0",
        "smm_units": 1,
        "source_rows": 1,
        "purpose": "Место хранения СММ в зимний период",
        "coordinate_status": "Координата из реестра мест хранения СММ",
        "verification": "Требуется служебная сверка перед утверждением",
        "source": "Места хранения СММ Зима.xlsx"
      },
      "geometry": {
        "type": "Point",
        "coordinates": [
          37.509366,
          55.819726
        ]
      }
    },
    {
      "type": "Feature",
      "properties": {
        "name": "Место хранения СММ № 163",
        "address": "ДТ\\Новоподмосковный 2-й пер. 3",
        "district": "Войковский",
        "section": "1.0",
        "smm_units": 1,
        "source_rows": 1,
        "purpose": "Место хранения СММ в зимний период",
        "coordinate_status": "Координата из реестра мест хранения СММ",
        "verification": "Требуется служебная сверка перед утверждением",
        "source": "Места хранения СММ Зима.xlsx"
      },
      "geometry": {
        "type": "Point",
        "coordinates": [
          37.509466,
          55.8169
        ]
      }
    },
    {
      "type": "Feature",
      "properties": {
        "name": "Место хранения СММ № 164",
        "address": "ДТ\\Новоподмосковный 2-й пер. 3",
        "district": "Войковский",
        "section": "1.0",
        "smm_units": 1,
        "source_rows": 1,
        "purpose": "Место хранения СММ в зимний период",
        "coordinate_status": "Координата из реестра мест хранения СММ",
        "verification": "Требуется служебная сверка перед утверждением",
        "source": "Места хранения СММ Зима.xlsx"
      },
      "geometry": {
        "type": "Point",
        "coordinates": [
          37.509187,
          55.81818
        ]
      }
    },
    {
      "type": "Feature",
      "properties": {
        "name": "Место хранения СММ № 165",
        "address": "ДТ\\Новоподмосковный 2-й пер. 5",
        "district": "Войковский",
        "section": "1.0",
        "smm_units": 1,
        "source_rows": 1,
        "purpose": "Место хранения СММ в зимний период",
        "coordinate_status": "Координата из реестра мест хранения СММ",
        "verification": "Требуется служебная сверка перед утверждением",
        "source": "Места хранения СММ Зима.xlsx"
      },
      "geometry": {
        "type": "Point",
        "coordinates": [
          37.508082,
          55.81854
        ]
      }
    },
    {
      "type": "Feature",
      "properties": {
        "name": "Место хранения СММ № 166",
        "address": "ДТ\\Новоподмосковный 2-й пер. 6, 8",
        "district": "Войковский",
        "section": "5.0",
        "smm_units": 1,
        "source_rows": 1,
        "purpose": "Место хранения СММ в зимний период",
        "coordinate_status": "Координата из реестра мест хранения СММ",
        "verification": "Требуется служебная сверка перед утверждением",
        "source": "Места хранения СММ Зима.xlsx"
      },
      "geometry": {
        "type": "Point",
        "coordinates": [
          37.512331,
          55.818907
        ]
      }
    },
    {
      "type": "Feature",
      "properties": {
        "name": "Место хранения СММ № 167",
        "address": "ДТ\\Новоподмосковный 3-й пер. 3 к.3",
        "district": "Войковский",
        "section": "1.0",
        "smm_units": 1,
        "source_rows": 1,
        "purpose": "Место хранения СММ в зимний период",
        "coordinate_status": "Координата из реестра мест хранения СММ",
        "verification": "Требуется служебная сверка перед утверждением",
        "source": "Места хранения СММ Зима.xlsx"
      },
      "geometry": {
        "type": "Point",
        "coordinates": [
          37.512651,
          55.818407
        ]
      }
    },
    {
      "type": "Feature",
      "properties": {
        "name": "Место хранения СММ № 168",
        "address": "ДТ\\Новоподмосковный 3-й пер. 4 к.4",
        "district": "Войковский",
        "section": "1.0",
        "smm_units": 1,
        "source_rows": 1,
        "purpose": "Место хранения СММ в зимний период",
        "coordinate_status": "Координата из реестра мест хранения СММ",
        "verification": "Требуется служебная сверка перед утверждением",
        "source": "Места хранения СММ Зима.xlsx"
      },
      "geometry": {
        "type": "Point",
        "coordinates": [
          37.513723,
          55.818764
        ]
      }
    },
    {
      "type": "Feature",
      "properties": {
        "name": "Место хранения СММ № 169",
        "address": "ДТ\\Новоподмосковный 3-й пер. 6, 8",
        "district": "Войковский",
        "section": "5.0",
        "smm_units": 1,
        "source_rows": 1,
        "purpose": "Место хранения СММ в зимний период",
        "coordinate_status": "Координата из реестра мест хранения СММ",
        "verification": "Требуется служебная сверка перед утверждением",
        "source": "Места хранения СММ Зима.xlsx"
      },
      "geometry": {
        "type": "Point",
        "coordinates": [
          37.514545,
          55.819496
        ]
      }
    },
    {
      "type": "Feature",
      "properties": {
        "name": "Место хранения СММ № 170",
        "address": "ДТ\\Новоподмосковный 4-й пер. 3",
        "district": "Войковский",
        "section": "5.0",
        "smm_units": 1,
        "source_rows": 1,
        "purpose": "Место хранения СММ в зимний период",
        "coordinate_status": "Координата из реестра мест хранения СММ",
        "verification": "Требуется служебная сверка перед утверждением",
        "source": "Места хранения СММ Зима.xlsx"
      },
      "geometry": {
        "type": "Point",
        "coordinates": [
          37.502404,
          55.822087
        ]
      }
    },
    {
      "type": "Feature",
      "properties": {
        "name": "Место хранения СММ № 171",
        "address": "ДТ\\Новоподмосковный 4-й пер. 4",
        "district": "Войковский",
        "section": "5.0",
        "smm_units": 1,
        "source_rows": 1,
        "purpose": "Место хранения СММ в зимний период",
        "coordinate_status": "Координата из реестра мест хранения СММ",
        "verification": "Требуется служебная сверка перед утверждением",
        "source": "Места хранения СММ Зима.xlsx"
      },
      "geometry": {
        "type": "Point",
        "coordinates": [
          37.503097,
          55.822159
        ]
      }
    },
    {
      "type": "Feature",
      "properties": {
        "name": "Место хранения СММ № 172",
        "address": "ДТ\\Новоподмосковный 5-й пер. 4 к.1, 4 к.2",
        "district": "Войковский",
        "section": "5.0",
        "smm_units": 1,
        "source_rows": 1,
        "purpose": "Место хранения СММ в зимний период",
        "coordinate_status": "Координата из реестра мест хранения СММ",
        "verification": "Требуется служебная сверка перед утверждением",
        "source": "Места хранения СММ Зима.xlsx"
      },
      "geometry": {
        "type": "Point",
        "coordinates": [
          37.507882,
          55.822093
        ]
      }
    },
    {
      "type": "Feature",
      "properties": {
        "name": "Место хранения СММ № 173",
        "address": "ДТ\\Новоподмосковный 6-й пер. 1, 3, 5",
        "district": "Войковский",
        "section": "5.0",
        "smm_units": 1,
        "source_rows": 1,
        "purpose": "Место хранения СММ в зимний период",
        "coordinate_status": "Координата из реестра мест хранения СММ",
        "verification": "Требуется служебная сверка перед утверждением",
        "source": "Места хранения СММ Зима.xlsx"
      },
      "geometry": {
        "type": "Point",
        "coordinates": [
          37.512463,
          55.82343
        ]
      }
    },
    {
      "type": "Feature",
      "properties": {
        "name": "Место хранения СММ № 174",
        "address": "ДТ\\Новоподмосковный 6-й пер. 10, 8",
        "district": "Войковский",
        "section": "5.0",
        "smm_units": 1,
        "source_rows": 1,
        "purpose": "Место хранения СММ в зимний период",
        "coordinate_status": "Координата из реестра мест хранения СММ",
        "verification": "Требуется служебная сверка перед утверждением",
        "source": "Места хранения СММ Зима.xlsx"
      },
      "geometry": {
        "type": "Point",
        "coordinates": [
          37.513375,
          55.824434
        ]
      }
    },
    {
      "type": "Feature",
      "properties": {
        "name": "Место хранения СММ № 175",
        "address": "ДТ\\Новоподмосковный 6-й пер. 12",
        "district": "Войковский",
        "section": "5.0",
        "smm_units": 1,
        "source_rows": 1,
        "purpose": "Место хранения СММ в зимний период",
        "coordinate_status": "Координата из реестра мест хранения СММ",
        "verification": "Требуется служебная сверка перед утверждением",
        "source": "Места хранения СММ Зима.xlsx"
      },
      "geometry": {
        "type": "Point",
        "coordinates": [
          37.512679,
          55.824952
        ]
      }
    },
    {
      "type": "Feature",
      "properties": {
        "name": "Место хранения СММ № 176",
        "address": "ДТ\\Новоподмосковный 6-й пер. 4",
        "district": "Войковский",
        "section": "5.0",
        "smm_units": 1,
        "source_rows": 1,
        "purpose": "Место хранения СММ в зимний период",
        "coordinate_status": "Координата из реестра мест хранения СММ",
        "verification": "Требуется служебная сверка перед утверждением",
        "source": "Места хранения СММ Зима.xlsx"
      },
      "geometry": {
        "type": "Point",
        "coordinates": [
          37.514032,
          55.822999
        ]
      }
    },
    {
      "type": "Feature",
      "properties": {
        "name": "Место хранения СММ № 177",
        "address": "ДТ\\Новоподмосковный 6-й пер. 7; Старопетровский пр. 12 к.6",
        "district": "Войковский",
        "section": "5.0",
        "smm_units": 1,
        "source_rows": 1,
        "purpose": "Место хранения СММ в зимний период",
        "coordinate_status": "Координата из реестра мест хранения СММ",
        "verification": "Требуется служебная сверка перед утверждением",
        "source": "Места хранения СММ Зима.xlsx"
      },
      "geometry": {
        "type": "Point",
        "coordinates": [
          37.511779,
          55.824985
        ]
      }
    },
    {
      "type": "Feature",
      "properties": {
        "name": "Место хранения СММ № 178",
        "address": "ДТ\\Радиаторская 1-я ул. 1",
        "district": "Войковский",
        "section": "2.0",
        "smm_units": 1,
        "source_rows": 1,
        "purpose": "Место хранения СММ в зимний период",
        "coordinate_status": "Координата из реестра мест хранения СММ",
        "verification": "Требуется служебная сверка перед утверждением",
        "source": "Места хранения СММ Зима.xlsx"
      },
      "geometry": {
        "type": "Point",
        "coordinates": [
          37.495379,
          55.817407
        ]
      }
    },
    {
      "type": "Feature",
      "properties": {
        "name": "Место хранения СММ № 179",
        "address": "ДТ\\Радиаторская 1-я ул. 3",
        "district": "Войковский",
        "section": "2.0",
        "smm_units": 1,
        "source_rows": 1,
        "purpose": "Место хранения СММ в зимний период",
        "coordinate_status": "Координата из реестра мест хранения СММ",
        "verification": "Требуется служебная сверка перед утверждением",
        "source": "Места хранения СММ Зима.xlsx"
      },
      "geometry": {
        "type": "Point",
        "coordinates": [
          37.495243,
          55.817824
        ]
      }
    },
    {
      "type": "Feature",
      "properties": {
        "name": "Место хранения СММ № 180",
        "address": "ДТ\\Радиаторская 1-я ул. 7",
        "district": "Войковский",
        "section": "2.0",
        "smm_units": 1,
        "source_rows": 1,
        "purpose": "Место хранения СММ в зимний период",
        "coordinate_status": "Координата из реестра мест хранения СММ",
        "verification": "Требуется служебная сверка перед утверждением",
        "source": "Места хранения СММ Зима.xlsx"
      },
      "geometry": {
        "type": "Point",
        "coordinates": [
          37.493867,
          55.818773
        ]
      }
    },
    {
      "type": "Feature",
      "properties": {
        "name": "Место хранения СММ № 181",
        "address": "ДТ\\Радиаторская 2-я ул. 2",
        "district": "Войковский",
        "section": "2.0",
        "smm_units": 1,
        "source_rows": 1,
        "purpose": "Место хранения СММ в зимний период",
        "coordinate_status": "Координата из реестра мест хранения СММ",
        "verification": "Требуется служебная сверка перед утверждением",
        "source": "Места хранения СММ Зима.xlsx"
      },
      "geometry": {
        "type": "Point",
        "coordinates": [
          37.494624,
          55.817161
        ]
      }
    },
    {
      "type": "Feature",
      "properties": {
        "name": "Место хранения СММ № 182",
        "address": "ДТ\\Радиаторская 2-я ул. 4",
        "district": "Войковский",
        "section": "2.0",
        "smm_units": 1,
        "source_rows": 1,
        "purpose": "Место хранения СММ в зимний период",
        "coordinate_status": "Координата из реестра мест хранения СММ",
        "verification": "Требуется служебная сверка перед утверждением",
        "source": "Места хранения СММ Зима.xlsx"
      },
      "geometry": {
        "type": "Point",
        "coordinates": [
          37.494072,
          55.818043
        ]
      }
    },
    {
      "type": "Feature",
      "properties": {
        "name": "Место хранения СММ № 183",
        "address": "ДТ\\Радиаторская 2-я ул. 6",
        "district": "Войковский",
        "section": "2.0",
        "smm_units": 1,
        "source_rows": 1,
        "purpose": "Место хранения СММ в зимний период",
        "coordinate_status": "Координата из реестра мест хранения СММ",
        "verification": "Требуется служебная сверка перед утверждением",
        "source": "Места хранения СММ Зима.xlsx"
      },
      "geometry": {
        "type": "Point",
        "coordinates": [
          37.493353,
          55.818625
        ]
      }
    },
    {
      "type": "Feature",
      "properties": {
        "name": "Место хранения СММ № 184",
        "address": "ДТ\\Радиаторская 2-я ул. 8",
        "district": "Войковский",
        "section": "2.0",
        "smm_units": 1,
        "source_rows": 1,
        "purpose": "Место хранения СММ в зимний период",
        "coordinate_status": "Координата из реестра мест хранения СММ",
        "verification": "Требуется служебная сверка перед утверждением",
        "source": "Места хранения СММ Зима.xlsx"
      },
      "geometry": {
        "type": "Point",
        "coordinates": [
          37.492853,
          55.819203
        ]
      }
    },
    {
      "type": "Feature",
      "properties": {
        "name": "Место хранения СММ № 185",
        "address": "ДТ\\Радиаторская 3-я ул. 11",
        "district": "Войковский",
        "section": "2.0",
        "smm_units": 1,
        "source_rows": 1,
        "purpose": "Место хранения СММ в зимний период",
        "coordinate_status": "Координата из реестра мест хранения СММ",
        "verification": "Требуется служебная сверка перед утверждением",
        "source": "Места хранения СММ Зима.xlsx"
      },
      "geometry": {
        "type": "Point",
        "coordinates": [
          37.490262,
          55.819266
        ]
      }
    },
    {
      "type": "Feature",
      "properties": {
        "name": "Место хранения СММ № 186",
        "address": "ДТ\\Радиаторская 3-я ул. 13",
        "district": "Войковский",
        "section": "2.0",
        "smm_units": 1,
        "source_rows": 1,
        "purpose": "Место хранения СММ в зимний период",
        "coordinate_status": "Координата из реестра мест хранения СММ",
        "verification": "Требуется служебная сверка перед утверждением",
        "source": "Места хранения СММ Зима.xlsx"
      },
      "geometry": {
        "type": "Point",
        "coordinates": [
          37.48989,
          55.819929
        ]
      }
    },
    {
      "type": "Feature",
      "properties": {
        "name": "Место хранения СММ № 187",
        "address": "ДТ\\Радиаторская 3-я ул. 5 к.1, 5 к.2, 5 к.3",
        "district": "Войковский",
        "section": "2.0",
        "smm_units": 1,
        "source_rows": 1,
        "purpose": "Место хранения СММ в зимний период",
        "coordinate_status": "Координата из реестра мест хранения СММ",
        "verification": "Требуется служебная сверка перед утверждением",
        "source": "Места хранения СММ Зима.xlsx"
      },
      "geometry": {
        "type": "Point",
        "coordinates": [
          37.491996,
          55.817275
        ]
      }
    },
    {
      "type": "Feature",
      "properties": {
        "name": "Место хранения СММ № 188",
        "address": "ДТ\\Радиаторская 3-я ул. 9",
        "district": "Войковский",
        "section": "2.0",
        "smm_units": 1,
        "source_rows": 1,
        "purpose": "Место хранения СММ в зимний период",
        "coordinate_status": "Координата из реестра мест хранения СММ",
        "verification": "Требуется служебная сверка перед утверждением",
        "source": "Места хранения СММ Зима.xlsx"
      },
      "geometry": {
        "type": "Point",
        "coordinates": [
          37.490933,
          55.818647
        ]
      }
    },
    {
      "type": "Feature",
      "properties": {
        "name": "Место хранения СММ № 189",
        "address": "ДТ\\Старопетровский пр. 12 к.1",
        "district": "Войковский",
        "section": "5.0",
        "smm_units": 1,
        "source_rows": 1,
        "purpose": "Место хранения СММ в зимний период",
        "coordinate_status": "Координата из реестра мест хранения СММ",
        "verification": "Требуется служебная сверка перед утверждением",
        "source": "Места хранения СММ Зима.xlsx"
      },
      "geometry": {
        "type": "Point",
        "coordinates": [
          37.508323,
          55.824186
        ]
      }
    },
    {
      "type": "Feature",
      "properties": {
        "name": "Место хранения СММ № 190",
        "address": "ДТ\\Старопетровский пр. 12 к.3",
        "district": "Войковский",
        "section": "5.0",
        "smm_units": 1,
        "source_rows": 1,
        "purpose": "Место хранения СММ в зимний период",
        "coordinate_status": "Координата из реестра мест хранения СММ",
        "verification": "Требуется служебная сверка перед утверждением",
        "source": "Места хранения СММ Зима.xlsx"
      },
      "geometry": {
        "type": "Point",
        "coordinates": [
          37.509609,
          55.824248
        ]
      }
    },
    {
      "type": "Feature",
      "properties": {
        "name": "Место хранения СММ № 191",
        "address": "ДТ\\Старопетровский пр. 12 к.4, 12 к.5",
        "district": "Войковский",
        "section": "5.0",
        "smm_units": 1,
        "source_rows": 1,
        "purpose": "Место хранения СММ в зимний период",
        "coordinate_status": "Координата из реестра мест хранения СММ",
        "verification": "Требуется служебная сверка перед утверждением",
        "source": "Места хранения СММ Зима.xlsx"
      },
      "geometry": {
        "type": "Point",
        "coordinates": [
          37.510818,
          55.825067
        ]
      }
    },
    {
      "type": "Feature",
      "properties": {
        "name": "Место хранения СММ № 192",
        "address": "ДТ\\Старопетровский пр. 12 к.7",
        "district": "Войковский",
        "section": "5.0",
        "smm_units": 1,
        "source_rows": 1,
        "purpose": "Место хранения СММ в зимний период",
        "coordinate_status": "Координата из реестра мест хранения СММ",
        "verification": "Требуется служебная сверка перед утверждением",
        "source": "Места хранения СММ Зима.xlsx"
      },
      "geometry": {
        "type": "Point",
        "coordinates": [
          37.510706,
          55.823791
        ]
      }
    },
    {
      "type": "Feature",
      "properties": {
        "name": "Место хранения СММ № 193",
        "address": "ДТ\\Старопетровский пр. 12, 12А к.1",
        "district": "Войковский",
        "section": "5.0",
        "smm_units": 1,
        "source_rows": 1,
        "purpose": "Место хранения СММ в зимний период",
        "coordinate_status": "Координата из реестра мест хранения СММ",
        "verification": "Требуется служебная сверка перед утверждением",
        "source": "Места хранения СММ Зима.xlsx"
      },
      "geometry": {
        "type": "Point",
        "coordinates": [
          37.507086,
          55.823421
        ]
      }
    },
    {
      "type": "Feature",
      "properties": {
        "name": "Место хранения СММ № 194",
        "address": "ДТ\\Старопетровский проезд дом 10Б",
        "district": "Войковский",
        "section": "5.0",
        "smm_units": 1,
        "source_rows": 1,
        "purpose": "Место хранения СММ в зимний период",
        "coordinate_status": "Координата из реестра мест хранения СММ",
        "verification": "Требуется служебная сверка перед утверждением",
        "source": "Места хранения СММ Зима.xlsx"
      },
      "geometry": {
        "type": "Point",
        "coordinates": [
          37.508885,
          55.822996
        ]
      }
    },
    {
      "type": "Feature",
      "properties": {
        "name": "Место хранения СММ № 195",
        "address": "ДТ\\улица Адмирала Макарова дом 5",
        "district": "Войковский",
        "section": "3.0",
        "smm_units": 1,
        "source_rows": 1,
        "purpose": "Место хранения СММ в зимний период",
        "coordinate_status": "Координата из реестра мест хранения СММ",
        "verification": "Требуется служебная сверка перед утверждением",
        "source": "Места хранения СММ Зима.xlsx"
      },
      "geometry": {
        "type": "Point",
        "coordinates": [
          37.494934,
          55.826393
        ]
      }
    },
    {
      "type": "Feature",
      "properties": {
        "name": "Место хранения СММ № 196",
        "address": "ДТ\\улица Зои и Александра Космодемьянских дом 11",
        "district": "Войковский",
        "section": "5.0",
        "smm_units": 1,
        "source_rows": 1,
        "purpose": "Место хранения СММ в зимний период",
        "coordinate_status": "Координата из реестра мест хранения СММ",
        "verification": "Требуется служебная сверка перед утверждением",
        "source": "Места хранения СММ Зима.xlsx"
      },
      "geometry": {
        "type": "Point",
        "coordinates": [
          37.512804,
          55.82177
        ]
      }
    },
    {
      "type": "Feature",
      "properties": {
        "name": "Место хранения СММ № 197",
        "address": "ДТ\\улица Зои и Александра Космодемьянских дом 11А",
        "district": "Войковский",
        "section": "5.0",
        "smm_units": 1,
        "source_rows": 1,
        "purpose": "Место хранения СММ в зимний период",
        "coordinate_status": "Координата из реестра мест хранения СММ",
        "verification": "Требуется служебная сверка перед утверждением",
        "source": "Места хранения СММ Зима.xlsx"
      },
      "geometry": {
        "type": "Point",
        "coordinates": [
          37.512158,
          55.822183
        ]
      }
    },
    {
      "type": "Feature",
      "properties": {
        "name": "Место хранения СММ № 198",
        "address": "ДТ\\улица Зои и Александра Космодемьянских дом 18, корпус 1, дом 18, корпус 2",
        "district": "Войковский",
        "section": "5.0",
        "smm_units": 1,
        "source_rows": 1,
        "purpose": "Место хранения СММ в зимний период",
        "coordinate_status": "Координата из реестра мест хранения СММ",
        "verification": "Требуется служебная сверка перед утверждением",
        "source": "Места хранения СММ Зима.xlsx"
      },
      "geometry": {
        "type": "Point",
        "coordinates": [
          37.513542,
          55.821374
        ]
      }
    },
    {
      "type": "Feature",
      "properties": {
        "name": "Место хранения СММ № 199",
        "address": "ДТ\\улица Зои и Александра Космодемьянских дом 24А; улица Клары Цеткин дом 19",
        "district": "Войковский",
        "section": "5.0",
        "smm_units": 1,
        "source_rows": 1,
        "purpose": "Место хранения СММ в зимний период",
        "coordinate_status": "Координата из реестра мест хранения СММ",
        "verification": "Требуется служебная сверка перед утверждением",
        "source": "Места хранения СММ Зима.xlsx"
      },
      "geometry": {
        "type": "Point",
        "coordinates": [
          37.516643,
          55.82174
        ]
      }
    },
    {
      "type": "Feature",
      "properties": {
        "name": "Место хранения СММ № 200",
        "address": "ДТ\\улица Космонавта Волкова дом 13, корпус 2",
        "district": "Войковский",
        "section": "1.0",
        "smm_units": 1,
        "source_rows": 1,
        "purpose": "Место хранения СММ в зимний период",
        "coordinate_status": "Координата из реестра мест хранения СММ",
        "verification": "Требуется служебная сверка перед утверждением",
        "source": "Места хранения СММ Зима.xlsx"
      },
      "geometry": {
        "type": "Point",
        "coordinates": [
          37.513477,
          55.816735
        ]
      }
    },
    {
      "type": "Feature",
      "properties": {
        "name": "Место хранения СММ № 201",
        "address": "ДТ\\улица Космонавта Волкова дом 3",
        "district": "Войковский",
        "section": "1.0",
        "smm_units": 1,
        "source_rows": 1,
        "purpose": "Место хранения СММ в зимний период",
        "coordinate_status": "Координата из реестра мест хранения СММ",
        "verification": "Требуется служебная сверка перед утверждением",
        "source": "Места хранения СММ Зима.xlsx"
      },
      "geometry": {
        "type": "Point",
        "coordinates": [
          37.506723,
          55.815856
        ]
      }
    },
    {
      "type": "Feature",
      "properties": {
        "name": "Место хранения СММ № 202",
        "address": "нет помещения",
        "district": "Войковский",
        "section": "1.0",
        "smm_units": 0,
        "source_rows": 1,
        "purpose": "Место хранения СММ в зимний период",
        "coordinate_status": "Координата из реестра мест хранения СММ",
        "verification": "Требуется служебная сверка перед утверждением",
        "source": "Места хранения СММ Зима.xlsx"
      },
      "geometry": {
        "type": "Point",
        "coordinates": [
          37.513273,
          55.817493
        ]
      }
    },
    {
      "type": "Feature",
      "properties": {
        "name": "Место хранения СММ № 203",
        "address": "нет помещения",
        "district": "Войковский",
        "section": "3.0",
        "smm_units": 0,
        "source_rows": 1,
        "purpose": "Место хранения СММ в зимний период",
        "coordinate_status": "Координата из реестра мест хранения СММ",
        "verification": "Требуется служебная сверка перед утверждением",
        "source": "Места хранения СММ Зима.xlsx"
      },
      "geometry": {
        "type": "Point",
        "coordinates": [
          37.506957,
          55.834073
        ]
      }
    },
    {
      "type": "Feature",
      "properties": {
        "name": "Место хранения СММ № 204",
        "address": "Керамический пр-д, д. 49, корп. 2",
        "district": "Восточное Дегунино",
        "section": "2.0",
        "smm_units": 17,
        "source_rows": 17,
        "purpose": "Место хранения СММ в зимний период",
        "coordinate_status": "Координата из реестра мест хранения СММ",
        "verification": "Требуется служебная сверка перед утверждением",
        "source": "Места хранения СММ Зима.xlsx"
      },
      "geometry": {
        "type": "Point",
        "coordinates": [
          37.566227,
          55.874853
        ]
      }
    },
    {
      "type": "Feature",
      "properties": {
        "name": "Место хранения СММ № 205",
        "address": "ул. Дубнинская, д. 15, корп. 2",
        "district": "Восточное Дегунино",
        "section": "1.0",
        "smm_units": 26,
        "source_rows": 26,
        "purpose": "Место хранения СММ в зимний период",
        "coordinate_status": "Координата из реестра мест хранения СММ",
        "verification": "Требуется служебная сверка перед утверждением",
        "source": "Места хранения СММ Зима.xlsx"
      },
      "geometry": {
        "type": "Point",
        "coordinates": [
          37.565979,
          55.860897
        ]
      }
    },
    {
      "type": "Feature",
      "properties": {
        "name": "Место хранения СММ № 206",
        "address": "ул. Дубнинская, д. 32, корп. 2",
        "district": "Восточное Дегунино",
        "section": "3.0",
        "smm_units": 37,
        "source_rows": 37,
        "purpose": "Место хранения СММ в зимний период",
        "coordinate_status": "Координата из реестра мест хранения СММ",
        "verification": "Требуется служебная сверка перед утверждением",
        "source": "Места хранения СММ Зима.xlsx"
      },
      "geometry": {
        "type": "Point",
        "coordinates": [
          37.559105,
          55.883264
        ]
      }
    },
    {
      "type": "Feature",
      "properties": {
        "name": "Место хранения СММ № 207",
        "address": "Авангардная ул., д. 10А",
        "district": "Головинский",
        "section": "2.0",
        "smm_units": 20,
        "source_rows": 20,
        "purpose": "Место хранения СММ в зимний период",
        "coordinate_status": "Координата из реестра мест хранения СММ",
        "verification": "Требуется служебная сверка перед утверждением",
        "source": "Места хранения СММ Зима.xlsx"
      },
      "geometry": {
        "type": "Point",
        "coordinates": [
          37.490811,
          55.845916
        ]
      }
    },
    {
      "type": "Feature",
      "properties": {
        "name": "Место хранения СММ № 208",
        "address": "Михалковская ул., д. 40",
        "district": "Головинский",
        "section": "7.0",
        "smm_units": 25,
        "source_rows": 4,
        "purpose": "Место хранения СММ в зимний период",
        "coordinate_status": "Координата из реестра мест хранения СММ",
        "verification": "Требуется служебная сверка перед утверждением",
        "source": "Места хранения СММ Зима.xlsx"
      },
      "geometry": {
        "type": "Point",
        "coordinates": [
          37.516629,
          55.841665
        ]
      }
    },
    {
      "type": "Feature",
      "properties": {
        "name": "Место хранения СММ № 209",
        "address": "Онежская ул., д.22",
        "district": "Головинский",
        "section": "5.0",
        "smm_units": 39,
        "source_rows": 39,
        "purpose": "Место хранения СММ в зимний период",
        "coordinate_status": "Координата из реестра мест хранения СММ",
        "verification": "Требуется служебная сверка перед утверждением",
        "source": "Места хранения СММ Зима.xlsx"
      },
      "geometry": {
        "type": "Point",
        "coordinates": [
          37.520411,
          55.852526
        ]
      }
    },
    {
      "type": "Feature",
      "properties": {
        "name": "Место хранения СММ № 210",
        "address": "Пулковская ул., д.15 к.2",
        "district": "Головинский",
        "section": "1.0",
        "smm_units": 27,
        "source_rows": 25,
        "purpose": "Место хранения СММ в зимний период",
        "coordinate_status": "Координата из реестра мест хранения СММ",
        "verification": "Требуется служебная сверка перед утверждением",
        "source": "Места хранения СММ Зима.xlsx"
      },
      "geometry": {
        "type": "Point",
        "coordinates": [
          37.485358,
          55.846133
        ]
      }
    },
    {
      "type": "Feature",
      "properties": {
        "name": "Место хранения СММ № 211",
        "address": "Флотская ул., д.21",
        "district": "Головинский",
        "section": "4.0",
        "smm_units": 36,
        "source_rows": 23,
        "purpose": "Место хранения СММ в зимний период",
        "coordinate_status": "Координата из реестра мест хранения СММ",
        "verification": "Требуется служебная сверка перед утверждением",
        "source": "Места хранения СММ Зима.xlsx"
      },
      "geometry": {
        "type": "Point",
        "coordinates": [
          37.512029,
          55.859372
        ]
      }
    },
    {
      "type": "Feature",
      "properties": {
        "name": "Место хранения СММ № 212",
        "address": "Флотская ул., д.68 к.1",
        "district": "Головинский",
        "section": "3.0",
        "smm_units": 31,
        "source_rows": 24,
        "purpose": "Место хранения СММ в зимний период",
        "coordinate_status": "Координата из реестра мест хранения СММ",
        "verification": "Требуется служебная сверка перед утверждением",
        "source": "Места хранения СММ Зима.xlsx"
      },
      "geometry": {
        "type": "Point",
        "coordinates": [
          37.510475,
          55.856538
        ]
      }
    },
    {
      "type": "Feature",
      "properties": {
        "name": "Место хранения СММ № 213",
        "address": "-",
        "district": "Дмитровский",
        "section": "3.0",
        "smm_units": 1,
        "source_rows": 1,
        "purpose": "Место хранения СММ в зимний период",
        "coordinate_status": "Координата из реестра мест хранения СММ",
        "verification": "Требуется служебная сверка перед утверждением",
        "source": "Места хранения СММ Зима.xlsx"
      },
      "geometry": {
        "type": "Point",
        "coordinates": [
          37.539275,
          55.893268
        ]
      }
    },
    {
      "type": "Feature",
      "properties": {
        "name": "Место хранения СММ № 214",
        "address": "Ангарская ул. 45 к.6",
        "district": "Дмитровский",
        "section": "2.0",
        "smm_units": 4,
        "source_rows": 4,
        "purpose": "Место хранения СММ в зимний период",
        "coordinate_status": "Координата из реестра мест хранения СММ",
        "verification": "Требуется служебная сверка перед утверждением",
        "source": "Места хранения СММ Зима.xlsx"
      },
      "geometry": {
        "type": "Point",
        "coordinates": [
          37.524257,
          55.882581
        ]
      }
    },
    {
      "type": "Feature",
      "properties": {
        "name": "Место хранения СММ № 215",
        "address": "Ангарская ул. 49 к.5",
        "district": "Дмитровский",
        "section": "2.0",
        "smm_units": 1,
        "source_rows": 1,
        "purpose": "Место хранения СММ в зимний период",
        "coordinate_status": "Координата из реестра мест хранения СММ",
        "verification": "Требуется служебная сверка перед утверждением",
        "source": "Места хранения СММ Зима.xlsx"
      },
      "geometry": {
        "type": "Point",
        "coordinates": [
          37.527742,
          55.881605
        ]
      }
    },
    {
      "type": "Feature",
      "properties": {
        "name": "Место хранения СММ № 216",
        "address": "Ангарская ул. 51 к.2",
        "district": "Дмитровский",
        "section": "2.0",
        "smm_units": 3,
        "source_rows": 3,
        "purpose": "Место хранения СММ в зимний период",
        "coordinate_status": "Координата из реестра мест хранения СММ",
        "verification": "Требуется служебная сверка перед утверждением",
        "source": "Места хранения СММ Зима.xlsx"
      },
      "geometry": {
        "type": "Point",
        "coordinates": [
          37.526478,
          55.881951
        ]
      }
    },
    {
      "type": "Feature",
      "properties": {
        "name": "Место хранения СММ № 217",
        "address": "Ангарская ул. 59 к.1",
        "district": "Дмитровский",
        "section": "2.0",
        "smm_units": 7,
        "source_rows": 7,
        "purpose": "Место хранения СММ в зимний период",
        "coordinate_status": "Координата из реестра мест хранения СММ",
        "verification": "Требуется служебная сверка перед утверждением",
        "source": "Места хранения СММ Зима.xlsx"
      },
      "geometry": {
        "type": "Point",
        "coordinates": [
          37.528722,
          55.883956
        ]
      }
    },
    {
      "type": "Feature",
      "properties": {
        "name": "Место хранения СММ № 218",
        "address": "Ангарская ул. 67 к.3",
        "district": "Дмитровский",
        "section": "2.0",
        "smm_units": 6,
        "source_rows": 6,
        "purpose": "Место хранения СММ в зимний период",
        "coordinate_status": "Координата из реестра мест хранения СММ",
        "verification": "Требуется служебная сверка перед утверждением",
        "source": "Места хранения СММ Зима.xlsx"
      },
      "geometry": {
        "type": "Point",
        "coordinates": [
          37.525188,
          55.885423
        ]
      }
    },
    {
      "type": "Feature",
      "properties": {
        "name": "Место хранения СММ № 219",
        "address": "Ангарская улица дом 45, корпус 1",
        "district": "Дмитровский",
        "section": "2.0",
        "smm_units": 1,
        "source_rows": 1,
        "purpose": "Место хранения СММ в зимний период",
        "coordinate_status": "Координата из реестра мест хранения СММ",
        "verification": "Требуется служебная сверка перед утверждением",
        "source": "Места хранения СММ Зима.xlsx"
      },
      "geometry": {
        "type": "Point",
        "coordinates": [
          37.52737,
          55.879934
        ]
      }
    },
    {
      "type": "Feature",
      "properties": {
        "name": "Место хранения СММ № 220",
        "address": "Ангарская улица дом 45, корпус 2",
        "district": "Дмитровский",
        "section": "2.0",
        "smm_units": 5,
        "source_rows": 5,
        "purpose": "Место хранения СММ в зимний период",
        "coordinate_status": "Координата из реестра мест хранения СММ",
        "verification": "Требуется служебная сверка перед утверждением",
        "source": "Места хранения СММ Зима.xlsx"
      },
      "geometry": {
        "type": "Point",
        "coordinates": [
          37.525762,
          55.880835
        ]
      }
    },
    {
      "type": "Feature",
      "properties": {
        "name": "Место хранения СММ № 221",
        "address": "Восьмисотлетия Москвы ул. 2 к.1",
        "district": "Дмитровский",
        "section": "1.0",
        "smm_units": 1,
        "source_rows": 1,
        "purpose": "Место хранения СММ в зимний период",
        "coordinate_status": "Координата из реестра мест хранения СММ",
        "verification": "Требуется служебная сверка перед утверждением",
        "source": "Места хранения СММ Зима.xlsx"
      },
      "geometry": {
        "type": "Point",
        "coordinates": [
          37.531814,
          55.875537
        ]
      }
    },
    {
      "type": "Feature",
      "properties": {
        "name": "Место хранения СММ № 222",
        "address": "ДТ\\Восьмисотлетия Москвы ул. 2 к.1, 2 к.2",
        "district": "Дмитровский",
        "section": "ОДХ",
        "smm_units": 2,
        "source_rows": 1,
        "purpose": "Место хранения СММ в зимний период",
        "coordinate_status": "Координата из реестра мест хранения СММ",
        "verification": "Требуется служебная сверка перед утверждением",
        "source": "Места хранения СММ Зима.xlsx"
      },
      "geometry": {
        "type": "Point",
        "coordinates": [
          37.532762,
          55.875314
        ]
      }
    },
    {
      "type": "Feature",
      "properties": {
        "name": "Место хранения СММ № 223",
        "address": "ДТ\\Дмитровское шоссе 113 к.1",
        "district": "Дмитровский",
        "section": "1.0",
        "smm_units": 0,
        "source_rows": 1,
        "purpose": "Место хранения СММ в зимний период",
        "coordinate_status": "Координата из реестра мест хранения СММ",
        "verification": "Требуется служебная сверка перед утверждением",
        "source": "Места хранения СММ Зима.xlsx"
      },
      "geometry": {
        "type": "Point",
        "coordinates": [
          37.541237,
          55.883661
        ]
      }
    },
    {
      "type": "Feature",
      "properties": {
        "name": "Место хранения СММ № 224",
        "address": "ДТ\\Дмитровское шоссе 115 к.1",
        "district": "Дмитровский",
        "section": "1.0",
        "smm_units": 0,
        "source_rows": 1,
        "purpose": "Место хранения СММ в зимний период",
        "coordinate_status": "Координата из реестра мест хранения СММ",
        "verification": "Требуется служебная сверка перед утверждением",
        "source": "Места хранения СММ Зима.xlsx"
      },
      "geometry": {
        "type": "Point",
        "coordinates": [
          37.541633,
          55.88437
        ]
      }
    },
    {
      "type": "Feature",
      "properties": {
        "name": "Место хранения СММ № 225",
        "address": "ДТ\\Дмитровское шоссе 117 к.1, 119 к.1, 121 к.1; Яхромская ул. 8",
        "district": "Дмитровский",
        "section": "1.0",
        "smm_units": 0,
        "source_rows": 1,
        "purpose": "Место хранения СММ в зимний период",
        "coordinate_status": "Координата из реестра мест хранения СММ",
        "verification": "Требуется служебная сверка перед утверждением",
        "source": "Места хранения СММ Зима.xlsx"
      },
      "geometry": {
        "type": "Point",
        "coordinates": [
          37.540469,
          55.884948
        ]
      }
    },
    {
      "type": "Feature",
      "properties": {
        "name": "Место хранения СММ № 226",
        "address": "ДТ\\Дмитровское шоссе 123 к.1",
        "district": "Дмитровский",
        "section": "1.0",
        "smm_units": 0,
        "source_rows": 1,
        "purpose": "Место хранения СММ в зимний период",
        "coordinate_status": "Координата из реестра мест хранения СММ",
        "verification": "Требуется служебная сверка перед утверждением",
        "source": "Места хранения СММ Зима.xlsx"
      },
      "geometry": {
        "type": "Point",
        "coordinates": [
          37.541326,
          55.886181
        ]
      }
    },
    {
      "type": "Feature",
      "properties": {
        "name": "Место хранения СММ № 227",
        "address": "ДТ\\Дмитровское шоссе 125 к.1",
        "district": "Дмитровский",
        "section": "1.0",
        "smm_units": 0,
        "source_rows": 1,
        "purpose": "Место хранения СММ в зимний период",
        "coordinate_status": "Координата из реестра мест хранения СММ",
        "verification": "Требуется служебная сверка перед утверждением",
        "source": "Места хранения СММ Зима.xlsx"
      },
      "geometry": {
        "type": "Point",
        "coordinates": [
          37.541423,
          55.8867
        ]
      }
    },
    {
      "type": "Feature",
      "properties": {
        "name": "Место хранения СММ № 228",
        "address": "ДТ\\Дмитровское шоссе 125 к.2",
        "district": "Дмитровский",
        "section": "1.0",
        "smm_units": 0,
        "source_rows": 1,
        "purpose": "Место хранения СММ в зимний период",
        "coordinate_status": "Координата из реестра мест хранения СММ",
        "verification": "Требуется служебная сверка перед утверждением",
        "source": "Места хранения СММ Зима.xlsx"
      },
      "geometry": {
        "type": "Point",
        "coordinates": [
          37.540739,
          55.886971
        ]
      }
    },
    {
      "type": "Feature",
      "properties": {
        "name": "Место хранения СММ № 229",
        "address": "ДТ\\Долгопрудная ул. 7",
        "district": "Дмитровский",
        "section": "3.0",
        "smm_units": 4,
        "source_rows": 4,
        "purpose": "Место хранения СММ в зимний период",
        "coordinate_status": "Координата из реестра мест хранения СММ",
        "verification": "Требуется служебная сверка перед утверждением",
        "source": "Места хранения СММ Зима.xlsx"
      },
      "geometry": {
        "type": "Point",
        "coordinates": [
          37.539275,
          55.893268
        ]
      }
    },
    {
      "type": "Feature",
      "properties": {
        "name": "Место хранения СММ № 230",
        "address": "ДТ\\Икшинская ул. 10",
        "district": "Дмитровский",
        "section": "1.0",
        "smm_units": 0,
        "source_rows": 1,
        "purpose": "Место хранения СММ в зимний период",
        "coordinate_status": "Координата из реестра мест хранения СММ",
        "verification": "Требуется служебная сверка перед утверждением",
        "source": "Места хранения СММ Зима.xlsx"
      },
      "geometry": {
        "type": "Point",
        "coordinates": [
          37.538343,
          55.886178
        ]
      }
    },
    {
      "type": "Feature",
      "properties": {
        "name": "Место хранения СММ № 231",
        "address": "ДТ\\Икшинская ул. 4",
        "district": "Дмитровский",
        "section": "1.0",
        "smm_units": 0,
        "source_rows": 1,
        "purpose": "Место хранения СММ в зимний период",
        "coordinate_status": "Координата из реестра мест хранения СММ",
        "verification": "Требуется служебная сверка перед утверждением",
        "source": "Места хранения СММ Зима.xlsx"
      },
      "geometry": {
        "type": "Point",
        "coordinates": [
          37.54049,
          55.886187
        ]
      }
    },
    {
      "type": "Feature",
      "properties": {
        "name": "Место хранения СММ № 232",
        "address": "ДТ\\Икшинская ул. 6",
        "district": "Дмитровский",
        "section": "1.0",
        "smm_units": 0,
        "source_rows": 1,
        "purpose": "Место хранения СММ в зимний период",
        "coordinate_status": "Координата из реестра мест хранения СММ",
        "verification": "Требуется служебная сверка перед утверждением",
        "source": "Места хранения СММ Зима.xlsx"
      },
      "geometry": {
        "type": "Point",
        "coordinates": [
          37.539977,
          55.886511
        ]
      }
    },
    {
      "type": "Feature",
      "properties": {
        "name": "Место хранения СММ № 233",
        "address": "ДТ\\Икшинская ул. 8",
        "district": "Дмитровский",
        "section": "1.0",
        "smm_units": 0,
        "source_rows": 1,
        "purpose": "Место хранения СММ в зимний период",
        "coordinate_status": "Координата из реестра мест хранения СММ",
        "verification": "Требуется служебная сверка перед утверждением",
        "source": "Места хранения СММ Зима.xlsx"
      },
      "geometry": {
        "type": "Point",
        "coordinates": [
          37.539308,
          55.88656
        ]
      }
    },
    {
      "type": "Feature",
      "properties": {
        "name": "Место хранения СММ № 234",
        "address": "Дмитровское шоссе 109 к. 1",
        "district": "Дмитровский",
        "section": "1.0",
        "smm_units": 1,
        "source_rows": 1,
        "purpose": "Место хранения СММ в зимний период",
        "coordinate_status": "Координата из реестра мест хранения СММ",
        "verification": "Требуется служебная сверка перед утверждением",
        "source": "Места хранения СММ Зима.xlsx"
      },
      "geometry": {
        "type": "Point",
        "coordinates": [
          37.540912,
          55.882242
        ]
      }
    },
    {
      "type": "Feature",
      "properties": {
        "name": "Место хранения СММ № 235",
        "address": "Дмитровское шоссе 111",
        "district": "Дмитровский",
        "section": "1.0",
        "smm_units": 1,
        "source_rows": 1,
        "purpose": "Место хранения СММ в зимний период",
        "coordinate_status": "Координата из реестра мест хранения СММ",
        "verification": "Требуется служебная сверка перед утверждением",
        "source": "Места хранения СММ Зима.xlsx"
      },
      "geometry": {
        "type": "Point",
        "coordinates": [
          37.541697,
          55.882818
        ]
      }
    },
    {
      "type": "Feature",
      "properties": {
        "name": "Место хранения СММ № 236",
        "address": "Дмитровское шоссе 127 к 1",
        "district": "Дмитровский",
        "section": "1.0",
        "smm_units": 2,
        "source_rows": 2,
        "purpose": "Место хранения СММ в зимний период",
        "coordinate_status": "Координата из реестра мест хранения СММ",
        "verification": "Требуется служебная сверка перед утверждением",
        "source": "Места хранения СММ Зима.xlsx"
      },
      "geometry": {
        "type": "Point",
        "coordinates": [
          37.541328,
          55.887468
        ]
      }
    },
    {
      "type": "Feature",
      "properties": {
        "name": "Место хранения СММ № 237",
        "address": "Дмитровское шоссе 131 к. 2",
        "district": "Дмитровский",
        "section": "1.0",
        "smm_units": 1,
        "source_rows": 1,
        "purpose": "Место хранения СММ в зимний период",
        "coordinate_status": "Координата из реестра мест хранения СММ",
        "verification": "Требуется служебная сверка перед утверждением",
        "source": "Места хранения СММ Зима.xlsx"
      },
      "geometry": {
        "type": "Point",
        "coordinates": [
          37.541373,
          55.888578
        ]
      }
    },
    {
      "type": "Feature",
      "properties": {
        "name": "Место хранения СММ № 238",
        "address": "Дмитровское шоссе 131 к. 2",
        "district": "Дмитровский",
        "section": "1.0",
        "smm_units": 2,
        "source_rows": 2,
        "purpose": "Место хранения СММ в зимний период",
        "coordinate_status": "Координата из реестра мест хранения СММ",
        "verification": "Требуется служебная сверка перед утверждением",
        "source": "Места хранения СММ Зима.xlsx"
      },
      "geometry": {
        "type": "Point",
        "coordinates": [
          37.540677,
          55.888993
        ]
      }
    },
    {
      "type": "Feature",
      "properties": {
        "name": "Место хранения СММ № 239",
        "address": "Дмитровское шоссе 151к3",
        "district": "Дмитровский",
        "section": "3.0",
        "smm_units": 30,
        "source_rows": 21,
        "purpose": "Место хранения СММ в зимний период",
        "coordinate_status": "Координата из реестра мест хранения СММ",
        "verification": "Требуется служебная сверка перед утверждением",
        "source": "Места хранения СММ Зима.xlsx"
      },
      "geometry": {
        "type": "Point",
        "coordinates": [
          37.541476,
          55.896156
        ]
      }
    },
    {
      "type": "Feature",
      "properties": {
        "name": "Место хранения СММ № 240",
        "address": "Карельский 4к2",
        "district": "Дмитровский",
        "section": "3.0",
        "smm_units": 25,
        "source_rows": 16,
        "purpose": "Место хранения СММ в зимний период",
        "coordinate_status": "Координата из реестра мест хранения СММ",
        "verification": "Требуется служебная сверка перед утверждением",
        "source": "Места хранения СММ Зима.xlsx"
      },
      "geometry": {
        "type": "Point",
        "coordinates": [
          37.534308,
          55.892016
        ]
      }
    },
    {
      "type": "Feature",
      "properties": {
        "name": "Место хранения СММ № 241",
        "address": "Клязьминская 19",
        "district": "Дмитровский",
        "section": "3.0",
        "smm_units": 13,
        "source_rows": 6,
        "purpose": "Место хранения СММ в зимний период",
        "coordinate_status": "Координата из реестра мест хранения СММ",
        "verification": "Требуется служебная сверка перед утверждением",
        "source": "Места хранения СММ Зима.xlsx"
      },
      "geometry": {
        "type": "Point",
        "coordinates": [
          37.529169,
          55.892193
        ]
      }
    },
    {
      "type": "Feature",
      "properties": {
        "name": "Место хранения СММ № 242",
        "address": "Клязьминская 34",
        "district": "Дмитровский",
        "section": "3.0",
        "smm_units": 29,
        "source_rows": 20,
        "purpose": "Место хранения СММ в зимний период",
        "coordinate_status": "Координата из реестра мест хранения СММ",
        "verification": "Требуется служебная сверка перед утверждением",
        "source": "Места хранения СММ Зима.xlsx"
      },
      "geometry": {
        "type": "Point",
        "coordinates": [
          37.530292,
          55.895913
        ]
      }
    },
    {
      "type": "Feature",
      "properties": {
        "name": "Место хранения СММ № 243",
        "address": "Клязьминская ул. 11 к.1",
        "district": "Дмитровский",
        "section": "2.0",
        "smm_units": 1,
        "source_rows": 1,
        "purpose": "Место хранения СММ в зимний период",
        "coordinate_status": "Координата из реестра мест хранения СММ",
        "verification": "Требуется служебная сверка перед утверждением",
        "source": "Места хранения СММ Зима.xlsx"
      },
      "geometry": {
        "type": "Point",
        "coordinates": [
          37.523917,
          55.887803
        ]
      }
    },
    {
      "type": "Feature",
      "properties": {
        "name": "Место хранения СММ № 244",
        "address": "Клязьминская ул. 11 к.2",
        "district": "Дмитровский",
        "section": "2.0",
        "smm_units": 1,
        "source_rows": 1,
        "purpose": "Место хранения СММ в зимний период",
        "coordinate_status": "Координата из реестра мест хранения СММ",
        "verification": "Требуется служебная сверка перед утверждением",
        "source": "Места хранения СММ Зима.xlsx"
      },
      "geometry": {
        "type": "Point",
        "coordinates": [
          37.523146,
          55.887733
        ]
      }
    },
    {
      "type": "Feature",
      "properties": {
        "name": "Место хранения СММ № 245",
        "address": "Клязьминская ул. 13",
        "district": "Дмитровский",
        "section": "2.0",
        "smm_units": 1,
        "source_rows": 1,
        "purpose": "Место хранения СММ в зимний период",
        "coordinate_status": "Координата из реестра мест хранения СММ",
        "verification": "Требуется служебная сверка перед утверждением",
        "source": "Места хранения СММ Зима.xlsx"
      },
      "geometry": {
        "type": "Point",
        "coordinates": [
          37.524834,
          55.888256
        ]
      }
    },
    {
      "type": "Feature",
      "properties": {
        "name": "Место хранения СММ № 246",
        "address": "Клязьминская ул. 17",
        "district": "Дмитровский",
        "section": "2.0",
        "smm_units": 1,
        "source_rows": 1,
        "purpose": "Место хранения СММ в зимний период",
        "coordinate_status": "Координата из реестра мест хранения СММ",
        "verification": "Требуется служебная сверка перед утверждением",
        "source": "Места хранения СММ Зима.xlsx"
      },
      "geometry": {
        "type": "Point",
        "coordinates": [
          37.526687,
          55.889808
        ]
      }
    },
    {
      "type": "Feature",
      "properties": {
        "name": "Место хранения СММ № 247",
        "address": "Клязьминская ул. 5 к.1",
        "district": "Дмитровский",
        "section": "2.0",
        "smm_units": 1,
        "source_rows": 1,
        "purpose": "Место хранения СММ в зимний период",
        "coordinate_status": "Координата из реестра мест хранения СММ",
        "verification": "Требуется служебная сверка перед утверждением",
        "source": "Места хранения СММ Зима.xlsx"
      },
      "geometry": {
        "type": "Point",
        "coordinates": [
          37.520183,
          55.887758
        ]
      }
    },
    {
      "type": "Feature",
      "properties": {
        "name": "Место хранения СММ № 248",
        "address": "Клязьминская ул. 9 к.2",
        "district": "Дмитровский",
        "section": "2.0",
        "smm_units": 1,
        "source_rows": 1,
        "purpose": "Место хранения СММ в зимний период",
        "coordinate_status": "Координата из реестра мест хранения СММ",
        "verification": "Требуется служебная сверка перед утверждением",
        "source": "Места хранения СММ Зима.xlsx"
      },
      "geometry": {
        "type": "Point",
        "coordinates": [
          37.523328,
          55.889876
        ]
      }
    },
    {
      "type": "Feature",
      "properties": {
        "name": "Место хранения СММ № 249",
        "address": "Коровинское ш., д.22",
        "district": "Дмитровский",
        "section": "2.0",
        "smm_units": 16,
        "source_rows": 16,
        "purpose": "Место хранения СММ в зимний период",
        "coordinate_status": "Координата из реестра мест хранения СММ",
        "verification": "Требуется служебная сверка перед утверждением",
        "source": "Места хранения СММ Зима.xlsx"
      },
      "geometry": {
        "type": "Point",
        "coordinates": [
          37.521132,
          55.881331
        ]
      }
    },
    {
      "type": "Feature",
      "properties": {
        "name": "Место хранения СММ № 250",
        "address": "Коровинское шоссе 14к1",
        "district": "Дмитровский",
        "section": "1.0",
        "smm_units": 1,
        "source_rows": 1,
        "purpose": "Место хранения СММ в зимний период",
        "coordinate_status": "Координата из реестра мест хранения СММ",
        "verification": "Требуется служебная сверка перед утверждением",
        "source": "Места хранения СММ Зима.xlsx"
      },
      "geometry": {
        "type": "Point",
        "coordinates": [
          37.52932,
          55.873769
        ]
      }
    },
    {
      "type": "Feature",
      "properties": {
        "name": "Место хранения СММ № 251",
        "address": "Коровинское шоссе 16",
        "district": "Дмитровский",
        "section": "1.0",
        "smm_units": 1,
        "source_rows": 1,
        "purpose": "Место хранения СММ в зимний период",
        "coordinate_status": "Координата из реестра мест хранения СММ",
        "verification": "Требуется служебная сверка перед утверждением",
        "source": "Места хранения СММ Зима.xlsx"
      },
      "geometry": {
        "type": "Point",
        "coordinates": [
          37.529086,
          55.874393
        ]
      }
    },
    {
      "type": "Feature",
      "properties": {
        "name": "Место хранения СММ № 252",
        "address": "Коровинское шоссе 30",
        "district": "Дмитровский",
        "section": "2.0",
        "smm_units": 1,
        "source_rows": 1,
        "purpose": "Место хранения СММ в зимний период",
        "coordinate_status": "Координата из реестра мест хранения СММ",
        "verification": "Требуется служебная сверка перед утверждением",
        "source": "Места хранения СММ Зима.xlsx"
      },
      "geometry": {
        "type": "Point",
        "coordinates": [
          37.518543,
          55.883955
        ]
      }
    },
    {
      "type": "Feature",
      "properties": {
        "name": "Место хранения СММ № 253",
        "address": "Коровинское шоссе 36 к.1",
        "district": "Дмитровский",
        "section": "2.0",
        "smm_units": 2,
        "source_rows": 2,
        "purpose": "Место хранения СММ в зимний период",
        "coordinate_status": "Координата из реестра мест хранения СММ",
        "verification": "Требуется служебная сверка перед утверждением",
        "source": "Места хранения СММ Зима.xlsx"
      },
      "geometry": {
        "type": "Point",
        "coordinates": [
          37.516409,
          55.886949
        ]
      }
    },
    {
      "type": "Feature",
      "properties": {
        "name": "Место хранения СММ № 254",
        "address": "Лобненская 3",
        "district": "Дмитровский",
        "section": "1.0",
        "smm_units": 2,
        "source_rows": 2,
        "purpose": "Место хранения СММ в зимний период",
        "coordinate_status": "Координата из реестра мест хранения СММ",
        "verification": "Требуется служебная сверка перед утверждением",
        "source": "Места хранения СММ Зима.xlsx"
      },
      "geometry": {
        "type": "Point",
        "coordinates": [
          37.540086,
          55.88867
        ]
      }
    },
    {
      "type": "Feature",
      "properties": {
        "name": "Место хранения СММ № 255",
        "address": "Лобненская 9",
        "district": "Дмитровский",
        "section": "1.0",
        "smm_units": 3,
        "source_rows": 3,
        "purpose": "Место хранения СММ в зимний период",
        "coordinate_status": "Координата из реестра мест хранения СММ",
        "verification": "Требуется служебная сверка перед утверждением",
        "source": "Места хранения СММ Зима.xlsx"
      },
      "geometry": {
        "type": "Point",
        "coordinates": [
          37.538185,
          55.888974
        ]
      }
    },
    {
      "type": "Feature",
      "properties": {
        "name": "Место хранения СММ № 256",
        "address": "Лобненская улица дом 15, корпус 1,",
        "district": "Дмитровский",
        "section": "2.0",
        "smm_units": 1,
        "source_rows": 1,
        "purpose": "Место хранения СММ в зимний период",
        "coordinate_status": "Координата из реестра мест хранения СММ",
        "verification": "Требуется служебная сверка перед утверждением",
        "source": "Места хранения СММ Зима.xlsx"
      },
      "geometry": {
        "type": "Point",
        "coordinates": [
          37.526511,
          55.891397
        ]
      }
    },
    {
      "type": "Feature",
      "properties": {
        "name": "Место хранения СММ № 257",
        "address": "Софьи Ковалевской 10к1",
        "district": "Дмитровский",
        "section": "1.0",
        "smm_units": 1,
        "source_rows": 1,
        "purpose": "Место хранения СММ в зимний период",
        "coordinate_status": "Координата из реестра мест хранения СММ",
        "verification": "Требуется служебная сверка перед утверждением",
        "source": "Места хранения СММ Зима.xlsx"
      },
      "geometry": {
        "type": "Point",
        "coordinates": [
          37.533161,
          55.884679
        ]
      }
    },
    {
      "type": "Feature",
      "properties": {
        "name": "Место хранения СММ № 258",
        "address": "Софьи Ковалевской 10к2",
        "district": "Дмитровский",
        "section": "1.0",
        "smm_units": 1,
        "source_rows": 1,
        "purpose": "Место хранения СММ в зимний период",
        "coordinate_status": "Координата из реестра мест хранения СММ",
        "verification": "Требуется служебная сверка перед утверждением",
        "source": "Места хранения СММ Зима.xlsx"
      },
      "geometry": {
        "type": "Point",
        "coordinates": [
          37.534079,
          55.884043
        ]
      }
    },
    {
      "type": "Feature",
      "properties": {
        "name": "Место хранения СММ № 259",
        "address": "Софьи Ковалевской 10к3",
        "district": "Дмитровский",
        "section": "1.0",
        "smm_units": 1,
        "source_rows": 1,
        "purpose": "Место хранения СММ в зимний период",
        "coordinate_status": "Координата из реестра мест хранения СММ",
        "verification": "Требуется служебная сверка перед утверждением",
        "source": "Места хранения СММ Зима.xlsx"
      },
      "geometry": {
        "type": "Point",
        "coordinates": [
          37.535387,
          55.88404
        ]
      }
    },
    {
      "type": "Feature",
      "properties": {
        "name": "Место хранения СММ № 260",
        "address": "Софьи Ковалевской 12к1",
        "district": "Дмитровский",
        "section": "1.0",
        "smm_units": 1,
        "source_rows": 1,
        "purpose": "Место хранения СММ в зимний период",
        "coordinate_status": "Координата из реестра мест хранения СММ",
        "verification": "Требуется служебная сверка перед утверждением",
        "source": "Места хранения СММ Зима.xlsx"
      },
      "geometry": {
        "type": "Point",
        "coordinates": [
          37.534017,
          55.884787
        ]
      }
    },
    {
      "type": "Feature",
      "properties": {
        "name": "Место хранения СММ № 261",
        "address": "Софьи Ковалевской 12к2",
        "district": "Дмитровский",
        "section": "1.0",
        "smm_units": 1,
        "source_rows": 1,
        "purpose": "Место хранения СММ в зимний период",
        "coordinate_status": "Координата из реестра мест хранения СММ",
        "verification": "Требуется служебная сверка перед утверждением",
        "source": "Места хранения СММ Зима.xlsx"
      },
      "geometry": {
        "type": "Point",
        "coordinates": [
          37.535055,
          55.88481
        ]
      }
    },
    {
      "type": "Feature",
      "properties": {
        "name": "Место хранения СММ № 262",
        "address": "Софьи Ковалевской 12к3",
        "district": "Дмитровский",
        "section": "1.0",
        "smm_units": 1,
        "source_rows": 1,
        "purpose": "Место хранения СММ в зимний период",
        "coordinate_status": "Координата из реестра мест хранения СММ",
        "verification": "Требуется служебная сверка перед утверждением",
        "source": "Места хранения СММ Зима.xlsx"
      },
      "geometry": {
        "type": "Point",
        "coordinates": [
          37.536029,
          55.884855
        ]
      }
    },
    {
      "type": "Feature",
      "properties": {
        "name": "Место хранения СММ № 263",
        "address": "Софьи Ковалевской 14",
        "district": "Дмитровский",
        "section": "1.0",
        "smm_units": 1,
        "source_rows": 1,
        "purpose": "Место хранения СММ в зимний период",
        "coordinate_status": "Координата из реестра мест хранения СММ",
        "verification": "Требуется служебная сверка перед утверждением",
        "source": "Места хранения СММ Зима.xlsx"
      },
      "geometry": {
        "type": "Point",
        "coordinates": [
          37.534391,
          55.885606
        ]
      }
    },
    {
      "type": "Feature",
      "properties": {
        "name": "Место хранения СММ № 264",
        "address": "Софьи Ковалевской 16",
        "district": "Дмитровский",
        "section": "1.0",
        "smm_units": 1,
        "source_rows": 1,
        "purpose": "Место хранения СММ в зимний период",
        "coordinate_status": "Координата из реестра мест хранения СММ",
        "verification": "Требуется служебная сверка перед утверждением",
        "source": "Места хранения СММ Зима.xlsx"
      },
      "geometry": {
        "type": "Point",
        "coordinates": [
          37.535389,
          55.886118
        ]
      }
    },
    {
      "type": "Feature",
      "properties": {
        "name": "Место хранения СММ № 265",
        "address": "Софьи Ковалевской 2",
        "district": "Дмитровский",
        "section": "1.0",
        "smm_units": 1,
        "source_rows": 1,
        "purpose": "Место хранения СММ в зимний период",
        "coordinate_status": "Координата из реестра мест хранения СММ",
        "verification": "Требуется служебная сверка перед утверждением",
        "source": "Места хранения СММ Зима.xlsx"
      },
      "geometry": {
        "type": "Point",
        "coordinates": [
          37.534292,
          55.876932
        ]
      }
    },
    {
      "type": "Feature",
      "properties": {
        "name": "Место хранения СММ № 266",
        "address": "Софьи Ковалевской 2А",
        "district": "Дмитровский",
        "section": "1.0",
        "smm_units": 1,
        "source_rows": 1,
        "purpose": "Место хранения СММ в зимний период",
        "coordinate_status": "Координата из реестра мест хранения СММ",
        "verification": "Требуется служебная сверка перед утверждением",
        "source": "Места хранения СММ Зима.xlsx"
      },
      "geometry": {
        "type": "Point",
        "coordinates": [
          37.533934,
          55.8785
        ]
      }
    },
    {
      "type": "Feature",
      "properties": {
        "name": "Место хранения СММ № 267",
        "address": "Софьи Ковалевской 2к1",
        "district": "Дмитровский",
        "section": "1.0",
        "smm_units": 1,
        "source_rows": 1,
        "purpose": "Место хранения СММ в зимний период",
        "coordinate_status": "Координата из реестра мест хранения СММ",
        "verification": "Требуется служебная сверка перед утверждением",
        "source": "Места хранения СММ Зима.xlsx"
      },
      "geometry": {
        "type": "Point",
        "coordinates": [
          37.535251,
          55.876877
        ]
      }
    },
    {
      "type": "Feature",
      "properties": {
        "name": "Место хранения СММ № 268",
        "address": "Софьи Ковалевской 2к2",
        "district": "Дмитровский",
        "section": "1.0",
        "smm_units": 1,
        "source_rows": 1,
        "purpose": "Место хранения СММ в зимний период",
        "coordinate_status": "Координата из реестра мест хранения СММ",
        "verification": "Требуется служебная сверка перед утверждением",
        "source": "Места хранения СММ Зима.xlsx"
      },
      "geometry": {
        "type": "Point",
        "coordinates": [
          37.535112,
          55.877523
        ]
      }
    },
    {
      "type": "Feature",
      "properties": {
        "name": "Место хранения СММ № 269",
        "address": "Софьи Ковалевской 2к3",
        "district": "Дмитровский",
        "section": "1.0",
        "smm_units": 1,
        "source_rows": 1,
        "purpose": "Место хранения СММ в зимний период",
        "coordinate_status": "Координата из реестра мест хранения СММ",
        "verification": "Требуется служебная сверка перед утверждением",
        "source": "Места хранения СММ Зима.xlsx"
      },
      "geometry": {
        "type": "Point",
        "coordinates": [
          37.535264,
          55.877951
        ]
      }
    },
    {
      "type": "Feature",
      "properties": {
        "name": "Место хранения СММ № 270",
        "address": "Софьи Ковалевской 2к4",
        "district": "Дмитровский",
        "section": "1.0",
        "smm_units": 1,
        "source_rows": 1,
        "purpose": "Место хранения СММ в зимний период",
        "coordinate_status": "Координата из реестра мест хранения СММ",
        "verification": "Требуется служебная сверка перед утверждением",
        "source": "Места хранения СММ Зима.xlsx"
      },
      "geometry": {
        "type": "Point",
        "coordinates": [
          37.536347,
          55.878494
        ]
      }
    },
    {
      "type": "Feature",
      "properties": {
        "name": "Место хранения СММ № 271",
        "address": "Софьи Ковалевской 2к5",
        "district": "Дмитровский",
        "section": "1.0",
        "smm_units": 1,
        "source_rows": 1,
        "purpose": "Место хранения СММ в зимний период",
        "coordinate_status": "Координата из реестра мест хранения СММ",
        "verification": "Требуется служебная сверка перед утверждением",
        "source": "Места хранения СММ Зима.xlsx"
      },
      "geometry": {
        "type": "Point",
        "coordinates": [
          37.536922,
          55.877231
        ]
      }
    },
    {
      "type": "Feature",
      "properties": {
        "name": "Место хранения СММ № 272",
        "address": "Софьи Ковалевской 4",
        "district": "Дмитровский",
        "section": "1.0",
        "smm_units": 1,
        "source_rows": 1,
        "purpose": "Место хранения СММ в зимний период",
        "coordinate_status": "Координата из реестра мест хранения СММ",
        "verification": "Требуется служебная сверка перед утверждением",
        "source": "Места хранения СММ Зима.xlsx"
      },
      "geometry": {
        "type": "Point",
        "coordinates": [
          37.533851,
          55.879434
        ]
      }
    },
    {
      "type": "Feature",
      "properties": {
        "name": "Место хранения СММ № 273",
        "address": "Софьи Ковалевской 4А",
        "district": "Дмитровский",
        "section": "1.0",
        "smm_units": 1,
        "source_rows": 1,
        "purpose": "Место хранения СММ в зимний период",
        "coordinate_status": "Координата из реестра мест хранения СММ",
        "verification": "Требуется служебная сверка перед утверждением",
        "source": "Места хранения СММ Зима.xlsx"
      },
      "geometry": {
        "type": "Point",
        "coordinates": [
          37.534256,
          55.880376
        ]
      }
    },
    {
      "type": "Feature",
      "properties": {
        "name": "Место хранения СММ № 274",
        "address": "Софьи Ковалевской 4к2",
        "district": "Дмитровский",
        "section": "1.0",
        "smm_units": 1,
        "source_rows": 1,
        "purpose": "Место хранения СММ в зимний период",
        "coordinate_status": "Координата из реестра мест хранения СММ",
        "verification": "Требуется служебная сверка перед утверждением",
        "source": "Места хранения СММ Зима.xlsx"
      },
      "geometry": {
        "type": "Point",
        "coordinates": [
          37.53533,
          55.879965
        ]
      }
    },
    {
      "type": "Feature",
      "properties": {
        "name": "Место хранения СММ № 275",
        "address": "Софьи Ковалевской 4к4",
        "district": "Дмитровский",
        "section": "1.0",
        "smm_units": 1,
        "source_rows": 1,
        "purpose": "Место хранения СММ в зимний период",
        "coordinate_status": "Координата из реестра мест хранения СММ",
        "verification": "Требуется служебная сверка перед утверждением",
        "source": "Места хранения СММ Зима.xlsx"
      },
      "geometry": {
        "type": "Point",
        "coordinates": [
          37.535102,
          55.879294
        ]
      }
    },
    {
      "type": "Feature",
      "properties": {
        "name": "Место хранения СММ № 276",
        "address": "Софьи Ковалевской 6",
        "district": "Дмитровский",
        "section": "1.0",
        "smm_units": 1,
        "source_rows": 1,
        "purpose": "Место хранения СММ в зимний период",
        "coordinate_status": "Координата из реестра мест хранения СММ",
        "verification": "Требуется служебная сверка перед утверждением",
        "source": "Места хранения СММ Зима.xlsx"
      },
      "geometry": {
        "type": "Point",
        "coordinates": [
          37.533434,
          55.881245
        ]
      }
    },
    {
      "type": "Feature",
      "properties": {
        "name": "Место хранения СММ № 277",
        "address": "Софьи Ковалевской 8",
        "district": "Дмитровский",
        "section": "1.0",
        "smm_units": 1,
        "source_rows": 1,
        "purpose": "Место хранения СММ в зимний период",
        "coordinate_status": "Координата из реестра мест хранения СММ",
        "verification": "Требуется служебная сверка перед утверждением",
        "source": "Места хранения СММ Зима.xlsx"
      },
      "geometry": {
        "type": "Point",
        "coordinates": [
          37.533282,
          55.881957
        ]
      }
    },
    {
      "type": "Feature",
      "properties": {
        "name": "Место хранения СММ № 278",
        "address": "Учинская 1",
        "district": "Дмитровский",
        "section": "1.0",
        "smm_units": 1,
        "source_rows": 1,
        "purpose": "Место хранения СММ в зимний период",
        "coordinate_status": "Координата из реестра мест хранения СММ",
        "verification": "Требуется служебная сверка перед утверждением",
        "source": "Места хранения СММ Зима.xlsx"
      },
      "geometry": {
        "type": "Point",
        "coordinates": [
          37.536157,
          55.88202
        ]
      }
    },
    {
      "type": "Feature",
      "properties": {
        "name": "Место хранения СММ № 279",
        "address": "Учинская 1А",
        "district": "Дмитровский",
        "section": "1.0",
        "smm_units": 1,
        "source_rows": 1,
        "purpose": "Место хранения СММ в зимний период",
        "coordinate_status": "Координата из реестра мест хранения СММ",
        "verification": "Требуется служебная сверка перед утверждением",
        "source": "Места хранения СММ Зима.xlsx"
      },
      "geometry": {
        "type": "Point",
        "coordinates": [
          37.534808,
          55.88124
        ]
      }
    },
    {
      "type": "Feature",
      "properties": {
        "name": "Место хранения СММ № 280",
        "address": "Учинская 3к1",
        "district": "Дмитровский",
        "section": "1.0",
        "smm_units": 1,
        "source_rows": 1,
        "purpose": "Место хранения СММ в зимний период",
        "coordinate_status": "Координата из реестра мест хранения СММ",
        "verification": "Требуется служебная сверка перед утверждением",
        "source": "Места хранения СММ Зима.xlsx"
      },
      "geometry": {
        "type": "Point",
        "coordinates": [
          37.536101,
          55.883127
        ]
      }
    },
    {
      "type": "Feature",
      "properties": {
        "name": "Место хранения СММ № 281",
        "address": "Учинская 7",
        "district": "Дмитровский",
        "section": "1.0",
        "smm_units": 1,
        "source_rows": 1,
        "purpose": "Место хранения СММ в зимний период",
        "coordinate_status": "Координата из реестра мест хранения СММ",
        "verification": "Требуется служебная сверка перед утверждением",
        "source": "Места хранения СММ Зима.xlsx"
      },
      "geometry": {
        "type": "Point",
        "coordinates": [
          37.536015,
          55.88423
        ]
      }
    },
    {
      "type": "Feature",
      "properties": {
        "name": "Место хранения СММ № 282",
        "address": "Яхромская 1к2",
        "district": "Дмитровский",
        "section": "1.0",
        "smm_units": 2,
        "source_rows": 2,
        "purpose": "Место хранения СММ в зимний период",
        "coordinate_status": "Координата из реестра мест хранения СММ",
        "verification": "Требуется служебная сверка перед утверждением",
        "source": "Места хранения СММ Зима.xlsx"
      },
      "geometry": {
        "type": "Point",
        "coordinates": [
          37.538395,
          55.882471
        ]
      }
    },
    {
      "type": "Feature",
      "properties": {
        "name": "Место хранения СММ № 283",
        "address": "Яхромская 3к2",
        "district": "Дмитровский",
        "section": "1.0",
        "smm_units": 1,
        "source_rows": 1,
        "purpose": "Место хранения СММ в зимний период",
        "coordinate_status": "Координата из реестра мест хранения СММ",
        "verification": "Требуется служебная сверка перед утверждением",
        "source": "Места хранения СММ Зима.xlsx"
      },
      "geometry": {
        "type": "Point",
        "coordinates": [
          37.538257,
          55.883655
        ]
      }
    },
    {
      "type": "Feature",
      "properties": {
        "name": "Место хранения СММ № 284",
        "address": "Яхромская 4",
        "district": "Дмитровский",
        "section": "1.0",
        "smm_units": 2,
        "source_rows": 2,
        "purpose": "Место хранения СММ в зимний период",
        "coordinate_status": "Координата из реестра мест хранения СММ",
        "verification": "Требуется служебная сверка перед утверждением",
        "source": "Места хранения СММ Зима.xlsx"
      },
      "geometry": {
        "type": "Point",
        "coordinates": [
          37.53958,
          55.883244
        ]
      }
    },
    {
      "type": "Feature",
      "properties": {
        "name": "Место хранения СММ № 285",
        "address": "Яхромская 4к2",
        "district": "Дмитровский",
        "section": "1.0",
        "smm_units": 1,
        "source_rows": 1,
        "purpose": "Место хранения СММ в зимний период",
        "coordinate_status": "Координата из реестра мест хранения СММ",
        "verification": "Требуется служебная сверка перед утверждением",
        "source": "Места хранения СММ Зима.xlsx"
      },
      "geometry": {
        "type": "Point",
        "coordinates": [
          37.54003,
          55.883437
        ]
      }
    },
    {
      "type": "Feature",
      "properties": {
        "name": "Место хранения СММ № 286",
        "address": "Яхромская 6",
        "district": "Дмитровский",
        "section": "1.0",
        "smm_units": 1,
        "source_rows": 1,
        "purpose": "Место хранения СММ в зимний период",
        "coordinate_status": "Координата из реестра мест хранения СММ",
        "verification": "Требуется служебная сверка перед утверждением",
        "source": "Места хранения СММ Зима.xlsx"
      },
      "geometry": {
        "type": "Point",
        "coordinates": [
          37.539934,
          55.88424
        ]
      }
    },
    {
      "type": "Feature",
      "properties": {
        "name": "Место хранения СММ № 287",
        "address": "Яхромская 8",
        "district": "Дмитровский",
        "section": "1.0",
        "smm_units": 1,
        "source_rows": 1,
        "purpose": "Место хранения СММ в зимний период",
        "coordinate_status": "Координата из реестра мест хранения СММ",
        "verification": "Требуется служебная сверка перед утверждением",
        "source": "Места хранения СММ Зима.xlsx"
      },
      "geometry": {
        "type": "Point",
        "coordinates": [
          37.540467,
          55.884965
        ]
      }
    },
    {
      "type": "Feature",
      "properties": {
        "name": "Место хранения СММ № 288",
        "address": "Яхромская 9к1",
        "district": "Дмитровский",
        "section": "1.0",
        "smm_units": 1,
        "source_rows": 1,
        "purpose": "Место хранения СММ в зимний период",
        "coordinate_status": "Координата из реестра мест хранения СММ",
        "verification": "Требуется служебная сверка перед утверждением",
        "source": "Места хранения СММ Зима.xlsx"
      },
      "geometry": {
        "type": "Point",
        "coordinates": [
          37.538202,
          55.884504
        ]
      }
    },
    {
      "type": "Feature",
      "properties": {
        "name": "Место хранения СММ № 289",
        "address": "Ангарская 22.к.5",
        "district": "Западное Дегунино",
        "section": "2.0",
        "smm_units": 1,
        "source_rows": 1,
        "purpose": "Место хранения СММ в зимний период",
        "coordinate_status": "Координата из реестра мест хранения СММ",
        "verification": "Требуется служебная сверка перед утверждением",
        "source": "Места хранения СММ Зима.xlsx"
      },
      "geometry": {
        "type": "Point",
        "coordinates": [
          37.519827,
          55.875875
        ]
      }
    },
    {
      "type": "Feature",
      "properties": {
        "name": "Место хранения СММ № 290",
        "address": "Ангарская 22к5",
        "district": "Западное Дегунино",
        "section": "2.0",
        "smm_units": 1,
        "source_rows": 1,
        "purpose": "Место хранения СММ в зимний период",
        "coordinate_status": "Координата из реестра мест хранения СММ",
        "verification": "Требуется служебная сверка перед утверждением",
        "source": "Места хранения СММ Зима.xlsx"
      },
      "geometry": {
        "type": "Point",
        "coordinates": [
          37.519827,
          55.875875
        ]
      }
    },
    {
      "type": "Feature",
      "properties": {
        "name": "Место хранения СММ № 291",
        "address": "Ангарская ул.д22к.5",
        "district": "Западное Дегунино",
        "section": "2.0",
        "smm_units": 32,
        "source_rows": 25,
        "purpose": "Место хранения СММ в зимний период",
        "coordinate_status": "Координата из реестра мест хранения СММ",
        "verification": "Требуется служебная сверка перед утверждением",
        "source": "Места хранения СММ Зима.xlsx"
      },
      "geometry": {
        "type": "Point",
        "coordinates": [
          37.519827,
          55.875875
        ]
      }
    },
    {
      "type": "Feature",
      "properties": {
        "name": "Место хранения СММ № 292",
        "address": "Базовская 15 к 2.",
        "district": "Западное Дегунино",
        "section": "4.0",
        "smm_units": 12,
        "source_rows": 12,
        "purpose": "Место хранения СММ в зимний период",
        "coordinate_status": "Координата из реестра мест хранения СММ",
        "verification": "Требуется служебная сверка перед утверждением",
        "source": "Места хранения СММ Зима.xlsx"
      },
      "geometry": {
        "type": "Point",
        "coordinates": [
          37.505885,
          55.877854
        ]
      }
    },
    {
      "type": "Feature",
      "properties": {
        "name": "Место хранения СММ № 293",
        "address": "ДТ\\Бусиновская Горка ул. 1 к.1, 1 к.2",
        "district": "Западное Дегунино",
        "section": "4.0",
        "smm_units": 18,
        "source_rows": 18,
        "purpose": "Место хранения СММ в зимний период",
        "coordinate_status": "Координата из реестра мест хранения СММ",
        "verification": "Требуется служебная сверка перед утверждением",
        "source": "Места хранения СММ Зима.xlsx"
      },
      "geometry": {
        "type": "Point",
        "coordinates": [
          37.495471,
          55.880785
        ]
      }
    },
    {
      "type": "Feature",
      "properties": {
        "name": "Место хранения СММ № 294",
        "address": "Дегунинская улица, 22",
        "district": "Западное Дегунино",
        "section": "6.0",
        "smm_units": 23,
        "source_rows": 23,
        "purpose": "Место хранения СММ в зимний период",
        "coordinate_status": "Координата из реестра мест хранения СММ",
        "verification": "Требуется служебная сверка перед утверждением",
        "source": "Места хранения СММ Зима.xlsx"
      },
      "geometry": {
        "type": "Point",
        "coordinates": [
          37.531855,
          55.867445
        ]
      }
    },
    {
      "type": "Feature",
      "properties": {
        "name": "Место хранения СММ № 295",
        "address": "Коровинское шоссе, д.11, к.2, с.1",
        "district": "Западное Дегунино",
        "section": "1.0",
        "smm_units": 30,
        "source_rows": 30,
        "purpose": "Место хранения СММ в зимний период",
        "coordinate_status": "Координата из реестра мест хранения СММ",
        "verification": "Требуется служебная сверка перед утверждением",
        "source": "Места хранения СММ Зима.xlsx"
      },
      "geometry": {
        "type": "Point",
        "coordinates": [
          37.535206,
          55.868313
        ]
      }
    },
    {
      "type": "Feature",
      "properties": {
        "name": "Место хранения СММ № 296",
        "address": "Новая ул. д.7",
        "district": "Западное Дегунино",
        "section": "3.0",
        "smm_units": 43,
        "source_rows": 42,
        "purpose": "Место хранения СММ в зимний период",
        "coordinate_status": "Координата из реестра мест хранения СММ",
        "verification": "Требуется служебная сверка перед утверждением",
        "source": "Места хранения СММ Зима.xlsx"
      },
      "geometry": {
        "type": "Point",
        "coordinates": [
          37.511499,
          55.875501
        ]
      }
    },
    {
      "type": "Feature",
      "properties": {
        "name": "Место хранения СММ № 297",
        "address": "Ул. Дмитровское ш.73Б",
        "district": "Западное Дегунино",
        "section": "7.0",
        "smm_units": 2,
        "source_rows": 1,
        "purpose": "Место хранения СММ в зимний период",
        "coordinate_status": "Координата из реестра мест хранения СММ",
        "verification": "Требуется служебная сверка перед утверждением",
        "source": "Места хранения СММ Зима.xlsx"
      },
      "geometry": {
        "type": "Point",
        "coordinates": [
          37.555723,
          55.856124
        ]
      }
    },
    {
      "type": "Feature",
      "properties": {
        "name": "Место хранения СММ № 298",
        "address": "3-й Михалковский пер., д. 15, к. 3",
        "district": "Коптево",
        "section": "3.0",
        "smm_units": 1,
        "source_rows": 1,
        "purpose": "Место хранения СММ в зимний период",
        "coordinate_status": "Координата из реестра мест хранения СММ",
        "verification": "Требуется служебная сверка перед утверждением",
        "source": "Места хранения СММ Зима.xlsx"
      },
      "geometry": {
        "type": "Point",
        "coordinates": [
          37.52727,
          55.834404
        ]
      }
    },
    {
      "type": "Feature",
      "properties": {
        "name": "Место хранения СММ № 299",
        "address": "3-й Михалковский пер., д. 17",
        "district": "Коптево",
        "section": "3.0",
        "smm_units": 49,
        "source_rows": 49,
        "purpose": "Место хранения СММ в зимний период",
        "coordinate_status": "Координата из реестра мест хранения СММ",
        "verification": "Требуется служебная сверка перед утверждением",
        "source": "Места хранения СММ Зима.xlsx"
      },
      "geometry": {
        "type": "Point",
        "coordinates": [
          37.525037,
          55.835791
        ]
      }
    },
    {
      "type": "Feature",
      "properties": {
        "name": "Место хранения СММ № 300",
        "address": "4-й Новомихалковский пр-д, д. 6",
        "district": "Коптево",
        "section": "5.0",
        "smm_units": 1,
        "source_rows": 1,
        "purpose": "Место хранения СММ в зимний период",
        "coordinate_status": "Координата из реестра мест хранения СММ",
        "verification": "Требуется служебная сверка перед утверждением",
        "source": "Места хранения СММ Зима.xlsx"
      },
      "geometry": {
        "type": "Point",
        "coordinates": [
          37.545096,
          55.841392
        ]
      }
    },
    {
      "type": "Feature",
      "properties": {
        "name": "Место хранения СММ № 301",
        "address": "4-й Новомихалковский пр-д, д. 8А",
        "district": "Коптево",
        "section": "5.0",
        "smm_units": 1,
        "source_rows": 1,
        "purpose": "Место хранения СММ в зимний период",
        "coordinate_status": "Координата из реестра мест хранения СММ",
        "verification": "Требуется служебная сверка перед утверждением",
        "source": "Места хранения СММ Зима.xlsx"
      },
      "geometry": {
        "type": "Point",
        "coordinates": [
          37.545165,
          55.842326
        ]
      }
    },
    {
      "type": "Feature",
      "properties": {
        "name": "Место хранения СММ № 302",
        "address": "Большая Академическая ул., д. 18",
        "district": "Коптево",
        "section": "1.0",
        "smm_units": 1,
        "source_rows": 1,
        "purpose": "Место хранения СММ в зимний период",
        "coordinate_status": "Координата из реестра мест хранения СММ",
        "verification": "Требуется служебная сверка перед утверждением",
        "source": "Места хранения СММ Зима.xlsx"
      },
      "geometry": {
        "type": "Point",
        "coordinates": [
          37.527408,
          55.821699
        ]
      }
    },
    {
      "type": "Feature",
      "properties": {
        "name": "Место хранения СММ № 303",
        "address": "Большая Академическая ул., д. 18, к. 2",
        "district": "Коптево",
        "section": "1.0",
        "smm_units": 1,
        "source_rows": 1,
        "purpose": "Место хранения СММ в зимний период",
        "coordinate_status": "Координата из реестра мест хранения СММ",
        "verification": "Требуется служебная сверка перед утверждением",
        "source": "Места хранения СММ Зима.xlsx"
      },
      "geometry": {
        "type": "Point",
        "coordinates": [
          37.529132,
          55.821701
        ]
      }
    },
    {
      "type": "Feature",
      "properties": {
        "name": "Место хранения СММ № 304",
        "address": "Большая Академическая ул., д. 22",
        "district": "Коптево",
        "section": "1.0",
        "smm_units": 1,
        "source_rows": 1,
        "purpose": "Место хранения СММ в зимний период",
        "coordinate_status": "Координата из реестра мест хранения СММ",
        "verification": "Требуется служебная сверка перед утверждением",
        "source": "Места хранения СММ Зима.xlsx"
      },
      "geometry": {
        "type": "Point",
        "coordinates": [
          37.528716,
          55.823506
        ]
      }
    },
    {
      "type": "Feature",
      "properties": {
        "name": "Место хранения СММ № 305",
        "address": "Большая Академическая ул., д. 24 к. 3",
        "district": "Коптево",
        "section": "1.0",
        "smm_units": 1,
        "source_rows": 1,
        "purpose": "Место хранения СММ в зимний период",
        "coordinate_status": "Координата из реестра мест хранения СММ",
        "verification": "Требуется служебная сверка перед утверждением",
        "source": "Места хранения СММ Зима.xlsx"
      },
      "geometry": {
        "type": "Point",
        "coordinates": [
          37.530368,
          55.824925
        ]
      }
    },
    {
      "type": "Feature",
      "properties": {
        "name": "Место хранения СММ № 306",
        "address": "Большая Академическая ул., д. 53А",
        "district": "Коптево",
        "section": "4.0",
        "smm_units": 39,
        "source_rows": 39,
        "purpose": "Место хранения СММ в зимний период",
        "coordinate_status": "Координата из реестра мест хранения СММ",
        "verification": "Требуется служебная сверка перед утверждением",
        "source": "Места хранения СММ Зима.xlsx"
      },
      "geometry": {
        "type": "Point",
        "coordinates": [
          37.541018,
          55.83841
        ]
      }
    },
    {
      "type": "Feature",
      "properties": {
        "name": "Место хранения СММ № 307",
        "address": "Большая Академическая ул., д. 6, к. 1",
        "district": "Коптево",
        "section": "1.0",
        "smm_units": 11,
        "source_rows": 11,
        "purpose": "Место хранения СММ в зимний период",
        "coordinate_status": "Координата из реестра мест хранения СММ",
        "verification": "Требуется служебная сверка перед утверждением",
        "source": "Места хранения СММ Зима.xlsx"
      },
      "geometry": {
        "type": "Point",
        "coordinates": [
          37.523838,
          55.81841
        ]
      }
    },
    {
      "type": "Feature",
      "properties": {
        "name": "Место хранения СММ № 308",
        "address": "Большая Академическая ул., д. 65",
        "district": "Коптево",
        "section": "5.0",
        "smm_units": 1,
        "source_rows": 1,
        "purpose": "Место хранения СММ в зимний период",
        "coordinate_status": "Координата из реестра мест хранения СММ",
        "verification": "Требуется служебная сверка перед утверждением",
        "source": "Места хранения СММ Зима.xlsx"
      },
      "geometry": {
        "type": "Point",
        "coordinates": [
          37.547005,
          55.840349
        ]
      }
    },
    {
      "type": "Feature",
      "properties": {
        "name": "Место хранения СММ № 309",
        "address": "Большая Академическая ул., д. 71",
        "district": "Коптево",
        "section": "5.0",
        "smm_units": 1,
        "source_rows": 1,
        "purpose": "Место хранения СММ в зимний период",
        "coordinate_status": "Координата из реестра мест хранения СММ",
        "verification": "Требуется служебная сверка перед утверждением",
        "source": "Места хранения СММ Зима.xlsx"
      },
      "geometry": {
        "type": "Point",
        "coordinates": [
          37.548786,
          55.841511
        ]
      }
    },
    {
      "type": "Feature",
      "properties": {
        "name": "Место хранения СММ № 310",
        "address": "Большая Академическая ул., д. 73, к. 1",
        "district": "Коптево",
        "section": "5.0",
        "smm_units": 1,
        "source_rows": 1,
        "purpose": "Место хранения СММ в зимний период",
        "coordinate_status": "Координата из реестра мест хранения СММ",
        "verification": "Требуется служебная сверка перед утверждением",
        "source": "Места хранения СММ Зима.xlsx"
      },
      "geometry": {
        "type": "Point",
        "coordinates": [
          37.552681,
          55.842834
        ]
      }
    },
    {
      "type": "Feature",
      "properties": {
        "name": "Место хранения СММ № 311",
        "address": "Большая Академическая ул., д. 73, к. 4",
        "district": "Коптево",
        "section": "5.0",
        "smm_units": 1,
        "source_rows": 1,
        "purpose": "Место хранения СММ в зимний период",
        "coordinate_status": "Координата из реестра мест хранения СММ",
        "verification": "Требуется служебная сверка перед утверждением",
        "source": "Места хранения СММ Зима.xlsx"
      },
      "geometry": {
        "type": "Point",
        "coordinates": [
          37.551217,
          55.843723
        ]
      }
    },
    {
      "type": "Feature",
      "properties": {
        "name": "Место хранения СММ № 312",
        "address": "Большая Академическая ул., д. 75, к. 2",
        "district": "Коптево",
        "section": "5.0",
        "smm_units": 1,
        "source_rows": 1,
        "purpose": "Место хранения СММ в зимний период",
        "coordinate_status": "Координата из реестра мест хранения СММ",
        "verification": "Требуется служебная сверка перед утверждением",
        "source": "Места хранения СММ Зима.xlsx"
      },
      "geometry": {
        "type": "Point",
        "coordinates": [
          37.553123,
          55.843529
        ]
      }
    },
    {
      "type": "Feature",
      "properties": {
        "name": "Место хранения СММ № 313",
        "address": "Большая Академическая ул., д. 77, к. 1",
        "district": "Коптево",
        "section": "5.0",
        "smm_units": 1,
        "source_rows": 1,
        "purpose": "Место хранения СММ в зимний период",
        "coordinate_status": "Координата из реестра мест хранения СММ",
        "verification": "Требуется служебная сверка перед утверждением",
        "source": "Места хранения СММ Зима.xlsx"
      },
      "geometry": {
        "type": "Point",
        "coordinates": [
          37.556247,
          55.844076
        ]
      }
    },
    {
      "type": "Feature",
      "properties": {
        "name": "Место хранения СММ № 314",
        "address": "Большая Академическая ул., д. 83",
        "district": "Коптево",
        "section": "5.0",
        "smm_units": 10,
        "source_rows": 10,
        "purpose": "Место хранения СММ в зимний период",
        "coordinate_status": "Координата из реестра мест хранения СММ",
        "verification": "Требуется служебная сверка перед утверждением",
        "source": "Места хранения СММ Зима.xlsx"
      },
      "geometry": {
        "type": "Point",
        "coordinates": [
          37.557571,
          55.845382
        ]
      }
    },
    {
      "type": "Feature",
      "properties": {
        "name": "Место хранения СММ № 315",
        "address": "Зои и Александра Космодемьянских ул., д. 36А",
        "district": "Коптево",
        "section": "1.0",
        "smm_units": 7,
        "source_rows": 7,
        "purpose": "Место хранения СММ в зимний период",
        "coordinate_status": "Координата из реестра мест хранения СММ",
        "verification": "Требуется служебная сверка перед утверждением",
        "source": "Места хранения СММ Зима.xlsx"
      },
      "geometry": {
        "type": "Point",
        "coordinates": [
          37.525101,
          55.824046
        ]
      }
    },
    {
      "type": "Feature",
      "properties": {
        "name": "Место хранения СММ № 316",
        "address": "Коптевская ул., д. 20, к. 2",
        "district": "Коптево",
        "section": "2.0",
        "smm_units": 35,
        "source_rows": 35,
        "purpose": "Место хранения СММ в зимний период",
        "coordinate_status": "Координата из реестра мест хранения СММ",
        "verification": "Требуется служебная сверка перед утверждением",
        "source": "Места хранения СММ Зима.xlsx"
      },
      "geometry": {
        "type": "Point",
        "coordinates": [
          37.52112,
          55.830751
        ]
      }
    },
    {
      "type": "Feature",
      "properties": {
        "name": "Место хранения СММ № 317",
        "address": "Космонавта Волкова ул., д. 27",
        "district": "Коптево",
        "section": "1.0",
        "smm_units": 1,
        "source_rows": 1,
        "purpose": "Место хранения СММ в зимний период",
        "coordinate_status": "Координата из реестра мест хранения СММ",
        "verification": "Требуется служебная сверка перед утверждением",
        "source": "Места хранения СММ Зима.xlsx"
      },
      "geometry": {
        "type": "Point",
        "coordinates": [
          37.524049,
          55.816434
        ]
      }
    },
    {
      "type": "Feature",
      "properties": {
        "name": "Место хранения СММ № 318",
        "address": "Лихоборские бугры, д. 3",
        "district": "Коптево",
        "section": "5.0",
        "smm_units": 1,
        "source_rows": 1,
        "purpose": "Место хранения СММ в зимний период",
        "coordinate_status": "Координата из реестра мест хранения СММ",
        "verification": "Требуется служебная сверка перед утверждением",
        "source": "Места хранения СММ Зима.xlsx"
      },
      "geometry": {
        "type": "Point",
        "coordinates": [
          37.546824,
          55.841534
        ]
      }
    },
    {
      "type": "Feature",
      "properties": {
        "name": "Место хранения СММ № 319",
        "address": "Лихоборские бугры, д. 9",
        "district": "Коптево",
        "section": "5.0",
        "smm_units": 8,
        "source_rows": 8,
        "purpose": "Место хранения СММ в зимний период",
        "coordinate_status": "Координата из реестра мест хранения СММ",
        "verification": "Требуется служебная сверка перед утверждением",
        "source": "Места хранения СММ Зима.xlsx"
      },
      "geometry": {
        "type": "Point",
        "coordinates": [
          37.546483,
          55.843269
        ]
      }
    },
    {
      "type": "Feature",
      "properties": {
        "name": "Место хранения СММ № 320",
        "address": "Михалковская ул., д. 12",
        "district": "Коптево",
        "section": "4.0",
        "smm_units": 1,
        "source_rows": 1,
        "purpose": "Место хранения СММ в зимний период",
        "coordinate_status": "Координата из реестра мест хранения СММ",
        "verification": "Требуется служебная сверка перед утверждением",
        "source": "Места хранения СММ Зима.xlsx"
      },
      "geometry": {
        "type": "Point",
        "coordinates": [
          37.534795,
          55.837854
        ]
      }
    },
    {
      "type": "Feature",
      "properties": {
        "name": "Место хранения СММ № 321",
        "address": "Приорова ул., д. 14",
        "district": "Коптево",
        "section": "1.0",
        "smm_units": 1,
        "source_rows": 1,
        "purpose": "Место хранения СММ в зимний период",
        "coordinate_status": "Координата из реестра мест хранения СММ",
        "verification": "Требуется служебная сверка перед утверждением",
        "source": "Места хранения СММ Зима.xlsx"
      },
      "geometry": {
        "type": "Point",
        "coordinates": [
          37.527786,
          55.819889
        ]
      }
    },
    {
      "type": "Feature",
      "properties": {
        "name": "Место хранения СММ № 322",
        "address": "Соболевский пр-д, д. 20Б",
        "district": "Коптево",
        "section": "3.0",
        "smm_units": 2,
        "source_rows": 2,
        "purpose": "Место хранения СММ в зимний период",
        "coordinate_status": "Координата из реестра мест хранения СММ",
        "verification": "Требуется служебная сверка перед утверждением",
        "source": "Места хранения СММ Зима.xlsx"
      },
      "geometry": {
        "type": "Point",
        "coordinates": [
          37.524147,
          55.834838
        ]
      }
    },
    {
      "type": "Feature",
      "properties": {
        "name": "Место хранения СММ № 323",
        "address": "спортивный городок Бригантина",
        "district": "Коптево",
        "section": "2.0",
        "smm_units": 2,
        "source_rows": 2,
        "purpose": "Место хранения СММ в зимний период",
        "coordinate_status": "Координата из реестра мест хранения СММ",
        "verification": "Требуется служебная сверка перед утверждением",
        "source": "Места хранения СММ Зима.xlsx"
      },
      "geometry": {
        "type": "Point",
        "coordinates": [
          37.521852,
          55.832455
        ]
      }
    },
    {
      "type": "Feature",
      "properties": {
        "name": "Место хранения СММ № 324",
        "address": "Валдайский пр-д, д. 9А",
        "district": "Левобережный",
        "section": "3.0",
        "smm_units": 33,
        "source_rows": 25,
        "purpose": "Место хранения СММ в зимний период",
        "coordinate_status": "Координата из реестра мест хранения СММ",
        "verification": "Требуется служебная сверка перед утверждением",
        "source": "Места хранения СММ Зима.xlsx"
      },
      "geometry": {
        "type": "Point",
        "coordinates": [
          37.465173,
          55.868844
        ]
      }
    },
    {
      "type": "Feature",
      "properties": {
        "name": "Место хранения СММ № 325",
        "address": "Ленинградское шоссе, д. 130, корп. 2",
        "district": "Левобережный",
        "section": "5.0",
        "smm_units": 49,
        "source_rows": 35,
        "purpose": "Место хранения СММ в зимний период",
        "coordinate_status": "Координата из реестра мест хранения СММ",
        "verification": "Требуется служебная сверка перед утверждением",
        "source": "Места хранения СММ Зима.xlsx"
      },
      "geometry": {
        "type": "Point",
        "coordinates": [
          37.461472,
          55.86992
        ]
      }
    },
    {
      "type": "Feature",
      "properties": {
        "name": "Место хранения СММ № 326",
        "address": "Ул. Беломорская, д. 20 к. 3",
        "district": "Левобережный",
        "section": "2.0",
        "smm_units": 23,
        "source_rows": 15,
        "purpose": "Место хранения СММ в зимний период",
        "coordinate_status": "Координата из реестра мест хранения СММ",
        "verification": "Требуется служебная сверка перед утверждением",
        "source": "Места хранения СММ Зима.xlsx"
      },
      "geometry": {
        "type": "Point",
        "coordinates": [
          37.47713,
          55.860969
        ]
      }
    },
    {
      "type": "Feature",
      "properties": {
        "name": "Место хранения СММ № 327",
        "address": "Ул. Смольная, д. 39",
        "district": "Левобережный",
        "section": "2.0",
        "smm_units": 18,
        "source_rows": 18,
        "purpose": "Место хранения СММ в зимний период",
        "coordinate_status": "Координата из реестра мест хранения СММ",
        "verification": "Требуется служебная сверка перед утверждением",
        "source": "Места хранения СММ Зима.xlsx"
      },
      "geometry": {
        "type": "Point",
        "coordinates": [
          37.480175,
          55.861671
        ]
      }
    },
    {
      "type": "Feature",
      "properties": {
        "name": "Место хранения СММ № 328",
        "address": "Ул. Фестивальная, д. 15 к. 2",
        "district": "Левобережный",
        "section": "1.0",
        "smm_units": 43,
        "source_rows": 43,
        "purpose": "Место хранения СММ в зимний период",
        "coordinate_status": "Координата из реестра мест хранения СММ",
        "verification": "Требуется служебная сверка перед утверждением",
        "source": "Места хранения СММ Зима.xlsx"
      },
      "geometry": {
        "type": "Point",
        "coordinates": [
          37.474875,
          55.858544
        ]
      }
    },
    {
      "type": "Feature",
      "properties": {
        "name": "Место хранения СММ № 329",
        "address": "Синявинская ул., вл. 11",
        "district": "Молжаниновский",
        "section": "2.0",
        "smm_units": 15,
        "source_rows": 8,
        "purpose": "Место хранения СММ в зимний период",
        "coordinate_status": "Координата из реестра мест хранения СММ",
        "verification": "Требуется служебная сверка перед утверждением",
        "source": "Места хранения СММ Зима.xlsx"
      },
      "geometry": {
        "type": "Point",
        "coordinates": [
          37.347952,
          55.948195
        ]
      }
    },
    {
      "type": "Feature",
      "properties": {
        "name": "Место хранения СММ № 330",
        "address": "2-я Хуторская ул. 20",
        "district": "Савеловский",
        "section": "4.0",
        "smm_units": 14,
        "source_rows": 14,
        "purpose": "Место хранения СММ в зимний период",
        "coordinate_status": "Координата из реестра мест хранения СММ",
        "verification": "Требуется служебная сверка перед утверждением",
        "source": "Места хранения СММ Зима.xlsx"
      },
      "geometry": {
        "type": "Point",
        "coordinates": [
          37.574458,
          55.806464
        ]
      }
    },
    {
      "type": "Feature",
      "properties": {
        "name": "Место хранения СММ № 331",
        "address": "Башиловская ул. 15",
        "district": "Савеловский",
        "section": "3.0",
        "smm_units": 4,
        "source_rows": 4,
        "purpose": "Место хранения СММ в зимний период",
        "coordinate_status": "Координата из реестра мест хранения СММ",
        "verification": "Требуется служебная сверка перед утверждением",
        "source": "Места хранения СММ Зима.xlsx"
      },
      "geometry": {
        "type": "Point",
        "coordinates": [
          37.575028,
          55.798247
        ]
      }
    },
    {
      "type": "Feature",
      "properties": {
        "name": "Место хранения СММ № 332",
        "address": "Башиловская ул. 23 к.3",
        "district": "Савеловский",
        "section": "3.0",
        "smm_units": 4,
        "source_rows": 4,
        "purpose": "Место хранения СММ в зимний период",
        "coordinate_status": "Координата из реестра мест хранения СММ",
        "verification": "Требуется служебная сверка перед утверждением",
        "source": "Места хранения СММ Зима.xlsx"
      },
      "geometry": {
        "type": "Point",
        "coordinates": [
          37.572169,
          55.801996
        ]
      }
    },
    {
      "type": "Feature",
      "properties": {
        "name": "Место хранения СММ № 333",
        "address": "Башиловская ул. 7",
        "district": "Савеловский",
        "section": "1.0",
        "smm_units": 6,
        "source_rows": 6,
        "purpose": "Место хранения СММ в зимний период",
        "coordinate_status": "Координата из реестра мест хранения СММ",
        "verification": "Требуется служебная сверка перед утверждением",
        "source": "Места хранения СММ Зима.xlsx"
      },
      "geometry": {
        "type": "Point",
        "coordinates": [
          37.574817,
          55.795171
        ]
      }
    },
    {
      "type": "Feature",
      "properties": {
        "name": "Место хранения СММ № 334",
        "address": "Бутырская ул. 11",
        "district": "Савеловский",
        "section": "1.0",
        "smm_units": 3,
        "source_rows": 3,
        "purpose": "Место хранения СММ в зимний период",
        "coordinate_status": "Координата из реестра мест хранения СММ",
        "verification": "Требуется служебная сверка перед утверждением",
        "source": "Места хранения СММ Зима.xlsx"
      },
      "geometry": {
        "type": "Point",
        "coordinates": [
          37.583371,
          55.796067
        ]
      }
    },
    {
      "type": "Feature",
      "properties": {
        "name": "Место хранения СММ № 335",
        "address": "Бутырская ул. 91",
        "district": "Савеловский",
        "section": "4.0",
        "smm_units": 4,
        "source_rows": 4,
        "purpose": "Место хранения СММ в зимний период",
        "coordinate_status": "Координата из реестра мест хранения СММ",
        "verification": "Требуется служебная сверка перед утверждением",
        "source": "Места хранения СММ Зима.xlsx"
      },
      "geometry": {
        "type": "Point",
        "coordinates": [
          37.580863,
          55.806299
        ]
      }
    },
    {
      "type": "Feature",
      "properties": {
        "name": "Место хранения СММ № 336",
        "address": "Вятский 4-й пер. 27",
        "district": "Савеловский",
        "section": "3.0",
        "smm_units": 1,
        "source_rows": 1,
        "purpose": "Место хранения СММ в зимний период",
        "coordinate_status": "Координата из реестра мест хранения СММ",
        "verification": "Требуется служебная сверка перед утверждением",
        "source": "Места хранения СММ Зима.xlsx"
      },
      "geometry": {
        "type": "Point",
        "coordinates": [
          37.573302,
          55.80034
        ]
      }
    },
    {
      "type": "Feature",
      "properties": {
        "name": "Место хранения СММ № 337",
        "address": "Вятский 4-й пер. 27",
        "district": "Савеловский",
        "section": "3.0",
        "smm_units": 1,
        "source_rows": 1,
        "purpose": "Место хранения СММ в зимний период",
        "coordinate_status": "Координата из реестра мест хранения СММ",
        "verification": "Требуется служебная сверка перед утверждением",
        "source": "Места хранения СММ Зима.xlsx"
      },
      "geometry": {
        "type": "Point",
        "coordinates": [
          37.573409,
          55.800358
        ]
      }
    },
    {
      "type": "Feature",
      "properties": {
        "name": "Место хранения СММ № 338",
        "address": "Вятский 4-й пер. 35",
        "district": "Савеловский",
        "section": "3.0",
        "smm_units": 2,
        "source_rows": 2,
        "purpose": "Место хранения СММ в зимний период",
        "coordinate_status": "Координата из реестра мест хранения СММ",
        "verification": "Требуется служебная сверка перед утверждением",
        "source": "Места хранения СММ Зима.xlsx"
      },
      "geometry": {
        "type": "Point",
        "coordinates": [
          37.570291,
          55.80017
        ]
      }
    },
    {
      "type": "Feature",
      "properties": {
        "name": "Место хранения СММ № 339",
        "address": "Квесисская 2-я ул. 20 к.1",
        "district": "Савеловский",
        "section": "1.0",
        "smm_units": 5,
        "source_rows": 5,
        "purpose": "Место хранения СММ в зимний период",
        "coordinate_status": "Координата из реестра мест хранения СММ",
        "verification": "Требуется служебная сверка перед утверждением",
        "source": "Места хранения СММ Зима.xlsx"
      },
      "geometry": {
        "type": "Point",
        "coordinates": [
          37.574817,
          55.795171
        ]
      }
    },
    {
      "type": "Feature",
      "properties": {
        "name": "Место хранения СММ № 340",
        "address": "Квесисская 2-я ул. 24 к.3",
        "district": "Савеловский",
        "section": "1.0",
        "smm_units": 2,
        "source_rows": 2,
        "purpose": "Место хранения СММ в зимний период",
        "coordinate_status": "Координата из реестра мест хранения СММ",
        "verification": "Требуется служебная сверка перед утверждением",
        "source": "Места хранения СММ Зима.xlsx"
      },
      "geometry": {
        "type": "Point",
        "coordinates": [
          37.571445,
          55.794879
        ]
      }
    },
    {
      "type": "Feature",
      "properties": {
        "name": "Место хранения СММ № 341",
        "address": "Петровско-Разумовский пр. 10",
        "district": "Савеловский",
        "section": "1.0",
        "smm_units": 5,
        "source_rows": 5,
        "purpose": "Место хранения СММ в зимний период",
        "coordinate_status": "Координата из реестра мест хранения СММ",
        "verification": "Требуется служебная сверка перед утверждением",
        "source": "Места хранения СММ Зима.xlsx"
      },
      "geometry": {
        "type": "Point",
        "coordinates": [
          37.569479,
          55.794837
        ]
      }
    },
    {
      "type": "Feature",
      "properties": {
        "name": "Место хранения СММ № 342",
        "address": "Петровско-Разумовский пр. 16",
        "district": "Савеловский",
        "section": "3.0",
        "smm_units": 1,
        "source_rows": 1,
        "purpose": "Место хранения СММ в зимний период",
        "coordinate_status": "Координата из реестра мест хранения СММ",
        "verification": "Требуется служебная сверка перед утверждением",
        "source": "Места хранения СММ Зима.xlsx"
      },
      "geometry": {
        "type": "Point",
        "coordinates": [
          37.569252,
          55.797639
        ]
      }
    },
    {
      "type": "Feature",
      "properties": {
        "name": "Место хранения СММ № 343",
        "address": "Петровско-Разумовский пр. 18",
        "district": "Савеловский",
        "section": "3.0",
        "smm_units": 2,
        "source_rows": 2,
        "purpose": "Место хранения СММ в зимний период",
        "coordinate_status": "Координата из реестра мест хранения СММ",
        "verification": "Требуется служебная сверка перед утверждением",
        "source": "Места хранения СММ Зима.xlsx"
      },
      "geometry": {
        "type": "Point",
        "coordinates": [
          37.568477,
          55.798819
        ]
      }
    },
    {
      "type": "Feature",
      "properties": {
        "name": "Место хранения СММ № 344",
        "address": "Петровско-Разумовский пр. 22 к.8",
        "district": "Савеловский",
        "section": "3.0",
        "smm_units": 2,
        "source_rows": 2,
        "purpose": "Место хранения СММ в зимний период",
        "coordinate_status": "Координата из реестра мест хранения СММ",
        "verification": "Требуется служебная сверка перед утверждением",
        "source": "Места хранения СММ Зима.xlsx"
      },
      "geometry": {
        "type": "Point",
        "coordinates": [
          37.566737,
          55.800853
        ]
      }
    },
    {
      "type": "Feature",
      "properties": {
        "name": "Место хранения СММ № 345",
        "address": "Писцовая ул. 16 к.3",
        "district": "Савеловский",
        "section": "3.0",
        "smm_units": 4,
        "source_rows": 4,
        "purpose": "Место хранения СММ в зимний период",
        "coordinate_status": "Координата из реестра мест хранения СММ",
        "verification": "Требуется служебная сверка перед утверждением",
        "source": "Места хранения СММ Зима.xlsx"
      },
      "geometry": {
        "type": "Point",
        "coordinates": [
          37.571288,
          55.798527
        ]
      }
    },
    {
      "type": "Feature",
      "properties": {
        "name": "Место хранения СММ № 346",
        "address": "Писцовая ул. 9-11",
        "district": "Савеловский",
        "section": "1.0",
        "smm_units": 4,
        "source_rows": 4,
        "purpose": "Место хранения СММ в зимний период",
        "coordinate_status": "Координата из реестра мест хранения СММ",
        "verification": "Требуется служебная сверка перед утверждением",
        "source": "Места хранения СММ Зима.xlsx"
      },
      "geometry": {
        "type": "Point",
        "coordinates": [
          37.571652,
          55.797433
        ]
      }
    },
    {
      "type": "Feature",
      "properties": {
        "name": "Место хранения СММ № 347",
        "address": "Полтавская ул. 4",
        "district": "Савеловский",
        "section": "1.0, 3.0",
        "smm_units": 16,
        "source_rows": 16,
        "purpose": "Место хранения СММ в зимний период",
        "coordinate_status": "Координата из реестра мест хранения СММ",
        "verification": "Требуется служебная сверка перед утверждением",
        "source": "Места хранения СММ Зима.xlsx"
      },
      "geometry": {
        "type": "Point",
        "coordinates": [
          37.57455,
          55.794287
        ]
      }
    },
    {
      "type": "Feature",
      "properties": {
        "name": "Место хранения СММ № 348",
        "address": "Хуторская 1-я ул. 2 к.1",
        "district": "Савеловский",
        "section": "1.0, 3.0, 4.0",
        "smm_units": 21,
        "source_rows": 21,
        "purpose": "Место хранения СММ в зимний период",
        "coordinate_status": "Координата из реестра мест хранения СММ",
        "verification": "Требуется служебная сверка перед утверждением",
        "source": "Места хранения СММ Зима.xlsx"
      },
      "geometry": {
        "type": "Point",
        "coordinates": [
          37.565254,
          55.801506
        ]
      }
    },
    {
      "type": "Feature",
      "properties": {
        "name": "Место хранения СММ № 349",
        "address": "Хуторская 1-я ул. 8 к.3",
        "district": "Савеловский",
        "section": "3.0",
        "smm_units": 1,
        "source_rows": 1,
        "purpose": "Место хранения СММ в зимний период",
        "coordinate_status": "Координата из реестра мест хранения СММ",
        "verification": "Требуется служебная сверка перед утверждением",
        "source": "Места хранения СММ Зима.xlsx"
      },
      "geometry": {
        "type": "Point",
        "coordinates": [
          37.572935,
          55.803709
        ]
      }
    },
    {
      "type": "Feature",
      "properties": {
        "name": "Место хранения СММ № 350",
        "address": "Юннатов ул. 22",
        "district": "Савеловский",
        "section": "2.0, 4.0",
        "smm_units": 45,
        "source_rows": 45,
        "purpose": "Место хранения СММ в зимний период",
        "coordinate_status": "Координата из реестра мест хранения СММ",
        "verification": "Требуется служебная сверка перед утверждением",
        "source": "Места хранения СММ Зима.xlsx"
      },
      "geometry": {
        "type": "Point",
        "coordinates": [
          37.556685,
          55.804191
        ]
      }
    },
    {
      "type": "Feature",
      "properties": {
        "name": "Место хранения СММ № 351",
        "address": "2-я Песчаная 6",
        "district": "Сокол",
        "section": "1.0",
        "smm_units": 12,
        "source_rows": 12,
        "purpose": "Место хранения СММ в зимний период",
        "coordinate_status": "Координата из реестра мест хранения СММ",
        "verification": "Требуется служебная сверка перед утверждением",
        "source": "Места хранения СММ Зима.xlsx"
      },
      "geometry": {
        "type": "Point",
        "coordinates": [
          37.51596,
          55.795164
        ]
      }
    },
    {
      "type": "Feature",
      "properties": {
        "name": "Место хранения СММ № 352",
        "address": "Алабяна 15",
        "district": "Сокол",
        "section": "2.0",
        "smm_units": 19,
        "source_rows": 26,
        "purpose": "Место хранения СММ в зимний период",
        "coordinate_status": "Координата из реестра мест хранения СММ",
        "verification": "Требуется служебная сверка перед утверждением",
        "source": "Места хранения СММ Зима.xlsx"
      },
      "geometry": {
        "type": "Point",
        "coordinates": [
          37.504924,
          55.796365
        ]
      }
    },
    {
      "type": "Feature",
      "properties": {
        "name": "Место хранения СММ № 353",
        "address": "Новопесчаная 2 А",
        "district": "Сокол",
        "section": "1.0",
        "smm_units": 7,
        "source_rows": 9,
        "purpose": "Место хранения СММ в зимний период",
        "coordinate_status": "Координата из реестра мест хранения СММ",
        "verification": "Требуется служебная сверка перед утверждением",
        "source": "Места хранения СММ Зима.xlsx"
      },
      "geometry": {
        "type": "Point",
        "coordinates": [
          37.516666,
          55.802109
        ]
      }
    },
    {
      "type": "Feature",
      "properties": {
        "name": "Место хранения СММ № 354",
        "address": "Панфилова 4",
        "district": "Сокол",
        "section": "3.0",
        "smm_units": 21,
        "source_rows": 35,
        "purpose": "Место хранения СММ в зимний период",
        "coordinate_status": "Координата из реестра мест хранения СММ",
        "verification": "Требуется служебная сверка перед утверждением",
        "source": "Места хранения СММ Зима.xlsx"
      },
      "geometry": {
        "type": "Point",
        "coordinates": [
          37.501273,
          55.798743
        ]
      }
    },
    {
      "type": "Feature",
      "properties": {
        "name": "Место хранения СММ № 355",
        "address": "Дубки д.9А",
        "district": "Тимирязевский",
        "section": "1.0, 2.0, 3.0, 4.0, 6.0",
        "smm_units": 274,
        "source_rows": 137,
        "purpose": "Место хранения СММ в зимний период",
        "coordinate_status": "Координата из реестра мест хранения СММ",
        "verification": "Требуется служебная сверка перед утверждением",
        "source": "Места хранения СММ Зима.xlsx"
      },
      "geometry": {
        "type": "Point",
        "coordinates": [
          37.562482,
          55.821244
        ]
      }
    },
    {
      "type": "Feature",
      "properties": {
        "name": "Место хранения СММ № 356",
        "address": "Дыбенко ул. 22 к.2",
        "district": "Ховрино",
        "section": "5.0",
        "smm_units": 12,
        "source_rows": 11,
        "purpose": "Место хранения СММ в зимний период",
        "coordinate_status": "Координата из реестра мест хранения СММ",
        "verification": "Требуется служебная сверка перед утверждением",
        "source": "Места хранения СММ Зима.xlsx"
      },
      "geometry": {
        "type": "Point",
        "coordinates": [
          37.489176,
          55.870733
        ]
      }
    },
    {
      "type": "Feature",
      "properties": {
        "name": "Место хранения СММ № 357",
        "address": "Дыбенко ул. 6 к.2",
        "district": "Ховрино",
        "section": "5.0",
        "smm_units": 15,
        "source_rows": 12,
        "purpose": "Место хранения СММ в зимний период",
        "coordinate_status": "Координата из реестра мест хранения СММ",
        "verification": "Требуется служебная сверка перед утверждением",
        "source": "Места хранения СММ Зима.xlsx"
      },
      "geometry": {
        "type": "Point",
        "coordinates": [
          37.489176,
          55.870733
        ]
      }
    },
    {
      "type": "Feature",
      "properties": {
        "name": "Место хранения СММ № 358",
        "address": "Зеленоградская ул. 23А",
        "district": "Ховрино",
        "section": "6.0",
        "smm_units": 12,
        "source_rows": 12,
        "purpose": "Место хранения СММ в зимний период",
        "coordinate_status": "Координата из реестра мест хранения СММ",
        "verification": "Требуется служебная сверка перед утверждением",
        "source": "Места хранения СММ Зима.xlsx"
      },
      "geometry": {
        "type": "Point",
        "coordinates": [
          37.486086,
          55.874758
        ]
      }
    },
    {
      "type": "Feature",
      "properties": {
        "name": "Место хранения СММ № 359",
        "address": "Зеленоградская ул. 27 к. 4",
        "district": "Ховрино",
        "section": "6.0",
        "smm_units": 11,
        "source_rows": 11,
        "purpose": "Место хранения СММ в зимний период",
        "coordinate_status": "Координата из реестра мест хранения СММ",
        "verification": "Требуется служебная сверка перед утверждением",
        "source": "Места хранения СММ Зима.xlsx"
      },
      "geometry": {
        "type": "Point",
        "coordinates": [
          37.486086,
          55.874758
        ]
      }
    },
    {
      "type": "Feature",
      "properties": {
        "name": "Место хранения СММ № 360",
        "address": "Зеленоградская ул. 45",
        "district": "Ховрино",
        "section": "6.0",
        "smm_units": 19,
        "source_rows": 20,
        "purpose": "Место хранения СММ в зимний период",
        "coordinate_status": "Координата из реестра мест хранения СММ",
        "verification": "Требуется служебная сверка перед утверждением",
        "source": "Места хранения СММ Зима.xlsx"
      },
      "geometry": {
        "type": "Point",
        "coordinates": [
          37.486086,
          55.874758
        ]
      }
    },
    {
      "type": "Feature",
      "properties": {
        "name": "Место хранения СММ № 361",
        "address": "Клинская ул. 4 к.1",
        "district": "Ховрино",
        "section": "5.0",
        "smm_units": 5,
        "source_rows": 5,
        "purpose": "Место хранения СММ в зимний период",
        "coordinate_status": "Координата из реестра мест хранения СММ",
        "verification": "Требуется служебная сверка перед утверждением",
        "source": "Места хранения СММ Зима.xlsx"
      },
      "geometry": {
        "type": "Point",
        "coordinates": [
          37.489176,
          55.870733
        ]
      }
    },
    {
      "type": "Feature",
      "properties": {
        "name": "Место хранения СММ № 362",
        "address": "Клинская ул. 4 к.2",
        "district": "Ховрино",
        "section": "6.0",
        "smm_units": 3,
        "source_rows": 3,
        "purpose": "Место хранения СММ в зимний период",
        "coordinate_status": "Координата из реестра мест хранения СММ",
        "verification": "Требуется служебная сверка перед утверждением",
        "source": "Места хранения СММ Зима.xlsx"
      },
      "geometry": {
        "type": "Point",
        "coordinates": [
          37.486086,
          55.874758
        ]
      }
    },
    {
      "type": "Feature",
      "properties": {
        "name": "Место хранения СММ № 363",
        "address": "Клинская ул. 4 к.2",
        "district": "Ховрино",
        "section": "6.0",
        "smm_units": 0,
        "source_rows": 1,
        "purpose": "Место хранения СММ в зимний период",
        "coordinate_status": "Координата из реестра мест хранения СММ",
        "verification": "Требуется служебная сверка перед утверждением",
        "source": "Места хранения СММ Зима.xlsx"
      },
      "geometry": {
        "type": "Point",
        "coordinates": [
          37.486087,
          55.874758
        ]
      }
    },
    {
      "type": "Feature",
      "properties": {
        "name": "Место хранения СММ № 364",
        "address": "Клинская ул. 4 к.2",
        "district": "Ховрино",
        "section": "6.0",
        "smm_units": 0,
        "source_rows": 1,
        "purpose": "Место хранения СММ в зимний период",
        "coordinate_status": "Координата из реестра мест хранения СММ",
        "verification": "Требуется служебная сверка перед утверждением",
        "source": "Места хранения СММ Зима.xlsx"
      },
      "geometry": {
        "type": "Point",
        "coordinates": [
          37.486088,
          55.874758
        ]
      }
    },
    {
      "type": "Feature",
      "properties": {
        "name": "Место хранения СММ № 365",
        "address": "Клинская ул. 4 к.2",
        "district": "Ховрино",
        "section": "6.0",
        "smm_units": 0,
        "source_rows": 1,
        "purpose": "Место хранения СММ в зимний период",
        "coordinate_status": "Координата из реестра мест хранения СММ",
        "verification": "Требуется служебная сверка перед утверждением",
        "source": "Места хранения СММ Зима.xlsx"
      },
      "geometry": {
        "type": "Point",
        "coordinates": [
          37.486089,
          55.874758
        ]
      }
    },
    {
      "type": "Feature",
      "properties": {
        "name": "Место хранения СММ № 366",
        "address": "Клинская улица дом 14, к. 2",
        "district": "Ховрино",
        "section": "6.0",
        "smm_units": 7,
        "source_rows": 7,
        "purpose": "Место хранения СММ в зимний период",
        "coordinate_status": "Координата из реестра мест хранения СММ",
        "verification": "Требуется служебная сверка перед утверждением",
        "source": "Места хранения СММ Зима.xlsx"
      },
      "geometry": {
        "type": "Point",
        "coordinates": [
          37.486086,
          55.874758
        ]
      }
    },
    {
      "type": "Feature",
      "properties": {
        "name": "Место хранения СММ № 367",
        "address": "Клинская улица дом 14, к. 2",
        "district": "Ховрино",
        "section": "6.0",
        "smm_units": 0,
        "source_rows": 1,
        "purpose": "Место хранения СММ в зимний период",
        "coordinate_status": "Координата из реестра мест хранения СММ",
        "verification": "Требуется служебная сверка перед утверждением",
        "source": "Места хранения СММ Зима.xlsx"
      },
      "geometry": {
        "type": "Point",
        "coordinates": [
          37.486087,
          55.874758
        ]
      }
    },
    {
      "type": "Feature",
      "properties": {
        "name": "Место хранения СММ № 368",
        "address": "Лавочкина ул. 42",
        "district": "Ховрино",
        "section": "4.0",
        "smm_units": 11,
        "source_rows": 10,
        "purpose": "Место хранения СММ в зимний период",
        "coordinate_status": "Координата из реестра мест хранения СММ",
        "verification": "Требуется служебная сверка перед утверждением",
        "source": "Места хранения СММ Зима.xlsx"
      },
      "geometry": {
        "type": "Point",
        "coordinates": [
          37.500234,
          55.861333
        ]
      }
    },
    {
      "type": "Feature",
      "properties": {
        "name": "Место хранения СММ № 369",
        "address": "Левобережная ул. 4 к.1",
        "district": "Ховрино",
        "section": "7.0",
        "smm_units": 2,
        "source_rows": 1,
        "purpose": "Место хранения СММ в зимний период",
        "coordinate_status": "Координата из реестра мест хранения СММ",
        "verification": "Требуется служебная сверка перед утверждением",
        "source": "Места хранения СММ Зима.xlsx"
      },
      "geometry": {
        "type": "Point",
        "coordinates": [
          37.477489,
          55.868662
        ]
      }
    },
    {
      "type": "Feature",
      "properties": {
        "name": "Место хранения СММ № 370",
        "address": "Левобережная ул. 4 к.22",
        "district": "Ховрино",
        "section": "7.0",
        "smm_units": 2,
        "source_rows": 1,
        "purpose": "Место хранения СММ в зимний период",
        "coordinate_status": "Координата из реестра мест хранения СММ",
        "verification": "Требуется служебная сверка перед утверждением",
        "source": "Места хранения СММ Зима.xlsx"
      },
      "geometry": {
        "type": "Point",
        "coordinates": [
          37.480624,
          55.868455
        ]
      }
    },
    {
      "type": "Feature",
      "properties": {
        "name": "Место хранения СММ № 371",
        "address": "Левобережная ул. 4 к.24",
        "district": "Ховрино",
        "section": "7.0",
        "smm_units": 2,
        "source_rows": 1,
        "purpose": "Место хранения СММ в зимний период",
        "coordinate_status": "Координата из реестра мест хранения СММ",
        "verification": "Требуется служебная сверка перед утверждением",
        "source": "Места хранения СММ Зима.xlsx"
      },
      "geometry": {
        "type": "Point",
        "coordinates": [
          37.476842,
          55.869672
        ]
      }
    },
    {
      "type": "Feature",
      "properties": {
        "name": "Место хранения СММ № 372",
        "address": "Левобережная ул. 4 к.7",
        "district": "Ховрино",
        "section": "7.0",
        "smm_units": 5,
        "source_rows": 2,
        "purpose": "Место хранения СММ в зимний период",
        "coordinate_status": "Координата из реестра мест хранения СММ",
        "verification": "Требуется служебная сверка перед утверждением",
        "source": "Места хранения СММ Зима.xlsx"
      },
      "geometry": {
        "type": "Point",
        "coordinates": [
          37.478127,
          55.871971
        ]
      }
    },
    {
      "type": "Feature",
      "properties": {
        "name": "Место хранения СММ № 373",
        "address": "Левобережная ул. 4 к.8",
        "district": "Ховрино",
        "section": "7.0",
        "smm_units": 2,
        "source_rows": 1,
        "purpose": "Место хранения СММ в зимний период",
        "coordinate_status": "Координата из реестра мест хранения СММ",
        "verification": "Требуется служебная сверка перед утверждением",
        "source": "Места хранения СММ Зима.xlsx"
      },
      "geometry": {
        "type": "Point",
        "coordinates": [
          37.480427,
          55.871147
        ]
      }
    },
    {
      "type": "Feature",
      "properties": {
        "name": "Место хранения СММ № 374",
        "address": "Левобережная ул. 4 к.9",
        "district": "Ховрино",
        "section": "7.0",
        "smm_units": 2,
        "source_rows": 1,
        "purpose": "Место хранения СММ в зимний период",
        "coordinate_status": "Координата из реестра мест хранения СММ",
        "verification": "Требуется служебная сверка перед утверждением",
        "source": "Места хранения СММ Зима.xlsx"
      },
      "geometry": {
        "type": "Point",
        "coordinates": [
          37.480391,
          55.870147
        ]
      }
    },
    {
      "type": "Feature",
      "properties": {
        "name": "Место хранения СММ № 375",
        "address": "Ляпидевского ул. 18",
        "district": "Ховрино",
        "section": "3.0",
        "smm_units": 14,
        "source_rows": 7,
        "purpose": "Место хранения СММ в зимний период",
        "coordinate_status": "Координата из реестра мест хранения СММ",
        "verification": "Требуется служебная сверка перед утверждением",
        "source": "Места хранения СММ Зима.xlsx"
      },
      "geometry": {
        "type": "Point",
        "coordinates": [
          37.5054,
          55.859463
        ]
      }
    },
    {
      "type": "Feature",
      "properties": {
        "name": "Место хранения СММ № 376",
        "address": "Ляпидевского ул. 18",
        "district": "Ховрино",
        "section": "3.0",
        "smm_units": 4,
        "source_rows": 3,
        "purpose": "Место хранения СММ в зимний период",
        "coordinate_status": "Координата из реестра мест хранения СММ",
        "verification": "Требуется служебная сверка перед утверждением",
        "source": "Места хранения СММ Зима.xlsx"
      },
      "geometry": {
        "type": "Point",
        "coordinates": [
          37.504232,
          55.859958
        ]
      }
    },
    {
      "type": "Feature",
      "properties": {
        "name": "Место хранения СММ № 377",
        "address": "Ляпидевского ул. 2к1",
        "district": "Ховрино",
        "section": "3.0",
        "smm_units": 15,
        "source_rows": 6,
        "purpose": "Место хранения СММ в зимний период",
        "coordinate_status": "Координата из реестра мест хранения СММ",
        "verification": "Требуется служебная сверка перед утверждением",
        "source": "Места хранения СММ Зима.xlsx"
      },
      "geometry": {
        "type": "Point",
        "coordinates": [
          37.5054,
          55.859463
        ]
      }
    },
    {
      "type": "Feature",
      "properties": {
        "name": "Место хранения СММ № 378",
        "address": "Ляпидевского ул. 2к1",
        "district": "Ховрино",
        "section": "3.0",
        "smm_units": 4,
        "source_rows": 4,
        "purpose": "Место хранения СММ в зимний период",
        "coordinate_status": "Координата из реестра мест хранения СММ",
        "verification": "Требуется служебная сверка перед утверждением",
        "source": "Места хранения СММ Зима.xlsx"
      },
      "geometry": {
        "type": "Point",
        "coordinates": [
          37.504232,
          55.859958
        ]
      }
    },
    {
      "type": "Feature",
      "properties": {
        "name": "Место хранения СММ № 379",
        "address": "Онежская ул. 47",
        "district": "Ховрино",
        "section": "3.0",
        "smm_units": 18,
        "source_rows": 9,
        "purpose": "Место хранения СММ в зимний период",
        "coordinate_status": "Координата из реестра мест хранения СММ",
        "verification": "Требуется служебная сверка перед утверждением",
        "source": "Места хранения СММ Зима.xlsx"
      },
      "geometry": {
        "type": "Point",
        "coordinates": [
          37.5054,
          55.859463
        ]
      }
    },
    {
      "type": "Feature",
      "properties": {
        "name": "Место хранения СММ № 380",
        "address": "Онежская ул. 47",
        "district": "Ховрино",
        "section": "3.0",
        "smm_units": 6,
        "source_rows": 5,
        "purpose": "Место хранения СММ в зимний период",
        "coordinate_status": "Координата из реестра мест хранения СММ",
        "verification": "Требуется служебная сверка перед утверждением",
        "source": "Места хранения СММ Зима.xlsx"
      },
      "geometry": {
        "type": "Point",
        "coordinates": [
          37.504232,
          55.859958
        ]
      }
    },
    {
      "type": "Feature",
      "properties": {
        "name": "Место хранения СММ № 381",
        "address": "Петрозаводская ул. 12 к.1",
        "district": "Ховрино",
        "section": "5.0",
        "smm_units": 13,
        "source_rows": 10,
        "purpose": "Место хранения СММ в зимний период",
        "coordinate_status": "Координата из реестра мест хранения СММ",
        "verification": "Требуется служебная сверка перед утверждением",
        "source": "Места хранения СММ Зима.xlsx"
      },
      "geometry": {
        "type": "Point",
        "coordinates": [
          37.489176,
          55.870733
        ]
      }
    },
    {
      "type": "Feature",
      "properties": {
        "name": "Место хранения СММ № 382",
        "address": "Петрозаводская ул. 17 к.1",
        "district": "Ховрино",
        "section": "4.0",
        "smm_units": 12,
        "source_rows": 10,
        "purpose": "Место хранения СММ в зимний период",
        "coordinate_status": "Координата из реестра мест хранения СММ",
        "verification": "Требуется служебная сверка перед утверждением",
        "source": "Места хранения СММ Зима.xlsx"
      },
      "geometry": {
        "type": "Point",
        "coordinates": [
          37.500234,
          55.861333
        ]
      }
    },
    {
      "type": "Feature",
      "properties": {
        "name": "Место хранения СММ № 383",
        "address": "Петрозаводская ул. 3 к.1",
        "district": "Ховрино",
        "section": "4.0",
        "smm_units": 15,
        "source_rows": 15,
        "purpose": "Место хранения СММ в зимний период",
        "coordinate_status": "Координата из реестра мест хранения СММ",
        "verification": "Требуется служебная сверка перед утверждением",
        "source": "Места хранения СММ Зима.xlsx"
      },
      "geometry": {
        "type": "Point",
        "coordinates": [
          37.500234,
          55.861333
        ]
      }
    },
    {
      "type": "Feature",
      "properties": {
        "name": "Место хранения СММ № 384",
        "address": "Петрозаводская ул. 3 к.1",
        "district": "Ховрино",
        "section": "4.0",
        "smm_units": 4,
        "source_rows": 2,
        "purpose": "Место хранения СММ в зимний период",
        "coordinate_status": "Координата из реестра мест хранения СММ",
        "verification": "Требуется служебная сверка перед утверждением",
        "source": "Места хранения СММ Зима.xlsx"
      },
      "geometry": {
        "type": "Point",
        "coordinates": [
          37.493838,
          55.863707
        ]
      }
    },
    {
      "type": "Feature",
      "properties": {
        "name": "Место хранения СММ № 385",
        "address": "Фестивальная ул. 22 к.4",
        "district": "Ховрино",
        "section": "3.0",
        "smm_units": 16,
        "source_rows": 8,
        "purpose": "Место хранения СММ в зимний период",
        "coordinate_status": "Координата из реестра мест хранения СММ",
        "verification": "Требуется служебная сверка перед утверждением",
        "source": "Места хранения СММ Зима.xlsx"
      },
      "geometry": {
        "type": "Point",
        "coordinates": [
          37.5054,
          55.859463
        ]
      }
    },
    {
      "type": "Feature",
      "properties": {
        "name": "Место хранения СММ № 386",
        "address": "Фестивальная ул. 22 к.4",
        "district": "Ховрино",
        "section": "3.0",
        "smm_units": 1,
        "source_rows": 1,
        "purpose": "Место хранения СММ в зимний период",
        "coordinate_status": "Координата из реестра мест хранения СММ",
        "verification": "Требуется служебная сверка перед утверждением",
        "source": "Места хранения СММ Зима.xlsx"
      },
      "geometry": {
        "type": "Point",
        "coordinates": [
          37.504232,
          55.859958
        ]
      }
    },
    {
      "type": "Feature",
      "properties": {
        "name": "Место хранения СММ № 387",
        "address": "Фестивальная ул. 30 к.2",
        "district": "Ховрино",
        "section": "3.0",
        "smm_units": 9,
        "source_rows": 4,
        "purpose": "Место хранения СММ в зимний период",
        "coordinate_status": "Координата из реестра мест хранения СММ",
        "verification": "Требуется служебная сверка перед утверждением",
        "source": "Места хранения СММ Зима.xlsx"
      },
      "geometry": {
        "type": "Point",
        "coordinates": [
          37.5054,
          55.859463
        ]
      }
    },
    {
      "type": "Feature",
      "properties": {
        "name": "Место хранения СММ № 388",
        "address": "Фестивальная ул. 30 к.2",
        "district": "Ховрино",
        "section": "3.0",
        "smm_units": 5,
        "source_rows": 3,
        "purpose": "Место хранения СММ в зимний период",
        "coordinate_status": "Координата из реестра мест хранения СММ",
        "verification": "Требуется служебная сверка перед утверждением",
        "source": "Места хранения СММ Зима.xlsx"
      },
      "geometry": {
        "type": "Point",
        "coordinates": [
          37.504232,
          55.859958
        ]
      }
    },
    {
      "type": "Feature",
      "properties": {
        "name": "Место хранения СММ № 389",
        "address": "Фестивальная ул. 53 к.5",
        "district": "Ховрино",
        "section": "4.0",
        "smm_units": 12,
        "source_rows": 9,
        "purpose": "Место хранения СММ в зимний период",
        "coordinate_status": "Координата из реестра мест хранения СММ",
        "verification": "Требуется служебная сверка перед утверждением",
        "source": "Места хранения СММ Зима.xlsx"
      },
      "geometry": {
        "type": "Point",
        "coordinates": [
          37.500234,
          55.861333
        ]
      }
    },
    {
      "type": "Feature",
      "properties": {
        "name": "Место хранения СММ № 390",
        "address": "Фестивальная ул. 53 к.5",
        "district": "Ховрино",
        "section": "4.0",
        "smm_units": 1,
        "source_rows": 1,
        "purpose": "Место хранения СММ в зимний период",
        "coordinate_status": "Координата из реестра мест хранения СММ",
        "verification": "Требуется служебная сверка перед утверждением",
        "source": "Места хранения СММ Зима.xlsx"
      },
      "geometry": {
        "type": "Point",
        "coordinates": [
          37.493838,
          55.863707
        ]
      }
    },
    {
      "type": "Feature",
      "properties": {
        "name": "Место хранения СММ № 391",
        "address": "Фестивальная ул. 73 к.2",
        "district": "Ховрино",
        "section": "5.0",
        "smm_units": 13,
        "source_rows": 11,
        "purpose": "Место хранения СММ в зимний период",
        "coordinate_status": "Координата из реестра мест хранения СММ",
        "verification": "Требуется служебная сверка перед утверждением",
        "source": "Места хранения СММ Зима.xlsx"
      },
      "geometry": {
        "type": "Point",
        "coordinates": [
          37.489176,
          55.870733
        ]
      }
    },
    {
      "type": "Feature",
      "properties": {
        "name": "Место хранения СММ № 392",
        "address": "ул.Клинская  2А к.7",
        "district": "Ховрино",
        "section": "8.0",
        "smm_units": 4,
        "source_rows": 1,
        "purpose": "Место хранения СММ в зимний период",
        "coordinate_status": "Координата из реестра мест хранения СММ",
        "verification": "Требуется служебная сверка перед утверждением",
        "source": "Места хранения СММ Зима.xlsx"
      },
      "geometry": {
        "type": "Point",
        "coordinates": [
          37.506846,
          55.865798
        ]
      }
    },
    {
      "type": "Feature",
      "properties": {
        "name": "Место хранения СММ № 393",
        "address": "ул.Клинская  2А к.7",
        "district": "Ховрино",
        "section": "8.0",
        "smm_units": 9,
        "source_rows": 1,
        "purpose": "Место хранения СММ в зимний период",
        "coordinate_status": "Координата из реестра мест хранения СММ",
        "verification": "Требуется служебная сверка перед утверждением",
        "source": "Места хранения СММ Зима.xlsx"
      },
      "geometry": {
        "type": "Point",
        "coordinates": [
          37.503702,
          55.869137
        ]
      }
    },
    {
      "type": "Feature",
      "properties": {
        "name": "Место хранения СММ № 394",
        "address": "улица Лавочкина дом 56/23",
        "district": "Ховрино",
        "section": "4.0",
        "smm_units": 9,
        "source_rows": 9,
        "purpose": "Место хранения СММ в зимний период",
        "coordinate_status": "Координата из реестра мест хранения СММ",
        "verification": "Требуется служебная сверка перед утверждением",
        "source": "Места хранения СММ Зима.xlsx"
      },
      "geometry": {
        "type": "Point",
        "coordinates": [
          37.500234,
          55.861333
        ]
      }
    },
    {
      "type": "Feature",
      "properties": {
        "name": "Место хранения СММ № 395",
        "address": "5-Магистральная 14к2",
        "district": "Хорошевский",
        "section": "5.0",
        "smm_units": 46,
        "source_rows": 23,
        "purpose": "Место хранения СММ в зимний период",
        "coordinate_status": "Координата из реестра мест хранения СММ",
        "verification": "Требуется служебная сверка перед утверждением",
        "source": "Места хранения СММ Зима.xlsx"
      },
      "geometry": {
        "type": "Point",
        "coordinates": [
          37.527364,
          55.773707
        ]
      }
    },
    {
      "type": "Feature",
      "properties": {
        "name": "Место хранения СММ № 396",
        "address": "ДТ\\Полины Осипенко ул. 10 к.1",
        "district": "Хорошевский",
        "section": "7.0",
        "smm_units": 22,
        "source_rows": 11,
        "purpose": "Место хранения СММ в зимний период",
        "coordinate_status": "Координата из реестра мест хранения СММ",
        "verification": "Требуется служебная сверка перед утверждением",
        "source": "Места хранения СММ Зима.xlsx"
      },
      "geometry": {
        "type": "Point",
        "coordinates": [
          37.535233,
          55.779757
        ]
      }
    },
    {
      "type": "Feature",
      "properties": {
        "name": "Место хранения СММ № 397",
        "address": "Зорге 14к3",
        "district": "Хорошевский",
        "section": "3.0",
        "smm_units": 20,
        "source_rows": 10,
        "purpose": "Место хранения СММ в зимний период",
        "coordinate_status": "Координата из реестра мест хранения СММ",
        "verification": "Требуется служебная сверка перед утверждением",
        "source": "Места хранения СММ Зима.xlsx"
      },
      "geometry": {
        "type": "Point",
        "coordinates": [
          37.511553,
          55.78402
        ]
      }
    },
    {
      "type": "Feature",
      "properties": {
        "name": "Место хранения СММ № 398",
        "address": "Ленинградский проспект 57",
        "district": "Хорошевский",
        "section": "1.0",
        "smm_units": 32,
        "source_rows": 16,
        "purpose": "Место хранения СММ в зимний период",
        "coordinate_status": "Координата из реестра мест хранения СММ",
        "verification": "Требуется служебная сверка перед утверждением",
        "source": "Места хранения СММ Зима.xlsx"
      },
      "geometry": {
        "type": "Point",
        "coordinates": [
          37.524444,
          55.800615
        ]
      }
    },
    {
      "type": "Feature",
      "properties": {
        "name": "Место хранения СММ № 399",
        "address": "Ходынский бульвар 15",
        "district": "Хорошевский",
        "section": "10.0",
        "smm_units": 24,
        "source_rows": 12,
        "purpose": "Место хранения СММ в зимний период",
        "coordinate_status": "Координата из реестра мест хранения СММ",
        "verification": "Требуется служебная сверка перед утверждением",
        "source": "Места хранения СММ Зима.xlsx"
      },
      "geometry": {
        "type": "Point",
        "coordinates": [
          37.523249,
          55.786708
        ]
      }
    },
    {
      "type": "Feature",
      "properties": {
        "name": "Место хранения СММ № 400",
        "address": "Хорошевское шоссе 12 к.1",
        "district": "Хорошевский",
        "section": "6.0",
        "smm_units": 30,
        "source_rows": 15,
        "purpose": "Место хранения СММ в зимний период",
        "coordinate_status": "Координата из реестра мест хранения СММ",
        "verification": "Требуется служебная сверка перед утверждением",
        "source": "Места хранения СММ Зима.xlsx"
      },
      "geometry": {
        "type": "Point",
        "coordinates": [
          37.550244,
          55.774993
        ]
      }
    },
    {
      "type": "Feature",
      "properties": {
        "name": "Место хранения СММ № 401",
        "address": "Хорошевское шоссе 74к3",
        "district": "Хорошевский",
        "section": "2.0",
        "smm_units": 26,
        "source_rows": 13,
        "purpose": "Место хранения СММ в зимний период",
        "coordinate_status": "Координата из реестра мест хранения СММ",
        "verification": "Требуется служебная сверка перед утверждением",
        "source": "Места хранения СММ Зима.xlsx"
      },
      "geometry": {
        "type": "Point",
        "coordinates": [
          37.526007,
          55.780127
        ]
      }
    },
    {
      "type": "Feature",
      "properties": {
        "name": "Место хранения СММ № 402",
        "address": "Хорошевское шоссе 84",
        "district": "Хорошевский",
        "section": "4.0",
        "smm_units": 28,
        "source_rows": 14,
        "purpose": "Место хранения СММ в зимний период",
        "coordinate_status": "Координата из реестра мест хранения СММ",
        "verification": "Требуется служебная сверка перед утверждением",
        "source": "Места хранения СММ Зима.xlsx"
      },
      "geometry": {
        "type": "Point",
        "coordinates": [
          37.520438,
          55.777955
        ]
      }
    }
  ]
}